Character,Ваш персонаж женского пола?,У него черные волосы?,Носит ли он головной убор?,Есть ли у него шрамы; татуировки или особые отметины на лице?,Носит ли он очки или повязку на глазу?,Он выглядит как ребенок?,У него явно нечеловеческая внешность?,Использует ли он меч как основное оружие?,Сражается в дальем бою?,Сражается в рукопашку?,Можеи призывать существ(фамильяров),Может исцелять себя и других?,Состоит в официальной организации(служитель закона),Является ли он преступником(пиратом разбойником),Является ли он лидером своеё группы,Персонаж из знатного рода(по праву крови)?,Этот персонаж был в 1 сезоне?,Этот персонаж мертв на текущий момент?,Сражался ли ваш персонаж против главного героя?,Является ли персонаж учителем или наставником?,Является ли он обычным человеком?,Является ли он чьим-то слугой или подчиненным?,Является ли он синигами (проводником душ)?,Является ли он квинси?,Является ли он пустым или арранкаром?,Является ли он модифицированной душой?,Является ли он материализованным духом занпакто?,Является ли он божеством (прародителем высшим существом)?,Достиг ли этот персонаж банкая?,Светлые ли у персонажа волосы (блондин; седой или белый)?,У этого персонажа неестественный цвет волос (розовый; синий; зеленый)?,Надевает ли персонаж маску на лицо (или имеет ее фрагмент) во время боя?,Связаны ли боевые способности персонажа с конкретной стихией (огонь; лед; вода)?,Использует ли персонаж в бою яд; иллюзии или контроль разума?,Является ли этот персонаж ученым или изобретателем?,Есть ли у этого персонажа брат или сестра; также участвующие в сюжете?,Предавал ли этот персонаж свою изначальную организацию (является ли перебежчиком)?,Выделяется ли персонаж огромным ростом и габаритами (значительно крупнее остальных)?,Съел ли персонаж Дьявольский фрукт?,Относится ли Дьявольский фрукт к типу Парамеция?,Относится ли Дьявольский фрукт к типу Логия?,Относится ли Дьявольский фрукт к типу Обычный Зоан?,Относится ли Дьявольский фрукт к типу Древний Зоан?,Относится ли Дьявольский фрукт к типу Мифический Зоан?,Является ли Дьявольский фрукт Искусственным Зоаном (Смайлом)?,Обладает ли персонаж фруктом Гура Гура но Ми (Землетрясение)?,Обладает ли персонаж фруктом Сору Сору но Ми (Душа)?,Обладает ли персонаж фруктом Уо Уо но Ми модель: Лазурный Дракон?,Обладает ли персонаж фруктом Сукэ Сукэ но Ми (Прозрачность)?,Обладает ли персонаж фруктом Мера Мера но Ми (Огонь)?,Является ли персонаж Ёнко (Императором Моря)?,Был ли персонаж Ёнко?,Был ли персонаж Шичибукаем (Морским Лордом)?,Является ли персонаж Синъути (Звездным исполнителем Пиратов Зверей)?,Является ли персонаж Старшей Звездой (Бедствием Пиратов Зверей)?,Является ли персонаж Генералом-Сладостью (Пиратов Большой Мамочки)?,Был ли персонаж офицером-агентом (Барок Воркс)?,Был ли персонаж агентом Фронтира (Барок Воркс)?,Является ли персонаж брокером Подполья?,Является ли персонаж жрецом Энеля?,Является ли персонаж воином Шандии?,Входит ли персонаж в Тройку Мушкетеров Инуараси?,Был ли персонаж Кингсбёрдом (вестником королей Минков)?,Происходит ли персонаж с Ред Лайн (Мариджоа)?,Происходит ли персонаж с Острова Рыболюдей (Королевство Рюгу)?,Происходит ли персонаж из Королевства Рюгу (Гранд Лайн)?,Происходит ли персонаж с Эльбафа (Гранд Лайн)?,Происходит ли персонаж с Небесного Острова Скайпия?,Происходит ли персонаж со Скайпии (Гранд Лайн)?,Происходит ли персонаж с Небесного Острова Бирка?,Происходит ли персонаж из Калм Белт (Амазон Лили)?,Происходит ли персонаж из Княжества Мокомо (Гранд Лайн)?,Появлялся ли персонаж в арке Уотер 7 / Эниес Лобби?,Появлялся ли персонаж в арке Скайпия?,Появлялся ли персонаж в арке Остров Рыболюдей?,Появлялся ли персонаж в арке Страна Вано?,Появлялся ли персонаж в арке Дрессроза?,Появлялся ли персонаж в арке Пирожный Остров?,Появлялся ли персонаж в ранних арках саги Арабасты?,Появлялся ли персонаж в арке Архипелаг Сабаоди?,Появлялся ли персонаж в арке Маринфорд?,Появлялся ли персонаж в арке Панк Хазард?,Появлялся ли персонаж в арке Барати?,Появлялся ли персонаж в арке Арабаста?,Появлялся ли персонаж в арке Триллер Барк?,Появлялся ли персонаж в арке Импел Даун?,Появлялся ли персонаж в арке Арлонг Парк?,Появлялся ли персонаж в арке Дзо?,Появлялся ли персонаж в арке Логтаун?,Появлялся ли персонаж в арке Левели (Совет Королей)?,Появлялся ли персонаж в арке Амазон Лили?,Был ли персонаж узником Импел Даун?,Является ли персонаж узником Импел Даун?,Unnamed: 94
Tatsuki Arisawa,1.0,1.0,-1.0,-1.0,-1.0,-1.0,-1.0,-1.0,-1.0,1.0,-1.0,-1.0,-1.0,-1.0,-1.0,-1.0,1.0,-1.0,-1.0,-1.0,1.0,-1.0,-1.0,-1.0,-1.0,-1.0,-1.0,-1.0,-1.0,-1.0,-1.0,-1.0,-1.0,-1.0,-1.0,-1.0,-1.0,-1.0,-1.0,-1.0,-1.0,-1.0,-1.0,-1.0,-1.0,-1.0,-1.0,-1.0,-1.0,-1.0,-1.0,-1.0,-1.0,-1.0,-1.0,-1.0,-1.0,-1.0,-1.0,-1.0,-1.0,-1.0,-1.0,-1.0,-1.0,-1.0,-1.0,-1.0,-1.0,-1.0,-1.0,-1.0,-1.0,-1.0,-1.0,-1.0,-1.0,-1.0,-1.0,-1.0,-1.0,-1.0,-1.0,-1.0,-1.0,-1.0,-1.0,-1.0,-1.0,-1.0,-1.0,-1.0,-1.0,
Tatsuki Arisawa,1.0,0.0,-0.7,-0.7,-1.0,-1.0,-1.0,0.0,-0.7,0.7,-1.0,0.0,0.0,-1.0,-1.0,-1.0,1.0,-0.7,-0.7,-1.0,0.7,-1.0,-1.0,-1.0,-0.7,-0.7,-1.0,-0.7,-0.7,-1.0,-0.7,-1.0,-1.0,0.0,0.0,0.0,-1.0,-1.0,-0.7,-0.7,-1.0,-0.7,-1.0,0.0,-1.0,-0.7,-1.0,-0.7,-0.7,-1.0,0.0,-0.7,0.0,0.0,-0.7,0.0,-1.0,-1.0,-1.0,-1.0,-1.0,-1.0,0.0,-1.0,-1.0,-0.7,-1.0,0.0,-1.0,0.0,-0.7,-1.0,-1.0,0.0,-0.7,-0.7,-0.7,-1.0,-1.0,-1.0,0.0,-0.7,-1.0,-1.0,-1.0,-1.0,-0.7,-0.7,0.0,-0.7,-1.0,-0.7,-0.7,
Tatsuki Arisawa,0.7,0.7,-0.7,-0.7,-0.7,-1.0,-1.0,-1.0,-0.7,1.0,-0.7,0.0,-1.0,-0.7,-0.7,-1.0,1.0,-1.0,-1.0,0.0,0.0,-0.7,0.0,0.0,-1.0,0.0,-0.7,0.0,0.0,-1.0,-1.0,-1.0,-0.7,0.0,0.0,-1.0,-0.7,-0.7,-1.0,-1.0,-1.0,0.0,-1.0,-0.7,-0.7,-1.0,0.0,0.0,-1.0,-0.7,-1.0,-1.0,-1.0,-0.7,-0.7,-1.0,-1.0,0.0,-1.0,-1.0,-0.7,0.0,-1.0,-0.7,-0.7,-1.0,-0.7,-1.0,-0.7,-0.7,-0.7,-1.0,0.0,-1.0,-1.0,-1.0,-0.7,-0.7,-1.0,-0.7,-1.0,-0.7,-1.0,-0.7,-1.0,0.0,-1.0,-1.0,-1.0,0.0,0.0,-1.0,-0.7,
Keigo Asano,-1.0,-1.0,-1.0,-1.0,-1.0,-1.0,-1.0,-1.0,-1.0,-1.0,-1.0,-1.0,-1.0,-1.0,-1.0,-1.0,1.0,-1.0,-1.0,-1.0,1.0,-1.0,-1.0,-1.0,-1.0,-1.0,-1.0,-1.0,-1.0,-1.0,-1.0,-1.0,-1.0,-1.0,-1.0,1.0,-1.0,-1.0,-1.0,-1.0,-1.0,-1.0,-1.0,-1.0,-1.0,-1.0,-1.0,-1.0,-1.0,-1.0,-1.0,-1.0,-1.0,-1.0,-1.0,-1.0,-1.0,-1.0,-1.0,-1.0,-1.0,-1.0,-1.0,-1.0,-1.0,-1.0,-1.0,-1.0,-1.0,-1.0,-1.0,-1.0,-1.0,-1.0,-1.0,-1.0,-1.0,-1.0,-1.0,-1.0,-1.0,-1.0,-1.0,-1.0,-1.0,-1.0,-1.0,-1.0,-1.0,-1.0,-1.0,-1.0,-1.0,
Keigo Asano,0.0,-0.7,-0.7,-1.0,-1.0,0.0,0.0,-0.7,-1.0,-1.0,-0.7,0.0,0.0,-0.7,-0.7,-1.0,1.0,0.0,-0.7,-1.0,1.0,-0.7,-1.0,-1.0,-0.7,-0.7,-0.7,-1.0,-0.7,-1.0,-1.0,-0.7,-0.7,0.0,-0.7,0.7,-1.0,-1.0,-1.0,-1.0,0.0,-1.0,0.0,-0.7,-0.7,-0.7,-0.7,-0.7,-1.0,-0.7,-1.0,-1.0,-0.7,-1.0,0.0,0.0,0.0,-1.0,-1.0,0.0,-0.7,0.0,0.0,0.0,-1.0,-1.0,0.0,-1.0,-1.0,-0.7,0.0,-0.7,-0.7,-1.0,-0.7,0.0,-1.0,-0.7,0.0,-0.7,-0.7,-0.7,-1.0,-1.0,0.0,0.0,0.0,0.0,-0.7,-0.7,-0.7,-0.7,-0.7,
Keigo Asano,-0.7,0.0,-1.0,-1.0,-1.0,-0.7,-1.0,-0.7,-0.7,-1.0,-0.7,-1.0,-1.0,0.0,-1.0,-1.0,0.7,-0.7,-1.0,-0.7,1.0,-1.0,-0.7,-0.7,-0.7,-0.7,0.0,-0.7,-1.0,-0.7,-1.0,-0.7,-1.0,-1.0,0.0,0.0,-0.7,-0.7,-1.0,-1.0,-1.0,-0.7,-0.7,-0.7,-1.0,0.0,-0.7,-0.7,-0.7,-0.7,-1.0,-1.0,-0.7,-1.0,-1.0,-1.0,-1.0,0.0,-0.7,-0.7,-1.0,-0.7,-0.7,-1.0,-0.7,-1.0,-0.7,-0.7,-1.0,-1.0,-0.7,-0.7,0.0,-0.7,-1.0,-1.0,-0.7,-1.0,-0.7,0.0,-0.7,-1.0,-0.7,-0.7,-0.7,0.0,-1.0,0.0,0.0,-1.0,-1.0,-1.0,-1.0,
Mizuho Asano,1.0,-1.0,-1.0,-1.0,-1.0,-1.0,-1.0,-1.0,-1.0,-1.0,-1.0,-1.0,-1.0,-1.0,-1.0,-1.0,1.0,-1.0,-1.0,-1.0,1.0,-1.0,-1.0,-1.0,-1.0,-1.0,-1.0,-1.0,-1.0,-1.0,-1.0,-1.0,-1.0,-1.0,-1.0,1.0,-1.0,-1.0,-1.0,-1.0,-1.0,-1.0,-1.0,-1.0,-1.0,-1.0,-1.0,-1.0,-1.0,-1.0,-1.0,-1.0,-1.0,-1.0,-1.0,-1.0,-1.0,-1.0,-1.0,-1.0,-1.0,-1.0,-1.0,-1.0,-1.0,-1.0,-1.0,-1.0,-1.0,-1.0,-1.0,-1.0,-1.0,-1.0,-1.0,-1.0,-1.0,-1.0,-1.0,-1.0,-1.0,-1.0,-1.0,-1.0,-1.0,-1.0,-1.0,-1.0,-1.0,-1.0,-1.0,-1.0,-1.0,
Mizuho Asano,1.0,-0.7,-1.0,-1.0,0.0,-1.0,0.0,-1.0,-1.0,-0.7,-0.7,0.0,-0.7,0.0,-1.0,-1.0,0.7,0.0,0.0,-0.7,1.0,-0.7,-1.0,0.0,0.0,-0.7,-0.7,-0.7,-1.0,0.0,-0.7,0.0,-1.0,0.0,-1.0,1.0,0.0,-1.0,-1.0,0.0,0.0,-0.7,-0.7,-0.7,-1.0,-1.0,-0.7,-0.7,-0.7,-0.7,-1.0,-0.7,-1.0,-0.7,-0.7,0.0,-1.0,-1.0,-1.0,-0.7,-0.7,-1.0,-1.0,-0.7,-1.0,0.0,-0.7,-1.0,-1.0,0.0,-1.0,-1.0,0.0,0.0,0.0,-0.7,-1.0,-1.0,-0.7,-0.7,-0.7,0.0,-1.0,-0.7,-1.0,-0.7,-1.0,-1.0,-1.0,-0.7,-0.7,-0.7,0.0,
Mizuho Asano,1.0,-1.0,0.0,-1.0,0.0,-1.0,0.0,-1.0,0.0,-0.7,0.0,-1.0,-0.7,0.0,-0.7,-0.7,0.7,-0.7,-0.7,-0.7,0.0,-1.0,-1.0,0.0,0.0,-0.7,-0.7,-1.0,-1.0,-0.7,-1.0,-0.7,-1.0,0.0,0.0,0.7,-0.7,-1.0,0.0,-0.7,-1.0,0.0,0.0,0.0,-0.7,-0.7,-0.7,0.0,0.0,-1.0,-1.0,-1.0,0.0,0.0,-1.0,-0.7,-1.0,0.0,0.0,0.0,-0.7,-0.7,-1.0,-1.0,0.0,0.0,0.0,0.0,-0.7,-0.7,0.0,0.0,-1.0,-0.7,-1.0,0.0,-0.7,-1.0,-0.7,-0.7,-1.0,-1.0,-0.7,-0.7,-0.7,-0.7,0.0,-0.7,-0.7,0.0,-0.7,-1.0,-1.0,
Oscar Joaquin,-1.0,1.0,1.0,-1.0,-1.0,-1.0,-1.0,-1.0,-1.0,1.0,-1.0,-1.0,-1.0,-1.0,-1.0,-1.0,1.0,1.0,-1.0,1.0,1.0,-1.0,-1.0,-1.0,-1.0,-1.0,-1.0,-1.0,-1.0,-1.0,-1.0,-1.0,-1.0,-1.0,-1.0,-1.0,-1.0,-1.0,-1.0,-1.0,-1.0,-1.0,-1.0,-1.0,-1.0,-1.0,-1.0,-1.0,-1.0,-1.0,-1.0,-1.0,-1.0,-1.0,-1.0,-1.0,-1.0,-1.0,-1.0,-1.0,-1.0,-1.0,-1.0,-1.0,-1.0,-1.0,-1.0,-1.0,-1.0,-1.0,-1.0,-1.0,-1.0,-1.0,-1.0,-1.0,-1.0,-1.0,-1.0,-1.0,-1.0,-1.0,-1.0,-1.0,-1.0,-1.0,-1.0,-1.0,-1.0,-1.0,-1.0,-1.0,-1.0,
Oscar Joaquin,-0.7,0.7,0.7,-1.0,-1.0,-1.0,-1.0,-0.7,-1.0,0.7,0.0,-1.0,-0.7,-0.7,-1.0,-0.7,0.0,0.0,-1.0,0.0,0.7,-1.0,-0.7,0.0,-0.7,-1.0,-0.7,-1.0,-1.0,-1.0,-1.0,-1.0,-1.0,-0.7,-1.0,-1.0,0.0,-0.7,-0.7,-1.0,-1.0,-1.0,-1.0,-1.0,-1.0,-1.0,-1.0,-0.7,-1.0,-1.0,-0.7,-0.7,-1.0,-0.7,-0.7,-1.0,0.0,0.0,-1.0,-1.0,0.0,-0.7,-1.0,-1.0,-1.0,-0.7,-0.7,-1.0,-0.7,-0.7,-1.0,-1.0,-0.7,0.0,-0.7,-0.7,-1.0,-0.7,-0.7,-1.0,-1.0,-1.0,-1.0,-1.0,-1.0,-1.0,-1.0,0.0,-0.7,-0.7,-0.7,-0.7,-1.0,
Oscar Joaquin,-0.7,0.7,0.7,-0.7,-1.0,-1.0,-1.0,-0.7,-0.7,1.0,0.0,-0.7,-1.0,-1.0,-1.0,-1.0,1.0,1.0,-1.0,1.0,0.0,-1.0,-0.7,-0.7,0.0,-1.0,-1.0,0.0,0.0,0.0,-1.0,-1.0,-0.7,0.0,-0.7,-0.7,-1.0,-0.7,-1.0,-1.0,-0.7,-0.7,-1.0,-1.0,-0.7,-1.0,-0.7,-1.0,-0.7,-0.7,-1.0,-1.0,-1.0,-1.0,0.0,-1.0,0.0,-1.0,-0.7,-0.7,-0.7,-0.7,-0.7,-1.0,0.0,0.0,0.0,-1.0,-0.7,0.0,-1.0,-1.0,-0.7,-0.7,0.0,-1.0,-0.7,-1.0,-1.0,-1.0,0.0,-0.7,-0.7,-1.0,0.0,-1.0,0.0,-0.7,-1.0,-0.7,-1.0,-0.7,-0.7,
Hashigami,-1.0,-1.0,-1.0,-1.0,-1.0,-1.0,-1.0,-1.0,-1.0,-1.0,-1.0,-1.0,-1.0,-1.0,-1.0,-1.0,1.0,-1.0,-1.0,-1.0,1.0,-1.0,-1.0,-1.0,-1.0,-1.0,-1.0,-1.0,-1.0,-1.0,-1.0,-1.0,-1.0,-1.0,-1.0,-1.0,-1.0,-1.0,-1.0,-1.0,-1.0,-1.0,-1.0,-1.0,-1.0,-1.0,-1.0,-1.0,-1.0,-1.0,-1.0,-1.0,-1.0,-1.0,-1.0,-1.0,-1.0,-1.0,-1.0,-1.0,-1.0,-1.0,-1.0,-1.0,-1.0,-1.0,-1.0,-1.0,-1.0,-1.0,-1.0,-1.0,-1.0,-1.0,-1.0,-1.0,-1.0,-1.0,-1.0,-1.0,-1.0,-1.0,-1.0,-1.0,-1.0,-1.0,-1.0,-1.0,-1.0,-1.0,-1.0,-1.0,-1.0,
Hashigami,-1.0,0.0,-1.0,-0.7,0.0,-0.7,-1.0,0.0,-0.7,-1.0,-1.0,-0.7,-0.7,-0.7,0.0,-0.7,1.0,-1.0,-1.0,-0.7,1.0,-0.7,-0.7,0.0,-1.0,0.0,-1.0,0.0,-1.0,-1.0,-0.7,-1.0,-1.0,-0.7,-0.7,-0.7,-0.7,-0.7,-1.0,-1.0,-1.0,0.0,-0.7,-0.7,-0.7,0.0,-1.0,-0.7,-0.7,-0.7,-1.0,0.0,0.0,-0.7,-0.7,0.0,-0.7,-1.0,-0.7,-0.7,-0.7,-0.7,0.0,0.0,-0.7,-1.0,0.0,0.0,-1.0,0.0,0.0,-0.7,-0.7,-1.0,-1.0,-1.0,0.0,-1.0,-1.0,-1.0,-0.7,0.0,-1.0,-1.0,-0.7,-0.7,-1.0,-0.7,-1.0,-1.0,-0.7,-0.7,0.0,
Hashigami,-1.0,-0.7,-0.7,-1.0,-0.7,-1.0,0.0,-1.0,-0.7,-1.0,0.0,-0.7,-0.7,-1.0,-0.7,-1.0,0.0,-1.0,-1.0,-1.0,0.7,-0.7,-1.0,-0.7,-0.7,-0.7,-0.7,-0.7,-0.7,-1.0,-1.0,0.0,0.0,-1.0,-1.0,-0.7,-0.7,-1.0,-1.0,-0.7,-0.7,-1.0,-1.0,-1.0,-0.7,-1.0,-1.0,-0.7,-1.0,-0.7,-1.0,-1.0,-1.0,-0.7,0.0,0.0,-1.0,-0.7,-1.0,-1.0,0.0,-1.0,-1.0,-1.0,-1.0,-1.0,-0.7,-0.7,0.0,0.0,-1.0,-1.0,-1.0,-0.7,-1.0,-0.7,-0.7,-0.7,-0.7,-1.0,0.0,-0.7,-1.0,0.0,-0.7,0.0,-0.7,-0.7,-1.0,-1.0,-0.7,-0.7,-1.0,
Chizuru Honsho,1.0,-1.0,-1.0,-1.0,1.0,-1.0,-1.0,-1.0,-1.0,-1.0,-1.0,-1.0,-1.0,-1.0,-1.0,-1.0,1.0,-1.0,-1.0,-1.0,1.0,-1.0,-1.0,-1.0,-1.0,-1.0,-1.0,-1.0,-1.0,-1.0,-1.0,-1.0,-1.0,-1.0,-1.0,-1.0,-1.0,-1.0,-1.0,-1.0,-1.0,-1.0,-1.0,-1.0,-1.0,-1.0,-1.0,-1.0,-1.0,-1.0,-1.0,-1.0,-1.0,-1.0,-1.0,-1.0,-1.0,-1.0,-1.0,-1.0,-1.0,-1.0,-1.0,-1.0,-1.0,-1.0,-1.0,-1.0,-1.0,-1.0,-1.0,-1.0,-1.0,-1.0,-1.0,-1.0,-1.0,-1.0,-1.0,-1.0,-1.0,-1.0,-1.0,-1.0,-1.0,-1.0,-1.0,-1.0,-1.0,-1.0,-1.0,-1.0,-1.0,
Chizuru Honsho,1.0,0.0,0.0,-0.7,1.0,-1.0,-1.0,0.0,-1.0,-0.7,-1.0,-0.7,-0.7,0.0,-1.0,-1.0,1.0,0.0,0.0,-0.7,0.7,-0.7,-1.0,0.0,-0.7,-1.0,-0.7,-1.0,-1.0,-0.7,-1.0,-0.7,-1.0,-1.0,-1.0,-1.0,-0.7,-1.0,-0.7,-0.7,-0.7,0.0,-0.7,-1.0,-1.0,-1.0,-0.7,-1.0,-0.7,-0.7,-1.0,-0.7,-1.0,-1.0,-0.7,-0.7,-0.7,-0.7,-1.0,0.0,-0.7,-0.7,-1.0,-0.7,-1.0,-1.0,0.0,-1.0,0.0,-0.7,-1.0,-0.7,0.0,-0.7,0.0,-0.7,-0.7,0.0,-1.0,-0.7,-1.0,0.0,0.0,-1.0,-0.7,0.0,-1.0,-0.7,0.0,-1.0,-0.7,-1.0,0.0,
Chizuru Honsho,0.0,0.0,-0.7,0.0,0.0,-1.0,0.0,-1.0,-0.7,-1.0,-1.0,-1.0,-0.7,-1.0,-0.7,-1.0,1.0,-0.7,-0.7,-1.0,0.7,0.0,-0.7,-1.0,-1.0,0.0,-1.0,0.0,-0.7,0.0,-0.7,0.0,-1.0,-0.7,-0.7,-0.7,-0.7,0.0,0.0,-0.7,-0.7,-0.7,-0.7,-1.0,-1.0,-1.0,-1.0,-1.0,-1.0,-1.0,-1.0,0.0,-0.7,-1.0,-0.7,-1.0,0.0,-0.7,-1.0,-0.7,0.0,0.0,-0.7,-0.7,-1.0,0.0,-1.0,0.0,-0.7,-0.7,-0.7,-1.0,-1.0,-1.0,-1.0,-0.7,-1.0,-1.0,0.0,0.0,0.0,0.0,-1.0,-1.0,-0.7,-0.7,-1.0,0.0,-1.0,-1.0,-0.7,-0.7,-0.7,
Harutoki Ide,-1.0,1.0,-1.0,-1.0,-1.0,-1.0,-1.0,-1.0,-1.0,-1.0,-1.0,-1.0,-1.0,-1.0,-1.0,-1.0,1.0,-1.0,-1.0,-1.0,1.0,-1.0,-1.0,-1.0,-1.0,-1.0,-1.0,-1.0,-1.0,-1.0,-1.0,-1.0,-1.0,-1.0,-1.0,-1.0,-1.0,-1.0,-1.0,-1.0,-1.0,-1.0,-1.0,-1.0,-1.0,-1.0,-1.0,-1.0,-1.0,-1.0,-1.0,-1.0,-1.0,-1.0,-1.0,-1.0,-1.0,-1.0,-1.0,-1.0,-1.0,-1.0,-1.0,-1.0,-1.0,-1.0,-1.0,-1.0,-1.0,-1.0,-1.0,-1.0,-1.0,-1.0,-1.0,-1.0,-1.0,-1.0,-1.0,-1.0,-1.0,-1.0,-1.0,-1.0,-1.0,-1.0,-1.0,-1.0,-1.0,-1.0,-1.0,-1.0,-1.0,
Harutoki Ide,-1.0,0.0,-1.0,-1.0,0.0,0.0,0.0,0.0,-0.7,-0.7,-1.0,-0.7,-1.0,-1.0,-0.7,-0.7,1.0,-1.0,-0.7,-1.0,0.0,-0.7,-0.7,-0.7,0.0,-1.0,-0.7,-0.7,-1.0,0.0,-0.7,-0.7,0.0,0.0,-0.7,0.0,-0.7,-0.7,-0.7,-0.7,-1.0,0.0,0.0,-1.0,0.0,-1.0,-1.0,-0.7,-1.0,0.0,0.0,-0.7,-1.0,-1.0,-0.7,0.0,-0.7,-1.0,-0.7,-0.7,-0.7,-1.0,-0.7,-0.7,0.0,-1.0,-0.7,0.0,-1.0,0.0,-0.7,-1.0,-1.0,-0.7,-1.0,-0.7,-1.0,-0.7,-1.0,0.0,0.0,0.0,-0.7,-1.0,-0.7,-1.0,-1.0,-1.0,-0.7,-0.7,-0.7,-0.7,-1.0,
Harutoki Ide,0.0,0.7,-0.7,-1.0,-0.7,-0.7,-1.0,-1.0,-0.7,-0.7,-1.0,0.0,-1.0,-0.7,0.0,-0.7,0.7,-1.0,-1.0,0.0,0.7,0.0,-1.0,-1.0,-1.0,-0.7,-1.0,0.0,-0.7,0.0,-1.0,0.0,-0.7,-0.7,0.0,-0.7,-0.7,-1.0,-1.0,0.0,-0.7,-0.7,-0.7,-1.0,-1.0,-0.7,-0.7,-1.0,-0.7,-1.0,-0.7,-1.0,-0.7,-1.0,-0.7,-1.0,-1.0,-1.0,-0.7,-0.7,-1.0,-0.7,0.0,-0.7,-1.0,-0.7,-1.0,-1.0,0.0,-1.0,-0.7,-0.7,-0.7,-0.7,-1.0,-1.0,-0.7,-1.0,-1.0,-1.0,-1.0,-1.0,-1.0,-0.7,-0.7,0.0,-1.0,-1.0,-1.0,-0.7,-0.7,-1.0,0.0,
Ino,-1.0,-1.0,-1.0,-1.0,1.0,-1.0,-1.0,-1.0,-1.0,-1.0,-1.0,-1.0,-1.0,-1.0,-1.0,-1.0,1.0,-1.0,-1.0,-1.0,1.0,-1.0,-1.0,-1.0,-1.0,-1.0,-1.0,-1.0,-1.0,-1.0,-1.0,-1.0,-1.0,-1.0,-1.0,-1.0,-1.0,-1.0,-1.0,-1.0,-1.0,-1.0,-1.0,-1.0,-1.0,-1.0,-1.0,-1.0,-1.0,-1.0,-1.0,-1.0,-1.0,-1.0,-1.0,-1.0,-1.0,-1.0,-1.0,-1.0,-1.0,-1.0,-1.0,-1.0,-1.0,-1.0,-1.0,-1.0,-1.0,-1.0,-1.0,-1.0,-1.0,-1.0,-1.0,-1.0,-1.0,-1.0,-1.0,-1.0,-1.0,-1.0,-1.0,-1.0,-1.0,-1.0,-1.0,-1.0,-1.0,-1.0,-1.0,-1.0,-1.0,
Ino,-1.0,-0.7,-0.7,0.0,0.7,0.0,-1.0,0.0,-1.0,0.0,-0.7,0.0,-0.7,-0.7,-0.7,-0.7,1.0,-1.0,-1.0,-1.0,0.0,-1.0,0.0,-1.0,-1.0,-0.7,-0.7,-0.7,-0.7,-0.7,-1.0,0.0,0.0,-0.7,-1.0,-0.7,-1.0,-1.0,-1.0,-0.7,0.0,-0.7,-0.7,-0.7,-1.0,-1.0,0.0,-1.0,0.0,-0.7,-0.7,-0.7,-0.7,0.0,0.0,-0.7,-1.0,-0.7,0.0,-1.0,-0.7,-0.7,-0.7,-1.0,-0.7,0.0,-1.0,-1.0,0.0,-1.0,0.0,-0.7,-1.0,0.0,-0.7,-0.7,-1.0,-0.7,-1.0,-1.0,0.0,-1.0,-0.7,-1.0,-0.7,-1.0,0.0,-0.7,-1.0,-1.0,-1.0,-0.7,-1.0,
Ino,0.0,-0.7,-1.0,-0.7,0.7,-1.0,-1.0,-1.0,-0.7,-0.7,-0.7,0.0,0.0,-0.7,0.0,-1.0,1.0,-1.0,-1.0,-0.7,0.0,-1.0,-1.0,-0.7,0.0,-1.0,-0.7,-1.0,-1.0,0.0,0.0,-1.0,0.0,-0.7,0.0,-0.7,-0.7,-0.7,-0.7,-1.0,-1.0,-1.0,-0.7,-1.0,-0.7,0.0,-1.0,-0.7,-0.7,0.0,-1.0,-0.7,0.0,0.0,-0.7,-0.7,-0.7,0.0,-0.7,-1.0,0.0,-0.7,-0.7,-1.0,-0.7,-1.0,-0.7,-1.0,-0.7,0.0,-1.0,0.0,-0.7,0.0,-0.7,-0.7,-0.7,0.0,-0.7,-1.0,-0.7,0.0,-0.7,-0.7,-0.7,0.0,-1.0,-0.7,-1.0,-1.0,-1.0,-1.0,-0.7,
Orihime Inoue,1.0,-1.0,-1.0,-1.0,-1.0,-1.0,-1.0,-1.0,1.0,-1.0,-1.0,1.0,-1.0,-1.0,-1.0,-1.0,1.0,-1.0,-1.0,-1.0,1.0,-1.0,-1.0,-1.0,-1.0,-1.0,-1.0,-1.0,-1.0,-1.0,-1.0,-1.0,-1.0,-1.0,-1.0,1.0,-1.0,-1.0,-1.0,-1.0,-1.0,-1.0,-1.0,-1.0,-1.0,-1.0,-1.0,-1.0,-1.0,-1.0,-1.0,-1.0,-1.0,-1.0,-1.0,-1.0,-1.0,-1.0,-1.0,-1.0,-1.0,-1.0,-1.0,-1.0,-1.0,-1.0,-1.0,-1.0,-1.0,-1.0,-1.0,-1.0,-1.0,-1.0,-1.0,-1.0,-1.0,-1.0,-1.0,-1.0,-1.0,-1.0,-1.0,-1.0,-1.0,-1.0,-1.0,-1.0,-1.0,-1.0,-1.0,-1.0,-1.0,
Orihime Inoue,1.0,-0.7,-1.0,-1.0,-1.0,-1.0,-0.7,-0.7,0.7,-0.7,-1.0,0.0,-0.7,-0.7,-1.0,-1.0,1.0,-1.0,-0.7,-0.7,0.7,-0.7,0.0,-0.7,0.0,-1.0,-1.0,-1.0,-0.7,0.0,-1.0,0.0,-1.0,0.0,-1.0,1.0,-0.7,-1.0,-1.0,-1.0,0.0,-0.7,-1.0,-0.7,-0.7,-1.0,-0.7,-1.0,-1.0,-0.7,-1.0,-0.7,-0.7,-1.0,-0.7,-1.0,0.0,-0.7,0.0,-0.7,-1.0,-0.7,0.0,-0.7,0.0,0.0,-1.0,-1.0,-0.7,-0.7,0.0,0.0,-1.0,-1.0,-0.7,-1.0,0.0,-0.7,-0.7,-1.0,-0.7,-0.7,-0.7,-1.0,-0.7,0.0,-1.0,-1.0,-1.0,-0.7,-0.7,-0.7,-1.0,
Orihime Inoue,1.0,-0.7,-0.7,0.0,-1.0,-0.7,-0.7,-0.7,0.7,-0.7,0.0,1.0,-1.0,-0.7,-0.7,-1.0,1.0,-1.0,0.0,-1.0,1.0,-1.0,-1.0,-1.0,-0.7,-1.0,0.0,-1.0,-0.7,0.0,-0.7,-0.7,-1.0,-1.0,-0.7,0.0,-0.7,-0.7,-0.7,-0.7,-1.0,-0.7,0.0,-1.0,-0.7,-1.0,-0.7,-1.0,-0.7,-0.7,-1.0,-0.7,-0.7,0.0,-1.0,-1.0,-1.0,0.0,0.0,-0.7,0.0,-0.7,-0.7,-1.0,-0.7,-1.0,0.0,-0.7,-0.7,-1.0,-1.0,-1.0,-1.0,-1.0,0.0,-0.7,-1.0,-1.0,-0.7,-0.7,-0.7,0.0,-0.7,0.0,0.0,-1.0,0.0,-1.0,0.0,-1.0,0.0,0.0,0.0,
Kagine,-1.0,1.0,-1.0,-1.0,-1.0,-1.0,-1.0,-1.0,-1.0,-1.0,-1.0,-1.0,-1.0,-1.0,-1.0,-1.0,1.0,-1.0,-1.0,-1.0,1.0,-1.0,-1.0,-1.0,-1.0,-1.0,-1.0,-1.0,-1.0,-1.0,-1.0,-1.0,-1.0,-1.0,-1.0,-1.0,-1.0,-1.0,-1.0,-1.0,-1.0,-1.0,-1.0,-1.0,-1.0,-1.0,-1.0,-1.0,-1.0,-1.0,-1.0,-1.0,-1.0,-1.0,-1.0,-1.0,-1.0,-1.0,-1.0,-1.0,-1.0,-1.0,-1.0,-1.0,-1.0,-1.0,-1.0,-1.0,-1.0,-1.0,-1.0,-1.0,-1.0,-1.0,-1.0,-1.0,-1.0,-1.0,-1.0,-1.0,-1.0,-1.0,-1.0,-1.0,-1.0,-1.0,-1.0,-1.0,-1.0,-1.0,-1.0,-1.0,-1.0,
Kagine,-0.7,1.0,-1.0,-0.7,-1.0,-0.7,-1.0,0.0,-0.7,0.0,-1.0,0.0,0.0,-0.7,-0.7,-0.7,1.0,-0.7,-1.0,-1.0,1.0,-1.0,-1.0,-1.0,0.0,-0.7,0.0,-0.7,-1.0,-0.7,-0.7,-1.0,-0.7,-1.0,-0.7,-0.7,-1.0,-1.0,-0.7,-0.7,-1.0,0.0,-1.0,-0.7,0.0,-1.0,-1.0,-1.0,-1.0,-1.0,-0.7,-1.0,-0.7,0.0,0.0,-0.7,-1.0,-0.7,-0.7,-0.7,-1.0,0.0,-0.7,-1.0,-1.0,-0.7,0.0,-0.7,-0.7,-1.0,-0.7,-0.7,-1.0,-1.0,-0.7,-1.0,-0.7,-1.0,-1.0,-1.0,0.0,0.0,0.0,-0.7,-1.0,-0.7,-0.7,0.0,-1.0,-0.7,-1.0,-1.0,-0.7,
Kagine,-0.7,1.0,-1.0,-0.7,-0.7,0.0,0.0,-0.7,-1.0,-0.7,-0.7,-1.0,0.0,-1.0,0.0,-0.7,0.7,-0.7,0.0,-0.7,0.7,-1.0,-0.7,-1.0,-0.7,-0.7,-0.7,-1.0,-1.0,-0.7,-1.0,-1.0,-1.0,0.0,-0.7,-1.0,-1.0,-1.0,-0.7,-0.7,-1.0,-1.0,-1.0,-0.7,-0.7,-1.0,-1.0,-1.0,0.0,-1.0,-0.7,-0.7,-1.0,-1.0,-1.0,-0.7,-0.7,-0.7,-0.7,-1.0,0.0,-0.7,-1.0,0.0,-0.7,-0.7,-0.7,0.0,-0.7,-1.0,-1.0,0.0,-1.0,-1.0,-0.7,-0.7,-0.7,0.0,-1.0,-1.0,-1.0,0.0,-0.7,-1.0,0.0,0.0,0.0,0.0,-1.0,-0.7,-0.7,0.0,-0.7,
Kaneda,-1.0,1.0,-1.0,-1.0,-1.0,-1.0,-1.0,-1.0,-1.0,-1.0,-1.0,-1.0,-1.0,-1.0,-1.0,-1.0,1.0,-1.0,-1.0,-1.0,1.0,-1.0,-1.0,-1.0,-1.0,-1.0,-1.0,-1.0,-1.0,-1.0,-1.0,-1.0,-1.0,-1.0,-1.0,-1.0,-1.0,-1.0,-1.0,-1.0,-1.0,-1.0,-1.0,-1.0,-1.0,-1.0,-1.0,-1.0,-1.0,-1.0,-1.0,-1.0,-1.0,-1.0,-1.0,-1.0,-1.0,-1.0,-1.0,-1.0,-1.0,-1.0,-1.0,-1.0,-1.0,-1.0,-1.0,-1.0,-1.0,-1.0,-1.0,-1.0,-1.0,-1.0,-1.0,-1.0,-1.0,-1.0,-1.0,-1.0,-1.0,-1.0,-1.0,-1.0,-1.0,-1.0,-1.0,-1.0,-1.0,-1.0,-1.0,-1.0,-1.0,
Kaneda,-0.7,0.7,-1.0,-0.7,0.0,0.0,-1.0,-1.0,-1.0,-0.7,0.0,-1.0,-0.7,0.0,-0.7,-0.7,0.7,-0.7,-1.0,-0.7,0.7,0.0,-0.7,-0.7,-1.0,-0.7,-1.0,-1.0,-0.7,0.0,-1.0,-0.7,0.0,-1.0,-0.7,-0.7,-0.7,-1.0,-1.0,-0.7,-0.7,-1.0,-0.7,-1.0,-0.7,-1.0,0.0,-1.0,-1.0,-1.0,-1.0,0.0,0.0,-1.0,-0.7,-0.7,0.0,-0.7,-1.0,-0.7,-0.7,-1.0,-0.7,-1.0,-0.7,-1.0,-0.7,-0.7,-0.7,-1.0,-0.7,-0.7,-0.7,-0.7,-0.7,0.0,-1.0,0.0,-0.7,-1.0,-1.0,-1.0,-0.7,-0.7,-0.7,-0.7,-0.7,-1.0,-1.0,-0.7,-1.0,-1.0,-0.7,
Kaneda,-0.7,0.0,0.0,-0.7,-0.7,-0.7,-0.7,-1.0,-0.7,0.0,-1.0,-0.7,-0.7,-1.0,-1.0,-1.0,1.0,-1.0,0.0,-1.0,0.7,-1.0,0.0,-1.0,-0.7,0.0,0.0,-1.0,0.0,-0.7,-0.7,-1.0,-1.0,-0.7,-0.7,-0.7,-0.7,-0.7,-1.0,-0.7,-1.0,-0.7,-0.7,0.0,-1.0,-1.0,-1.0,-1.0,-1.0,0.0,-1.0,-1.0,-0.7,-0.7,-0.7,-1.0,-0.7,-1.0,-1.0,0.0,-1.0,-0.7,-0.7,-1.0,0.0,-1.0,-0.7,0.0,-0.7,0.0,-1.0,-0.7,-1.0,-0.7,0.0,-1.0,-0.7,-1.0,-0.7,-0.7,0.0,-0.7,-1.0,-1.0,-1.0,-1.0,-1.0,0.0,-0.7,-0.7,-1.0,0.0,-0.7,
Don Kanonji,-1.0,1.0,1.0,-1.0,1.0,-1.0,-1.0,-1.0,1.0,-1.0,-1.0,-1.0,-1.0,-1.0,1.0,-1.0,1.0,-1.0,-1.0,1.0,1.0,-1.0,-1.0,-1.0,-1.0,-1.0,-1.0,-1.0,-1.0,-1.0,-1.0,-1.0,-1.0,-1.0,-1.0,-1.0,-1.0,-1.0,-1.0,-1.0,-1.0,-1.0,-1.0,-1.0,-1.0,-1.0,-1.0,-1.0,-1.0,-1.0,-1.0,-1.0,-1.0,-1.0,-1.0,-1.0,-1.0,-1.0,-1.0,-1.0,-1.0,-1.0,-1.0,-1.0,-1.0,-1.0,-1.0,-1.0,-1.0,-1.0,-1.0,-1.0,-1.0,-1.0,-1.0,-1.0,-1.0,-1.0,-1.0,-1.0,-1.0,-1.0,-1.0,-1.0,-1.0,-1.0,-1.0,-1.0,-1.0,-1.0,-1.0,-1.0,-1.0,
Don Kanonji,-1.0,0.7,0.7,-1.0,0.7,-0.7,-1.0,0.0,0.0,-0.7,-0.7,-0.7,-0.7,-0.7,1.0,-0.7,0.0,-0.7,-1.0,0.7,1.0,-1.0,-1.0,-1.0,-0.7,-0.7,-1.0,0.0,0.0,0.0,-1.0,-0.7,0.0,-0.7,-1.0,-1.0,-0.7,0.0,-0.7,-0.7,-1.0,-0.7,0.0,-1.0,-0.7,0.0,-1.0,-0.7,-1.0,-0.7,-0.7,-0.7,-0.7,-1.0,0.0,-0.7,-1.0,-0.7,-0.7,-1.0,0.0,0.0,-1.0,0.0,-1.0,-1.0,-1.0,0.0,-0.7,-1.0,-0.7,-0.7,-1.0,0.0,0.0,-0.7,0.0,-0.7,0.0,-0.7,-0.7,-1.0,0.0,-0.7,-1.0,-1.0,-0.7,-0.7,-0.7,0.0,-1.0,-0.7,-1.0,
Don Kanonji,0.0,0.0,0.7,-0.7,1.0,-0.7,0.0,-0.7,1.0,-0.7,0.0,-1.0,-1.0,-0.7,0.0,-1.0,1.0,-1.0,-1.0,0.7,0.7,-0.7,-0.7,-1.0,0.0,-0.7,0.0,-0.7,-1.0,-0.7,-1.0,-0.7,-1.0,-1.0,0.0,-1.0,0.0,-1.0,-0.7,-0.7,-0.7,-1.0,-1.0,-1.0,-1.0,-0.7,0.0,0.0,-0.7,-0.7,-0.7,-1.0,0.0,-0.7,-0.7,-1.0,-0.7,-0.7,0.0,-0.7,-1.0,0.0,-1.0,-0.7,-1.0,-0.7,0.0,-1.0,0.0,-1.0,0.0,-0.7,0.0,-1.0,0.0,-0.7,-1.0,0.0,-1.0,0.0,-1.0,-0.7,-0.7,-1.0,-1.0,-1.0,-0.7,-1.0,-0.7,-1.0,-1.0,-0.7,-1.0,
Mizuiro Kojima,-1.0,1.0,-1.0,-1.0,-1.0,-1.0,-1.0,-1.0,-1.0,-1.0,-1.0,-1.0,-1.0,-1.0,-1.0,-1.0,1.0,-1.0,-1.0,-1.0,1.0,-1.0,-1.0,-1.0,-1.0,-1.0,-1.0,-1.0,-1.0,-1.0,-1.0,-1.0,-1.0,-1.0,-1.0,-1.0,-1.0,-1.0,-1.0,-1.0,-1.0,-1.0,-1.0,-1.0,-1.0,-1.0,-1.0,-1.0,-1.0,-1.0,-1.0,-1.0,-1.0,-1.0,-1.0,-1.0,-1.0,-1.0,-1.0,-1.0,-1.0,-1.0,-1.0,-1.0,-1.0,-1.0,-1.0,-1.0,-1.0,-1.0,-1.0,-1.0,-1.0,-1.0,-1.0,-1.0,-1.0,-1.0,-1.0,-1.0,-1.0,-1.0,-1.0,-1.0,-1.0,-1.0,-1.0,-1.0,-1.0,-1.0,-1.0,-1.0,-1.0,
Mizuiro Kojima,0.0,0.0,-0.7,-0.7,0.0,-1.0,-1.0,-1.0,-0.7,-1.0,-0.7,0.0,0.0,-0.7,-1.0,0.0,0.7,-1.0,-1.0,0.0,0.7,0.0,0.0,-0.7,-0.7,-0.7,-1.0,-0.7,-0.7,-0.7,0.0,-0.7,-0.7,-0.7,-0.7,-0.7,-1.0,-0.7,-1.0,-1.0,-0.7,-0.7,0.0,-0.7,-0.7,-0.7,-0.7,-1.0,-1.0,-1.0,-0.7,-1.0,-1.0,-1.0,0.0,-1.0,-0.7,-1.0,-0.7,-1.0,-1.0,-0.7,-1.0,-1.0,-1.0,-1.0,-1.0,-1.0,0.0,-0.7,-0.7,-1.0,0.0,-1.0,-1.0,-0.7,-1.0,-1.0,-0.7,0.0,-0.7,-0.7,0.0,-1.0,-1.0,-1.0,-0.7,-0.7,0.0,-0.7,-0.7,-1.0,0.0,
Mizuiro Kojima,0.0,0.0,-1.0,-0.7,-1.0,-1.0,-1.0,-0.7,-0.7,-1.0,-1.0,-0.7,-1.0,-1.0,-0.7,-0.7,1.0,-1.0,-1.0,0.0,0.7,-0.7,-1.0,-0.7,-1.0,-0.7,0.0,-0.7,0.0,-0.7,-1.0,0.0,-1.0,-0.7,-1.0,-1.0,-0.7,-1.0,-0.7,-0.7,-1.0,-1.0,-0.7,-1.0,-0.7,-0.7,0.0,-0.7,-0.7,-0.7,-1.0,-1.0,-0.7,-0.7,-0.7,0.0,0.0,0.0,-0.7,-1.0,-0.7,-1.0,-0.7,-0.7,-0.7,-1.0,-1.0,-0.7,-1.0,0.0,-1.0,-1.0,-1.0,-0.7,-0.7,-1.0,-1.0,-0.7,-1.0,-0.7,-0.7,-1.0,-1.0,0.0,-0.7,-0.7,-1.0,-0.7,-1.0,-0.7,0.0,-1.0,-1.0,
Ryo Kunieda,1.0,1.0,-1.0,-1.0,-1.0,-1.0,-1.0,-1.0,-1.0,-1.0,-1.0,-1.0,-1.0,-1.0,-1.0,-1.0,1.0,-1.0,-1.0,-1.0,1.0,-1.0,-1.0,-1.0,-1.0,-1.0,-1.0,-1.0,-1.0,-1.0,-1.0,-1.0,-1.0,-1.0,-1.0,-1.0,-1.0,-1.0,-1.0,-1.0,-1.0,-1.0,-1.0,-1.0,-1.0,-1.0,-1.0,-1.0,-1.0,-1.0,-1.0,-1.0,-1.0,-1.0,-1.0,-1.0,-1.0,-1.0,-1.0,-1.0,-1.0,-1.0,-1.0,-1.0,-1.0,-1.0,-1.0,-1.0,-1.0,-1.0,-1.0,-1.0,-1.0,-1.0,-1.0,-1.0,-1.0,-1.0,-1.0,-1.0,-1.0,-1.0,-1.0,-1.0,-1.0,-1.0,-1.0,-1.0,-1.0,-1.0,-1.0,-1.0,-1.0,
Ryo Kunieda,1.0,1.0,-1.0,-1.0,-0.7,-0.7,-1.0,0.0,-1.0,0.0,-1.0,0.0,-0.7,0.0,0.0,-1.0,0.0,-1.0,-1.0,-1.0,0.7,-1.0,-0.7,-0.7,-0.7,0.0,-0.7,-1.0,-1.0,-1.0,-1.0,-1.0,-1.0,0.0,-0.7,-1.0,-0.7,-1.0,-0.7,-0.7,-0.7,-0.7,0.0,0.0,-0.7,-0.7,-0.7,-1.0,-1.0,-1.0,-0.7,-0.7,-1.0,0.0,0.0,-0.7,-0.7,0.0,-1.0,-0.7,-1.0,-0.7,-1.0,0.0,0.0,-1.0,-0.7,0.0,-0.7,0.0,-0.7,-1.0,-1.0,-1.0,-0.7,-1.0,-0.7,-0.7,-0.7,0.0,0.0,-0.7,0.0,-0.7,-0.7,0.0,-1.0,-1.0,0.0,-0.7,0.0,0.0,-1.0,
Ryo Kunieda,0.0,0.7,-0.7,-0.7,0.0,-1.0,-0.7,-0.7,-0.7,-0.7,-1.0,-1.0,-1.0,0.0,-1.0,-1.0,0.0,-1.0,0.0,-0.7,0.0,-1.0,-1.0,-0.7,0.0,-0.7,-1.0,-0.7,-0.7,-0.7,-0.7,0.0,-0.7,-1.0,-0.7,-1.0,-0.7,-0.7,-1.0,-1.0,-1.0,0.0,0.0,-1.0,0.0,-0.7,-1.0,-1.0,-0.7,-0.7,-0.7,-1.0,-1.0,-0.7,-1.0,-1.0,-1.0,0.0,0.0,-0.7,0.0,-1.0,-0.7,-1.0,-0.7,0.0,-0.7,-1.0,-0.7,-1.0,0.0,-0.7,-0.7,-0.7,-0.7,-1.0,-0.7,-1.0,-0.7,0.0,0.0,-0.7,-0.7,-1.0,-0.7,-1.0,-0.7,-1.0,-1.0,-0.7,-1.0,-0.7,-1.0,
Ichigo Kurosaki,-1.0,-1.0,-1.0,-1.0,-1.0,-1.0,-1.0,1.0,-1.0,-1.0,-1.0,-1.0,-1.0,1.0,1.0,-1.0,1.0,-1.0,-1.0,-1.0,1.0,-1.0,1.0,-1.0,-1.0,-1.0,-1.0,-1.0,1.0,-1.0,-1.0,1.0,-1.0,-1.0,-1.0,1.0,-1.0,-1.0,-1.0,-1.0,-1.0,-1.0,-1.0,-1.0,-1.0,-1.0,-1.0,-1.0,-1.0,-1.0,-1.0,-1.0,-1.0,-1.0,-1.0,-1.0,-1.0,-1.0,-1.0,-1.0,-1.0,-1.0,-1.0,-1.0,-1.0,-1.0,-1.0,-1.0,-1.0,-1.0,-1.0,-1.0,-1.0,-1.0,-1.0,-1.0,-1.0,-1.0,-1.0,-1.0,-1.0,-1.0,-1.0,-1.0,-1.0,-1.0,-1.0,-1.0,-1.0,-1.0,-1.0,-1.0,-1.0,
Ichigo Kurosaki,-1.0,-0.7,-1.0,-1.0,-0.7,-1.0,0.0,1.0,-1.0,-0.7,-1.0,-1.0,-1.0,1.0,0.0,-1.0,0.7,0.0,-0.7,0.0,1.0,0.0,1.0,-0.7,-0.7,-1.0,-0.7,-0.7,1.0,-1.0,-0.7,0.7,0.0,-0.7,0.0,0.7,-1.0,-1.0,-0.7,-0.7,-1.0,-1.0,0.0,-0.7,-0.7,-0.7,-1.0,-1.0,-1.0,-1.0,-0.7,-0.7,0.0,0.0,-1.0,-0.7,-0.7,0.0,-1.0,-0.7,-0.7,-1.0,-1.0,-0.7,-0.7,-1.0,-0.7,-1.0,-0.7,-1.0,0.0,-1.0,-1.0,-1.0,-1.0,-0.7,-1.0,0.0,-1.0,-1.0,-1.0,-1.0,-1.0,-0.7,-0.7,-0.7,-0.7,-0.7,-1.0,-0.7,0.0,-0.7,-0.7,
Ichigo Kurosaki,-1.0,-0.7,-0.7,-0.7,0.0,-1.0,-1.0,0.7,0.0,-1.0,-1.0,-1.0,-1.0,0.7,0.7,-1.0,1.0,-1.0,-1.0,-0.7,0.0,0.0,1.0,0.0,-0.7,-0.7,-0.7,-1.0,1.0,-1.0,-1.0,1.0,-0.7,-0.7,-0.7,1.0,0.0,0.0,-0.7,0.0,-0.7,0.0,-1.0,-1.0,-1.0,-1.0,-1.0,-0.7,-0.7,-0.7,-1.0,0.0,-0.7,-1.0,-0.7,-1.0,-1.0,0.0,-1.0,-0.7,0.0,-0.7,-1.0,-1.0,-1.0,-0.7,-0.7,-1.0,0.0,-0.7,-1.0,-0.7,-0.7,-1.0,-1.0,0.0,-0.7,-0.7,-0.7,-1.0,-1.0,-0.7,-1.0,-1.0,0.0,0.0,-0.7,0.0,-1.0,0.0,-1.0,0.0,0.0,
Karin Kurosaki,1.0,1.0,-1.0,-1.0,-1.0,1.0,-1.0,-1.0,-1.0,1.0,-1.0,-1.0,-1.0,-1.0,-1.0,-1.0,1.0,-1.0,-1.0,-1.0,1.0,-1.0,-1.0,-1.0,-1.0,-1.0,-1.0,-1.0,-1.0,-1.0,-1.0,-1.0,-1.0,-1.0,-1.0,1.0,-1.0,-1.0,-1.0,-1.0,-1.0,-1.0,-1.0,-1.0,-1.0,-1.0,-1.0,-1.0,-1.0,-1.0,-1.0,-1.0,-1.0,-1.0,-1.0,-1.0,-1.0,-1.0,-1.0,-1.0,-1.0,-1.0,-1.0,-1.0,-1.0,-1.0,-1.0,-1.0,-1.0,-1.0,-1.0,-1.0,-1.0,-1.0,-1.0,-1.0,-1.0,-1.0,-1.0,-1.0,-1.0,-1.0,-1.0,-1.0,-1.0,-1.0,-1.0,-1.0,-1.0,-1.0,-1.0,-1.0,-1.0,
Karin Kurosaki,0.7,0.0,-0.7,-1.0,-0.7,0.7,-1.0,-0.7,0.0,1.0,-0.7,0.0,0.0,0.0,-0.7,0.0,0.7,-1.0,-0.7,-0.7,1.0,-0.7,-0.7,-1.0,-0.7,-0.7,-0.7,-1.0,-1.0,-1.0,0.0,-1.0,-0.7,-1.0,-1.0,0.0,-0.7,-1.0,-0.7,-1.0,-0.7,-0.7,-1.0,-1.0,-1.0,0.0,0.0,-1.0,-0.7,-1.0,-1.0,-0.7,0.0,0.0,-0.7,-1.0,-0.7,-1.0,-0.7,-1.0,-0.7,-1.0,-1.0,0.0,-1.0,-0.7,-1.0,-1.0,-1.0,-1.0,0.0,-1.0,0.0,-0.7,-0.7,-0.7,-0.7,-0.7,-1.0,-1.0,0.0,0.0,0.0,-0.7,-0.7,-0.7,-0.7,-1.0,-0.7,-1.0,-1.0,0.0,-1.0,
Karin Kurosaki,1.0,1.0,0.0,-0.7,-0.7,0.0,0.0,-1.0,-0.7,0.7,-0.7,-1.0,0.0,-0.7,-1.0,-0.7,1.0,-1.0,-0.7,-1.0,0.7,-0.7,-1.0,0.0,-1.0,-1.0,-1.0,-1.0,-1.0,-0.7,0.0,-1.0,-0.7,-0.7,0.0,0.7,-1.0,-1.0,-0.7,0.0,-1.0,-1.0,0.0,0.0,0.0,-0.7,-1.0,-0.7,-0.7,-1.0,-0.7,-0.7,-1.0,-0.7,-0.7,0.0,-1.0,-1.0,-0.7,-1.0,-0.7,-0.7,-1.0,-0.7,-0.7,-1.0,0.0,0.0,-0.7,-0.7,-0.7,0.0,-0.7,-0.7,0.0,-1.0,0.0,-1.0,-1.0,-1.0,0.0,0.0,-0.7,-0.7,-0.7,0.0,-0.7,-1.0,-1.0,-0.7,-0.7,-1.0,-1.0,
Kazui Kurosaki,-1.0,-1.0,-1.0,-1.0,-1.0,1.0,-1.0,-1.0,-1.0,-1.0,-1.0,-1.0,-1.0,-1.0,-1.0,-1.0,-1.0,-1.0,-1.0,-1.0,1.0,-1.0,1.0,-1.0,-1.0,-1.0,-1.0,-1.0,-1.0,-1.0,-1.0,-1.0,-1.0,-1.0,-1.0,-1.0,-1.0,-1.0,-1.0,-1.0,-1.0,-1.0,-1.0,-1.0,-1.0,-1.0,-1.0,-1.0,-1.0,-1.0,-1.0,-1.0,-1.0,-1.0,-1.0,-1.0,-1.0,-1.0,-1.0,-1.0,-1.0,-1.0,-1.0,-1.0,-1.0,-1.0,-1.0,-1.0,-1.0,-1.0,-1.0,-1.0,-1.0,-1.0,-1.0,-1.0,-1.0,-1.0,-1.0,-1.0,-1.0,-1.0,-1.0,-1.0,-1.0,-1.0,-1.0,-1.0,-1.0,-1.0,-1.0,-1.0,-1.0,
Kazui Kurosaki,0.0,-1.0,-0.7,0.0,-0.7,1.0,-0.7,0.0,-0.7,0.0,-1.0,-0.7,-0.7,0.0,-1.0,0.0,-0.7,-1.0,-1.0,0.0,1.0,-1.0,1.0,0.0,-0.7,-0.7,-1.0,-0.7,-0.7,0.0,0.0,-1.0,-0.7,-1.0,-0.7,-1.0,-1.0,-1.0,-0.7,-1.0,-0.7,-0.7,-1.0,-0.7,-1.0,-0.7,-0.7,-1.0,-1.0,-1.0,0.0,-0.7,-0.7,-0.7,-1.0,-0.7,-0.7,-1.0,-1.0,-1.0,-0.7,0.0,-1.0,-0.7,-1.0,0.0,-1.0,-0.7,-0.7,-0.7,-0.7,-1.0,-1.0,-1.0,-1.0,-0.7,-1.0,-1.0,-0.7,0.0,-0.7,-1.0,-1.0,0.0,-1.0,-1.0,-0.7,-0.7,-0.7,-1.0,-1.0,0.0,-1.0,
Kazui Kurosaki,-0.7,-0.7,-0.7,-1.0,-1.0,0.7,0.0,0.0,-1.0,-1.0,0.0,-0.7,0.0,-1.0,-0.7,-0.7,-0.7,-0.7,-1.0,-0.7,1.0,-0.7,0.0,-1.0,0.0,-1.0,-0.7,0.0,-1.0,-1.0,-0.7,-1.0,-0.7,0.0,-0.7,-1.0,-0.7,-0.7,-1.0,-0.7,-0.7,-0.7,-1.0,-0.7,-1.0,-1.0,0.0,-0.7,-1.0,-1.0,-1.0,-1.0,-1.0,-1.0,-0.7,-0.7,-0.7,-0.7,-1.0,0.0,0.0,0.0,0.0,0.0,-0.7,-1.0,-0.7,-0.7,-0.7,-0.7,-1.0,-1.0,0.0,-0.7,-0.7,-1.0,-1.0,0.0,-0.7,-0.7,-0.7,-0.7,-1.0,-0.7,-0.7,-0.7,-0.7,0.0,-1.0,0.0,-1.0,-0.7,-1.0,
Yuzu Kurosaki,1.0,-1.0,-1.0,-1.0,-1.0,1.0,-1.0,-1.0,-1.0,-1.0,-1.0,-1.0,-1.0,-1.0,-1.0,-1.0,1.0,-1.0,-1.0,-1.0,1.0,-1.0,-1.0,-1.0,-1.0,-1.0,-1.0,-1.0,-1.0,1.0,-1.0,-1.0,-1.0,-1.0,-1.0,1.0,-1.0,-1.0,-1.0,-1.0,-1.0,-1.0,-1.0,-1.0,-1.0,-1.0,-1.0,-1.0,-1.0,-1.0,-1.0,-1.0,-1.0,-1.0,-1.0,-1.0,-1.0,-1.0,-1.0,-1.0,-1.0,-1.0,-1.0,-1.0,-1.0,-1.0,-1.0,-1.0,-1.0,-1.0,-1.0,-1.0,-1.0,-1.0,-1.0,-1.0,-1.0,-1.0,-1.0,-1.0,-1.0,-1.0,-1.0,-1.0,-1.0,-1.0,-1.0,-1.0,-1.0,-1.0,-1.0,-1.0,-1.0,
Yuzu Kurosaki,1.0,-0.7,-1.0,-0.7,0.0,1.0,-0.7,-0.7,-0.7,-1.0,-1.0,-1.0,-1.0,-1.0,-0.7,0.0,0.0,-0.7,-1.0,-1.0,1.0,-1.0,-0.7,-0.7,-1.0,-1.0,0.0,-0.7,-1.0,0.0,0.0,-1.0,-1.0,-0.7,0.0,0.0,-1.0,-1.0,-0.7,-0.7,-1.0,0.0,-0.7,0.0,0.0,-0.7,-0.7,-0.7,-1.0,-0.7,-1.0,-0.7,-1.0,-1.0,-1.0,-1.0,-0.7,-0.7,-0.7,-1.0,-1.0,-1.0,-1.0,0.0,-1.0,-1.0,-1.0,-1.0,-0.7,-0.7,-1.0,-1.0,-1.0,-1.0,-1.0,0.0,-0.7,-0.7,-0.7,-0.7,-0.7,-0.7,-0.7,-1.0,-0.7,-0.7,0.0,-0.7,-0.7,-1.0,-0.7,-1.0,-1.0,
Yuzu Kurosaki,1.0,-0.7,-1.0,-1.0,0.0,1.0,-0.7,-0.7,-1.0,-0.7,-1.0,-0.7,-0.7,-0.7,-0.7,-1.0,1.0,-0.7,-0.7,0.0,0.0,0.0,-0.7,-1.0,-0.7,-0.7,-1.0,0.0,0.0,0.7,-1.0,-1.0,0.0,0.0,-1.0,1.0,0.0,-1.0,-0.7,0.0,-1.0,-0.7,-1.0,-1.0,0.0,-0.7,0.0,-0.7,-1.0,-1.0,-1.0,-1.0,-1.0,-1.0,-0.7,-0.7,-0.7,-0.7,-1.0,-1.0,-0.7,-0.7,-1.0,0.0,-0.7,-0.7,-1.0,-0.7,-0.7,-0.7,-0.7,0.0,-0.7,-1.0,-0.7,-0.7,-0.7,-1.0,-1.0,0.0,-0.7,0.0,-0.7,-0.7,-0.7,0.0,-0.7,-0.7,-1.0,-0.7,-0.7,-1.0,-1.0,
Mahana Natsui,1.0,-1.0,-1.0,-1.0,-1.0,-1.0,-1.0,-1.0,-1.0,-1.0,-1.0,-1.0,-1.0,-1.0,-1.0,-1.0,1.0,-1.0,-1.0,-1.0,1.0,-1.0,-1.0,-1.0,-1.0,-1.0,-1.0,-1.0,-1.0,-1.0,-1.0,-1.0,-1.0,-1.0,-1.0,-1.0,-1.0,-1.0,-1.0,-1.0,-1.0,-1.0,-1.0,-1.0,-1.0,-1.0,-1.0,-1.0,-1.0,-1.0,-1.0,-1.0,-1.0,-1.0,-1.0,-1.0,-1.0,-1.0,-1.0,-1.0,-1.0,-1.0,-1.0,-1.0,-1.0,-1.0,-1.0,-1.0,-1.0,-1.0,-1.0,-1.0,-1.0,-1.0,-1.0,-1.0,-1.0,-1.0,-1.0,-1.0,-1.0,-1.0,-1.0,-1.0,-1.0,-1.0,-1.0,-1.0,-1.0,-1.0,-1.0,-1.0,-1.0,
Mahana Natsui,1.0,-1.0,-1.0,-0.7,0.0,-0.7,-1.0,-1.0,-0.7,-1.0,0.0,-0.7,-0.7,-1.0,-0.7,-1.0,0.0,-0.7,-1.0,-1.0,1.0,-0.7,-1.0,-0.7,-1.0,-0.7,0.0,-0.7,-0.7,-1.0,-1.0,-0.7,-1.0,-0.7,-1.0,-1.0,-1.0,0.0,-1.0,-0.7,-1.0,-0.7,-1.0,0.0,0.0,-1.0,0.0,0.0,0.0,0.0,-1.0,-0.7,-1.0,-1.0,0.0,-1.0,-0.7,0.0,0.0,0.0,-1.0,-1.0,-0.7,-1.0,-1.0,-1.0,-0.7,-0.7,-1.0,-0.7,-1.0,-1.0,-0.7,-0.7,-0.7,-1.0,0.0,-0.7,-0.7,-0.7,0.0,-0.7,-0.7,0.0,-0.7,-0.7,-0.7,-1.0,-1.0,-0.7,0.0,0.0,-1.0,
Mahana Natsui,0.7,-1.0,0.0,0.0,-0.7,0.0,-0.7,-0.7,-1.0,-0.7,-0.7,-0.7,-1.0,0.0,-1.0,-0.7,0.7,-0.7,-0.7,-1.0,1.0,-0.7,-0.7,-1.0,-0.7,-0.7,-0.7,0.0,-1.0,-1.0,-0.7,-0.7,-0.7,0.0,0.0,0.0,-0.7,-0.7,-0.7,-1.0,-0.7,-1.0,0.0,-0.7,-0.7,-1.0,-1.0,-1.0,-0.7,-1.0,-0.7,0.0,0.0,-0.7,-1.0,0.0,0.0,-1.0,-0.7,-1.0,0.0,0.0,-1.0,0.0,-0.7,0.0,-0.7,0.0,-1.0,-1.0,-1.0,0.0,0.0,0.0,0.0,-1.0,-1.0,-1.0,-1.0,-1.0,-0.7,-1.0,-1.0,-1.0,-1.0,0.0,-0.7,0.0,-0.7,-1.0,-0.7,-1.0,-1.0,
Misato Ochi,1.0,-1.0,-1.0,-1.0,1.0,-1.0,-1.0,-1.0,-1.0,-1.0,-1.0,-1.0,-1.0,-1.0,-1.0,-1.0,1.0,-1.0,-1.0,-1.0,1.0,-1.0,-1.0,-1.0,-1.0,-1.0,-1.0,-1.0,-1.0,-1.0,-1.0,-1.0,-1.0,-1.0,-1.0,-1.0,-1.0,-1.0,-1.0,-1.0,-1.0,-1.0,-1.0,-1.0,-1.0,-1.0,-1.0,-1.0,-1.0,-1.0,-1.0,-1.0,-1.0,-1.0,-1.0,-1.0,-1.0,-1.0,-1.0,-1.0,-1.0,-1.0,-1.0,-1.0,-1.0,-1.0,-1.0,-1.0,-1.0,-1.0,-1.0,-1.0,-1.0,-1.0,-1.0,-1.0,-1.0,-1.0,-1.0,-1.0,-1.0,-1.0,-1.0,-1.0,-1.0,-1.0,-1.0,-1.0,-1.0,-1.0,-1.0,-1.0,-1.0,
Misato Ochi,1.0,-1.0,-1.0,-1.0,0.7,-1.0,-1.0,0.0,-1.0,-1.0,0.0,-1.0,-1.0,-0.7,-1.0,-0.7,0.0,-1.0,-0.7,-0.7,1.0,-0.7,-1.0,-0.7,-1.0,-0.7,-1.0,0.0,-1.0,-0.7,-0.7,-0.7,-0.7,-0.7,-0.7,0.0,-1.0,-0.7,0.0,0.0,0.0,-1.0,-1.0,-0.7,-0.7,-0.7,-0.7,0.0,-1.0,0.0,-0.7,-1.0,-0.7,-0.7,-1.0,-1.0,0.0,-1.0,-0.7,-0.7,-0.7,-0.7,-1.0,-0.7,-1.0,-0.7,-1.0,-0.7,-1.0,-1.0,-1.0,-1.0,0.0,-1.0,0.0,0.0,-0.7,-1.0,-1.0,-0.7,-1.0,-1.0,-0.7,0.0,-0.7,-1.0,-0.7,-1.0,-1.0,0.0,-1.0,-1.0,-1.0,
Misato Ochi,0.0,-0.7,-0.7,-0.7,1.0,-0.7,-1.0,-1.0,-0.7,0.0,-1.0,-1.0,-1.0,-1.0,0.0,-0.7,0.7,-0.7,-1.0,-0.7,0.7,-0.7,0.0,-0.7,-1.0,0.0,-1.0,-1.0,-1.0,-1.0,-0.7,-0.7,0.0,-0.7,-0.7,-1.0,-1.0,-0.7,-0.7,0.0,-1.0,-1.0,-0.7,-1.0,-1.0,-0.7,-1.0,-0.7,-1.0,-1.0,-1.0,0.0,-1.0,-0.7,-1.0,-0.7,-1.0,-0.7,-0.7,0.0,-1.0,-1.0,-1.0,0.0,-0.7,-0.7,-1.0,-1.0,-1.0,0.0,-0.7,0.0,-1.0,-0.7,-0.7,-1.0,0.0,0.0,0.0,-0.7,-1.0,-1.0,0.0,-1.0,-0.7,-0.7,-0.7,0.0,-1.0,-1.0,-1.0,-0.7,-1.0,
Michiru Ogawa,1.0,-1.0,-1.0,-1.0,-1.0,-1.0,-1.0,-1.0,-1.0,-1.0,-1.0,-1.0,-1.0,-1.0,-1.0,-1.0,1.0,-1.0,-1.0,-1.0,1.0,-1.0,-1.0,-1.0,-1.0,-1.0,-1.0,-1.0,-1.0,-1.0,-1.0,-1.0,-1.0,-1.0,-1.0,-1.0,-1.0,-1.0,-1.0,-1.0,-1.0,-1.0,-1.0,-1.0,-1.0,-1.0,-1.0,-1.0,-1.0,-1.0,-1.0,-1.0,-1.0,-1.0,-1.0,-1.0,-1.0,-1.0,-1.0,-1.0,-1.0,-1.0,-1.0,-1.0,-1.0,-1.0,-1.0,-1.0,-1.0,-1.0,-1.0,-1.0,-1.0,-1.0,-1.0,-1.0,-1.0,-1.0,-1.0,-1.0,-1.0,-1.0,-1.0,-1.0,-1.0,-1.0,-1.0,-1.0,-1.0,-1.0,-1.0,-1.0,-1.0,
Michiru Ogawa,1.0,0.0,0.0,-1.0,-1.0,0.0,-1.0,-1.0,-1.0,-0.7,-1.0,0.0,-0.7,-0.7,-1.0,-0.7,0.7,-0.7,-0.7,-0.7,0.0,0.0,-0.7,-1.0,-1.0,-1.0,-0.7,-0.7,-0.7,0.0,0.0,0.0,-1.0,-0.7,-1.0,-1.0,-1.0,-1.0,-0.7,0.0,-1.0,-0.7,-0.7,-1.0,-0.7,-1.0,-0.7,-0.7,-1.0,-1.0,-0.7,0.0,-1.0,-0.7,-0.7,0.0,0.0,-0.7,-0.7,0.0,-1.0,-1.0,-1.0,0.0,0.0,-1.0,-0.7,-0.7,-1.0,0.0,-1.0,-1.0,-0.7,-0.7,-1.0,-0.7,-0.7,-1.0,-1.0,-0.7,-1.0,0.0,0.0,0.0,-1.0,0.0,-0.7,-1.0,-1.0,-1.0,-0.7,-0.7,-1.0,
Michiru Ogawa,0.7,-1.0,-0.7,-1.0,0.0,0.0,-0.7,-1.0,-1.0,0.0,-1.0,-1.0,-1.0,-0.7,-0.7,0.0,1.0,-1.0,0.0,0.0,1.0,-0.7,-1.0,0.0,-1.0,0.0,-0.7,-0.7,-1.0,-0.7,-0.7,-1.0,-0.7,0.0,-0.7,-0.7,-1.0,-0.7,-1.0,-0.7,0.0,-0.7,-1.0,-1.0,-0.7,-0.7,0.0,0.0,-0.7,-1.0,-1.0,-1.0,-1.0,-0.7,-0.7,-0.7,-1.0,-1.0,-1.0,-1.0,0.0,-1.0,-0.7,-1.0,0.0,-0.7,-1.0,-0.7,-0.7,0.0,-1.0,0.0,0.0,0.0,-0.7,-0.7,-0.7,-0.7,-0.7,-0.7,-0.7,-0.7,0.0,-1.0,0.0,-0.7,0.0,-0.7,-1.0,0.0,-1.0,0.0,-0.7,
Reiichi Oshima,-1.0,-1.0,-1.0,-1.0,-1.0,-1.0,-1.0,-1.0,-1.0,1.0,-1.0,-1.0,-1.0,-1.0,-1.0,-1.0,1.0,-1.0,-1.0,-1.0,1.0,-1.0,-1.0,-1.0,-1.0,-1.0,-1.0,-1.0,-1.0,1.0,-1.0,-1.0,-1.0,-1.0,-1.0,-1.0,-1.0,-1.0,-1.0,-1.0,-1.0,-1.0,-1.0,-1.0,-1.0,-1.0,-1.0,-1.0,-1.0,-1.0,-1.0,-1.0,-1.0,-1.0,-1.0,-1.0,-1.0,-1.0,-1.0,-1.0,-1.0,-1.0,-1.0,-1.0,-1.0,-1.0,-1.0,-1.0,-1.0,-1.0,-1.0,-1.0,-1.0,-1.0,-1.0,-1.0,-1.0,-1.0,-1.0,-1.0,-1.0,-1.0,-1.0,-1.0,-1.0,-1.0,-1.0,-1.0,-1.0,-1.0,-1.0,-1.0,-1.0,
Reiichi Oshima,-0.7,-1.0,-0.7,-1.0,-1.0,-1.0,-1.0,0.0,0.0,1.0,-0.7,-1.0,-0.7,0.0,0.0,-0.7,0.7,-1.0,0.0,-1.0,0.7,-0.7,-0.7,-1.0,0.0,-1.0,-0.7,-1.0,-1.0,0.7,-0.7,-1.0,-1.0,-0.7,-0.7,0.0,-1.0,-1.0,-1.0,-1.0,-0.7,-0.7,-1.0,-1.0,-1.0,0.0,0.0,-1.0,-1.0,0.0,0.0,-0.7,-1.0,-1.0,-0.7,-1.0,-1.0,-0.7,-1.0,-0.7,-1.0,-1.0,-0.7,-1.0,0.0,-0.7,-1.0,-0.7,-1.0,0.0,-1.0,-0.7,-1.0,-0.7,0.0,0.0,-1.0,-1.0,0.0,0.0,-1.0,-0.7,-1.0,0.0,-1.0,-1.0,-0.7,-1.0,-0.7,-0.7,-1.0,-1.0,-0.7,
Reiichi Oshima,-1.0,-0.7,0.0,-0.7,-1.0,-1.0,-1.0,-1.0,-0.7,0.7,-1.0,-1.0,-1.0,-0.7,-1.0,-0.7,1.0,0.0,0.0,-1.0,1.0,-0.7,-1.0,-0.7,0.0,-0.7,0.0,-1.0,-1.0,0.7,-1.0,-0.7,-1.0,-1.0,0.0,-1.0,0.0,0.0,-0.7,-0.7,-0.7,0.0,-1.0,-0.7,-0.7,-0.7,-0.7,-1.0,-0.7,0.0,-1.0,0.0,-0.7,0.0,-0.7,-0.7,-1.0,0.0,-1.0,0.0,0.0,-1.0,-1.0,-0.7,-1.0,0.0,-1.0,-1.0,0.0,-0.7,0.0,-1.0,-0.7,-0.7,-0.7,-0.7,-0.7,-0.7,-1.0,-0.7,-1.0,-0.7,-1.0,-0.7,-0.7,-1.0,-1.0,-1.0,-0.7,0.0,-1.0,-0.7,-1.0,
Gitano Shigeo,-1.0,-1.0,-1.0,-1.0,-1.0,-1.0,-1.0,-1.0,-1.0,1.0,-1.0,-1.0,-1.0,-1.0,-1.0,-1.0,1.0,-1.0,-1.0,-1.0,1.0,-1.0,-1.0,-1.0,-1.0,-1.0,-1.0,-1.0,-1.0,-1.0,-1.0,-1.0,-1.0,-1.0,-1.0,-1.0,-1.0,-1.0,-1.0,-1.0,-1.0,-1.0,-1.0,-1.0,-1.0,-1.0,-1.0,-1.0,-1.0,-1.0,-1.0,-1.0,-1.0,-1.0,-1.0,-1.0,-1.0,-1.0,-1.0,-1.0,-1.0,-1.0,-1.0,-1.0,-1.0,-1.0,-1.0,-1.0,-1.0,-1.0,-1.0,-1.0,-1.0,-1.0,-1.0,-1.0,-1.0,-1.0,-1.0,-1.0,-1.0,-1.0,-1.0,-1.0,-1.0,-1.0,-1.0,-1.0,-1.0,-1.0,-1.0,-1.0,-1.0,
Gitano Shigeo,-0.7,0.0,-1.0,-0.7,-1.0,-1.0,-1.0,-1.0,-0.7,0.7,-0.7,-1.0,-1.0,-0.7,0.0,-1.0,0.0,-0.7,-0.7,-0.7,1.0,-1.0,-0.7,-1.0,0.0,-0.7,-1.0,-0.7,-1.0,-0.7,-0.7,0.0,-0.7,-0.7,-0.7,0.0,-1.0,-1.0,-1.0,-1.0,-0.7,-0.7,-0.7,-1.0,-0.7,-1.0,-0.7,-0.7,-1.0,-1.0,-1.0,0.0,0.0,-0.7,-1.0,-0.7,-0.7,-0.7,-1.0,-1.0,-0.7,-1.0,-1.0,-1.0,-0.7,0.0,0.0,-0.7,-0.7,-1.0,-0.7,-1.0,-0.7,-1.0,-1.0,-1.0,-1.0,-1.0,-1.0,0.0,-0.7,-0.7,0.0,0.0,-0.7,0.0,-1.0,-1.0,-0.7,-0.7,-0.7,-1.0,-1.0,
Gitano Shigeo,-0.7,-1.0,-0.7,-0.7,-0.7,-0.7,0.0,-0.7,-0.7,0.7,-1.0,-1.0,-1.0,-0.7,-0.7,0.0,1.0,-1.0,0.0,-1.0,0.7,-0.7,-0.7,-1.0,-1.0,-1.0,-0.7,-0.7,-1.0,-0.7,0.0,-1.0,-0.7,-0.7,-1.0,-1.0,-0.7,0.0,0.0,-0.7,-0.7,-1.0,-0.7,-0.7,-1.0,-0.7,-0.7,-1.0,0.0,-1.0,-1.0,-1.0,-0.7,-0.7,-1.0,-0.7,-1.0,-0.7,-0.7,-0.7,0.0,-1.0,-1.0,-0.7,0.0,-1.0,-1.0,-1.0,-0.7,-1.0,-0.7,0.0,-0.7,-1.0,-0.7,-1.0,0.0,-0.7,-1.0,-0.7,-0.7,-0.7,-1.0,0.0,0.0,-0.7,0.0,-1.0,-0.7,-0.7,-0.7,-0.7,-1.0,
Keiske Sorimachi,-1.0,1.0,-1.0,-1.0,-1.0,-1.0,-1.0,-1.0,-1.0,-1.0,-1.0,-1.0,-1.0,-1.0,-1.0,-1.0,1.0,-1.0,-1.0,-1.0,1.0,-1.0,-1.0,-1.0,-1.0,-1.0,-1.0,-1.0,-1.0,-1.0,-1.0,-1.0,-1.0,-1.0,-1.0,-1.0,-1.0,-1.0,-1.0,-1.0,-1.0,-1.0,-1.0,-1.0,-1.0,-1.0,-1.0,-1.0,-1.0,-1.0,-1.0,-1.0,-1.0,-1.0,-1.0,-1.0,-1.0,-1.0,-1.0,-1.0,-1.0,-1.0,-1.0,-1.0,-1.0,-1.0,-1.0,-1.0,-1.0,-1.0,-1.0,-1.0,-1.0,-1.0,-1.0,-1.0,-1.0,-1.0,-1.0,-1.0,-1.0,-1.0,-1.0,-1.0,-1.0,-1.0,-1.0,-1.0,-1.0,-1.0,-1.0,-1.0,-1.0,
Keiske Sorimachi,-1.0,1.0,-1.0,-0.7,-1.0,-1.0,-0.7,-0.7,0.0,-0.7,-1.0,0.0,-0.7,-1.0,-0.7,0.0,1.0,-1.0,-1.0,-1.0,0.7,-0.7,-1.0,0.0,-0.7,-0.7,0.0,-1.0,-0.7,-0.7,0.0,-0.7,-1.0,0.0,-1.0,0.0,0.0,-1.0,-0.7,-1.0,-0.7,-0.7,-0.7,0.0,-0.7,-0.7,0.0,0.0,-1.0,0.0,-1.0,0.0,-1.0,-1.0,-0.7,-0.7,-1.0,-1.0,-0.7,0.0,-1.0,-1.0,-0.7,-1.0,0.0,0.0,-0.7,-1.0,-0.7,-0.7,0.0,-0.7,-0.7,-0.7,-0.7,0.0,-0.7,-0.7,-1.0,-0.7,-0.7,-1.0,-1.0,-0.7,-0.7,-0.7,-1.0,-0.7,-1.0,-0.7,-1.0,-1.0,-1.0,
Keiske Sorimachi,-1.0,1.0,-1.0,-0.7,-0.7,-1.0,0.0,-1.0,-0.7,-1.0,-1.0,-0.7,-0.7,0.0,-0.7,0.0,1.0,-1.0,-1.0,-1.0,0.7,-0.7,-1.0,0.0,0.0,-1.0,-1.0,-1.0,-1.0,-1.0,-0.7,-1.0,-1.0,0.0,-0.7,0.0,-1.0,-1.0,-0.7,-1.0,-1.0,-0.7,-0.7,-0.7,-0.7,-0.7,-1.0,-1.0,-1.0,-1.0,0.0,-0.7,-0.7,-1.0,-1.0,-1.0,-1.0,-1.0,-0.7,-0.7,-0.7,-0.7,0.0,-1.0,-1.0,-1.0,-0.7,0.0,-1.0,0.0,0.0,-1.0,-1.0,-0.7,0.0,-1.0,-0.7,-1.0,-0.7,-0.7,-0.7,0.0,0.0,0.0,-1.0,-0.7,-1.0,-0.7,-0.7,-0.7,-0.7,0.0,-1.0,
Ikumi Unagiya,1.0,1.0,1.0,-1.0,-1.0,-1.0,-1.0,-1.0,-1.0,1.0,-1.0,-1.0,-1.0,-1.0,1.0,-1.0,-1.0,-1.0,-1.0,1.0,1.0,-1.0,-1.0,-1.0,-1.0,-1.0,-1.0,-1.0,-1.0,-1.0,-1.0,-1.0,-1.0,-1.0,-1.0,-1.0,-1.0,-1.0,-1.0,-1.0,-1.0,-1.0,-1.0,-1.0,-1.0,-1.0,-1.0,-1.0,-1.0,-1.0,-1.0,-1.0,-1.0,-1.0,-1.0,-1.0,-1.0,-1.0,-1.0,-1.0,-1.0,-1.0,-1.0,-1.0,-1.0,-1.0,-1.0,-1.0,-1.0,-1.0,-1.0,-1.0,-1.0,-1.0,-1.0,-1.0,-1.0,-1.0,-1.0,-1.0,-1.0,-1.0,-1.0,-1.0,-1.0,-1.0,-1.0,-1.0,-1.0,-1.0,-1.0,-1.0,-1.0,
Ikumi Unagiya,0.7,1.0,1.0,-1.0,0.0,0.0,0.0,0.0,-1.0,1.0,-0.7,-0.7,-0.7,-1.0,0.7,-0.7,-1.0,-0.7,-0.7,0.7,1.0,-0.7,-1.0,-1.0,-0.7,-0.7,-1.0,-0.7,-0.7,-0.7,-0.7,-0.7,-0.7,-1.0,-1.0,-0.7,-0.7,-0.7,-1.0,-1.0,-0.7,-1.0,-0.7,-1.0,-0.7,0.0,-1.0,-0.7,-1.0,-0.7,-0.7,-0.7,-0.7,0.0,-1.0,-1.0,0.0,-0.7,0.0,-0.7,0.0,-0.7,-0.7,0.0,-0.7,-1.0,-1.0,-1.0,-1.0,-1.0,-0.7,-0.7,-0.7,-0.7,-1.0,-1.0,-1.0,-0.7,-1.0,-1.0,-0.7,0.0,-1.0,-0.7,-0.7,-0.7,0.0,-1.0,-1.0,0.0,-0.7,-0.7,-0.7,
Ikumi Unagiya,0.7,0.0,0.0,-0.7,-1.0,0.0,-1.0,-1.0,0.0,1.0,-1.0,-1.0,0.0,-0.7,0.7,-1.0,-0.7,-0.7,-1.0,0.7,1.0,0.0,-0.7,0.0,-1.0,-0.7,-0.7,-0.7,0.0,-1.0,-1.0,-0.7,-0.7,-0.7,-1.0,-0.7,-1.0,-0.7,-0.7,-0.7,-1.0,-0.7,-1.0,-1.0,-0.7,0.0,-1.0,-0.7,0.0,0.0,-1.0,0.0,-1.0,-1.0,-1.0,-0.7,-1.0,-1.0,-1.0,0.0,0.0,-1.0,0.0,0.0,-0.7,-1.0,-0.7,0.0,-0.7,-1.0,-0.7,-0.7,-0.7,-1.0,-1.0,0.0,0.0,-1.0,0.0,-1.0,-0.7,-0.7,0.0,0.0,-1.0,0.0,-1.0,-0.7,-0.7,-0.7,-1.0,0.0,-1.0,
Kaoru Unagiya,-1.0,1.0,-1.0,-1.0,-1.0,1.0,-1.0,-1.0,-1.0,-1.0,-1.0,-1.0,-1.0,-1.0,-1.0,-1.0,-1.0,-1.0,-1.0,-1.0,1.0,-1.0,-1.0,-1.0,-1.0,-1.0,-1.0,-1.0,-1.0,-1.0,-1.0,-1.0,-1.0,-1.0,-1.0,-1.0,-1.0,-1.0,-1.0,-1.0,-1.0,-1.0,-1.0,-1.0,-1.0,-1.0,-1.0,-1.0,-1.0,-1.0,-1.0,-1.0,-1.0,-1.0,-1.0,-1.0,-1.0,-1.0,-1.0,-1.0,-1.0,-1.0,-1.0,-1.0,-1.0,-1.0,-1.0,-1.0,-1.0,-1.0,-1.0,-1.0,-1.0,-1.0,-1.0,-1.0,-1.0,-1.0,-1.0,-1.0,-1.0,-1.0,-1.0,-1.0,-1.0,-1.0,-1.0,-1.0,-1.0,-1.0,-1.0,-1.0,-1.0,
Kaoru Unagiya,-1.0,0.7,-0.7,0.0,-1.0,1.0,0.0,-0.7,-1.0,-0.7,-0.7,-0.7,-0.7,0.0,0.0,-0.7,-1.0,0.0,-0.7,-0.7,1.0,0.0,-0.7,-1.0,-0.7,0.0,-1.0,0.0,-0.7,-0.7,-1.0,-1.0,0.0,-1.0,-0.7,-1.0,-1.0,-1.0,-0.7,0.0,-1.0,-1.0,-1.0,-0.7,-0.7,0.0,-0.7,-0.7,-1.0,0.0,-1.0,-1.0,-0.7,-0.7,-0.7,-0.7,-0.7,-1.0,0.0,-0.7,-0.7,-0.7,-1.0,-0.7,-0.7,-1.0,-0.7,0.0,-0.7,0.0,-1.0,-1.0,-1.0,-0.7,-1.0,-1.0,0.0,0.0,-0.7,-1.0,-1.0,-1.0,-0.7,0.0,-0.7,-1.0,-0.7,-1.0,-1.0,-0.7,-0.7,-1.0,-1.0,
Kaoru Unagiya,0.0,1.0,-1.0,-1.0,-1.0,1.0,0.0,-1.0,-0.7,-0.7,-0.7,0.0,0.0,-1.0,-0.7,-0.7,0.0,-0.7,0.0,-0.7,1.0,-0.7,0.0,0.0,-1.0,-0.7,-1.0,-1.0,-0.7,-1.0,0.0,-1.0,0.0,-1.0,-1.0,-1.0,-1.0,-1.0,-1.0,-0.7,-1.0,-0.7,-1.0,0.0,0.0,-0.7,-1.0,-1.0,0.0,-1.0,-1.0,-1.0,-1.0,-1.0,-0.7,-1.0,-0.7,-1.0,-1.0,0.0,-1.0,0.0,-0.7,-1.0,0.0,-1.0,0.0,-1.0,0.0,-1.0,-0.7,-0.7,0.0,0.0,0.0,0.0,-1.0,-1.0,-1.0,-1.0,-1.0,-0.7,-1.0,-0.7,-1.0,-1.0,-0.7,-0.7,-0.7,-0.7,-1.0,-0.7,-1.0,
Yokochini,-1.0,-1.0,-1.0,-1.0,1.0,-1.0,-1.0,-1.0,-1.0,-1.0,-1.0,-1.0,-1.0,-1.0,-1.0,-1.0,1.0,-1.0,-1.0,-1.0,1.0,-1.0,-1.0,-1.0,-1.0,-1.0,-1.0,-1.0,-1.0,-1.0,-1.0,-1.0,-1.0,-1.0,-1.0,-1.0,-1.0,-1.0,-1.0,-1.0,-1.0,-1.0,-1.0,-1.0,-1.0,-1.0,-1.0,-1.0,-1.0,-1.0,-1.0,-1.0,-1.0,-1.0,-1.0,-1.0,-1.0,-1.0,-1.0,-1.0,-1.0,-1.0,-1.0,-1.0,-1.0,-1.0,-1.0,-1.0,-1.0,-1.0,-1.0,-1.0,-1.0,-1.0,-1.0,-1.0,-1.0,-1.0,-1.0,-1.0,-1.0,-1.0,-1.0,-1.0,-1.0,-1.0,-1.0,-1.0,-1.0,-1.0,-1.0,-1.0,-1.0,
Yokochini,-1.0,-0.7,-1.0,-1.0,0.0,0.0,-1.0,-1.0,-1.0,-1.0,0.0,-1.0,-0.7,-1.0,0.0,-1.0,0.7,-1.0,-0.7,-1.0,1.0,0.0,0.0,0.0,-0.7,0.0,-1.0,-1.0,-1.0,-0.7,-1.0,-1.0,-0.7,0.0,-1.0,-1.0,-1.0,-1.0,-1.0,-0.7,-0.7,-0.7,-1.0,0.0,-1.0,-0.7,0.0,-1.0,-1.0,0.0,-1.0,-0.7,-1.0,-0.7,-1.0,-1.0,-0.7,-1.0,-1.0,-1.0,-1.0,-1.0,-1.0,0.0,-1.0,-0.7,-1.0,-1.0,0.0,-1.0,0.0,-1.0,-0.7,-0.7,0.0,-0.7,-0.7,-1.0,-1.0,0.0,-1.0,-1.0,-0.7,-1.0,0.0,-0.7,-0.7,0.0,-1.0,-1.0,-0.7,-1.0,-0.7,
Yokochini,0.0,-0.7,-1.0,0.0,0.7,-0.7,-1.0,0.0,-0.7,-0.7,0.0,-1.0,-0.7,0.0,-1.0,-0.7,0.0,-0.7,-0.7,0.0,0.0,-1.0,-1.0,-0.7,-0.7,-0.7,-0.7,-1.0,-0.7,-1.0,-0.7,-0.7,-1.0,-1.0,-0.7,-0.7,-1.0,0.0,-0.7,0.0,-0.7,-0.7,0.0,-0.7,-0.7,-1.0,-0.7,-1.0,-1.0,-1.0,-1.0,0.0,-1.0,-0.7,0.0,-0.7,-1.0,-0.7,-0.7,-0.7,-0.7,0.0,-0.7,-1.0,-0.7,-1.0,0.0,-1.0,-1.0,0.0,-0.7,-1.0,-0.7,0.0,-1.0,0.0,-1.0,-0.7,0.0,-1.0,-0.7,-1.0,-0.7,-0.7,-0.7,-1.0,-1.0,-1.0,-1.0,-0.7,0.0,-0.7,-0.7,
Riruka Dokugamine,1.0,-1.0,1.0,-1.0,-1.0,-1.0,-1.0,-1.0,1.0,-1.0,-1.0,-1.0,-1.0,1.0,-1.0,-1.0,-1.0,-1.0,1.0,-1.0,1.0,-1.0,-1.0,-1.0,-1.0,-1.0,-1.0,-1.0,-1.0,-1.0,1.0,-1.0,-1.0,-1.0,-1.0,-1.0,-1.0,-1.0,-1.0,-1.0,-1.0,-1.0,-1.0,-1.0,-1.0,-1.0,-1.0,-1.0,-1.0,-1.0,-1.0,-1.0,-1.0,-1.0,-1.0,-1.0,-1.0,-1.0,-1.0,-1.0,-1.0,-1.0,-1.0,-1.0,-1.0,-1.0,-1.0,-1.0,-1.0,-1.0,-1.0,-1.0,-1.0,-1.0,-1.0,-1.0,-1.0,-1.0,-1.0,-1.0,-1.0,-1.0,-1.0,-1.0,-1.0,-1.0,-1.0,-1.0,-1.0,-1.0,-1.0,-1.0,-1.0,
Riruka Dokugamine,0.0,-0.7,0.0,-0.7,-1.0,-1.0,-0.7,-1.0,1.0,-0.7,-0.7,-0.7,-1.0,1.0,-0.7,0.0,-0.7,0.0,0.7,-0.7,1.0,-0.7,-0.7,-0.7,-0.7,-0.7,-1.0,-0.7,-1.0,0.0,1.0,-1.0,-0.7,-0.7,-0.7,-1.0,-0.7,-1.0,0.0,0.0,-0.7,-1.0,-0.7,-1.0,-0.7,-1.0,0.0,-1.0,-0.7,-0.7,-0.7,-1.0,0.0,-0.7,-0.7,-1.0,-0.7,-0.7,-1.0,-1.0,0.0,-1.0,-1.0,-0.7,-0.7,-1.0,-0.7,-1.0,-1.0,-1.0,0.0,-1.0,-1.0,-0.7,0.0,-1.0,-0.7,-1.0,-0.7,-0.7,-0.7,-1.0,-1.0,-1.0,-1.0,-1.0,-0.7,0.0,0.0,0.0,-0.7,-0.7,-1.0,
Riruka Dokugamine,0.7,-0.7,0.7,-0.7,-1.0,-1.0,0.0,-1.0,0.7,0.0,-0.7,-0.7,-1.0,1.0,0.0,-0.7,-0.7,-1.0,1.0,0.0,1.0,-0.7,-1.0,-0.7,0.0,-0.7,-1.0,-0.7,-0.7,-0.7,0.0,-0.7,0.0,-0.7,-1.0,-1.0,-1.0,0.0,-0.7,-0.7,-1.0,-1.0,-0.7,-0.7,-1.0,-0.7,-1.0,-1.0,-0.7,-1.0,0.0,-1.0,-1.0,-1.0,-0.7,-0.7,-0.7,-1.0,-1.0,-0.7,0.0,0.0,-1.0,-0.7,0.0,-1.0,0.0,-1.0,0.0,-0.7,0.0,-0.7,-1.0,0.0,-1.0,-1.0,-0.7,-0.7,0.0,-1.0,-0.7,-0.7,-1.0,-1.0,-1.0,-1.0,0.0,-0.7,-0.7,0.0,-1.0,0.0,-0.7,
Kugo Ginjo,-1.0,1.0,-1.0,-1.0,-1.0,-1.0,-1.0,1.0,-1.0,-1.0,-1.0,-1.0,-1.0,1.0,1.0,-1.0,-1.0,1.0,1.0,1.0,1.0,-1.0,-1.0,-1.0,-1.0,-1.0,-1.0,-1.0,1.0,-1.0,-1.0,-1.0,-1.0,-1.0,-1.0,-1.0,1.0,-1.0,-1.0,-1.0,-1.0,-1.0,-1.0,-1.0,-1.0,-1.0,-1.0,-1.0,-1.0,-1.0,-1.0,-1.0,-1.0,-1.0,-1.0,-1.0,-1.0,-1.0,-1.0,-1.0,-1.0,-1.0,-1.0,-1.0,-1.0,-1.0,-1.0,-1.0,-1.0,-1.0,-1.0,-1.0,-1.0,-1.0,-1.0,-1.0,-1.0,-1.0,-1.0,-1.0,-1.0,-1.0,-1.0,-1.0,-1.0,-1.0,-1.0,-1.0,-1.0,-1.0,-1.0,-1.0,-1.0,
Kugo Ginjo,0.0,1.0,0.0,-1.0,-1.0,-0.7,-1.0,0.7,-0.7,-0.7,-1.0,-1.0,-1.0,0.7,1.0,-1.0,-1.0,1.0,0.7,0.0,1.0,-0.7,-0.7,-0.7,-0.7,-0.7,-0.7,-1.0,0.7,-0.7,-1.0,-1.0,0.0,-0.7,-0.7,0.0,0.7,-0.7,-0.7,0.0,-0.7,-0.7,-1.0,0.0,-0.7,-1.0,0.0,-0.7,-1.0,-0.7,-0.7,0.0,-1.0,0.0,-0.7,-1.0,0.0,-0.7,-1.0,-0.7,0.0,-1.0,-1.0,-1.0,-1.0,-0.7,-0.7,-1.0,-1.0,-1.0,0.0,-1.0,0.0,-0.7,-1.0,0.0,-0.7,-0.7,0.0,-1.0,-1.0,-0.7,-1.0,-1.0,-1.0,-1.0,-0.7,-1.0,-0.7,-0.7,-0.7,-1.0,-0.7,
Kugo Ginjo,-1.0,0.7,0.0,-0.7,-0.7,-0.7,-1.0,0.0,0.0,-1.0,-0.7,0.0,0.0,0.7,0.7,-1.0,0.0,1.0,0.7,1.0,1.0,-0.7,0.0,-1.0,-0.7,-1.0,-1.0,-0.7,0.7,-1.0,-1.0,-1.0,-1.0,0.0,0.0,-1.0,0.7,0.0,-1.0,0.0,0.0,-1.0,-1.0,0.0,-0.7,-1.0,-1.0,-0.7,-0.7,-0.7,0.0,-1.0,-0.7,-0.7,-0.7,-1.0,0.0,0.0,-0.7,-0.7,-1.0,-0.7,-0.7,-0.7,0.0,-0.7,-1.0,-0.7,-1.0,-1.0,-1.0,-0.7,-0.7,-0.7,-0.7,-0.7,-1.0,0.0,-1.0,-1.0,-0.7,-1.0,-1.0,-0.7,-0.7,-0.7,0.0,-0.7,0.0,-1.0,-0.7,0.0,-0.7,
Giriko Kutsuzawa,-1.0,1.0,-1.0,-1.0,1.0,-1.0,-1.0,-1.0,-1.0,-1.0,-1.0,-1.0,-1.0,1.0,-1.0,-1.0,-1.0,1.0,1.0,-1.0,1.0,-1.0,-1.0,-1.0,-1.0,-1.0,-1.0,-1.0,-1.0,-1.0,-1.0,-1.0,-1.0,-1.0,-1.0,-1.0,-1.0,-1.0,-1.0,-1.0,-1.0,-1.0,-1.0,-1.0,-1.0,-1.0,-1.0,-1.0,-1.0,-1.0,-1.0,-1.0,-1.0,-1.0,-1.0,-1.0,-1.0,-1.0,-1.0,-1.0,-1.0,-1.0,-1.0,-1.0,-1.0,-1.0,-1.0,-1.0,-1.0,-1.0,-1.0,-1.0,-1.0,-1.0,-1.0,-1.0,-1.0,-1.0,-1.0,-1.0,-1.0,-1.0,-1.0,-1.0,-1.0,-1.0,-1.0,-1.0,-1.0,-1.0,-1.0,-1.0,-1.0,
Giriko Kutsuzawa,-0.7,1.0,-1.0,-0.7,1.0,0.0,-1.0,0.0,0.0,-1.0,-1.0,0.0,0.0,0.7,-1.0,-0.7,-0.7,1.0,0.7,-1.0,1.0,-1.0,-1.0,-1.0,-0.7,-1.0,-1.0,-1.0,0.0,-0.7,-0.7,-0.7,0.0,-1.0,-0.7,-0.7,-0.7,-1.0,-0.7,-1.0,-0.7,-0.7,-1.0,0.0,-1.0,0.0,-0.7,-1.0,-1.0,0.0,-1.0,-1.0,-1.0,-0.7,-0.7,-1.0,-1.0,-1.0,-1.0,-0.7,-0.7,-1.0,-1.0,-1.0,0.0,0.0,0.0,-1.0,-1.0,-1.0,-1.0,-0.7,-0.7,0.0,0.0,-1.0,-0.7,-1.0,-1.0,-0.7,-1.0,-0.7,-1.0,-0.7,-0.7,-1.0,0.0,-1.0,-0.7,-0.7,-0.7,0.0,-1.0,
Giriko Kutsuzawa,-0.7,0.7,0.0,-1.0,0.7,-0.7,-1.0,-0.7,-1.0,-0.7,0.0,-0.7,-0.7,0.7,-1.0,-1.0,-0.7,1.0,1.0,-0.7,1.0,-1.0,-0.7,-1.0,0.0,0.0,-0.7,-1.0,-0.7,0.0,-0.7,-1.0,-0.7,0.0,-0.7,-0.7,-0.7,-0.7,-1.0,-0.7,-1.0,-0.7,-1.0,-0.7,-1.0,-0.7,-0.7,-1.0,-1.0,-1.0,0.0,-0.7,-0.7,-1.0,-0.7,0.0,0.0,-0.7,-1.0,-1.0,-1.0,-1.0,-1.0,-1.0,-1.0,0.0,-0.7,0.0,-0.7,-1.0,-0.7,-1.0,-0.7,-1.0,0.0,-1.0,-1.0,0.0,-1.0,-0.7,-0.7,0.0,0.0,0.0,-1.0,0.0,-0.7,-0.7,-1.0,-0.7,0.0,0.0,-0.7,
Yasutora Sado,-1.0,1.0,-1.0,-1.0,-1.0,-1.0,-1.0,-1.0,-1.0,1.0,-1.0,-1.0,-1.0,-1.0,-1.0,-1.0,1.0,-1.0,-1.0,-1.0,1.0,-1.0,-1.0,-1.0,-1.0,-1.0,-1.0,-1.0,-1.0,-1.0,-1.0,-1.0,-1.0,-1.0,-1.0,-1.0,-1.0,-1.0,-1.0,-1.0,-1.0,-1.0,-1.0,-1.0,-1.0,-1.0,-1.0,-1.0,-1.0,-1.0,-1.0,-1.0,-1.0,-1.0,-1.0,-1.0,-1.0,-1.0,-1.0,-1.0,-1.0,-1.0,-1.0,-1.0,-1.0,-1.0,-1.0,-1.0,-1.0,-1.0,-1.0,-1.0,-1.0,-1.0,-1.0,-1.0,-1.0,-1.0,-1.0,-1.0,-1.0,-1.0,-1.0,-1.0,-1.0,-1.0,-1.0,-1.0,-1.0,-1.0,-1.0,-1.0,-1.0,
Yasutora Sado,-1.0,1.0,0.0,-0.7,-0.7,-1.0,-0.7,-0.7,0.0,0.7,-1.0,-0.7,-1.0,0.0,-1.0,-0.7,1.0,-0.7,-0.7,-0.7,1.0,-1.0,-1.0,-0.7,-1.0,-0.7,0.0,0.0,-0.7,-0.7,-1.0,-0.7,0.0,-1.0,-0.7,0.0,0.0,-1.0,-0.7,-1.0,-1.0,0.0,0.0,-0.7,-1.0,0.0,-0.7,-1.0,-0.7,-1.0,-0.7,-0.7,-1.0,-1.0,-1.0,-1.0,-0.7,0.0,-1.0,-1.0,-0.7,0.0,-1.0,-1.0,-0.7,-1.0,-1.0,-0.7,-0.7,-0.7,-0.7,-0.7,-1.0,-1.0,-1.0,-1.0,-0.7,0.0,0.0,-0.7,-1.0,-1.0,0.0,-0.7,-0.7,-0.7,-0.7,0.0,-1.0,-0.7,0.0,-1.0,-0.7,
Yasutora Sado,-1.0,0.0,-1.0,-0.7,-1.0,-0.7,-1.0,-1.0,-0.7,0.0,-1.0,-1.0,-0.7,-0.7,0.0,-1.0,0.7,-1.0,-1.0,-0.7,0.7,-0.7,-1.0,-0.7,-0.7,0.0,-1.0,-1.0,-1.0,-0.7,-1.0,0.0,-1.0,0.0,-1.0,-0.7,0.0,-1.0,0.0,-0.7,0.0,-0.7,-1.0,-1.0,-1.0,-1.0,-1.0,-1.0,-0.7,-0.7,-1.0,-1.0,-0.7,-1.0,-1.0,-1.0,0.0,0.0,-1.0,-0.7,-0.7,-0.7,-0.7,-0.7,-1.0,-1.0,-0.7,0.0,-0.7,0.0,0.0,-1.0,-0.7,-0.7,0.0,0.0,-0.7,-1.0,-0.7,-1.0,-0.7,0.0,-1.0,-0.7,-0.7,-0.7,-1.0,-0.7,0.0,0.0,-1.0,0.0,-0.7,
Moe Shishigawara,-1.0,1.0,-1.0,-1.0,-1.0,-1.0,-1.0,-1.0,-1.0,1.0,-1.0,-1.0,-1.0,1.0,-1.0,-1.0,-1.0,-1.0,1.0,-1.0,1.0,-1.0,-1.0,-1.0,-1.0,-1.0,-1.0,-1.0,-1.0,-1.0,-1.0,-1.0,-1.0,-1.0,-1.0,-1.0,-1.0,-1.0,-1.0,-1.0,-1.0,-1.0,-1.0,-1.0,-1.0,-1.0,-1.0,-1.0,-1.0,-1.0,-1.0,-1.0,-1.0,-1.0,-1.0,-1.0,-1.0,-1.0,-1.0,-1.0,-1.0,-1.0,-1.0,-1.0,-1.0,-1.0,-1.0,-1.0,-1.0,-1.0,-1.0,-1.0,-1.0,-1.0,-1.0,-1.0,-1.0,-1.0,-1.0,-1.0,-1.0,-1.0,-1.0,-1.0,-1.0,-1.0,-1.0,-1.0,-1.0,-1.0,-1.0,-1.0,-1.0,
Moe Shishigawara,-1.0,1.0,-1.0,0.0,-0.7,-0.7,-1.0,-0.7,-1.0,1.0,-0.7,-1.0,0.0,1.0,-0.7,-0.7,-0.7,-1.0,1.0,0.0,1.0,0.0,0.0,-1.0,-1.0,-0.7,0.0,0.0,-0.7,-0.7,-1.0,0.0,0.0,-1.0,-1.0,-1.0,-1.0,0.0,-1.0,-1.0,-1.0,0.0,-0.7,-0.7,-1.0,0.0,0.0,-1.0,-1.0,-1.0,-1.0,-0.7,0.0,-0.7,0.0,-0.7,-0.7,-0.7,-1.0,-1.0,-0.7,-1.0,-1.0,-0.7,0.0,-0.7,0.0,-0.7,-0.7,-0.7,0.0,-0.7,-0.7,-0.7,-0.7,-1.0,-1.0,-1.0,0.0,-1.0,-1.0,-0.7,-1.0,-0.7,-1.0,0.0,0.0,0.0,-0.7,-0.7,-1.0,-1.0,-1.0,
Moe Shishigawara,-0.7,0.7,-0.7,-1.0,-0.7,-0.7,-0.7,-0.7,-1.0,0.0,-0.7,-1.0,-1.0,0.7,0.0,-0.7,-1.0,0.0,0.7,-0.7,0.7,-1.0,-0.7,-1.0,0.0,-0.7,-0.7,-0.7,0.0,0.0,-0.7,-0.7,-0.7,-0.7,-1.0,-0.7,-1.0,0.0,-1.0,0.0,-0.7,-0.7,-0.7,-1.0,-1.0,-1.0,-0.7,-0.7,-0.7,-1.0,-1.0,-0.7,0.0,-0.7,-0.7,-0.7,-1.0,0.0,-0.7,-1.0,-0.7,-1.0,0.0,-1.0,-0.7,-1.0,-0.7,-0.7,-0.7,-0.7,0.0,-1.0,-1.0,-1.0,0.0,-1.0,-0.7,-0.7,-1.0,-1.0,-1.0,-0.7,-1.0,-1.0,0.0,0.0,-1.0,-1.0,-1.0,-0.7,0.0,-1.0,-1.0,
Shukuro Tsukishima,-1.0,1.0,-1.0,-1.0,-1.0,-1.0,-1.0,1.0,-1.0,-1.0,-1.0,-1.0,-1.0,1.0,1.0,-1.0,-1.0,1.0,1.0,-1.0,1.0,-1.0,-1.0,-1.0,-1.0,-1.0,-1.0,-1.0,-1.0,-1.0,-1.0,-1.0,-1.0,-1.0,-1.0,-1.0,-1.0,-1.0,-1.0,-1.0,-1.0,-1.0,-1.0,-1.0,-1.0,-1.0,-1.0,-1.0,-1.0,-1.0,-1.0,-1.0,-1.0,-1.0,-1.0,-1.0,-1.0,-1.0,-1.0,-1.0,-1.0,-1.0,-1.0,-1.0,-1.0,-1.0,-1.0,-1.0,-1.0,-1.0,-1.0,-1.0,-1.0,-1.0,-1.0,-1.0,-1.0,-1.0,-1.0,-1.0,-1.0,-1.0,-1.0,-1.0,-1.0,-1.0,-1.0,-1.0,-1.0,-1.0,-1.0,-1.0,-1.0,
Shukuro Tsukishima,-0.7,0.7,-1.0,-0.7,-1.0,-1.0,-0.7,0.0,-0.7,0.0,-0.7,-0.7,-0.7,0.0,0.0,-1.0,0.0,0.0,0.7,-1.0,0.0,0.0,-1.0,0.0,-1.0,-1.0,-0.7,-0.7,-0.7,-1.0,0.0,-1.0,-1.0,-1.0,-0.7,0.0,-0.7,0.0,-1.0,-0.7,-0.7,-0.7,-1.0,-0.7,-0.7,-0.7,-0.7,-1.0,-0.7,-1.0,0.0,-0.7,-1.0,0.0,-0.7,-1.0,-0.7,-1.0,0.0,0.0,0.0,-0.7,-0.7,-0.7,-1.0,-0.7,-0.7,-1.0,-0.7,0.0,0.0,-1.0,-1.0,-1.0,0.0,-1.0,-0.7,-1.0,-0.7,-1.0,-0.7,-1.0,-0.7,-1.0,-0.7,0.0,-1.0,0.0,-0.7,-1.0,-0.7,-1.0,-0.7,
Shukuro Tsukishima,-0.7,1.0,-0.7,0.0,0.0,-0.7,0.0,0.7,-1.0,0.0,-0.7,-0.7,-0.7,0.0,0.0,-0.7,-1.0,0.7,0.7,-1.0,0.7,-0.7,-1.0,-1.0,-1.0,0.0,-1.0,-1.0,-0.7,-1.0,-1.0,-1.0,-0.7,-0.7,-1.0,-0.7,0.0,-1.0,-1.0,-1.0,-0.7,-0.7,-1.0,-0.7,-1.0,-0.7,-0.7,-1.0,-0.7,-1.0,-0.7,-1.0,0.0,-1.0,0.0,-1.0,-0.7,-1.0,0.0,-1.0,-1.0,-0.7,-1.0,-1.0,0.0,0.0,-1.0,0.0,-0.7,-1.0,-0.7,-0.7,0.0,-1.0,-0.7,-1.0,-1.0,-1.0,0.0,0.0,-0.7,-0.7,-1.0,-1.0,-1.0,-1.0,-0.7,-0.7,-1.0,-1.0,-1.0,-0.7,0.0,
Yukio,-1.0,-1.0,1.0,-1.0,-1.0,1.0,-1.0,-1.0,1.0,-1.0,1.0,-1.0,-1.0,1.0,-1.0,-1.0,-1.0,-1.0,1.0,-1.0,1.0,-1.0,-1.0,-1.0,-1.0,-1.0,-1.0,-1.0,-1.0,1.0,-1.0,-1.0,-1.0,-1.0,-1.0,-1.0,-1.0,-1.0,-1.0,-1.0,-1.0,-1.0,-1.0,-1.0,-1.0,-1.0,-1.0,-1.0,-1.0,-1.0,-1.0,-1.0,-1.0,-1.0,-1.0,-1.0,-1.0,-1.0,-1.0,-1.0,-1.0,-1.0,-1.0,-1.0,-1.0,-1.0,-1.0,-1.0,-1.0,-1.0,-1.0,-1.0,-1.0,-1.0,-1.0,-1.0,-1.0,-1.0,-1.0,-1.0,-1.0,-1.0,-1.0,-1.0,-1.0,-1.0,-1.0,-1.0,-1.0,-1.0,-1.0,-1.0,-1.0,
Yukio,-0.7,0.0,0.7,-1.0,-1.0,0.0,-0.7,-1.0,0.7,-0.7,0.7,0.0,-0.7,0.7,-1.0,-1.0,-1.0,-1.0,0.7,-0.7,1.0,0.0,-1.0,-1.0,-1.0,-1.0,-1.0,-0.7,-0.7,0.0,-1.0,-1.0,-1.0,-0.7,-1.0,0.0,-0.7,-0.7,-0.7,-1.0,-1.0,-1.0,-0.7,-1.0,-1.0,0.0,-1.0,0.0,-0.7,-1.0,-1.0,-1.0,-0.7,-0.7,-0.7,0.0,-0.7,-1.0,-1.0,0.0,-1.0,-1.0,-0.7,-0.7,0.0,-0.7,-1.0,0.0,-1.0,-1.0,-0.7,-1.0,-0.7,-1.0,-0.7,-1.0,-0.7,0.0,-1.0,-1.0,-1.0,-1.0,-0.7,-0.7,-1.0,-1.0,-1.0,-0.7,-1.0,0.0,-0.7,-1.0,-0.7,
Yukio,0.0,-0.7,1.0,-1.0,0.0,0.7,-0.7,0.0,0.0,0.0,1.0,-0.7,-0.7,0.7,-0.7,-1.0,-0.7,-0.7,1.0,-0.7,1.0,-1.0,-1.0,-0.7,-0.7,-0.7,-0.7,0.0,-1.0,1.0,0.0,-1.0,0.0,0.0,-0.7,0.0,-1.0,-1.0,-0.7,-1.0,0.0,-1.0,-0.7,-0.7,-0.7,-1.0,-1.0,0.0,-1.0,0.0,-0.7,-0.7,-0.7,-1.0,-0.7,0.0,-0.7,0.0,-0.7,-1.0,-1.0,0.0,-1.0,0.0,0.0,-1.0,-1.0,-0.7,-1.0,-0.7,-0.7,-0.7,-0.7,-1.0,-0.7,-1.0,-1.0,-0.7,0.0,-1.0,-0.7,-0.7,-1.0,-1.0,0.0,-0.7,-0.7,-0.7,-1.0,-0.7,-0.7,-0.7,-1.0,
Jackie Tristan,1.0,1.0,-1.0,-1.0,-1.0,-1.0,-1.0,-1.0,-1.0,1.0,-1.0,-1.0,-1.0,1.0,-1.0,-1.0,-1.0,1.0,1.0,-1.0,1.0,-1.0,-1.0,-1.0,-1.0,-1.0,-1.0,-1.0,-1.0,-1.0,-1.0,-1.0,-1.0,-1.0,-1.0,-1.0,-1.0,-1.0,-1.0,-1.0,-1.0,-1.0,-1.0,-1.0,-1.0,-1.0,-1.0,-1.0,-1.0,-1.0,-1.0,-1.0,-1.0,-1.0,-1.0,-1.0,-1.0,-1.0,-1.0,-1.0,-1.0,-1.0,-1.0,-1.0,-1.0,-1.0,-1.0,-1.0,-1.0,-1.0,-1.0,-1.0,-1.0,-1.0,-1.0,-1.0,-1.0,-1.0,-1.0,-1.0,-1.0,-1.0,-1.0,-1.0,-1.0,-1.0,-1.0,-1.0,-1.0,-1.0,-1.0,-1.0,-1.0,
Jackie Tristan,1.0,1.0,0.0,-0.7,-0.7,-1.0,-1.0,-0.7,-0.7,0.7,-1.0,-0.7,-1.0,1.0,-0.7,-1.0,-1.0,0.7,0.7,0.0,0.7,-1.0,-1.0,0.0,-0.7,-0.7,-1.0,-0.7,-1.0,-0.7,0.0,0.0,-0.7,-0.7,0.0,-0.7,-1.0,-0.7,-1.0,-0.7,-0.7,-0.7,-1.0,-1.0,-0.7,0.0,-0.7,-1.0,0.0,0.0,-1.0,-1.0,-0.7,0.0,0.0,0.0,-0.7,-0.7,-1.0,-1.0,-0.7,-0.7,-0.7,-0.7,-1.0,-0.7,-1.0,-0.7,-0.7,-0.7,0.0,-1.0,-0.7,-1.0,-0.7,0.0,-0.7,0.0,-1.0,0.0,-1.0,0.0,-1.0,-1.0,-0.7,0.0,-1.0,-1.0,0.0,-1.0,-1.0,-0.7,-1.0,
Jackie Tristan,0.0,0.7,-0.7,0.0,-0.7,-1.0,-1.0,-0.7,-1.0,0.0,-0.7,-1.0,-0.7,0.7,0.0,0.0,-0.7,0.7,0.7,-0.7,1.0,-1.0,-0.7,-1.0,-1.0,-0.7,-1.0,-0.7,-0.7,0.0,-0.7,-1.0,-0.7,0.0,0.0,-0.7,-1.0,0.0,-1.0,-0.7,-0.7,-1.0,-1.0,-1.0,-0.7,0.0,-1.0,0.0,-1.0,-0.7,-1.0,0.0,-0.7,-0.7,0.0,-0.7,0.0,-0.7,0.0,-0.7,-1.0,-0.7,-1.0,-0.7,-0.7,-0.7,-1.0,-1.0,-0.7,0.0,-1.0,-0.7,-0.7,-0.7,-1.0,-0.7,-1.0,0.0,-1.0,-1.0,-1.0,-1.0,-0.7,-1.0,-1.0,-0.7,-1.0,-1.0,0.0,-0.7,0.0,0.0,-0.7,
Ichika Abarai,1.0,-1.0,-1.0,-1.0,-1.0,1.0,-1.0,1.0,-1.0,-1.0,-1.0,-1.0,1.0,-1.0,-1.0,-1.0,-1.0,-1.0,-1.0,-1.0,-1.0,-1.0,1.0,-1.0,-1.0,-1.0,-1.0,-1.0,-1.0,-1.0,-1.0,-1.0,-1.0,-1.0,-1.0,-1.0,-1.0,-1.0,-1.0,-1.0,-1.0,-1.0,-1.0,-1.0,-1.0,-1.0,-1.0,-1.0,-1.0,-1.0,-1.0,-1.0,-1.0,-1.0,-1.0,-1.0,-1.0,-1.0,-1.0,-1.0,-1.0,-1.0,-1.0,-1.0,-1.0,-1.0,-1.0,-1.0,-1.0,-1.0,-1.0,-1.0,-1.0,-1.0,-1.0,-1.0,-1.0,-1.0,-1.0,-1.0,-1.0,-1.0,-1.0,-1.0,-1.0,-1.0,-1.0,-1.0,-1.0,-1.0,-1.0,-1.0,-1.0,
Ichika Abarai,1.0,-0.7,0.0,-0.7,-0.7,1.0,0.0,0.7,0.0,-1.0,-1.0,-1.0,0.7,-1.0,-1.0,0.0,-1.0,0.0,-1.0,0.0,-0.7,0.0,0.0,-1.0,-1.0,-1.0,-0.7,0.0,-0.7,-0.7,-1.0,0.0,0.0,-1.0,-0.7,-1.0,-0.7,-0.7,-1.0,-0.7,-1.0,-0.7,-0.7,-1.0,-0.7,-0.7,-1.0,-1.0,-0.7,0.0,-1.0,-1.0,-1.0,-0.7,-1.0,-1.0,-0.7,-0.7,-1.0,-0.7,-0.7,-1.0,-1.0,0.0,-1.0,-0.7,0.0,-1.0,-1.0,-0.7,0.0,0.0,-0.7,-1.0,-0.7,-0.7,-0.7,-1.0,-1.0,-0.7,-0.7,-1.0,-1.0,0.0,-0.7,-1.0,-1.0,-1.0,0.0,-0.7,-0.7,-0.7,-1.0,
Ichika Abarai,0.0,-0.7,-1.0,-1.0,-0.7,0.0,-1.0,0.0,-0.7,-1.0,-1.0,-1.0,0.7,-1.0,-1.0,-0.7,-0.7,-1.0,-0.7,-0.7,-0.7,0.0,1.0,0.0,-0.7,-0.7,-0.7,-0.7,-1.0,-0.7,-0.7,-0.7,-1.0,0.0,-0.7,-1.0,-0.7,-0.7,-0.7,-0.7,0.0,-1.0,-0.7,0.0,0.0,-0.7,0.0,-1.0,0.0,-1.0,-1.0,-1.0,-0.7,-1.0,-1.0,-1.0,-1.0,-0.7,-0.7,-1.0,-0.7,0.0,-0.7,-1.0,-0.7,-1.0,-1.0,-1.0,0.0,-1.0,-1.0,-1.0,0.0,-0.7,-1.0,-0.7,-0.7,-0.7,-1.0,0.0,-1.0,-0.7,-1.0,-1.0,-1.0,-0.7,-1.0,-0.7,-1.0,-0.7,0.0,-0.7,-0.7,
Akon,-1.0,1.0,-1.0,-1.0,-1.0,-1.0,-1.0,1.0,-1.0,-1.0,-1.0,-1.0,1.0,-1.0,-1.0,-1.0,-1.0,-1.0,-1.0,-1.0,-1.0,-1.0,1.0,-1.0,-1.0,-1.0,-1.0,-1.0,-1.0,-1.0,-1.0,-1.0,-1.0,-1.0,1.0,-1.0,-1.0,-1.0,-1.0,-1.0,-1.0,-1.0,-1.0,-1.0,-1.0,-1.0,-1.0,-1.0,-1.0,-1.0,-1.0,-1.0,-1.0,-1.0,-1.0,-1.0,-1.0,-1.0,-1.0,-1.0,-1.0,-1.0,-1.0,-1.0,-1.0,-1.0,-1.0,-1.0,-1.0,-1.0,-1.0,-1.0,-1.0,-1.0,-1.0,-1.0,-1.0,-1.0,-1.0,-1.0,-1.0,-1.0,-1.0,-1.0,-1.0,-1.0,-1.0,-1.0,-1.0,-1.0,-1.0,-1.0,-1.0,
Akon,-0.7,1.0,0.0,-1.0,-0.7,-0.7,-1.0,1.0,-0.7,0.0,0.0,-0.7,0.7,0.0,-1.0,-1.0,-0.7,0.0,0.0,-0.7,-1.0,-0.7,1.0,-1.0,-0.7,-1.0,0.0,-0.7,-0.7,-1.0,-1.0,-1.0,0.0,0.0,0.7,-1.0,0.0,-1.0,-1.0,-0.7,0.0,-1.0,-1.0,0.0,-1.0,-1.0,-0.7,0.0,-0.7,0.0,-0.7,-1.0,0.0,-0.7,-1.0,-0.7,-1.0,-1.0,-1.0,-0.7,0.0,-0.7,0.0,-1.0,-1.0,-1.0,-1.0,-1.0,-0.7,0.0,0.0,-1.0,0.0,-1.0,-1.0,0.0,-0.7,-1.0,-0.7,-1.0,-0.7,-0.7,0.0,-1.0,-1.0,-0.7,-0.7,-1.0,-0.7,0.0,0.0,0.0,0.0,
Akon,-0.7,0.0,-1.0,-1.0,-1.0,-0.7,-1.0,0.0,-1.0,-1.0,-0.7,-1.0,1.0,-1.0,-0.7,-0.7,-0.7,-0.7,-0.7,-1.0,-1.0,-0.7,1.0,-1.0,-0.7,-0.7,-1.0,-1.0,0.0,0.0,-0.7,-0.7,-0.7,0.0,0.0,-1.0,0.0,-1.0,-1.0,-0.7,-0.7,0.0,-1.0,-0.7,0.0,0.0,-1.0,-1.0,-0.7,-1.0,0.0,0.0,-1.0,-1.0,-1.0,0.0,-1.0,-0.7,-0.7,-0.7,-1.0,-1.0,0.0,0.0,-0.7,-1.0,-1.0,-0.7,-1.0,0.0,-0.7,-1.0,0.0,0.0,-1.0,-0.7,-1.0,-1.0,-1.0,-0.7,0.0,-0.7,-1.0,-0.7,-1.0,0.0,-0.7,-1.0,-1.0,-0.7,-1.0,-0.7,-1.0,
Makizo Aramaki,-1.0,1.0,-1.0,-1.0,-1.0,-1.0,-1.0,1.0,-1.0,-1.0,-1.0,-1.0,1.0,-1.0,-1.0,-1.0,-1.0,-1.0,-1.0,-1.0,-1.0,-1.0,1.0,-1.0,-1.0,-1.0,-1.0,-1.0,-1.0,-1.0,-1.0,-1.0,-1.0,-1.0,-1.0,-1.0,-1.0,-1.0,-1.0,-1.0,-1.0,-1.0,-1.0,-1.0,-1.0,-1.0,-1.0,-1.0,-1.0,-1.0,-1.0,-1.0,-1.0,-1.0,-1.0,-1.0,-1.0,-1.0,-1.0,-1.0,-1.0,-1.0,-1.0,-1.0,-1.0,-1.0,-1.0,-1.0,-1.0,-1.0,-1.0,-1.0,-1.0,-1.0,-1.0,-1.0,-1.0,-1.0,-1.0,-1.0,-1.0,-1.0,-1.0,-1.0,-1.0,-1.0,-1.0,-1.0,-1.0,-1.0,-1.0,-1.0,-1.0,
Makizo Aramaki,-1.0,0.7,0.0,0.0,-1.0,-1.0,-1.0,0.7,-0.7,0.0,0.0,-1.0,0.7,0.0,0.0,-1.0,-1.0,-0.7,-1.0,-1.0,-1.0,-0.7,1.0,-1.0,-1.0,0.0,0.0,-0.7,-0.7,0.0,-1.0,-1.0,-1.0,-1.0,-1.0,0.0,-0.7,-0.7,0.0,-1.0,-1.0,-0.7,-0.7,-1.0,-0.7,-0.7,-0.7,-0.7,-1.0,-1.0,-0.7,-1.0,0.0,-0.7,-1.0,-0.7,-0.7,-1.0,0.0,0.0,-0.7,-1.0,-0.7,-0.7,-1.0,-1.0,0.0,-1.0,-0.7,-0.7,-0.7,-1.0,0.0,-1.0,-0.7,-0.7,-0.7,0.0,-0.7,-1.0,0.0,-0.7,-1.0,-1.0,0.0,-1.0,-0.7,-0.7,-1.0,-0.7,-1.0,-0.7,-0.7,
Makizo Aramaki,-0.7,0.7,0.0,-0.7,-1.0,-1.0,-0.7,0.0,0.0,0.0,-1.0,-0.7,0.7,-1.0,-1.0,0.0,-1.0,-1.0,-1.0,0.0,-0.7,-0.7,0.0,-1.0,-0.7,-1.0,-1.0,0.0,-0.7,-1.0,-1.0,-0.7,-1.0,-1.0,-1.0,-1.0,0.0,-1.0,-1.0,-0.7,0.0,-1.0,-1.0,-1.0,-0.7,-0.7,0.0,0.0,-0.7,-0.7,-0.7,-1.0,0.0,-1.0,-1.0,-0.7,-1.0,-0.7,-0.7,-0.7,0.0,-1.0,-0.7,-0.7,-0.7,-0.7,-1.0,-0.7,-1.0,0.0,-1.0,-0.7,-1.0,-1.0,-0.7,0.0,-0.7,0.0,-0.7,-0.7,-1.0,0.0,-1.0,0.0,0.0,0.0,-0.7,-0.7,-0.7,-1.0,-0.7,-1.0,-0.7,
Yumichika Ayasegawa,-1.0,1.0,-1.0,-1.0,-1.0,-1.0,-1.0,1.0,-1.0,-1.0,-1.0,-1.0,1.0,-1.0,-1.0,-1.0,-1.0,-1.0,-1.0,-1.0,-1.0,-1.0,1.0,-1.0,-1.0,-1.0,-1.0,-1.0,-1.0,-1.0,-1.0,-1.0,-1.0,-1.0,-1.0,-1.0,-1.0,-1.0,-1.0,-1.0,-1.0,-1.0,-1.0,-1.0,-1.0,-1.0,-1.0,-1.0,-1.0,-1.0,-1.0,-1.0,-1.0,-1.0,-1.0,-1.0,-1.0,-1.0,-1.0,-1.0,-1.0,-1.0,-1.0,-1.0,-1.0,-1.0,-1.0,-1.0,-1.0,-1.0,-1.0,-1.0,-1.0,-1.0,-1.0,-1.0,-1.0,-1.0,-1.0,-1.0,-1.0,-1.0,-1.0,-1.0,-1.0,-1.0,-1.0,-1.0,-1.0,-1.0,-1.0,-1.0,-1.0,
Yumichika Ayasegawa,-1.0,1.0,-1.0,-0.7,-0.7,-1.0,-0.7,1.0,-0.7,-0.7,-0.7,-0.7,1.0,-0.7,-0.7,-0.7,-0.7,-1.0,-0.7,-0.7,-1.0,-1.0,1.0,0.0,-0.7,-1.0,-1.0,-0.7,0.0,-1.0,-1.0,0.0,-1.0,-1.0,0.0,-0.7,-1.0,-1.0,-1.0,-1.0,0.0,-0.7,-0.7,0.0,-0.7,-1.0,-0.7,0.0,0.0,-1.0,-0.7,-0.7,0.0,-1.0,-0.7,0.0,-0.7,-0.7,-1.0,-1.0,-1.0,0.0,-1.0,-0.7,-0.7,-1.0,-0.7,-0.7,0.0,-0.7,-0.7,-1.0,0.0,-1.0,-0.7,-1.0,0.0,-0.7,-0.7,-1.0,-0.7,-0.7,-0.7,-1.0,0.0,0.0,-1.0,0.0,-0.7,-0.7,-1.0,-0.7,-0.7,
Yumichika Ayasegawa,-0.7,0.7,-0.7,-0.7,-1.0,0.0,-0.7,1.0,-1.0,-0.7,0.0,-1.0,0.7,-1.0,-0.7,0.0,-0.7,-1.0,-0.7,-1.0,-0.7,-0.7,0.7,-1.0,0.0,-0.7,-1.0,-0.7,-0.7,-0.7,-0.7,-0.7,-1.0,0.0,-0.7,-1.0,-0.7,0.0,0.0,-1.0,-1.0,-0.7,-1.0,0.0,-1.0,-1.0,-0.7,-1.0,-0.7,-0.7,-1.0,-1.0,-0.7,-1.0,-0.7,-0.7,-0.7,0.0,0.0,0.0,-1.0,-1.0,-1.0,0.0,0.0,0.0,-1.0,0.0,-0.7,-1.0,-0.7,-1.0,-0.7,-1.0,-0.7,-0.7,0.0,-0.7,-0.7,0.0,0.0,-1.0,-0.7,-1.0,-1.0,-0.7,0.0,-1.0,0.0,0.0,0.0,-1.0,0.0,
Shinobu Eishima,1.0,-1.0,-1.0,-1.0,-1.0,-1.0,-1.0,1.0,-1.0,-1.0,-1.0,-1.0,1.0,-1.0,-1.0,-1.0,-1.0,-1.0,-1.0,-1.0,-1.0,-1.0,1.0,-1.0,-1.0,-1.0,-1.0,-1.0,-1.0,-1.0,-1.0,-1.0,-1.0,-1.0,-1.0,-1.0,-1.0,-1.0,-1.0,-1.0,-1.0,-1.0,-1.0,-1.0,-1.0,-1.0,-1.0,-1.0,-1.0,-1.0,-1.0,-1.0,-1.0,-1.0,-1.0,-1.0,-1.0,-1.0,-1.0,-1.0,-1.0,-1.0,-1.0,-1.0,-1.0,-1.0,-1.0,-1.0,-1.0,-1.0,-1.0,-1.0,-1.0,-1.0,-1.0,-1.0,-1.0,-1.0,-1.0,-1.0,-1.0,-1.0,-1.0,-1.0,-1.0,-1.0,-1.0,-1.0,-1.0,-1.0,-1.0,-1.0,-1.0,
Shinobu Eishima,1.0,-0.7,-1.0,-1.0,-0.7,-0.7,-1.0,1.0,-0.7,-1.0,0.0,-1.0,1.0,-1.0,-0.7,-1.0,-1.0,0.0,-0.7,-1.0,-0.7,0.0,1.0,-1.0,-0.7,-0.7,-0.7,-1.0,-1.0,-0.7,-1.0,-0.7,-0.7,-1.0,0.0,0.0,-0.7,-1.0,-1.0,-0.7,-1.0,0.0,-1.0,-0.7,-1.0,-0.7,-1.0,-0.7,-1.0,0.0,-1.0,0.0,0.0,-1.0,-0.7,-1.0,0.0,-0.7,-1.0,-1.0,-1.0,0.0,-1.0,-0.7,-0.7,0.0,-1.0,-0.7,-0.7,-0.7,-1.0,-1.0,-1.0,-0.7,-1.0,-0.7,-1.0,0.0,0.0,-0.7,-1.0,-1.0,-1.0,-1.0,-0.7,-0.7,0.0,-1.0,-0.7,-0.7,-0.7,-1.0,-0.7,
Shinobu Eishima,0.7,-0.7,0.0,-1.0,-1.0,-0.7,-0.7,1.0,-0.7,0.0,0.0,-1.0,0.0,-0.7,-0.7,-0.7,0.0,-0.7,-1.0,-0.7,-0.7,-1.0,0.0,-0.7,-0.7,-1.0,-0.7,-1.0,-1.0,-0.7,-0.7,-0.7,-1.0,-0.7,-1.0,0.0,-0.7,-0.7,-1.0,-1.0,0.0,-1.0,-0.7,-0.7,-1.0,0.0,-0.7,-1.0,-1.0,-1.0,0.0,-0.7,-1.0,-1.0,-0.7,-0.7,-0.7,-1.0,-1.0,-0.7,0.0,-1.0,-0.7,-0.7,-0.7,-1.0,0.0,-0.7,-0.7,-1.0,-1.0,-1.0,-0.7,-1.0,-0.7,-1.0,-0.7,-0.7,-1.0,-1.0,-1.0,-0.7,-0.7,-1.0,-0.7,-1.0,-1.0,-1.0,0.0,-1.0,-1.0,-1.0,-1.0,
Tatsufusa Enjoji,-1.0,-1.0,-1.0,-1.0,-1.0,-1.0,-1.0,1.0,-1.0,-1.0,-1.0,-1.0,1.0,-1.0,-1.0,-1.0,-1.0,-1.0,-1.0,-1.0,-1.0,-1.0,1.0,-1.0,-1.0,-1.0,-1.0,-1.0,-1.0,-1.0,-1.0,-1.0,-1.0,-1.0,-1.0,-1.0,-1.0,1.0,-1.0,-1.0,-1.0,-1.0,-1.0,-1.0,-1.0,-1.0,-1.0,-1.0,-1.0,-1.0,-1.0,-1.0,-1.0,-1.0,-1.0,-1.0,-1.0,-1.0,-1.0,-1.0,-1.0,-1.0,-1.0,-1.0,-1.0,-1.0,-1.0,-1.0,-1.0,-1.0,-1.0,-1.0,-1.0,-1.0,-1.0,-1.0,-1.0,-1.0,-1.0,-1.0,-1.0,-1.0,-1.0,-1.0,-1.0,-1.0,-1.0,-1.0,-1.0,-1.0,-1.0,-1.0,-1.0,
Tatsufusa Enjoji,-0.7,-1.0,-1.0,-0.7,-1.0,-0.7,-0.7,1.0,-0.7,-1.0,-0.7,-0.7,1.0,-0.7,0.0,0.0,-0.7,-0.7,-1.0,-1.0,-0.7,-1.0,0.0,-1.0,-1.0,-1.0,0.0,-0.7,-0.7,-1.0,0.0,-1.0,0.0,-0.7,-1.0,-0.7,-0.7,1.0,0.0,-0.7,-1.0,-1.0,-0.7,-0.7,-0.7,-0.7,-0.7,0.0,-0.7,0.0,-1.0,-1.0,-1.0,-0.7,0.0,-1.0,-1.0,0.0,-1.0,-0.7,-0.7,0.0,-1.0,-1.0,-0.7,0.0,-0.7,-1.0,-0.7,0.0,0.0,0.0,-1.0,-1.0,-0.7,0.0,-1.0,-1.0,-0.7,-1.0,-1.0,-0.7,-0.7,-0.7,-1.0,-0.7,-0.7,-0.7,-0.7,-1.0,-1.0,-1.0,-1.0,
Tatsufusa Enjoji,-0.7,0.0,-0.7,-0.7,-1.0,-0.7,-1.0,1.0,-1.0,-0.7,0.0,-1.0,1.0,-0.7,-1.0,0.0,-0.7,0.0,-0.7,-0.7,-0.7,-0.7,0.7,-1.0,-0.7,-0.7,0.0,-0.7,-0.7,-1.0,-0.7,-0.7,0.0,0.0,-1.0,0.0,-1.0,1.0,-0.7,-1.0,-0.7,-1.0,-1.0,-0.7,-0.7,0.0,-0.7,-0.7,-1.0,-1.0,-1.0,-0.7,-0.7,-0.7,-0.7,-0.7,-1.0,-1.0,0.0,-0.7,0.0,-1.0,0.0,-1.0,-1.0,0.0,-1.0,-0.7,-1.0,-0.7,0.0,-1.0,-0.7,-1.0,-0.7,-1.0,-1.0,-1.0,-1.0,0.0,-1.0,-1.0,-0.7,-1.0,-0.7,0.0,-0.7,0.0,-0.7,-1.0,-0.7,-0.7,-0.7,
Taketsuna Gori,-1.0,1.0,-1.0,-1.0,1.0,-1.0,-1.0,1.0,-1.0,-1.0,-1.0,-1.0,1.0,-1.0,-1.0,-1.0,-1.0,-1.0,-1.0,-1.0,-1.0,-1.0,1.0,-1.0,-1.0,-1.0,-1.0,-1.0,-1.0,-1.0,-1.0,-1.0,-1.0,-1.0,-1.0,-1.0,-1.0,1.0,-1.0,-1.0,-1.0,-1.0,-1.0,-1.0,-1.0,-1.0,-1.0,-1.0,-1.0,-1.0,-1.0,-1.0,-1.0,-1.0,-1.0,-1.0,-1.0,-1.0,-1.0,-1.0,-1.0,-1.0,-1.0,-1.0,-1.0,-1.0,-1.0,-1.0,-1.0,-1.0,-1.0,-1.0,-1.0,-1.0,-1.0,-1.0,-1.0,-1.0,-1.0,-1.0,-1.0,-1.0,-1.0,-1.0,-1.0,-1.0,-1.0,-1.0,-1.0,-1.0,-1.0,-1.0,-1.0,
Taketsuna Gori,0.0,0.7,0.0,-0.7,0.7,-0.7,-1.0,0.0,-0.7,-1.0,-1.0,-0.7,1.0,-1.0,-0.7,-1.0,-0.7,-1.0,-1.0,-0.7,-0.7,-1.0,1.0,-0.7,-1.0,-1.0,-1.0,0.0,-0.7,-0.7,-0.7,-0.7,-0.7,-0.7,-1.0,-0.7,-0.7,0.7,-1.0,-1.0,-0.7,-0.7,0.0,-1.0,-0.7,-0.7,0.0,-0.7,-0.7,-0.7,-0.7,0.0,-1.0,-1.0,0.0,-0.7,-0.7,-0.7,-1.0,-0.7,-0.7,-1.0,-1.0,0.0,-1.0,0.0,-1.0,-0.7,0.0,-0.7,-0.7,-0.7,-1.0,-1.0,0.0,-0.7,-0.7,-1.0,-1.0,-1.0,-0.7,-0.7,-0.7,0.0,-1.0,-1.0,-1.0,-0.7,-1.0,0.0,-1.0,0.0,-0.7,
Taketsuna Gori,0.0,0.7,0.0,-1.0,0.7,0.0,-1.0,1.0,-0.7,0.0,-0.7,-0.7,1.0,-1.0,0.0,-1.0,-0.7,0.0,-1.0,-0.7,-1.0,-0.7,1.0,-0.7,-1.0,-0.7,-0.7,-1.0,-0.7,-1.0,-0.7,-1.0,-0.7,-1.0,-0.7,-1.0,-0.7,1.0,0.0,0.0,-1.0,-0.7,-1.0,-1.0,-0.7,-0.7,-0.7,-1.0,-1.0,-1.0,-0.7,-0.7,-0.7,-1.0,-1.0,-1.0,-1.0,-1.0,0.0,0.0,-0.7,-0.7,-1.0,0.0,-1.0,0.0,-0.7,-1.0,0.0,-1.0,-0.7,-0.7,-1.0,-0.7,-0.7,-0.7,-1.0,0.0,-1.0,-1.0,-1.0,-1.0,-1.0,0.0,-1.0,-1.0,-1.0,-0.7,0.0,-1.0,-1.0,-1.0,-1.0,
Goteitaishi,-1.0,1.0,-1.0,-1.0,-1.0,-1.0,-1.0,1.0,-1.0,-1.0,-1.0,-1.0,1.0,-1.0,-1.0,-1.0,-1.0,-1.0,-1.0,-1.0,-1.0,-1.0,1.0,-1.0,-1.0,-1.0,-1.0,-1.0,-1.0,-1.0,-1.0,-1.0,-1.0,-1.0,-1.0,-1.0,-1.0,-1.0,-1.0,-1.0,-1.0,-1.0,-1.0,-1.0,-1.0,-1.0,-1.0,-1.0,-1.0,-1.0,-1.0,-1.0,-1.0,-1.0,-1.0,-1.0,-1.0,-1.0,-1.0,-1.0,-1.0,-1.0,-1.0,-1.0,-1.0,-1.0,-1.0,-1.0,-1.0,-1.0,-1.0,-1.0,-1.0,-1.0,-1.0,-1.0,-1.0,-1.0,-1.0,-1.0,-1.0,-1.0,-1.0,-1.0,-1.0,-1.0,-1.0,-1.0,-1.0,-1.0,-1.0,-1.0,-1.0,
Goteitaishi,-1.0,0.7,-1.0,-0.7,-1.0,0.0,0.0,0.7,-1.0,-1.0,-0.7,-0.7,0.7,0.0,0.0,-1.0,-0.7,-1.0,-1.0,-0.7,-1.0,0.0,1.0,-0.7,-0.7,-0.7,-1.0,0.0,-0.7,-0.7,-1.0,-0.7,0.0,-0.7,0.0,-0.7,-1.0,-1.0,-1.0,-0.7,-0.7,-1.0,-0.7,-0.7,-0.7,-1.0,-1.0,-1.0,-1.0,-1.0,-1.0,-0.7,-1.0,0.0,-1.0,-1.0,-1.0,-1.0,0.0,-1.0,0.0,0.0,-0.7,-0.7,-0.7,-1.0,-0.7,-1.0,-1.0,-0.7,-0.7,0.0,-1.0,0.0,-1.0,-1.0,-1.0,-0.7,-1.0,-0.7,0.0,-0.7,-0.7,0.0,-0.7,-0.7,-1.0,0.0,-0.7,-1.0,-1.0,0.0,-1.0,
Goteitaishi,0.0,1.0,-0.7,-1.0,-0.7,0.0,-0.7,0.7,-1.0,-1.0,-1.0,-0.7,1.0,-1.0,-0.7,-0.7,-0.7,-1.0,-1.0,0.0,-1.0,0.0,0.0,-0.7,-1.0,0.0,-0.7,-0.7,-1.0,-1.0,-1.0,-0.7,-0.7,-1.0,-0.7,-1.0,-0.7,0.0,-1.0,-1.0,-1.0,-0.7,-0.7,0.0,-1.0,0.0,-1.0,-0.7,-1.0,0.0,-0.7,-0.7,0.0,-1.0,-1.0,0.0,-1.0,-1.0,-0.7,-0.7,-1.0,-1.0,-1.0,-0.7,0.0,0.0,-0.7,-1.0,0.0,-0.7,-1.0,0.0,-0.7,-0.7,-0.7,-1.0,-1.0,-0.7,-1.0,-0.7,-0.7,-0.7,-0.7,-0.7,0.0,-0.7,-1.0,-1.0,-1.0,-1.0,-1.0,-1.0,-0.7,
Kirio Hikifune,1.0,-1.0,-1.0,-1.0,-1.0,-1.0,-1.0,1.0,-1.0,-1.0,-1.0,-1.0,1.0,-1.0,1.0,-1.0,-1.0,-1.0,-1.0,1.0,-1.0,-1.0,1.0,-1.0,-1.0,-1.0,-1.0,-1.0,1.0,1.0,-1.0,-1.0,-1.0,-1.0,1.0,-1.0,-1.0,-1.0,-1.0,-1.0,-1.0,-1.0,-1.0,-1.0,-1.0,-1.0,-1.0,-1.0,-1.0,-1.0,-1.0,-1.0,-1.0,-1.0,-1.0,-1.0,-1.0,-1.0,-1.0,-1.0,-1.0,-1.0,-1.0,-1.0,-1.0,-1.0,-1.0,-1.0,-1.0,-1.0,-1.0,-1.0,-1.0,-1.0,-1.0,-1.0,-1.0,-1.0,-1.0,-1.0,-1.0,-1.0,-1.0,-1.0,-1.0,-1.0,-1.0,-1.0,-1.0,-1.0,-1.0,-1.0,-1.0,
Kirio Hikifune,0.0,-1.0,-0.7,-0.7,-1.0,0.0,-0.7,1.0,-0.7,-1.0,-0.7,-1.0,0.0,-0.7,0.7,-1.0,-0.7,-0.7,-0.7,0.7,-0.7,0.0,0.7,0.0,0.0,-0.7,-1.0,-0.7,0.0,1.0,-0.7,0.0,-1.0,-0.7,1.0,-1.0,-0.7,-1.0,-1.0,0.0,-1.0,0.0,0.0,-1.0,-1.0,-0.7,-0.7,-1.0,-0.7,-1.0,0.0,-1.0,-1.0,-1.0,0.0,-0.7,0.0,-1.0,-1.0,-1.0,-0.7,-0.7,-0.7,-1.0,0.0,-1.0,0.0,-1.0,-0.7,-1.0,-0.7,-0.7,-0.7,-0.7,-0.7,-0.7,0.0,-1.0,-0.7,-0.7,-1.0,-0.7,-1.0,-1.0,-1.0,-1.0,-0.7,-0.7,0.0,-0.7,-1.0,0.0,0.0,
Kirio Hikifune,0.7,-0.7,0.0,-0.7,0.0,-1.0,-1.0,0.7,-0.7,0.0,0.0,-1.0,1.0,0.0,0.7,-1.0,-0.7,-0.7,-0.7,0.7,-1.0,0.0,0.7,-0.7,-1.0,-0.7,-1.0,-1.0,0.7,1.0,-0.7,-1.0,-0.7,-1.0,1.0,-1.0,0.0,0.0,-1.0,-0.7,-0.7,0.0,-1.0,-0.7,-1.0,-1.0,0.0,-0.7,-1.0,-1.0,-0.7,-0.7,-1.0,0.0,-1.0,-1.0,0.0,-1.0,-1.0,-0.7,0.0,-1.0,0.0,-0.7,-1.0,-0.7,-1.0,-0.7,-0.7,0.0,-1.0,-0.7,-0.7,-1.0,-1.0,-1.0,-0.7,-0.7,-1.0,0.0,0.0,-0.7,-1.0,-0.7,-1.0,-1.0,-0.7,-1.0,-1.0,-1.0,-1.0,-1.0,0.0,
Momo Hinamori,1.0,1.0,-1.0,-1.0,-1.0,-1.0,-1.0,1.0,-1.0,-1.0,-1.0,-1.0,1.0,-1.0,-1.0,-1.0,1.0,-1.0,-1.0,-1.0,-1.0,-1.0,1.0,-1.0,-1.0,-1.0,-1.0,-1.0,-1.0,-1.0,-1.0,-1.0,1.0,-1.0,-1.0,-1.0,-1.0,-1.0,-1.0,-1.0,-1.0,-1.0,-1.0,-1.0,-1.0,-1.0,-1.0,-1.0,-1.0,-1.0,-1.0,-1.0,-1.0,-1.0,-1.0,-1.0,-1.0,-1.0,-1.0,-1.0,-1.0,-1.0,-1.0,-1.0,-1.0,-1.0,-1.0,-1.0,-1.0,-1.0,-1.0,-1.0,-1.0,-1.0,-1.0,-1.0,-1.0,-1.0,-1.0,-1.0,-1.0,-1.0,-1.0,-1.0,-1.0,-1.0,-1.0,-1.0,-1.0,-1.0,-1.0,-1.0,-1.0,
Momo Hinamori,1.0,1.0,-1.0,0.0,-0.7,-1.0,0.0,1.0,-1.0,-1.0,-1.0,-1.0,0.7,-1.0,-0.7,-1.0,1.0,-0.7,0.0,-1.0,-0.7,-1.0,1.0,-1.0,-1.0,-1.0,-1.0,-0.7,-1.0,-0.7,-1.0,-0.7,0.7,-1.0,-1.0,-0.7,0.0,-1.0,-1.0,0.0,-1.0,-0.7,-1.0,-1.0,-0.7,-0.7,-1.0,-0.7,-0.7,-0.7,-1.0,-0.7,-0.7,-0.7,-0.7,-1.0,-0.7,-0.7,-1.0,-0.7,-1.0,-0.7,-1.0,-0.7,0.0,-0.7,0.0,0.0,-1.0,-0.7,-0.7,0.0,-1.0,0.0,-0.7,-0.7,-1.0,-1.0,-0.7,-1.0,0.0,-1.0,-0.7,-1.0,-0.7,-0.7,-1.0,-1.0,-1.0,-0.7,-0.7,-0.7,-0.7,
Momo Hinamori,0.7,1.0,-1.0,-1.0,0.0,0.0,-1.0,0.7,0.0,-0.7,-1.0,-1.0,0.7,0.0,-0.7,-1.0,1.0,-0.7,0.0,-0.7,-0.7,-1.0,0.0,-0.7,-1.0,-0.7,-1.0,-1.0,-1.0,-1.0,-1.0,-0.7,0.7,-0.7,-1.0,-1.0,-0.7,-1.0,-1.0,0.0,-0.7,0.0,-0.7,-1.0,-0.7,-1.0,-0.7,-1.0,0.0,-1.0,0.0,0.0,-0.7,-0.7,-0.7,0.0,-0.7,-0.7,-0.7,0.0,-0.7,-0.7,-0.7,0.0,-0.7,-1.0,-0.7,0.0,-0.7,0.0,-1.0,-0.7,-0.7,0.0,-1.0,0.0,-0.7,-1.0,-1.0,-1.0,-0.7,-1.0,-1.0,0.0,-1.0,-1.0,-0.7,-0.7,-0.7,-0.7,-0.7,-0.7,-1.0,
Shuhei Hisagi,-1.0,1.0,-1.0,1.0,-1.0,-1.0,-1.0,1.0,-1.0,-1.0,-1.0,-1.0,1.0,-1.0,-1.0,-1.0,1.0,-1.0,-1.0,-1.0,-1.0,-1.0,1.0,-1.0,-1.0,-1.0,-1.0,-1.0,1.0,-1.0,-1.0,-1.0,-1.0,-1.0,-1.0,-1.0,-1.0,-1.0,-1.0,-1.0,-1.0,-1.0,-1.0,-1.0,-1.0,-1.0,-1.0,-1.0,-1.0,-1.0,-1.0,-1.0,-1.0,-1.0,-1.0,-1.0,-1.0,-1.0,-1.0,-1.0,-1.0,-1.0,-1.0,-1.0,-1.0,-1.0,-1.0,-1.0,-1.0,-1.0,-1.0,-1.0,-1.0,-1.0,-1.0,-1.0,-1.0,-1.0,-1.0,-1.0,-1.0,-1.0,-1.0,-1.0,-1.0,-1.0,-1.0,-1.0,-1.0,-1.0,-1.0,-1.0,-1.0,
Shuhei Hisagi,-1.0,0.7,-1.0,0.7,-0.7,-1.0,-1.0,1.0,-0.7,-0.7,-0.7,-1.0,0.7,0.0,-1.0,-0.7,0.0,-1.0,-0.7,-1.0,-0.7,-1.0,0.0,-0.7,-0.7,-0.7,-0.7,-0.7,0.0,0.0,-0.7,0.0,-0.7,-0.7,-0.7,-1.0,-1.0,-1.0,-0.7,-1.0,-0.7,0.0,-1.0,-0.7,-1.0,-1.0,-0.7,-0.7,-0.7,-1.0,-0.7,-1.0,-1.0,-1.0,-1.0,-1.0,-1.0,0.0,-1.0,-1.0,-1.0,-0.7,-1.0,0.0,0.0,-1.0,-0.7,-1.0,-0.7,-0.7,-1.0,-1.0,-0.7,-0.7,-1.0,-0.7,-0.7,0.0,-1.0,-0.7,-0.7,-1.0,-0.7,-0.7,0.0,-1.0,-0.7,-1.0,0.0,-1.0,0.0,0.0,-1.0,
Shuhei Hisagi,0.0,0.0,-1.0,0.7,-0.7,-1.0,-1.0,1.0,-1.0,-0.7,-1.0,0.0,0.7,-1.0,-0.7,-0.7,0.0,-1.0,-1.0,0.0,0.0,-0.7,0.7,-1.0,-0.7,-1.0,-1.0,0.0,1.0,-0.7,0.0,-1.0,0.0,0.0,-0.7,-1.0,-1.0,-0.7,-1.0,-1.0,0.0,-1.0,-0.7,-1.0,-0.7,0.0,-1.0,-1.0,-0.7,-0.7,-0.7,-1.0,-1.0,0.0,0.0,-0.7,0.0,-0.7,-0.7,-1.0,-0.7,-0.7,-1.0,-0.7,-0.7,-0.7,-0.7,0.0,-1.0,-0.7,-0.7,-0.7,-1.0,-1.0,0.0,-0.7,0.0,-0.7,-0.7,0.0,-0.7,-1.0,-0.7,0.0,-1.0,-1.0,-1.0,0.0,-1.0,-0.7,-0.7,-0.7,-0.7,
Hiyosu,-1.0,-1.0,-1.0,-1.0,1.0,-1.0,1.0,-1.0,-1.0,-1.0,-1.0,-1.0,1.0,-1.0,-1.0,-1.0,-1.0,-1.0,-1.0,-1.0,-1.0,-1.0,1.0,-1.0,-1.0,-1.0,-1.0,-1.0,-1.0,-1.0,-1.0,-1.0,-1.0,-1.0,1.0,-1.0,-1.0,-1.0,-1.0,-1.0,-1.0,-1.0,-1.0,-1.0,-1.0,-1.0,-1.0,-1.0,-1.0,-1.0,-1.0,-1.0,-1.0,-1.0,-1.0,-1.0,-1.0,-1.0,-1.0,-1.0,-1.0,-1.0,-1.0,-1.0,-1.0,-1.0,-1.0,-1.0,-1.0,-1.0,-1.0,-1.0,-1.0,-1.0,-1.0,-1.0,-1.0,-1.0,-1.0,-1.0,-1.0,-1.0,-1.0,-1.0,-1.0,-1.0,-1.0,-1.0,-1.0,-1.0,-1.0,-1.0,-1.0,
Hiyosu,-1.0,-0.7,-0.7,0.0,1.0,0.0,0.7,0.0,-0.7,-0.7,0.0,0.0,0.7,-1.0,-1.0,-1.0,-1.0,-1.0,0.0,-1.0,-0.7,-1.0,1.0,-1.0,-1.0,-0.7,0.0,-1.0,-0.7,-0.7,0.0,-0.7,-0.7,-0.7,0.0,-1.0,-0.7,0.0,-0.7,-0.7,-0.7,-1.0,-0.7,-0.7,-0.7,-0.7,0.0,-1.0,-0.7,-0.7,-0.7,-1.0,-0.7,0.0,-0.7,0.0,0.0,-1.0,-1.0,0.0,0.0,-1.0,-1.0,-1.0,0.0,-1.0,-0.7,0.0,-1.0,-0.7,-1.0,0.0,-1.0,-0.7,-0.7,-1.0,-1.0,-0.7,-1.0,0.0,0.0,-0.7,-0.7,-0.7,0.0,-0.7,-1.0,-1.0,-0.7,-0.7,-0.7,-1.0,-0.7,
Hiyosu,-1.0,-1.0,-0.7,-1.0,0.7,-1.0,0.7,-0.7,-1.0,-1.0,0.0,-0.7,0.7,-1.0,-0.7,-0.7,-0.7,-0.7,-1.0,-1.0,0.0,0.0,1.0,-0.7,-1.0,-1.0,-1.0,-1.0,-0.7,-0.7,-1.0,-1.0,0.0,-1.0,0.7,-1.0,-0.7,-1.0,-1.0,-1.0,-1.0,-0.7,-0.7,-1.0,-1.0,-0.7,-0.7,0.0,-0.7,-0.7,-0.7,0.0,0.0,-1.0,-1.0,-1.0,-0.7,-0.7,-0.7,-1.0,-0.7,0.0,-1.0,-0.7,-0.7,0.0,0.0,-0.7,-0.7,0.0,-0.7,-1.0,-0.7,-1.0,-1.0,0.0,-0.7,-0.7,-1.0,-1.0,-1.0,-1.0,-0.7,-1.0,-0.7,-1.0,0.0,-1.0,-1.0,-1.0,-0.7,-0.7,-0.7,
Ichibe Hyosube,-1.0,1.0,-1.0,-1.0,-1.0,-1.0,-1.0,1.0,-1.0,-1.0,-1.0,-1.0,1.0,-1.0,1.0,-1.0,-1.0,-1.0,-1.0,1.0,-1.0,-1.0,1.0,-1.0,-1.0,-1.0,-1.0,-1.0,1.0,1.0,-1.0,-1.0,-1.0,-1.0,-1.0,-1.0,-1.0,1.0,-1.0,-1.0,-1.0,-1.0,-1.0,-1.0,-1.0,-1.0,-1.0,-1.0,-1.0,-1.0,-1.0,-1.0,-1.0,-1.0,-1.0,-1.0,-1.0,-1.0,-1.0,-1.0,-1.0,-1.0,-1.0,-1.0,-1.0,-1.0,-1.0,-1.0,-1.0,-1.0,-1.0,-1.0,-1.0,-1.0,-1.0,-1.0,-1.0,-1.0,-1.0,-1.0,-1.0,-1.0,-1.0,-1.0,-1.0,-1.0,-1.0,-1.0,-1.0,-1.0,-1.0,-1.0,-1.0,
Ichibe Hyosube,-0.7,1.0,-0.7,-0.7,-1.0,-1.0,-1.0,1.0,-0.7,-1.0,-1.0,-1.0,0.0,0.0,1.0,-1.0,-1.0,-0.7,-1.0,0.7,-0.7,0.0,1.0,0.0,-0.7,-1.0,-1.0,-1.0,1.0,1.0,-0.7,-0.7,0.0,-1.0,0.0,-1.0,-0.7,1.0,-1.0,0.0,-1.0,-0.7,-0.7,-0.7,-0.7,-0.7,-1.0,-0.7,0.0,-1.0,-1.0,-0.7,-0.7,-0.7,-1.0,-0.7,-1.0,-0.7,-0.7,-1.0,-0.7,0.0,-0.7,0.0,-0.7,-0.7,-1.0,-1.0,-1.0,-0.7,0.0,-1.0,-0.7,-0.7,-0.7,-1.0,-0.7,-1.0,-1.0,0.0,-1.0,-1.0,0.0,-1.0,-0.7,-1.0,-1.0,-1.0,-1.0,-0.7,-0.7,-0.7,0.0,
Ichibe Hyosube,-1.0,0.7,-0.7,0.0,-1.0,-0.7,0.0,1.0,0.0,-1.0,-0.7,0.0,0.7,-0.7,1.0,0.0,-0.7,-1.0,-0.7,0.7,-1.0,-1.0,1.0,-0.7,-0.7,-0.7,0.0,0.0,0.7,1.0,-0.7,-0.7,-0.7,-0.7,-1.0,0.0,-1.0,0.7,-1.0,0.0,-1.0,-1.0,-1.0,-1.0,-1.0,-0.7,-0.7,-1.0,-1.0,0.0,-0.7,-0.7,-0.7,-1.0,-1.0,-1.0,0.0,0.0,-0.7,-1.0,-1.0,-1.0,-0.7,-1.0,0.0,-1.0,0.0,-0.7,-0.7,-0.7,-0.7,-0.7,-0.7,-0.7,0.0,-0.7,-0.7,0.0,-1.0,-1.0,-0.7,-0.7,0.0,-0.7,-0.7,-0.7,-1.0,-0.7,0.0,-1.0,-0.7,-0.7,-1.0,
Chikane Iba,1.0,1.0,-1.0,-1.0,-1.0,-1.0,-1.0,1.0,-1.0,-1.0,-1.0,-1.0,1.0,-1.0,-1.0,-1.0,-1.0,-1.0,-1.0,-1.0,-1.0,-1.0,1.0,-1.0,-1.0,-1.0,-1.0,-1.0,-1.0,-1.0,-1.0,-1.0,-1.0,-1.0,-1.0,1.0,-1.0,-1.0,-1.0,-1.0,-1.0,-1.0,-1.0,-1.0,-1.0,-1.0,-1.0,-1.0,-1.0,-1.0,-1.0,-1.0,-1.0,-1.0,-1.0,-1.0,-1.0,-1.0,-1.0,-1.0,-1.0,-1.0,-1.0,-1.0,-1.0,-1.0,-1.0,-1.0,-1.0,-1.0,-1.0,-1.0,-1.0,-1.0,-1.0,-1.0,-1.0,-1.0,-1.0,-1.0,-1.0,-1.0,-1.0,-1.0,-1.0,-1.0,-1.0,-1.0,-1.0,-1.0,-1.0,-1.0,-1.0,
Chikane Iba,1.0,0.0,-1.0,-1.0,-1.0,-0.7,-0.7,0.7,-1.0,0.0,-1.0,-1.0,0.7,-1.0,0.0,0.0,-1.0,0.0,-0.7,0.0,-1.0,-0.7,1.0,0.0,-1.0,-0.7,-1.0,-1.0,-0.7,0.0,-0.7,0.0,-1.0,-0.7,-0.7,1.0,-0.7,-0.7,-0.7,-0.7,-0.7,-1.0,-1.0,-0.7,-1.0,-1.0,-0.7,-0.7,-1.0,-0.7,-0.7,-1.0,-0.7,-0.7,-0.7,-0.7,-1.0,-0.7,-1.0,0.0,0.0,-0.7,-1.0,-1.0,-1.0,-0.7,-1.0,-0.7,-1.0,0.0,-1.0,0.0,0.0,-0.7,-0.7,-0.7,-0.7,-1.0,-1.0,-0.7,-0.7,-0.7,-1.0,-1.0,-1.0,-1.0,-1.0,-1.0,-1.0,0.0,-1.0,-0.7,-1.0,
Chikane Iba,0.0,0.7,-1.0,-0.7,-1.0,-0.7,-1.0,0.0,-0.7,-1.0,-0.7,-1.0,0.0,-0.7,-0.7,-1.0,0.0,-0.7,-1.0,-1.0,-1.0,0.0,1.0,-0.7,-1.0,-1.0,-0.7,0.0,-0.7,0.0,-0.7,-1.0,-1.0,-0.7,0.0,0.0,-1.0,-1.0,-1.0,0.0,0.0,-0.7,-1.0,-0.7,-0.7,-1.0,-0.7,-1.0,-1.0,0.0,-0.7,-0.7,-0.7,-1.0,-0.7,-0.7,-0.7,-0.7,-1.0,-1.0,-0.7,-1.0,-0.7,-1.0,-1.0,-1.0,0.0,-1.0,-0.7,-0.7,-1.0,-0.7,-0.7,-0.7,0.0,-1.0,-1.0,0.0,-1.0,-0.7,-0.7,-1.0,-0.7,-1.0,-1.0,-1.0,0.0,-1.0,-0.7,0.0,-0.7,-0.7,-0.7,
Tetsuzaemon Iba,-1.0,1.0,-1.0,-1.0,1.0,-1.0,-1.0,1.0,-1.0,-1.0,-1.0,-1.0,1.0,-1.0,1.0,-1.0,1.0,-1.0,-1.0,-1.0,-1.0,-1.0,1.0,-1.0,-1.0,-1.0,-1.0,-1.0,1.0,-1.0,-1.0,-1.0,-1.0,-1.0,-1.0,1.0,-1.0,-1.0,-1.0,-1.0,-1.0,-1.0,-1.0,-1.0,-1.0,-1.0,-1.0,-1.0,-1.0,-1.0,-1.0,-1.0,-1.0,-1.0,-1.0,-1.0,-1.0,-1.0,-1.0,-1.0,-1.0,-1.0,-1.0,-1.0,-1.0,-1.0,-1.0,-1.0,-1.0,-1.0,-1.0,-1.0,-1.0,-1.0,-1.0,-1.0,-1.0,-1.0,-1.0,-1.0,-1.0,-1.0,-1.0,-1.0,-1.0,-1.0,-1.0,-1.0,-1.0,-1.0,-1.0,-1.0,-1.0,
Tetsuzaemon Iba,-1.0,0.7,-0.7,0.0,0.0,0.0,0.0,0.7,-0.7,0.0,-1.0,0.0,0.7,-0.7,0.7,0.0,1.0,-0.7,-0.7,-1.0,-0.7,-0.7,0.7,-1.0,-0.7,-0.7,-0.7,-1.0,0.0,-0.7,-0.7,-0.7,-1.0,-0.7,-0.7,0.7,-0.7,-0.7,-1.0,-0.7,-1.0,-1.0,0.0,-0.7,-0.7,-0.7,0.0,-0.7,-0.7,-1.0,0.0,0.0,0.0,-1.0,-1.0,-1.0,-1.0,0.0,-1.0,-1.0,-1.0,-1.0,-1.0,-0.7,-0.7,-1.0,-0.7,-0.7,-1.0,-0.7,-0.7,-0.7,-0.7,-1.0,0.0,0.0,0.0,-1.0,0.0,0.0,0.0,-1.0,-0.7,0.0,-0.7,-0.7,0.0,-0.7,-0.7,-0.7,0.0,-1.0,-0.7,
Tetsuzaemon Iba,-0.7,0.7,-0.7,0.0,0.0,-1.0,-0.7,1.0,-1.0,-0.7,0.0,0.0,1.0,-1.0,0.7,-0.7,1.0,0.0,0.0,-0.7,0.0,-1.0,0.7,-0.7,-1.0,0.0,-0.7,-0.7,1.0,-1.0,-1.0,-0.7,-0.7,-1.0,-0.7,0.7,-0.7,-0.7,0.0,-0.7,-0.7,-1.0,-1.0,-1.0,-0.7,-1.0,-1.0,-0.7,-1.0,-1.0,-1.0,-0.7,-1.0,-0.7,-0.7,-0.7,-0.7,0.0,-1.0,-1.0,-1.0,-1.0,-1.0,-1.0,-0.7,-0.7,-1.0,-0.7,-1.0,-1.0,-0.7,-1.0,-1.0,-0.7,0.0,-0.7,-1.0,0.0,-0.7,-0.7,0.0,-0.7,-1.0,-0.7,-0.7,-0.7,-0.7,0.0,0.0,0.0,0.0,0.0,-1.0,
Yasochika Iemura,-1.0,-1.0,-1.0,-1.0,1.0,-1.0,-1.0,1.0,-1.0,-1.0,-1.0,1.0,1.0,-1.0,-1.0,-1.0,-1.0,-1.0,-1.0,-1.0,-1.0,-1.0,1.0,-1.0,-1.0,-1.0,-1.0,-1.0,-1.0,-1.0,-1.0,-1.0,-1.0,-1.0,-1.0,-1.0,-1.0,-1.0,-1.0,-1.0,-1.0,-1.0,-1.0,-1.0,-1.0,-1.0,-1.0,-1.0,-1.0,-1.0,-1.0,-1.0,-1.0,-1.0,-1.0,-1.0,-1.0,-1.0,-1.0,-1.0,-1.0,-1.0,-1.0,-1.0,-1.0,-1.0,-1.0,-1.0,-1.0,-1.0,-1.0,-1.0,-1.0,-1.0,-1.0,-1.0,-1.0,-1.0,-1.0,-1.0,-1.0,-1.0,-1.0,-1.0,-1.0,-1.0,-1.0,-1.0,-1.0,-1.0,-1.0,-1.0,-1.0,
Yasochika Iemura,-1.0,-0.7,0.0,-0.7,0.7,-1.0,-1.0,0.7,-1.0,-1.0,-1.0,1.0,0.7,-1.0,-0.7,-1.0,0.0,-1.0,-0.7,-0.7,-1.0,0.0,0.7,-0.7,-1.0,0.0,-0.7,-1.0,-1.0,0.0,-0.7,-0.7,-0.7,-0.7,-1.0,-1.0,-0.7,0.0,-1.0,-0.7,-0.7,-0.7,0.0,-0.7,-1.0,0.0,-0.7,0.0,-0.7,0.0,-1.0,-1.0,0.0,-1.0,-1.0,-0.7,0.0,-1.0,0.0,-0.7,-0.7,0.0,-0.7,-1.0,-1.0,-0.7,-0.7,0.0,-0.7,-0.7,-0.7,-1.0,-1.0,0.0,-1.0,-1.0,-0.7,-0.7,0.0,-1.0,-1.0,-1.0,-0.7,-1.0,-0.7,0.0,0.0,-1.0,-0.7,-0.7,0.0,0.0,-1.0,
Yasochika Iemura,-0.7,-1.0,-1.0,-1.0,0.7,-0.7,-1.0,0.7,-1.0,-0.7,-1.0,1.0,0.7,-1.0,-0.7,-1.0,-0.7,-1.0,-0.7,-0.7,-1.0,-0.7,1.0,-0.7,-1.0,-0.7,-0.7,0.0,-0.7,-0.7,-0.7,0.0,-0.7,-1.0,0.0,-0.7,0.0,0.0,-1.0,-0.7,-1.0,-1.0,-1.0,-0.7,-1.0,-1.0,-0.7,-1.0,-1.0,-1.0,-1.0,-0.7,-1.0,0.0,-0.7,-1.0,-1.0,-0.7,-0.7,-1.0,-1.0,0.0,-1.0,-1.0,0.0,-0.7,-1.0,-0.7,-1.0,-0.7,-0.7,0.0,0.0,0.0,0.0,-0.7,-1.0,-0.7,-0.7,0.0,-1.0,0.0,0.0,0.0,0.0,-1.0,-1.0,-1.0,-1.0,-0.7,0.0,0.0,-0.7,
Jirobo Ikkanzaka,-1.0,-1.0,-1.0,-1.0,-1.0,-1.0,-1.0,-1.0,1.0,-1.0,-1.0,-1.0,1.0,-1.0,-1.0,-1.0,-1.0,-1.0,-1.0,-1.0,-1.0,-1.0,1.0,-1.0,-1.0,-1.0,-1.0,-1.0,-1.0,-1.0,-1.0,-1.0,-1.0,-1.0,-1.0,1.0,-1.0,1.0,-1.0,-1.0,-1.0,-1.0,-1.0,-1.0,-1.0,-1.0,-1.0,-1.0,-1.0,-1.0,-1.0,-1.0,-1.0,-1.0,-1.0,-1.0,-1.0,-1.0,-1.0,-1.0,-1.0,-1.0,-1.0,-1.0,-1.0,-1.0,-1.0,-1.0,-1.0,-1.0,-1.0,-1.0,-1.0,-1.0,-1.0,-1.0,-1.0,-1.0,-1.0,-1.0,-1.0,-1.0,-1.0,-1.0,-1.0,-1.0,-1.0,-1.0,-1.0,-1.0,-1.0,-1.0,-1.0,
Jirobo Ikkanzaka,-1.0,-1.0,-1.0,-1.0,-0.7,-1.0,-1.0,-1.0,0.7,-0.7,-0.7,-0.7,0.0,-1.0,-0.7,-0.7,-0.7,0.0,-1.0,-0.7,-1.0,-0.7,1.0,-1.0,-0.7,-0.7,-1.0,-0.7,-0.7,-1.0,-0.7,-0.7,-0.7,-1.0,-1.0,0.7,0.0,0.7,-1.0,-0.7,0.0,-1.0,0.0,0.0,-1.0,0.0,-1.0,0.0,-0.7,-0.7,-0.7,-0.7,-1.0,-0.7,-1.0,-1.0,-1.0,-0.7,-1.0,-1.0,-1.0,-1.0,-0.7,0.0,-1.0,0.0,-0.7,-0.7,-0.7,0.0,-1.0,-0.7,-0.7,-0.7,0.0,-1.0,-0.7,-0.7,-1.0,-1.0,-0.7,0.0,-0.7,0.0,-0.7,-1.0,-1.0,-1.0,-1.0,-1.0,-0.7,-0.7,-1.0,
Jirobo Ikkanzaka,-1.0,-1.0,-0.7,-1.0,-1.0,0.0,0.0,-1.0,0.7,-1.0,-0.7,-0.7,1.0,-0.7,-1.0,-1.0,-1.0,-0.7,-1.0,-1.0,-1.0,-1.0,0.7,-1.0,-1.0,-0.7,-0.7,0.0,-0.7,-1.0,-0.7,-0.7,-1.0,0.0,-1.0,0.0,0.0,0.7,0.0,-0.7,-1.0,-0.7,-1.0,-1.0,-0.7,-1.0,-1.0,-0.7,0.0,-1.0,-1.0,-1.0,-0.7,-1.0,-0.7,-1.0,-1.0,0.0,-1.0,-0.7,-1.0,-0.7,-0.7,-1.0,-1.0,-1.0,-0.7,-0.7,-0.7,-0.7,-1.0,-1.0,-1.0,-1.0,-1.0,-0.7,-0.7,0.0,-1.0,-0.7,0.0,-0.7,-1.0,-1.0,-1.0,-1.0,-0.7,-1.0,-1.0,-0.7,-0.7,-0.7,-0.7,
Nanao Ise,1.0,1.0,-1.0,-1.0,1.0,-1.0,-1.0,1.0,-1.0,-1.0,-1.0,-1.0,1.0,-1.0,1.0,-1.0,1.0,-1.0,-1.0,-1.0,-1.0,-1.0,1.0,-1.0,-1.0,-1.0,-1.0,-1.0,-1.0,-1.0,-1.0,-1.0,-1.0,-1.0,-1.0,-1.0,-1.0,-1.0,-1.0,-1.0,-1.0,-1.0,-1.0,-1.0,-1.0,-1.0,-1.0,-1.0,-1.0,-1.0,-1.0,-1.0,-1.0,-1.0,-1.0,-1.0,-1.0,-1.0,-1.0,-1.0,-1.0,-1.0,-1.0,-1.0,-1.0,-1.0,-1.0,-1.0,-1.0,-1.0,-1.0,-1.0,-1.0,-1.0,-1.0,-1.0,-1.0,-1.0,-1.0,-1.0,-1.0,-1.0,-1.0,-1.0,-1.0,-1.0,-1.0,-1.0,-1.0,-1.0,-1.0,-1.0,-1.0,
Nanao Ise,1.0,1.0,-1.0,-0.7,0.0,-1.0,-0.7,1.0,-0.7,-1.0,-1.0,0.0,0.7,-0.7,1.0,-1.0,1.0,0.0,0.0,-0.7,-1.0,0.0,0.7,-0.7,-1.0,-0.7,-0.7,0.0,-0.7,-1.0,-0.7,0.0,-1.0,-1.0,-1.0,-0.7,-1.0,-0.7,-1.0,0.0,-1.0,-1.0,-0.7,-0.7,-1.0,-1.0,-1.0,-0.7,-0.7,-0.7,-0.7,-0.7,-1.0,0.0,0.0,-1.0,-1.0,-1.0,-1.0,-0.7,-0.7,-0.7,-0.7,-0.7,-0.7,-1.0,-1.0,-0.7,-1.0,-1.0,0.0,-0.7,-1.0,-0.7,-0.7,-1.0,-1.0,0.0,-1.0,-1.0,-0.7,-0.7,-1.0,-1.0,-1.0,0.0,-1.0,-0.7,0.0,-1.0,0.0,0.0,0.0,
Nanao Ise,1.0,0.7,-0.7,0.0,1.0,-0.7,-1.0,1.0,-0.7,-0.7,-0.7,-0.7,0.0,-1.0,0.7,-1.0,1.0,-0.7,0.0,-0.7,-0.7,-1.0,1.0,-0.7,-1.0,-1.0,-0.7,-1.0,-1.0,-0.7,-0.7,0.0,-0.7,-0.7,0.0,-0.7,-1.0,-1.0,-0.7,-0.7,-0.7,-0.7,-0.7,0.0,-0.7,-1.0,0.0,-1.0,-0.7,0.0,-0.7,-0.7,-0.7,-1.0,-1.0,-0.7,-0.7,-0.7,-1.0,-0.7,-0.7,-0.7,-0.7,-0.7,-0.7,-0.7,0.0,-1.0,0.0,-1.0,-1.0,0.0,-1.0,-0.7,0.0,0.0,0.0,-1.0,-0.7,-1.0,-0.7,0.0,-1.0,-0.7,-0.7,-0.7,0.0,-1.0,-0.7,0.0,-0.7,-1.0,-0.7,
Kinroku Izuhara,-1.0,1.0,-1.0,-1.0,1.0,-1.0,-1.0,1.0,-1.0,-1.0,-1.0,-1.0,1.0,-1.0,-1.0,-1.0,-1.0,-1.0,-1.0,-1.0,-1.0,-1.0,1.0,-1.0,-1.0,-1.0,-1.0,-1.0,-1.0,-1.0,-1.0,-1.0,-1.0,-1.0,-1.0,-1.0,-1.0,-1.0,-1.0,-1.0,-1.0,-1.0,-1.0,-1.0,-1.0,-1.0,-1.0,-1.0,-1.0,-1.0,-1.0,-1.0,-1.0,-1.0,-1.0,-1.0,-1.0,-1.0,-1.0,-1.0,-1.0,-1.0,-1.0,-1.0,-1.0,-1.0,-1.0,-1.0,-1.0,-1.0,-1.0,-1.0,-1.0,-1.0,-1.0,-1.0,-1.0,-1.0,-1.0,-1.0,-1.0,-1.0,-1.0,-1.0,-1.0,-1.0,-1.0,-1.0,-1.0,-1.0,-1.0,-1.0,-1.0,
Kinroku Izuhara,-1.0,1.0,0.0,-0.7,0.0,0.0,-0.7,1.0,-0.7,-1.0,0.0,-1.0,1.0,-0.7,-1.0,-1.0,-0.7,-1.0,-1.0,-1.0,-0.7,-0.7,0.7,-0.7,-1.0,0.0,-1.0,-0.7,0.0,0.0,-1.0,-1.0,-0.7,-1.0,0.0,-0.7,-0.7,-1.0,-0.7,-0.7,0.0,-1.0,-1.0,-1.0,-1.0,-0.7,0.0,-1.0,0.0,-1.0,-1.0,-1.0,-1.0,0.0,-1.0,-0.7,-0.7,0.0,-1.0,-1.0,-1.0,-0.7,-1.0,0.0,-0.7,-0.7,-0.7,-1.0,-0.7,0.0,0.0,0.0,0.0,-1.0,-1.0,-1.0,-1.0,-1.0,-0.7,-0.7,0.0,-0.7,0.0,-1.0,-1.0,-0.7,-1.0,-1.0,-1.0,-1.0,-0.7,-0.7,-0.7,
Kinroku Izuhara,-0.7,1.0,-1.0,-1.0,1.0,-0.7,-0.7,0.7,-1.0,-0.7,-0.7,-0.7,0.7,-0.7,-0.7,-0.7,-1.0,-0.7,-1.0,-1.0,0.0,0.0,1.0,-0.7,-1.0,-0.7,0.0,0.0,-0.7,-1.0,-0.7,-1.0,0.0,0.0,-0.7,-1.0,-1.0,-1.0,0.0,-0.7,-1.0,-0.7,0.0,-1.0,0.0,0.0,0.0,-1.0,-1.0,-1.0,-1.0,-1.0,-0.7,-0.7,0.0,-1.0,-0.7,-0.7,-0.7,0.0,-0.7,0.0,-1.0,-0.7,-1.0,-1.0,-1.0,-1.0,-1.0,-1.0,-1.0,0.0,-1.0,-0.7,-1.0,0.0,0.0,-0.7,-0.7,-1.0,0.0,0.0,0.0,-0.7,-1.0,0.0,-1.0,-0.7,-1.0,0.0,-1.0,-1.0,-0.7,
Hidetomo Kajomaru,-1.0,-1.0,-1.0,-1.0,1.0,-1.0,-1.0,1.0,-1.0,-1.0,-1.0,-1.0,1.0,-1.0,-1.0,-1.0,-1.0,1.0,-1.0,-1.0,-1.0,-1.0,1.0,-1.0,-1.0,-1.0,-1.0,-1.0,-1.0,-1.0,-1.0,-1.0,-1.0,-1.0,-1.0,-1.0,-1.0,-1.0,-1.0,-1.0,-1.0,-1.0,-1.0,-1.0,-1.0,-1.0,-1.0,-1.0,-1.0,-1.0,-1.0,-1.0,-1.0,-1.0,-1.0,-1.0,-1.0,-1.0,-1.0,-1.0,-1.0,-1.0,-1.0,-1.0,-1.0,-1.0,-1.0,-1.0,-1.0,-1.0,-1.0,-1.0,-1.0,-1.0,-1.0,-1.0,-1.0,-1.0,-1.0,-1.0,-1.0,-1.0,-1.0,-1.0,-1.0,-1.0,-1.0,-1.0,-1.0,-1.0,-1.0,-1.0,-1.0,
Hidetomo Kajomaru,-0.7,-0.7,-1.0,-1.0,0.7,0.0,0.0,0.7,0.0,-0.7,-0.7,-0.7,0.7,-0.7,-0.7,-1.0,-1.0,1.0,-0.7,-1.0,-1.0,-0.7,0.7,-0.7,-0.7,0.0,0.0,0.0,-0.7,-1.0,0.0,-1.0,-1.0,-0.7,-1.0,0.0,-0.7,-0.7,-0.7,-0.7,-1.0,-0.7,-0.7,-0.7,-0.7,-1.0,-1.0,-1.0,-1.0,0.0,0.0,-1.0,-0.7,-0.7,-1.0,-1.0,0.0,-0.7,0.0,-1.0,-0.7,-1.0,-1.0,-0.7,-1.0,-1.0,-1.0,-1.0,-0.7,-0.7,-1.0,-1.0,-1.0,-0.7,-1.0,-0.7,-1.0,-1.0,0.0,-0.7,-1.0,0.0,-0.7,0.0,-0.7,-0.7,0.0,-1.0,-0.7,-0.7,-1.0,-1.0,-1.0,
Hidetomo Kajomaru,-0.7,-0.7,-0.7,-1.0,0.7,0.0,-1.0,0.7,-0.7,-0.7,-0.7,0.0,1.0,0.0,-1.0,-1.0,-1.0,0.7,-0.7,-1.0,-1.0,0.0,0.0,-0.7,-0.7,-0.7,-1.0,0.0,-1.0,-0.7,-1.0,-0.7,-0.7,-0.7,-1.0,-0.7,-1.0,-1.0,-1.0,-0.7,-0.7,-0.7,-0.7,-0.7,-0.7,-1.0,-1.0,-0.7,-0.7,0.0,0.0,-1.0,-1.0,-0.7,-1.0,-1.0,0.0,-1.0,0.0,-0.7,-0.7,-1.0,-1.0,-0.7,-1.0,-1.0,-1.0,-1.0,-1.0,-0.7,-1.0,-1.0,-0.7,0.0,-1.0,-1.0,-0.7,0.0,-0.7,-0.7,-1.0,-0.7,-1.0,-0.7,-0.7,0.0,-1.0,-1.0,-0.7,-0.7,-0.7,-1.0,-1.0,
Kakyo,1.0,1.0,-1.0,-1.0,-1.0,-1.0,-1.0,-1.0,-1.0,-1.0,-1.0,-1.0,-1.0,-1.0,-1.0,-1.0,-1.0,1.0,-1.0,-1.0,-1.0,-1.0,1.0,-1.0,-1.0,-1.0,-1.0,-1.0,-1.0,-1.0,-1.0,-1.0,-1.0,-1.0,-1.0,-1.0,-1.0,-1.0,-1.0,-1.0,-1.0,-1.0,-1.0,-1.0,-1.0,-1.0,-1.0,-1.0,-1.0,-1.0,-1.0,-1.0,-1.0,-1.0,-1.0,-1.0,-1.0,-1.0,-1.0,-1.0,-1.0,-1.0,-1.0,-1.0,-1.0,-1.0,-1.0,-1.0,-1.0,-1.0,-1.0,-1.0,-1.0,-1.0,-1.0,-1.0,-1.0,-1.0,-1.0,-1.0,-1.0,-1.0,-1.0,-1.0,-1.0,-1.0,-1.0,-1.0,-1.0,-1.0,-1.0,-1.0,-1.0,
Kakyo,0.7,1.0,0.0,-0.7,-0.7,-0.7,-0.7,-1.0,0.0,-1.0,-0.7,-1.0,-0.7,-1.0,-1.0,0.0,-1.0,0.7,0.0,-1.0,-0.7,-1.0,1.0,-0.7,0.0,-1.0,-0.7,-0.7,0.0,-1.0,-0.7,-0.7,-0.7,0.0,0.0,-1.0,-0.7,-1.0,-1.0,-0.7,-1.0,-0.7,0.0,-1.0,0.0,-0.7,-0.7,0.0,-1.0,-0.7,-0.7,-1.0,0.0,0.0,-1.0,-1.0,-0.7,-1.0,-0.7,-1.0,-0.7,-1.0,-1.0,-0.7,-0.7,0.0,0.0,-1.0,-1.0,0.0,0.0,0.0,-1.0,0.0,-1.0,-0.7,0.0,-1.0,0.0,-1.0,0.0,-1.0,0.0,-1.0,-0.7,-0.7,-0.7,-1.0,-0.7,-1.0,-0.7,-1.0,0.0,
Kakyo,1.0,1.0,-1.0,-0.7,-1.0,-0.7,0.0,-0.7,-0.7,-1.0,-0.7,-1.0,-0.7,-1.0,-0.7,-1.0,0.0,1.0,-0.7,-1.0,-0.7,0.0,0.7,-0.7,0.0,-0.7,-0.7,-0.7,-0.7,-1.0,0.0,-0.7,-1.0,-0.7,-1.0,-1.0,-0.7,0.0,0.0,0.0,0.0,-1.0,-1.0,0.0,-1.0,-0.7,-0.7,-1.0,0.0,-0.7,-0.7,0.0,-0.7,-1.0,-0.7,0.0,-0.7,-0.7,-0.7,-1.0,0.0,0.0,-1.0,-1.0,0.0,0.0,0.0,0.0,-0.7,-0.7,-0.7,-1.0,-0.7,-0.7,-0.7,-0.7,-0.7,-1.0,-1.0,-1.0,-1.0,0.0,-1.0,-1.0,-0.7,-0.7,-1.0,-0.7,-0.7,-1.0,-1.0,0.0,0.0,
Heizo Kasaki,-1.0,-1.0,-1.0,-1.0,-1.0,-1.0,-1.0,1.0,-1.0,-1.0,-1.0,-1.0,1.0,-1.0,-1.0,-1.0,-1.0,-1.0,-1.0,-1.0,-1.0,-1.0,1.0,-1.0,-1.0,-1.0,-1.0,-1.0,-1.0,1.0,-1.0,-1.0,-1.0,-1.0,-1.0,-1.0,-1.0,-1.0,-1.0,-1.0,-1.0,-1.0,-1.0,-1.0,-1.0,-1.0,-1.0,-1.0,-1.0,-1.0,-1.0,-1.0,-1.0,-1.0,-1.0,-1.0,-1.0,-1.0,-1.0,-1.0,-1.0,-1.0,-1.0,-1.0,-1.0,-1.0,-1.0,-1.0,-1.0,-1.0,-1.0,-1.0,-1.0,-1.0,-1.0,-1.0,-1.0,-1.0,-1.0,-1.0,-1.0,-1.0,-1.0,-1.0,-1.0,-1.0,-1.0,-1.0,-1.0,-1.0,-1.0,-1.0,-1.0,
Heizo Kasaki,-0.7,-1.0,-0.7,-0.7,-1.0,-0.7,-0.7,1.0,-0.7,0.0,-1.0,0.0,1.0,0.0,-1.0,-1.0,-0.7,-0.7,0.0,-1.0,-1.0,-0.7,0.7,-1.0,-0.7,-0.7,0.0,0.0,-1.0,0.7,-1.0,-0.7,-0.7,0.0,-0.7,0.0,0.0,0.0,0.0,-0.7,-1.0,-1.0,-1.0,-0.7,-0.7,-0.7,0.0,0.0,-1.0,-1.0,-0.7,-1.0,-0.7,-0.7,-0.7,0.0,0.0,-1.0,-0.7,-0.7,-1.0,-1.0,-0.7,-1.0,-1.0,-0.7,-0.7,-1.0,-1.0,0.0,-1.0,0.0,-0.7,-1.0,-1.0,-1.0,-1.0,-1.0,-0.7,-1.0,-0.7,-0.7,-1.0,-1.0,-1.0,-1.0,-0.7,-1.0,-0.7,-0.7,-0.7,-0.7,-0.7,
Heizo Kasaki,-1.0,-1.0,-0.7,-1.0,-0.7,-0.7,-0.7,0.7,-0.7,-0.7,-0.7,-0.7,0.7,0.0,-0.7,-0.7,-0.7,-0.7,-1.0,0.0,-1.0,-0.7,0.7,0.0,-1.0,-0.7,-0.7,-1.0,-1.0,0.7,-0.7,-1.0,-0.7,-0.7,-0.7,0.0,-0.7,0.0,0.0,-1.0,-1.0,-0.7,-0.7,-0.7,-0.7,-0.7,-0.7,-1.0,0.0,-1.0,0.0,-1.0,0.0,-1.0,-1.0,-1.0,-0.7,0.0,-0.7,0.0,-0.7,-0.7,0.0,-1.0,-1.0,0.0,0.0,0.0,0.0,-1.0,0.0,-0.7,0.0,-0.7,-0.7,-0.7,-1.0,-1.0,0.0,0.0,-1.0,-0.7,-0.7,-0.7,-1.0,0.0,-0.7,-0.7,-0.7,-1.0,-0.7,-1.0,-1.0,
Asuka Katakura,-1.0,1.0,-1.0,-1.0,-1.0,-1.0,-1.0,1.0,-1.0,-1.0,-1.0,-1.0,1.0,-1.0,-1.0,-1.0,-1.0,-1.0,-1.0,-1.0,-1.0,-1.0,1.0,-1.0,-1.0,-1.0,-1.0,-1.0,-1.0,-1.0,-1.0,-1.0,-1.0,-1.0,-1.0,-1.0,-1.0,-1.0,-1.0,-1.0,-1.0,-1.0,-1.0,-1.0,-1.0,-1.0,-1.0,-1.0,-1.0,-1.0,-1.0,-1.0,-1.0,-1.0,-1.0,-1.0,-1.0,-1.0,-1.0,-1.0,-1.0,-1.0,-1.0,-1.0,-1.0,-1.0,-1.0,-1.0,-1.0,-1.0,-1.0,-1.0,-1.0,-1.0,-1.0,-1.0,-1.0,-1.0,-1.0,-1.0,-1.0,-1.0,-1.0,-1.0,-1.0,-1.0,-1.0,-1.0,-1.0,-1.0,-1.0,-1.0,-1.0,
Asuka Katakura,-0.7,0.0,-0.7,-1.0,-0.7,0.0,-0.7,0.0,-0.7,-0.7,-1.0,-1.0,1.0,-0.7,0.0,0.0,-1.0,-1.0,-1.0,-1.0,-0.7,0.0,0.0,-0.7,0.0,-0.7,-1.0,-0.7,-0.7,-0.7,-1.0,-1.0,-1.0,0.0,-0.7,-0.7,-0.7,-1.0,-0.7,0.0,-0.7,0.0,-1.0,-1.0,0.0,0.0,0.0,-0.7,0.0,0.0,0.0,-0.7,-1.0,0.0,-0.7,-0.7,-0.7,-0.7,-0.7,-1.0,0.0,-0.7,-0.7,-1.0,-1.0,-1.0,-0.7,-1.0,0.0,-1.0,-1.0,-1.0,-1.0,-0.7,0.0,-0.7,-1.0,-1.0,-0.7,0.0,-1.0,-0.7,-0.7,-1.0,-0.7,-1.0,-0.7,-1.0,-0.7,-1.0,0.0,-1.0,0.0,
Asuka Katakura,0.0,0.0,-0.7,-0.7,-1.0,-1.0,-0.7,1.0,0.0,-1.0,-0.7,-0.7,0.7,-0.7,-1.0,-0.7,-1.0,0.0,-0.7,0.0,-1.0,-1.0,1.0,-1.0,-1.0,-0.7,-1.0,-0.7,0.0,-0.7,-1.0,-1.0,-0.7,-1.0,-0.7,-1.0,0.0,-0.7,-0.7,-1.0,-1.0,-0.7,-0.7,-1.0,-1.0,-1.0,-0.7,-1.0,-0.7,-0.7,-0.7,0.0,0.0,-0.7,-1.0,-0.7,-0.7,-0.7,-0.7,-1.0,-0.7,-1.0,-0.7,-1.0,-0.7,-1.0,-0.7,-0.7,-1.0,-0.7,-0.7,-0.7,-1.0,-0.7,-0.7,-0.7,-0.7,-0.7,-1.0,-1.0,-1.0,-1.0,-0.7,-0.7,-1.0,0.0,-0.7,0.0,-0.7,-0.7,-1.0,-1.0,-1.0,
Batsu'unsai Katori,1.0,1.0,-1.0,-1.0,1.0,-1.0,-1.0,1.0,-1.0,-1.0,-1.0,-1.0,1.0,-1.0,-1.0,-1.0,-1.0,1.0,-1.0,-1.0,-1.0,-1.0,1.0,-1.0,-1.0,-1.0,-1.0,-1.0,-1.0,-1.0,-1.0,-1.0,-1.0,-1.0,-1.0,-1.0,-1.0,-1.0,-1.0,-1.0,-1.0,-1.0,-1.0,-1.0,-1.0,-1.0,-1.0,-1.0,-1.0,-1.0,-1.0,-1.0,-1.0,-1.0,-1.0,-1.0,-1.0,-1.0,-1.0,-1.0,-1.0,-1.0,-1.0,-1.0,-1.0,-1.0,-1.0,-1.0,-1.0,-1.0,-1.0,-1.0,-1.0,-1.0,-1.0,-1.0,-1.0,-1.0,-1.0,-1.0,-1.0,-1.0,-1.0,-1.0,-1.0,-1.0,-1.0,-1.0,-1.0,-1.0,-1.0,-1.0,-1.0,
Batsu'unsai Katori,0.7,1.0,-0.7,-1.0,0.0,-1.0,-1.0,1.0,-0.7,-1.0,-0.7,-1.0,1.0,0.0,-1.0,0.0,0.0,1.0,-1.0,-1.0,-0.7,-0.7,0.7,-0.7,-1.0,0.0,-0.7,-0.7,0.0,-0.7,-1.0,-0.7,-0.7,-1.0,0.0,-1.0,-0.7,-0.7,-1.0,0.0,0.0,-0.7,-1.0,-1.0,-1.0,-1.0,-0.7,0.0,-0.7,0.0,-0.7,-0.7,0.0,-0.7,0.0,-1.0,-1.0,0.0,-0.7,0.0,0.0,-1.0,-0.7,-1.0,-0.7,-0.7,-1.0,-0.7,-0.7,-1.0,0.0,-0.7,0.0,-1.0,-1.0,-0.7,-1.0,0.0,-1.0,-0.7,-0.7,-1.0,-1.0,-0.7,-0.7,-1.0,0.0,-1.0,-0.7,-0.7,-1.0,0.0,-1.0,
Batsu'unsai Katori,1.0,1.0,-0.7,-0.7,0.7,-1.0,-1.0,0.0,-1.0,0.0,-1.0,0.0,1.0,-0.7,-1.0,-1.0,-1.0,1.0,-1.0,-0.7,-0.7,-0.7,0.7,-0.7,-0.7,-0.7,-0.7,0.0,-1.0,-1.0,-0.7,-1.0,0.0,0.0,-1.0,-1.0,-0.7,-0.7,-1.0,-0.7,-0.7,-1.0,-1.0,-0.7,-1.0,0.0,-0.7,-0.7,0.0,0.0,-1.0,-1.0,-0.7,-0.7,-1.0,0.0,-1.0,-1.0,-1.0,-0.7,-0.7,-1.0,-1.0,-1.0,-0.7,-1.0,0.0,-1.0,0.0,-1.0,-0.7,-1.0,-1.0,0.0,0.0,-0.7,-0.7,-0.7,0.0,-1.0,-0.7,-0.7,-1.0,0.0,-1.0,-1.0,-0.7,-0.7,-1.0,-1.0,0.0,-1.0,-0.7,
Kenpachi Kiganjo,-1.0,1.0,-1.0,1.0,-1.0,-1.0,-1.0,1.0,-1.0,-1.0,-1.0,-1.0,1.0,-1.0,1.0,-1.0,-1.0,1.0,-1.0,-1.0,-1.0,-1.0,1.0,-1.0,-1.0,-1.0,-1.0,-1.0,1.0,-1.0,-1.0,-1.0,-1.0,-1.0,-1.0,-1.0,-1.0,1.0,-1.0,-1.0,-1.0,-1.0,-1.0,-1.0,-1.0,-1.0,-1.0,-1.0,-1.0,-1.0,-1.0,-1.0,-1.0,-1.0,-1.0,-1.0,-1.0,-1.0,-1.0,-1.0,-1.0,-1.0,-1.0,-1.0,-1.0,-1.0,-1.0,-1.0,-1.0,-1.0,-1.0,-1.0,-1.0,-1.0,-1.0,-1.0,-1.0,-1.0,-1.0,-1.0,-1.0,-1.0,-1.0,-1.0,-1.0,-1.0,-1.0,-1.0,-1.0,-1.0,-1.0,-1.0,-1.0,
Kenpachi Kiganjo,-0.7,0.7,0.0,0.7,-0.7,-0.7,-0.7,0.7,0.0,-1.0,-1.0,-1.0,1.0,-1.0,0.0,-0.7,-0.7,0.7,0.0,-0.7,0.0,-1.0,0.0,-0.7,-1.0,-0.7,-0.7,-1.0,0.7,-1.0,-1.0,0.0,-0.7,0.0,-0.7,-1.0,-0.7,0.7,0.0,-1.0,0.0,0.0,-0.7,0.0,-1.0,0.0,-0.7,-1.0,0.0,-0.7,-0.7,-0.7,-1.0,-0.7,0.0,-1.0,-1.0,-1.0,-0.7,-0.7,-0.7,0.0,-0.7,-1.0,0.0,-0.7,-0.7,-0.7,0.0,-0.7,-1.0,-0.7,-1.0,-1.0,-0.7,-1.0,-1.0,-1.0,-0.7,0.0,0.0,-1.0,-0.7,0.0,-1.0,-0.7,-0.7,-1.0,0.0,0.0,-1.0,-1.0,-1.0,
Kenpachi Kiganjo,-1.0,0.7,-0.7,1.0,0.0,-1.0,-1.0,1.0,-0.7,-0.7,-1.0,-1.0,0.0,0.0,1.0,-1.0,-0.7,0.7,-1.0,0.0,-0.7,-0.7,0.7,0.0,-0.7,-1.0,-1.0,-0.7,1.0,-0.7,0.0,-0.7,0.0,-1.0,0.0,-0.7,-1.0,0.7,-1.0,-0.7,-0.7,-1.0,-0.7,-0.7,-1.0,-1.0,-0.7,-0.7,0.0,0.0,-0.7,-0.7,-0.7,-0.7,-1.0,-1.0,-0.7,-1.0,-0.7,0.0,-1.0,-0.7,0.0,-0.7,-1.0,-1.0,-0.7,-0.7,-1.0,-1.0,0.0,-0.7,0.0,-0.7,0.0,-1.0,-0.7,-1.0,-0.7,-0.7,-1.0,0.0,0.0,-1.0,-0.7,-1.0,-0.7,0.0,-1.0,0.0,-1.0,-0.7,-0.7,
Izuru Kira,-1.0,-1.0,-1.0,-1.0,-1.0,-1.0,-1.0,1.0,-1.0,-1.0,-1.0,-1.0,1.0,-1.0,-1.0,-1.0,1.0,-1.0,-1.0,-1.0,-1.0,-1.0,1.0,-1.0,-1.0,-1.0,-1.0,-1.0,-1.0,1.0,-1.0,-1.0,-1.0,-1.0,-1.0,-1.0,-1.0,-1.0,-1.0,-1.0,-1.0,-1.0,-1.0,-1.0,-1.0,-1.0,-1.0,-1.0,-1.0,-1.0,-1.0,-1.0,-1.0,-1.0,-1.0,-1.0,-1.0,-1.0,-1.0,-1.0,-1.0,-1.0,-1.0,-1.0,-1.0,-1.0,-1.0,-1.0,-1.0,-1.0,-1.0,-1.0,-1.0,-1.0,-1.0,-1.0,-1.0,-1.0,-1.0,-1.0,-1.0,-1.0,-1.0,-1.0,-1.0,-1.0,-1.0,-1.0,-1.0,-1.0,-1.0,-1.0,-1.0,
Izuru Kira,-1.0,-1.0,0.0,-0.7,-1.0,-0.7,-1.0,1.0,-0.7,-1.0,0.0,-0.7,0.0,-0.7,0.0,-0.7,0.7,0.0,-0.7,-1.0,-0.7,0.0,0.7,-0.7,-0.7,0.0,-1.0,-0.7,-1.0,0.7,-0.7,-1.0,-1.0,-0.7,-1.0,-1.0,0.0,-1.0,-0.7,0.0,-1.0,-1.0,-0.7,-0.7,0.0,0.0,-0.7,-1.0,-1.0,-1.0,-1.0,-0.7,-0.7,-1.0,0.0,-1.0,-0.7,-0.7,-0.7,-0.7,-1.0,-0.7,-0.7,0.0,-0.7,-0.7,-0.7,0.0,-1.0,-0.7,-0.7,-0.7,-1.0,-0.7,-1.0,-0.7,-0.7,0.0,-0.7,-1.0,-1.0,0.0,-1.0,-0.7,-1.0,-0.7,-0.7,-1.0,-1.0,0.0,-0.7,-0.7,0.0,
Izuru Kira,0.0,-1.0,0.0,-1.0,-1.0,0.0,-1.0,1.0,-1.0,-0.7,-0.7,-0.7,0.0,-0.7,-1.0,0.0,1.0,-1.0,-1.0,-0.7,-1.0,-1.0,1.0,-1.0,-0.7,0.0,-0.7,-1.0,-1.0,0.0,-1.0,0.0,-1.0,0.0,-1.0,-0.7,-0.7,-0.7,-1.0,-0.7,-0.7,-1.0,-1.0,-0.7,-1.0,-0.7,-1.0,-0.7,-1.0,-0.7,-1.0,-1.0,-1.0,0.0,-1.0,-0.7,-1.0,-1.0,-0.7,-0.7,0.0,0.0,-0.7,-0.7,-0.7,-1.0,0.0,-0.7,-0.7,-1.0,-1.0,0.0,-1.0,-0.7,-1.0,0.0,-1.0,0.0,-1.0,0.0,-0.7,-1.0,-0.7,-1.0,-1.0,0.0,-0.7,-1.0,-1.0,-1.0,0.0,-1.0,0.0,
Tenjiro Kirinji,-1.0,1.0,-1.0,-1.0,-1.0,-1.0,-1.0,1.0,-1.0,-1.0,-1.0,1.0,1.0,-1.0,1.0,-1.0,-1.0,-1.0,-1.0,1.0,-1.0,-1.0,1.0,-1.0,-1.0,-1.0,-1.0,-1.0,1.0,-1.0,-1.0,-1.0,-1.0,-1.0,-1.0,-1.0,-1.0,-1.0,-1.0,-1.0,-1.0,-1.0,-1.0,-1.0,-1.0,-1.0,-1.0,-1.0,-1.0,-1.0,-1.0,-1.0,-1.0,-1.0,-1.0,-1.0,-1.0,-1.0,-1.0,-1.0,-1.0,-1.0,-1.0,-1.0,-1.0,-1.0,-1.0,-1.0,-1.0,-1.0,-1.0,-1.0,-1.0,-1.0,-1.0,-1.0,-1.0,-1.0,-1.0,-1.0,-1.0,-1.0,-1.0,-1.0,-1.0,-1.0,-1.0,-1.0,-1.0,-1.0,-1.0,-1.0,-1.0,
Tenjiro Kirinji,0.0,1.0,-1.0,0.0,-1.0,-1.0,-1.0,0.7,-0.7,-1.0,-1.0,0.0,0.7,-0.7,0.7,-0.7,-0.7,-1.0,-1.0,0.7,-0.7,0.0,1.0,0.0,0.0,-1.0,-0.7,-0.7,0.0,-0.7,-0.7,-0.7,-1.0,-1.0,-0.7,-0.7,-0.7,-0.7,-1.0,-0.7,-1.0,0.0,0.0,-0.7,-1.0,-1.0,-0.7,-0.7,-0.7,-1.0,-0.7,-0.7,-1.0,-0.7,-1.0,-0.7,0.0,-0.7,0.0,-0.7,-1.0,-0.7,-0.7,-1.0,-1.0,-0.7,-1.0,-1.0,-0.7,-1.0,0.0,-1.0,-0.7,-0.7,-0.7,-1.0,0.0,-0.7,0.0,-1.0,-1.0,-0.7,-1.0,-0.7,-1.0,-0.7,0.0,-0.7,0.0,-0.7,-0.7,0.0,0.0,
Tenjiro Kirinji,-0.7,1.0,-0.7,-1.0,-0.7,-0.7,0.0,0.0,-0.7,-1.0,0.0,1.0,0.7,-1.0,1.0,0.0,-1.0,-0.7,-1.0,0.0,0.0,-1.0,1.0,-0.7,-1.0,-0.7,-1.0,-1.0,0.7,-1.0,0.0,-1.0,-1.0,0.0,-0.7,-0.7,-1.0,-0.7,-0.7,-1.0,0.0,-0.7,-1.0,-0.7,-0.7,-1.0,-0.7,-1.0,-0.7,-0.7,-0.7,0.0,-1.0,-0.7,-0.7,-0.7,-0.7,-1.0,-1.0,-1.0,0.0,-1.0,0.0,-0.7,-1.0,-0.7,0.0,0.0,-1.0,-1.0,-1.0,-1.0,-0.7,0.0,-1.0,-0.7,-0.7,-1.0,-1.0,-0.7,0.0,-0.7,-1.0,-1.0,-1.0,-0.7,-0.7,-1.0,0.0,-0.7,-0.7,0.0,-1.0,
Isane Kotetsu,1.0,-1.0,-1.0,-1.0,-1.0,-1.0,-1.0,1.0,-1.0,-1.0,-1.0,1.0,1.0,-1.0,1.0,-1.0,1.0,-1.0,-1.0,-1.0,-1.0,-1.0,1.0,-1.0,-1.0,-1.0,-1.0,-1.0,-1.0,1.0,-1.0,-1.0,-1.0,-1.0,-1.0,1.0,-1.0,-1.0,-1.0,-1.0,-1.0,-1.0,-1.0,-1.0,-1.0,-1.0,-1.0,-1.0,-1.0,-1.0,-1.0,-1.0,-1.0,-1.0,-1.0,-1.0,-1.0,-1.0,-1.0,-1.0,-1.0,-1.0,-1.0,-1.0,-1.0,-1.0,-1.0,-1.0,-1.0,-1.0,-1.0,-1.0,-1.0,-1.0,-1.0,-1.0,-1.0,-1.0,-1.0,-1.0,-1.0,-1.0,-1.0,-1.0,-1.0,-1.0,-1.0,-1.0,-1.0,-1.0,-1.0,-1.0,-1.0,
Isane Kotetsu,0.0,-1.0,-1.0,0.0,0.0,-0.7,-0.7,0.7,0.0,-1.0,0.0,0.7,0.7,-0.7,0.7,0.0,0.7,0.0,-1.0,-0.7,0.0,-0.7,0.7,-0.7,0.0,0.0,-1.0,0.0,-0.7,1.0,0.0,-0.7,0.0,-1.0,-1.0,0.7,-1.0,-0.7,-1.0,-0.7,-1.0,-1.0,-0.7,-1.0,-0.7,0.0,-0.7,0.0,-1.0,-1.0,0.0,-0.7,-0.7,-0.7,-0.7,-1.0,-0.7,-0.7,-0.7,0.0,-1.0,-1.0,0.0,-0.7,-0.7,-1.0,-1.0,-0.7,-1.0,0.0,0.0,0.0,-1.0,-0.7,-1.0,-1.0,-1.0,-1.0,0.0,-1.0,-1.0,0.0,-1.0,-0.7,-1.0,-1.0,0.0,-1.0,-0.7,-1.0,-1.0,-1.0,-1.0,
Isane Kotetsu,1.0,-0.7,-0.7,-1.0,-0.7,0.0,0.0,0.7,0.0,-1.0,-1.0,0.7,0.7,-0.7,0.7,0.0,0.0,-0.7,-0.7,-1.0,-1.0,-1.0,0.7,-1.0,0.0,-1.0,-0.7,-1.0,-1.0,0.0,-0.7,0.0,0.0,-1.0,-1.0,0.0,0.0,-0.7,-0.7,-0.7,-1.0,-0.7,0.0,-0.7,-1.0,-1.0,-1.0,-1.0,0.0,-1.0,-1.0,-1.0,-0.7,-0.7,-1.0,-1.0,-1.0,-0.7,-1.0,0.0,-0.7,-1.0,-0.7,-1.0,-0.7,-1.0,-0.7,-0.7,0.0,-1.0,-1.0,-0.7,0.0,0.0,-1.0,-1.0,-0.7,-1.0,-1.0,-1.0,-0.7,0.0,0.0,-1.0,-0.7,0.0,-1.0,-0.7,-0.7,-1.0,-0.7,-1.0,-0.7,
Kiyone Kotetsu,1.0,-1.0,-1.0,-1.0,-1.0,-1.0,-1.0,1.0,-1.0,-1.0,-1.0,-1.0,1.0,-1.0,-1.0,-1.0,1.0,-1.0,-1.0,-1.0,-1.0,-1.0,1.0,-1.0,-1.0,-1.0,-1.0,-1.0,-1.0,1.0,-1.0,-1.0,-1.0,-1.0,-1.0,1.0,-1.0,-1.0,-1.0,-1.0,-1.0,-1.0,-1.0,-1.0,-1.0,-1.0,-1.0,-1.0,-1.0,-1.0,-1.0,-1.0,-1.0,-1.0,-1.0,-1.0,-1.0,-1.0,-1.0,-1.0,-1.0,-1.0,-1.0,-1.0,-1.0,-1.0,-1.0,-1.0,-1.0,-1.0,-1.0,-1.0,-1.0,-1.0,-1.0,-1.0,-1.0,-1.0,-1.0,-1.0,-1.0,-1.0,-1.0,-1.0,-1.0,-1.0,-1.0,-1.0,-1.0,-1.0,-1.0,-1.0,-1.0,
Kiyone Kotetsu,1.0,-1.0,-1.0,0.0,-0.7,-0.7,-0.7,0.7,-1.0,-0.7,-1.0,-1.0,0.7,-1.0,-1.0,-0.7,0.7,-0.7,-0.7,-0.7,-0.7,-1.0,1.0,-0.7,-1.0,0.0,0.0,-1.0,-1.0,1.0,-1.0,-1.0,-0.7,0.0,-0.7,1.0,-1.0,-0.7,0.0,0.0,0.0,-0.7,-0.7,-1.0,-0.7,-1.0,-0.7,-0.7,-1.0,-1.0,-1.0,-1.0,-1.0,-1.0,-1.0,-1.0,0.0,-1.0,-1.0,-0.7,0.0,-0.7,-1.0,-0.7,-0.7,-0.7,-0.7,0.0,0.0,-0.7,-0.7,-0.7,0.0,-1.0,0.0,-1.0,-0.7,0.0,-1.0,-0.7,-1.0,-1.0,-1.0,-1.0,-1.0,0.0,0.0,-1.0,-0.7,-1.0,-1.0,-1.0,0.0,
Kiyone Kotetsu,0.0,-1.0,-1.0,-1.0,-0.7,-0.7,-1.0,0.7,-1.0,0.0,-0.7,-0.7,0.7,0.0,-1.0,-1.0,0.0,-1.0,-1.0,-0.7,0.0,-0.7,0.0,-0.7,-1.0,-0.7,-0.7,-1.0,-1.0,1.0,-0.7,0.0,-0.7,0.0,-1.0,0.0,0.0,-1.0,0.0,-1.0,0.0,0.0,-0.7,-0.7,-1.0,-0.7,-1.0,-0.7,-0.7,0.0,-1.0,0.0,0.0,-0.7,-1.0,-1.0,-1.0,-0.7,-0.7,0.0,-1.0,-1.0,-0.7,0.0,0.0,0.0,-0.7,-0.7,0.0,-0.7,-1.0,-1.0,-1.0,-0.7,-1.0,-1.0,-1.0,-0.7,-1.0,-0.7,-1.0,-1.0,-0.7,-1.0,-1.0,-1.0,0.0,-0.7,-1.0,-1.0,0.0,-0.7,-0.7,
Jinemon Kotsubaki,-1.0,1.0,-1.0,1.0,-1.0,-1.0,-1.0,1.0,-1.0,-1.0,-1.0,-1.0,1.0,-1.0,-1.0,-1.0,-1.0,-1.0,-1.0,-1.0,-1.0,-1.0,1.0,-1.0,-1.0,-1.0,-1.0,-1.0,-1.0,-1.0,-1.0,-1.0,-1.0,-1.0,-1.0,1.0,-1.0,-1.0,-1.0,-1.0,-1.0,-1.0,-1.0,-1.0,-1.0,-1.0,-1.0,-1.0,-1.0,-1.0,-1.0,-1.0,-1.0,-1.0,-1.0,-1.0,-1.0,-1.0,-1.0,-1.0,-1.0,-1.0,-1.0,-1.0,-1.0,-1.0,-1.0,-1.0,-1.0,-1.0,-1.0,-1.0,-1.0,-1.0,-1.0,-1.0,-1.0,-1.0,-1.0,-1.0,-1.0,-1.0,-1.0,-1.0,-1.0,-1.0,-1.0,-1.0,-1.0,-1.0,-1.0,-1.0,-1.0,
Jinemon Kotsubaki,-0.7,0.7,-0.7,0.7,-0.7,-1.0,0.0,0.7,-1.0,0.0,0.0,0.0,0.0,0.0,-1.0,0.0,0.0,-1.0,-1.0,0.0,-1.0,0.0,1.0,-1.0,-0.7,-1.0,-0.7,-0.7,-1.0,-1.0,-1.0,-1.0,-0.7,-0.7,-1.0,0.7,-1.0,-1.0,-1.0,0.0,0.0,0.0,-1.0,-1.0,-0.7,-0.7,0.0,-1.0,-1.0,-0.7,0.0,0.0,-0.7,0.0,-0.7,0.0,0.0,0.0,-1.0,-1.0,-0.7,-0.7,0.0,-1.0,-1.0,-0.7,-1.0,-1.0,-1.0,-0.7,-1.0,0.0,-0.7,0.0,-0.7,-1.0,-1.0,-1.0,-0.7,-1.0,-1.0,-0.7,-1.0,-1.0,-0.7,0.0,-1.0,-1.0,0.0,-1.0,0.0,-1.0,0.0,
Jinemon Kotsubaki,-1.0,0.0,-1.0,0.7,-1.0,-1.0,-0.7,0.7,0.0,-0.7,0.0,-0.7,0.0,0.0,-1.0,0.0,0.0,-1.0,-0.7,-1.0,0.0,-1.0,1.0,-0.7,-0.7,0.0,0.0,-0.7,-1.0,-0.7,-0.7,-0.7,-1.0,-0.7,-1.0,0.7,-0.7,0.0,-0.7,-1.0,0.0,-0.7,-1.0,-0.7,-1.0,0.0,-0.7,-0.7,-1.0,-1.0,0.0,0.0,-1.0,-1.0,-1.0,-0.7,-0.7,-0.7,-0.7,0.0,-0.7,-1.0,-0.7,0.0,-0.7,-0.7,-0.7,0.0,-0.7,-1.0,0.0,0.0,-1.0,-0.7,-0.7,-1.0,0.0,-0.7,0.0,-1.0,-0.7,-1.0,-0.7,-0.7,-0.7,-1.0,-1.0,-1.0,-1.0,-0.7,-0.7,-0.7,-0.7,
Sentaro Kotsubaki,-1.0,1.0,-1.0,-1.0,-1.0,-1.0,-1.0,1.0,-1.0,-1.0,-1.0,-1.0,1.0,-1.0,-1.0,-1.0,1.0,-1.0,-1.0,-1.0,-1.0,-1.0,1.0,-1.0,-1.0,-1.0,-1.0,-1.0,-1.0,-1.0,-1.0,-1.0,-1.0,-1.0,-1.0,1.0,-1.0,-1.0,-1.0,-1.0,-1.0,-1.0,-1.0,-1.0,-1.0,-1.0,-1.0,-1.0,-1.0,-1.0,-1.0,-1.0,-1.0,-1.0,-1.0,-1.0,-1.0,-1.0,-1.0,-1.0,-1.0,-1.0,-1.0,-1.0,-1.0,-1.0,-1.0,-1.0,-1.0,-1.0,-1.0,-1.0,-1.0,-1.0,-1.0,-1.0,-1.0,-1.0,-1.0,-1.0,-1.0,-1.0,-1.0,-1.0,-1.0,-1.0,-1.0,-1.0,-1.0,-1.0,-1.0,-1.0,-1.0,
Sentaro Kotsubaki,-1.0,1.0,-1.0,0.0,-0.7,-1.0,-1.0,0.0,-0.7,-0.7,-0.7,-1.0,0.0,-0.7,-1.0,0.0,0.7,-1.0,-0.7,-1.0,-1.0,-0.7,1.0,0.0,0.0,-1.0,-0.7,0.0,-0.7,-0.7,-1.0,-0.7,-0.7,0.0,-1.0,0.0,-1.0,0.0,-0.7,-0.7,-0.7,-1.0,-1.0,-1.0,-1.0,-1.0,-0.7,-0.7,-1.0,0.0,-0.7,0.0,-0.7,-1.0,-0.7,-0.7,-1.0,-1.0,-1.0,-1.0,-0.7,-0.7,-1.0,-0.7,-0.7,-1.0,-1.0,-1.0,-1.0,-1.0,-1.0,-0.7,-0.7,-1.0,-1.0,-0.7,0.0,-0.7,-0.7,-1.0,-1.0,0.0,-1.0,0.0,-0.7,-0.7,-1.0,-0.7,-0.7,-1.0,-1.0,0.0,-0.7,
Sentaro Kotsubaki,-0.7,1.0,-0.7,-0.7,-0.7,-0.7,-0.7,0.7,-1.0,0.0,-0.7,-1.0,0.7,0.0,-1.0,-1.0,0.7,-1.0,-0.7,-1.0,-0.7,-1.0,1.0,0.0,-0.7,-1.0,-1.0,-0.7,-0.7,0.0,0.0,-0.7,-0.7,-0.7,-0.7,1.0,-1.0,-1.0,-1.0,-1.0,-0.7,-0.7,-0.7,-1.0,-1.0,-0.7,-1.0,-0.7,0.0,-1.0,-1.0,-0.7,0.0,-0.7,0.0,-1.0,0.0,-1.0,-1.0,0.0,0.0,-1.0,-1.0,-1.0,-1.0,-1.0,0.0,-0.7,-0.7,-0.7,-0.7,-0.7,-0.7,-1.0,-0.7,-0.7,0.0,0.0,-0.7,-0.7,-1.0,-0.7,-1.0,-1.0,-1.0,-0.7,-1.0,0.0,-1.0,0.0,-0.7,-1.0,-1.0,
Ginrei Kuchiki,-1.0,1.0,-1.0,-1.0,-1.0,-1.0,-1.0,1.0,-1.0,-1.0,-1.0,-1.0,1.0,-1.0,1.0,1.0,-1.0,-1.0,-1.0,1.0,-1.0,-1.0,1.0,-1.0,-1.0,-1.0,-1.0,-1.0,1.0,1.0,-1.0,-1.0,-1.0,-1.0,-1.0,1.0,-1.0,-1.0,-1.0,-1.0,-1.0,-1.0,-1.0,-1.0,-1.0,-1.0,-1.0,-1.0,-1.0,-1.0,-1.0,-1.0,-1.0,-1.0,-1.0,-1.0,-1.0,-1.0,-1.0,-1.0,-1.0,-1.0,-1.0,-1.0,-1.0,-1.0,-1.0,-1.0,-1.0,-1.0,-1.0,-1.0,-1.0,-1.0,-1.0,-1.0,-1.0,-1.0,-1.0,-1.0,-1.0,-1.0,-1.0,-1.0,-1.0,-1.0,-1.0,-1.0,-1.0,-1.0,-1.0,-1.0,-1.0,
Ginrei Kuchiki,-0.7,0.7,-0.7,-1.0,-0.7,0.0,-1.0,0.7,-1.0,-0.7,-0.7,-1.0,1.0,-1.0,0.7,0.7,0.0,-0.7,-1.0,0.0,-0.7,-0.7,1.0,-1.0,0.0,-0.7,-1.0,-0.7,0.0,1.0,-0.7,0.0,-1.0,-0.7,-0.7,0.7,-1.0,-1.0,-0.7,-1.0,-0.7,-1.0,-1.0,0.0,-0.7,0.0,-1.0,-0.7,-1.0,-0.7,-0.7,-1.0,0.0,-1.0,-0.7,0.0,0.0,0.0,-1.0,-1.0,-1.0,-0.7,-0.7,-1.0,-0.7,-1.0,-1.0,-0.7,-0.7,0.0,-1.0,-0.7,-1.0,-1.0,-0.7,0.0,-1.0,-1.0,-0.7,-1.0,0.0,-0.7,-1.0,-0.7,-0.7,-1.0,-0.7,-1.0,-0.7,-1.0,0.0,-1.0,-1.0,
Ginrei Kuchiki,0.0,1.0,-1.0,-1.0,-1.0,0.0,-0.7,1.0,-0.7,-0.7,0.0,-1.0,0.7,-0.7,0.7,0.7,-1.0,-0.7,-0.7,0.0,-1.0,-0.7,0.0,-0.7,0.0,0.0,-1.0,-0.7,1.0,0.7,-1.0,-0.7,-0.7,-0.7,-1.0,0.0,-1.0,-1.0,-1.0,0.0,0.0,-0.7,0.0,-1.0,0.0,-1.0,-1.0,-1.0,-0.7,-0.7,-1.0,0.0,-0.7,-1.0,-0.7,-0.7,0.0,-0.7,-0.7,-1.0,-0.7,0.0,-1.0,0.0,-0.7,-1.0,0.0,-0.7,-1.0,-1.0,-1.0,0.0,-0.7,0.0,-1.0,-1.0,-1.0,-0.7,0.0,-0.7,-1.0,0.0,-0.7,-1.0,0.0,-1.0,-1.0,-1.0,-0.7,-0.7,-1.0,-1.0,-0.7,
Sojun Kuchiki,-1.0,1.0,-1.0,-1.0,-1.0,-1.0,-1.0,1.0,-1.0,-1.0,-1.0,-1.0,1.0,-1.0,-1.0,1.0,-1.0,1.0,-1.0,-1.0,-1.0,-1.0,1.0,-1.0,-1.0,-1.0,-1.0,-1.0,-1.0,-1.0,-1.0,-1.0,-1.0,-1.0,-1.0,1.0,-1.0,-1.0,-1.0,-1.0,-1.0,-1.0,-1.0,-1.0,-1.0,-1.0,-1.0,-1.0,-1.0,-1.0,-1.0,-1.0,-1.0,-1.0,-1.0,-1.0,-1.0,-1.0,-1.0,-1.0,-1.0,-1.0,-1.0,-1.0,-1.0,-1.0,-1.0,-1.0,-1.0,-1.0,-1.0,-1.0,-1.0,-1.0,-1.0,-1.0,-1.0,-1.0,-1.0,-1.0,-1.0,-1.0,-1.0,-1.0,-1.0,-1.0,-1.0,-1.0,-1.0,-1.0,-1.0,-1.0,-1.0,
Sojun Kuchiki,0.0,0.7,-1.0,-1.0,-1.0,-1.0,-0.7,0.7,-0.7,-0.7,-1.0,-1.0,0.7,-1.0,-1.0,1.0,-1.0,1.0,0.0,0.0,-1.0,-1.0,0.7,-1.0,-1.0,-1.0,-1.0,-0.7,0.0,-1.0,-1.0,-1.0,-1.0,0.0,-0.7,0.7,-0.7,0.0,0.0,-1.0,-1.0,-0.7,-1.0,0.0,-0.7,0.0,-1.0,0.0,-1.0,0.0,-1.0,-0.7,-0.7,-0.7,-0.7,0.0,-0.7,-0.7,-1.0,0.0,-0.7,-0.7,-1.0,-0.7,-1.0,-1.0,-0.7,-1.0,-1.0,-0.7,-1.0,-1.0,-1.0,-0.7,-0.7,-0.7,-1.0,-1.0,-1.0,-0.7,0.0,-1.0,-1.0,-1.0,-0.7,-0.7,-0.7,0.0,-0.7,-1.0,-1.0,-0.7,-0.7,
Sojun Kuchiki,-0.7,0.7,-0.7,0.0,-0.7,-0.7,-1.0,0.7,0.0,-1.0,-0.7,-0.7,1.0,-0.7,-1.0,0.0,0.0,1.0,-1.0,-0.7,-1.0,-1.0,0.7,-1.0,-1.0,0.0,0.0,-0.7,0.0,-1.0,-1.0,-1.0,-0.7,0.0,-0.7,0.0,-0.7,-1.0,-0.7,-1.0,-1.0,-0.7,-0.7,-0.7,-0.7,-1.0,-0.7,-0.7,-1.0,0.0,-0.7,-0.7,0.0,0.0,0.0,-1.0,-1.0,-1.0,-1.0,0.0,-0.7,-1.0,-1.0,-1.0,-0.7,-0.7,0.0,0.0,-1.0,-1.0,-1.0,-1.0,0.0,-0.7,-0.7,-0.7,-1.0,-1.0,-0.7,-0.7,-1.0,-0.7,0.0,-0.7,-0.7,-0.7,-0.7,-0.7,0.0,-1.0,-0.7,-1.0,-1.0,
Entetsu Kumoi,-1.0,-1.0,-1.0,-1.0,1.0,-1.0,-1.0,1.0,-1.0,-1.0,-1.0,-1.0,1.0,-1.0,-1.0,-1.0,-1.0,1.0,-1.0,-1.0,-1.0,-1.0,1.0,-1.0,-1.0,-1.0,-1.0,-1.0,-1.0,-1.0,-1.0,-1.0,-1.0,-1.0,-1.0,-1.0,-1.0,-1.0,-1.0,-1.0,-1.0,-1.0,-1.0,-1.0,-1.0,-1.0,-1.0,-1.0,-1.0,-1.0,-1.0,-1.0,-1.0,-1.0,-1.0,-1.0,-1.0,-1.0,-1.0,-1.0,-1.0,-1.0,-1.0,-1.0,-1.0,-1.0,-1.0,-1.0,-1.0,-1.0,-1.0,-1.0,-1.0,-1.0,-1.0,-1.0,-1.0,-1.0,-1.0,-1.0,-1.0,-1.0,-1.0,-1.0,-1.0,-1.0,-1.0,-1.0,-1.0,-1.0,-1.0,-1.0,-1.0,
Entetsu Kumoi,-0.7,0.0,-1.0,-1.0,1.0,-0.7,-1.0,1.0,-0.7,-1.0,-0.7,-0.7,1.0,-0.7,-0.7,-0.7,-0.7,1.0,0.0,-0.7,-1.0,-1.0,1.0,-1.0,-0.7,-1.0,-1.0,-0.7,-1.0,-0.7,-0.7,-1.0,-0.7,-0.7,-1.0,-1.0,-0.7,0.0,-0.7,-1.0,-0.7,-0.7,-0.7,-0.7,-0.7,0.0,-0.7,-0.7,-1.0,0.0,0.0,-1.0,-0.7,-1.0,-0.7,-0.7,-1.0,0.0,-1.0,-0.7,-0.7,-1.0,-1.0,-1.0,-0.7,-0.7,-1.0,-1.0,-1.0,-0.7,-0.7,-1.0,-0.7,-1.0,0.0,0.0,-0.7,0.0,0.0,0.0,-0.7,-1.0,-1.0,-1.0,-0.7,-1.0,-1.0,-0.7,-1.0,-0.7,0.0,-0.7,-0.7,
Entetsu Kumoi,-0.7,-0.7,-1.0,0.0,1.0,-1.0,-0.7,1.0,-1.0,-1.0,-1.0,-1.0,1.0,-0.7,0.0,-1.0,0.0,1.0,-1.0,-1.0,-0.7,-0.7,0.7,-0.7,-0.7,-0.7,0.0,-1.0,-1.0,-0.7,-0.7,-1.0,-1.0,-0.7,-0.7,-1.0,0.0,-0.7,-0.7,-0.7,0.0,-1.0,-1.0,-0.7,-0.7,-1.0,0.0,-0.7,-1.0,-1.0,-1.0,-0.7,0.0,-0.7,0.0,0.0,-0.7,-0.7,-0.7,-0.7,-1.0,-0.7,-1.0,0.0,0.0,-1.0,-1.0,-0.7,-0.7,-1.0,-0.7,-1.0,-1.0,-1.0,-1.0,-0.7,0.0,-0.7,-0.7,-1.0,-0.7,-1.0,-0.7,0.0,-1.0,-0.7,-1.0,-1.0,-1.0,-1.0,-1.0,-1.0,-0.7,
Niko Kuna,1.0,-1.0,-1.0,-1.0,1.0,1.0,-1.0,1.0,-1.0,-1.0,-1.0,-1.0,1.0,-1.0,-1.0,-1.0,-1.0,-1.0,-1.0,-1.0,-1.0,-1.0,1.0,-1.0,-1.0,-1.0,-1.0,-1.0,-1.0,-1.0,1.0,-1.0,-1.0,-1.0,-1.0,1.0,-1.0,-1.0,-1.0,-1.0,-1.0,-1.0,-1.0,-1.0,-1.0,-1.0,-1.0,-1.0,-1.0,-1.0,-1.0,-1.0,-1.0,-1.0,-1.0,-1.0,-1.0,-1.0,-1.0,-1.0,-1.0,-1.0,-1.0,-1.0,-1.0,-1.0,-1.0,-1.0,-1.0,-1.0,-1.0,-1.0,-1.0,-1.0,-1.0,-1.0,-1.0,-1.0,-1.0,-1.0,-1.0,-1.0,-1.0,-1.0,-1.0,-1.0,-1.0,-1.0,-1.0,-1.0,-1.0,-1.0,-1.0,
Niko Kuna,1.0,-0.7,0.0,-0.7,1.0,1.0,0.0,0.7,-0.7,-1.0,-0.7,-1.0,0.0,0.0,-1.0,-0.7,-1.0,-0.7,0.0,-0.7,-1.0,-1.0,0.0,-0.7,-0.7,-1.0,-1.0,0.0,-0.7,-0.7,0.7,-0.7,-1.0,-1.0,-0.7,0.7,-0.7,0.0,-1.0,-1.0,0.0,-0.7,-0.7,-0.7,-0.7,-1.0,-0.7,0.0,-0.7,-0.7,-1.0,-1.0,-1.0,-1.0,0.0,-0.7,-0.7,-0.7,-1.0,0.0,-1.0,-1.0,-0.7,0.0,0.0,-1.0,0.0,-1.0,-1.0,0.0,0.0,-0.7,-0.7,0.0,-0.7,0.0,-0.7,0.0,0.0,-1.0,0.0,-0.7,-1.0,-0.7,-1.0,-0.7,0.0,-1.0,-0.7,0.0,-0.7,-1.0,-0.7,
Niko Kuna,0.7,-0.7,0.0,-0.7,0.0,0.7,-1.0,0.7,-0.7,-0.7,-1.0,-1.0,1.0,-1.0,-0.7,-1.0,-0.7,-1.0,-1.0,-0.7,-1.0,0.0,1.0,-0.7,0.0,-0.7,-1.0,-0.7,-0.7,0.0,0.0,-1.0,0.0,-1.0,-1.0,0.0,-1.0,-1.0,-1.0,-0.7,-0.7,-0.7,-1.0,-0.7,0.0,0.0,-1.0,0.0,-0.7,-1.0,-1.0,-1.0,-0.7,-1.0,-0.7,-1.0,0.0,-1.0,0.0,0.0,-1.0,-0.7,-1.0,0.0,-0.7,-1.0,-1.0,-1.0,0.0,-0.7,0.0,-1.0,-1.0,0.0,-1.0,0.0,-1.0,-1.0,-0.7,0.0,0.0,-1.0,-1.0,-0.7,-0.7,-0.7,-1.0,0.0,-0.7,0.0,-0.7,-0.7,0.0,
Isshin Kurosaki,-1.0,1.0,-1.0,-1.0,-1.0,-1.0,-1.0,1.0,-1.0,-1.0,-1.0,-1.0,1.0,-1.0,1.0,-1.0,-1.0,-1.0,-1.0,1.0,-1.0,-1.0,1.0,-1.0,-1.0,-1.0,-1.0,-1.0,1.0,-1.0,-1.0,-1.0,1.0,-1.0,-1.0,-1.0,-1.0,-1.0,-1.0,-1.0,-1.0,-1.0,-1.0,-1.0,-1.0,-1.0,-1.0,-1.0,-1.0,-1.0,-1.0,-1.0,-1.0,-1.0,-1.0,-1.0,-1.0,-1.0,-1.0,-1.0,-1.0,-1.0,-1.0,-1.0,-1.0,-1.0,-1.0,-1.0,-1.0,-1.0,-1.0,-1.0,-1.0,-1.0,-1.0,-1.0,-1.0,-1.0,-1.0,-1.0,-1.0,-1.0,-1.0,-1.0,-1.0,-1.0,-1.0,-1.0,-1.0,-1.0,-1.0,-1.0,-1.0,
Isshin Kurosaki,-0.7,0.0,0.0,-0.7,-0.7,-1.0,-1.0,1.0,-1.0,-1.0,-1.0,-1.0,0.7,-1.0,1.0,-0.7,-0.7,-0.7,-0.7,0.0,-0.7,-0.7,0.0,0.0,-0.7,-0.7,-1.0,-0.7,0.0,-0.7,0.0,-0.7,0.0,-0.7,-1.0,-0.7,-1.0,-1.0,0.0,-1.0,-0.7,-1.0,-1.0,0.0,-1.0,-0.7,-0.7,-0.7,0.0,-0.7,-0.7,0.0,-1.0,-0.7,0.0,-0.7,0.0,-0.7,0.0,0.0,-1.0,-1.0,-0.7,-0.7,-1.0,-1.0,-1.0,0.0,-0.7,-0.7,-1.0,-1.0,-1.0,-1.0,0.0,0.0,-1.0,-1.0,-1.0,-0.7,-1.0,-1.0,-1.0,-0.7,-0.7,-0.7,-1.0,0.0,0.0,-1.0,-1.0,-0.7,-1.0,
Isshin Kurosaki,-0.7,0.7,-0.7,-1.0,-0.7,0.0,-1.0,0.7,-1.0,-1.0,-0.7,-1.0,1.0,-1.0,0.7,-0.7,-1.0,-0.7,-1.0,0.7,-0.7,-0.7,0.0,0.0,-1.0,0.0,-1.0,0.0,1.0,-1.0,-1.0,-1.0,0.7,0.0,-0.7,-0.7,-0.7,-1.0,-1.0,-1.0,-1.0,-1.0,-1.0,-1.0,-1.0,0.0,-1.0,-0.7,-0.7,-0.7,-1.0,-1.0,-1.0,-1.0,-1.0,-0.7,-0.7,-0.7,-0.7,-1.0,0.0,-1.0,-0.7,-0.7,-0.7,-1.0,-0.7,-1.0,-1.0,-1.0,-1.0,-0.7,0.0,-1.0,0.0,0.0,0.0,0.0,-1.0,-1.0,-0.7,-0.7,0.0,0.0,-0.7,-1.0,-1.0,-1.0,-0.7,-0.7,0.0,-0.7,0.0,
Zennosuke Kurumadani,-1.0,1.0,-1.0,-1.0,-1.0,-1.0,-1.0,1.0,-1.0,-1.0,-1.0,-1.0,1.0,-1.0,-1.0,-1.0,1.0,-1.0,-1.0,-1.0,-1.0,-1.0,1.0,-1.0,-1.0,-1.0,-1.0,-1.0,-1.0,-1.0,-1.0,-1.0,-1.0,-1.0,-1.0,-1.0,-1.0,-1.0,-1.0,-1.0,-1.0,-1.0,-1.0,-1.0,-1.0,-1.0,-1.0,-1.0,-1.0,-1.0,-1.0,-1.0,-1.0,-1.0,-1.0,-1.0,-1.0,-1.0,-1.0,-1.0,-1.0,-1.0,-1.0,-1.0,-1.0,-1.0,-1.0,-1.0,-1.0,-1.0,-1.0,-1.0,-1.0,-1.0,-1.0,-1.0,-1.0,-1.0,-1.0,-1.0,-1.0,-1.0,-1.0,-1.0,-1.0,-1.0,-1.0,-1.0,-1.0,-1.0,-1.0,-1.0,-1.0,
Zennosuke Kurumadani,-0.7,0.0,-1.0,0.0,-0.7,-1.0,-1.0,0.0,-1.0,-0.7,-1.0,-0.7,0.0,-1.0,-0.7,0.0,0.7,0.0,-0.7,-1.0,-0.7,-0.7,1.0,-1.0,-1.0,-0.7,0.0,-1.0,-0.7,0.0,-1.0,-0.7,0.0,0.0,-1.0,-1.0,-1.0,-0.7,-0.7,-0.7,-1.0,-1.0,-0.7,-0.7,-0.7,-0.7,-1.0,-1.0,-1.0,-1.0,-1.0,-1.0,-1.0,-1.0,-0.7,-1.0,-0.7,-0.7,-0.7,0.0,-1.0,-0.7,0.0,0.0,-1.0,-1.0,-1.0,-0.7,-0.7,-1.0,-0.7,-0.7,-0.7,0.0,-0.7,-1.0,-0.7,-1.0,-0.7,0.0,0.0,-0.7,-1.0,-1.0,-0.7,-1.0,-0.7,-1.0,-1.0,-1.0,0.0,-0.7,-1.0,
Zennosuke Kurumadani,-1.0,0.7,-1.0,-0.7,0.0,-0.7,-0.7,0.7,0.0,0.0,-0.7,-1.0,0.7,-1.0,-0.7,-0.7,1.0,-1.0,-0.7,0.0,-0.7,-0.7,1.0,-0.7,-0.7,-0.7,-1.0,-0.7,-1.0,-1.0,0.0,-1.0,-1.0,-0.7,0.0,-0.7,-0.7,0.0,-1.0,-1.0,-1.0,0.0,-1.0,-1.0,-0.7,-0.7,-0.7,-0.7,-1.0,-0.7,-0.7,0.0,-1.0,0.0,-0.7,-1.0,-0.7,-1.0,0.0,0.0,-1.0,-1.0,-1.0,-1.0,-1.0,-1.0,-0.7,-1.0,0.0,0.0,-0.7,0.0,-1.0,-1.0,-0.7,-0.7,-0.7,0.0,0.0,-0.7,-0.7,-1.0,-1.0,-0.7,-0.7,-0.7,-1.0,-0.7,-1.0,-0.7,-1.0,-1.0,-1.0,
Yachiru Kusajishi,1.0,-1.0,-1.0,-1.0,-1.0,1.0,-1.0,1.0,-1.0,-1.0,-1.0,-1.0,1.0,-1.0,-1.0,-1.0,1.0,-1.0,-1.0,-1.0,-1.0,-1.0,1.0,-1.0,-1.0,-1.0,-1.0,-1.0,-1.0,-1.0,1.0,-1.0,-1.0,-1.0,-1.0,-1.0,-1.0,-1.0,-1.0,-1.0,-1.0,-1.0,-1.0,-1.0,-1.0,-1.0,-1.0,-1.0,-1.0,-1.0,-1.0,-1.0,-1.0,-1.0,-1.0,-1.0,-1.0,-1.0,-1.0,-1.0,-1.0,-1.0,-1.0,-1.0,-1.0,-1.0,-1.0,-1.0,-1.0,-1.0,-1.0,-1.0,-1.0,-1.0,-1.0,-1.0,-1.0,-1.0,-1.0,-1.0,-1.0,-1.0,-1.0,-1.0,-1.0,-1.0,-1.0,-1.0,-1.0,-1.0,-1.0,-1.0,-1.0,
Yachiru Kusajishi,1.0,0.0,-1.0,-1.0,-0.7,0.7,-1.0,1.0,0.0,-0.7,-1.0,-0.7,1.0,-1.0,-0.7,0.0,1.0,0.0,-1.0,-1.0,-1.0,-1.0,0.0,-0.7,-1.0,0.0,0.0,-0.7,0.0,-1.0,0.0,-0.7,0.0,-0.7,-1.0,-0.7,-1.0,-1.0,-1.0,0.0,-1.0,-0.7,-1.0,0.0,-1.0,-0.7,0.0,-0.7,-1.0,-0.7,0.0,-0.7,-1.0,0.0,-1.0,-0.7,0.0,-1.0,-0.7,-0.7,0.0,-1.0,-0.7,0.0,-1.0,-1.0,0.0,-1.0,0.0,-1.0,-1.0,-0.7,-0.7,-0.7,-0.7,0.0,-1.0,-0.7,-1.0,-0.7,-1.0,-1.0,-0.7,-1.0,-1.0,-0.7,-0.7,0.0,-0.7,-1.0,-0.7,-1.0,-0.7,
Yachiru Kusajishi,0.0,-0.7,-0.7,-1.0,-0.7,0.0,-1.0,1.0,-0.7,-0.7,-1.0,0.0,1.0,-1.0,-0.7,-1.0,0.7,-1.0,-1.0,-1.0,0.0,-0.7,0.7,-1.0,-0.7,-0.7,0.0,-0.7,-0.7,-1.0,0.7,-0.7,0.0,-1.0,-1.0,-0.7,-1.0,-1.0,0.0,-0.7,0.0,0.0,-1.0,-0.7,-1.0,0.0,-0.7,-1.0,-1.0,-0.7,-1.0,-1.0,-0.7,0.0,-1.0,-0.7,0.0,-1.0,0.0,-1.0,-0.7,-0.7,-0.7,0.0,-1.0,-1.0,-0.7,0.0,-1.0,0.0,-1.0,-1.0,-0.7,-1.0,-0.7,-1.0,-1.0,-0.7,-0.7,-0.7,-0.7,-1.0,-0.7,0.0,0.0,-1.0,-1.0,0.0,-0.7,-0.7,-0.7,-1.0,-0.7,
Shunzan Kyoraku,-1.0,1.0,-1.0,-1.0,-1.0,-1.0,-1.0,1.0,-1.0,-1.0,-1.0,-1.0,1.0,-1.0,-1.0,1.0,-1.0,-1.0,-1.0,-1.0,-1.0,-1.0,1.0,-1.0,-1.0,-1.0,-1.0,-1.0,-1.0,-1.0,-1.0,-1.0,-1.0,-1.0,-1.0,1.0,-1.0,-1.0,-1.0,-1.0,-1.0,-1.0,-1.0,-1.0,-1.0,-1.0,-1.0,-1.0,-1.0,-1.0,-1.0,-1.0,-1.0,-1.0,-1.0,-1.0,-1.0,-1.0,-1.0,-1.0,-1.0,-1.0,-1.0,-1.0,-1.0,-1.0,-1.0,-1.0,-1.0,-1.0,-1.0,-1.0,-1.0,-1.0,-1.0,-1.0,-1.0,-1.0,-1.0,-1.0,-1.0,-1.0,-1.0,-1.0,-1.0,-1.0,-1.0,-1.0,-1.0,-1.0,-1.0,-1.0,-1.0,
Shunzan Kyoraku,0.0,0.7,-1.0,-1.0,-1.0,-0.7,-1.0,1.0,0.0,-1.0,-1.0,-1.0,1.0,-0.7,0.0,0.0,-0.7,-0.7,-0.7,-1.0,-1.0,0.0,1.0,-1.0,-0.7,-0.7,-1.0,-1.0,-1.0,-0.7,-1.0,-0.7,-0.7,0.0,-1.0,1.0,-0.7,-0.7,-1.0,-0.7,-1.0,-1.0,-0.7,-1.0,0.0,-0.7,-0.7,-0.7,-0.7,-1.0,0.0,0.0,-1.0,-1.0,-1.0,-0.7,-0.7,0.0,-0.7,-0.7,-0.7,-0.7,-0.7,-0.7,-0.7,-0.7,-0.7,-0.7,-0.7,-0.7,-0.7,-0.7,-0.7,-1.0,-1.0,-0.7,-0.7,0.0,-1.0,-1.0,-1.0,-1.0,-0.7,-1.0,-0.7,-0.7,-0.7,0.0,-0.7,-1.0,0.0,0.0,-1.0,
Shunzan Kyoraku,-1.0,1.0,-1.0,0.0,-0.7,-1.0,0.0,0.7,-1.0,0.0,0.0,0.0,0.7,-0.7,-1.0,0.7,0.0,-1.0,-0.7,-0.7,-1.0,-0.7,1.0,-0.7,-1.0,0.0,-1.0,-1.0,-1.0,0.0,-0.7,-0.7,-0.7,-0.7,-1.0,0.7,-1.0,0.0,-0.7,-0.7,-1.0,-0.7,-1.0,-1.0,-1.0,-0.7,-0.7,-1.0,-1.0,-0.7,-0.7,-1.0,-1.0,0.0,0.0,0.0,0.0,-1.0,-1.0,-1.0,-1.0,0.0,-0.7,-0.7,-1.0,0.0,0.0,-1.0,0.0,-1.0,-1.0,-0.7,-0.7,-1.0,-1.0,0.0,-0.7,-0.7,-1.0,-1.0,-1.0,-1.0,-1.0,-1.0,-0.7,-1.0,0.0,-1.0,-0.7,-1.0,-0.7,-1.0,0.0,
Ikkaku Madarame,-1.0,-1.0,-1.0,-1.0,-1.0,-1.0,-1.0,1.0,-1.0,-1.0,-1.0,-1.0,1.0,-1.0,-1.0,-1.0,1.0,-1.0,1.0,-1.0,-1.0,-1.0,1.0,-1.0,-1.0,-1.0,-1.0,-1.0,1.0,1.0,-1.0,-1.0,-1.0,-1.0,-1.0,1.0,-1.0,-1.0,-1.0,-1.0,-1.0,-1.0,-1.0,-1.0,-1.0,-1.0,-1.0,-1.0,-1.0,-1.0,-1.0,-1.0,-1.0,-1.0,-1.0,-1.0,-1.0,-1.0,-1.0,-1.0,-1.0,-1.0,-1.0,-1.0,-1.0,-1.0,-1.0,-1.0,-1.0,-1.0,-1.0,-1.0,-1.0,-1.0,-1.0,-1.0,-1.0,-1.0,-1.0,-1.0,-1.0,-1.0,-1.0,-1.0,-1.0,-1.0,-1.0,-1.0,-1.0,-1.0,-1.0,-1.0,-1.0,
Ikkaku Madarame,-0.7,-0.7,-1.0,-0.7,-0.7,-1.0,-0.7,0.0,-0.7,0.0,0.0,0.0,0.7,-0.7,-0.7,-0.7,0.0,-1.0,1.0,-1.0,-1.0,-1.0,0.7,-1.0,-0.7,-0.7,-1.0,-1.0,0.7,0.7,0.0,0.0,0.0,-0.7,0.0,0.0,0.0,-1.0,0.0,-0.7,-0.7,-1.0,-1.0,-1.0,-1.0,-1.0,0.0,-1.0,-1.0,-1.0,-0.7,-1.0,-1.0,-0.7,-0.7,-1.0,-1.0,-1.0,0.0,-1.0,-0.7,-1.0,-0.7,-1.0,-1.0,-0.7,-1.0,-1.0,-0.7,0.0,-1.0,-0.7,0.0,0.0,-0.7,-0.7,-1.0,-0.7,-1.0,-1.0,-0.7,-1.0,-0.7,-0.7,-0.7,-1.0,-1.0,-0.7,0.0,-1.0,-1.0,0.0,-1.0,
Ikkaku Madarame,0.0,-0.7,-0.7,-1.0,-1.0,-1.0,0.0,0.7,-0.7,-0.7,-1.0,-0.7,0.7,-0.7,-1.0,-0.7,0.0,-0.7,1.0,-0.7,-1.0,-0.7,0.0,-0.7,-0.7,-0.7,-1.0,-1.0,0.0,0.7,-1.0,-1.0,-0.7,-0.7,0.0,1.0,0.0,-0.7,-0.7,-0.7,-1.0,0.0,-1.0,-1.0,0.0,-0.7,0.0,-0.7,-1.0,0.0,-1.0,0.0,-1.0,0.0,-1.0,-0.7,0.0,-0.7,-0.7,0.0,-0.7,0.0,-0.7,-1.0,-1.0,-1.0,-1.0,-0.7,-1.0,-1.0,-1.0,0.0,-0.7,-1.0,0.0,-1.0,0.0,-0.7,-1.0,-0.7,-0.7,-0.7,0.0,-1.0,-1.0,-1.0,-1.0,-1.0,0.0,-1.0,-0.7,-0.7,0.0,
Shino Madarame,1.0,1.0,1.0,-1.0,-1.0,-1.0,-1.0,1.0,-1.0,-1.0,-1.0,-1.0,1.0,-1.0,-1.0,-1.0,-1.0,-1.0,-1.0,-1.0,-1.0,-1.0,1.0,-1.0,-1.0,-1.0,-1.0,-1.0,-1.0,-1.0,-1.0,-1.0,-1.0,-1.0,-1.0,1.0,-1.0,-1.0,-1.0,-1.0,-1.0,-1.0,-1.0,-1.0,-1.0,-1.0,-1.0,-1.0,-1.0,-1.0,-1.0,-1.0,-1.0,-1.0,-1.0,-1.0,-1.0,-1.0,-1.0,-1.0,-1.0,-1.0,-1.0,-1.0,-1.0,-1.0,-1.0,-1.0,-1.0,-1.0,-1.0,-1.0,-1.0,-1.0,-1.0,-1.0,-1.0,-1.0,-1.0,-1.0,-1.0,-1.0,-1.0,-1.0,-1.0,-1.0,-1.0,-1.0,-1.0,-1.0,-1.0,-1.0,-1.0,
Shino Madarame,0.0,0.7,0.0,-0.7,0.0,-0.7,-1.0,0.7,-0.7,-1.0,-1.0,-0.7,0.0,-1.0,-0.7,-0.7,0.0,0.0,-0.7,-0.7,-1.0,-0.7,0.7,0.0,-0.7,-1.0,-0.7,-1.0,-1.0,-1.0,-1.0,0.0,-1.0,-1.0,0.0,1.0,-1.0,-1.0,-1.0,-1.0,-1.0,-0.7,-1.0,-1.0,0.0,-0.7,0.0,-0.7,-1.0,-0.7,-1.0,-1.0,-0.7,-0.7,-0.7,0.0,-1.0,-0.7,-0.7,0.0,0.0,0.0,-1.0,-0.7,-1.0,-1.0,0.0,-1.0,0.0,-1.0,0.0,-1.0,-1.0,-1.0,-0.7,-1.0,-0.7,-1.0,-1.0,-1.0,-0.7,0.0,0.0,-1.0,-0.7,-0.7,-1.0,-0.7,-0.7,-1.0,-1.0,-1.0,-0.7,
Shino Madarame,1.0,1.0,1.0,-1.0,-1.0,0.0,-1.0,0.7,-1.0,-0.7,-0.7,-1.0,0.0,-0.7,0.0,-0.7,0.0,-0.7,0.0,-0.7,-0.7,-0.7,0.0,0.0,-1.0,-0.7,-1.0,-0.7,-1.0,-1.0,0.0,-1.0,-0.7,-0.7,-1.0,1.0,-0.7,-1.0,0.0,0.0,-1.0,-1.0,-0.7,-0.7,-1.0,-1.0,-0.7,0.0,-1.0,-0.7,0.0,-0.7,-0.7,-0.7,0.0,-0.7,0.0,-0.7,-0.7,-1.0,-1.0,-0.7,-1.0,-0.7,-1.0,0.0,-1.0,0.0,-0.7,-1.0,-0.7,-1.0,-1.0,-1.0,-1.0,0.0,-1.0,-0.7,-1.0,-0.7,-1.0,-0.7,-0.7,-0.7,-1.0,-0.7,-1.0,-1.0,-0.7,-0.7,-0.7,-0.7,-1.0,
Oetsu Nimaiya,-1.0,-1.0,-1.0,-1.0,1.0,-1.0,-1.0,1.0,-1.0,-1.0,-1.0,-1.0,1.0,-1.0,1.0,-1.0,-1.0,-1.0,-1.0,1.0,-1.0,-1.0,1.0,-1.0,-1.0,-1.0,-1.0,-1.0,1.0,-1.0,-1.0,-1.0,-1.0,-1.0,1.0,-1.0,-1.0,-1.0,-1.0,-1.0,-1.0,-1.0,-1.0,-1.0,-1.0,-1.0,-1.0,-1.0,-1.0,-1.0,-1.0,-1.0,-1.0,-1.0,-1.0,-1.0,-1.0,-1.0,-1.0,-1.0,-1.0,-1.0,-1.0,-1.0,-1.0,-1.0,-1.0,-1.0,-1.0,-1.0,-1.0,-1.0,-1.0,-1.0,-1.0,-1.0,-1.0,-1.0,-1.0,-1.0,-1.0,-1.0,-1.0,-1.0,-1.0,-1.0,-1.0,-1.0,-1.0,-1.0,-1.0,-1.0,-1.0,
Oetsu Nimaiya,-1.0,-1.0,-0.7,-0.7,1.0,-0.7,-0.7,0.7,-0.7,-0.7,-0.7,-1.0,1.0,-1.0,0.7,0.0,-0.7,-1.0,-0.7,0.0,0.0,-0.7,0.0,-1.0,-1.0,-1.0,-0.7,-1.0,0.7,-0.7,-1.0,0.0,-1.0,-1.0,0.7,-1.0,-0.7,0.0,0.0,0.0,-1.0,-0.7,-1.0,-1.0,-1.0,-1.0,0.0,-1.0,-0.7,-0.7,-0.7,0.0,-1.0,-0.7,-0.7,-1.0,-0.7,0.0,-1.0,-1.0,-1.0,-0.7,-0.7,-0.7,-0.7,0.0,-0.7,0.0,0.0,-0.7,-0.7,0.0,0.0,-1.0,-1.0,0.0,-1.0,0.0,-1.0,-1.0,-1.0,-1.0,-1.0,-0.7,-0.7,0.0,-0.7,-0.7,-0.7,-0.7,-0.7,-1.0,-1.0,
Oetsu Nimaiya,-1.0,-1.0,-0.7,-1.0,0.0,0.0,0.0,0.0,-1.0,-0.7,-1.0,0.0,0.0,0.0,0.7,-0.7,-1.0,-1.0,-0.7,0.7,0.0,-1.0,0.0,-0.7,0.0,0.0,0.0,-1.0,0.0,-1.0,-1.0,-0.7,0.0,-0.7,0.0,-0.7,-1.0,0.0,-1.0,0.0,-1.0,-0.7,-0.7,-1.0,-1.0,-1.0,-1.0,-1.0,-0.7,-0.7,-0.7,0.0,-0.7,-0.7,-0.7,-0.7,-0.7,-1.0,0.0,-0.7,-1.0,-0.7,-1.0,-1.0,-1.0,-0.7,-0.7,0.0,-1.0,-0.7,-0.7,-1.0,-0.7,-1.0,-1.0,-0.7,-0.7,-1.0,-1.0,-1.0,-1.0,-1.0,-1.0,-0.7,-0.7,-0.7,-0.7,-1.0,-1.0,0.0,-1.0,-1.0,-1.0,
Danjirō Obana,-1.0,-1.0,-1.0,-1.0,-1.0,-1.0,-1.0,1.0,-1.0,-1.0,-1.0,-1.0,1.0,-1.0,-1.0,-1.0,-1.0,1.0,-1.0,-1.0,-1.0,-1.0,1.0,-1.0,-1.0,-1.0,-1.0,-1.0,-1.0,-1.0,-1.0,-1.0,-1.0,-1.0,-1.0,-1.0,-1.0,-1.0,-1.0,-1.0,-1.0,-1.0,-1.0,-1.0,-1.0,-1.0,-1.0,-1.0,-1.0,-1.0,-1.0,-1.0,-1.0,-1.0,-1.0,-1.0,-1.0,-1.0,-1.0,-1.0,-1.0,-1.0,-1.0,-1.0,-1.0,-1.0,-1.0,-1.0,-1.0,-1.0,-1.0,-1.0,-1.0,-1.0,-1.0,-1.0,-1.0,-1.0,-1.0,-1.0,-1.0,-1.0,-1.0,-1.0,-1.0,-1.0,-1.0,-1.0,-1.0,-1.0,-1.0,-1.0,-1.0,
Danjirō Obana,-0.7,-0.7,0.0,0.0,-0.7,-1.0,-1.0,1.0,-1.0,-1.0,-1.0,-1.0,1.0,0.0,-0.7,0.0,-1.0,0.7,-1.0,-1.0,-1.0,0.0,0.0,-1.0,-1.0,-0.7,-1.0,-1.0,-1.0,-0.7,-1.0,-1.0,-1.0,-0.7,0.0,-1.0,0.0,0.0,0.0,-0.7,-0.7,0.0,-1.0,-0.7,0.0,-0.7,0.0,-0.7,0.0,-0.7,-0.7,-0.7,0.0,0.0,0.0,-0.7,-1.0,-1.0,0.0,-0.7,-1.0,-1.0,0.0,0.0,0.0,-0.7,-1.0,-1.0,-1.0,0.0,-1.0,-0.7,-0.7,-0.7,0.0,-1.0,-0.7,-1.0,-1.0,-0.7,-1.0,-0.7,-0.7,-1.0,-1.0,-0.7,0.0,-0.7,-0.7,-0.7,-0.7,-1.0,-0.7,
Danjirō Obana,-0.7,-0.7,-0.7,0.0,-1.0,0.0,-0.7,0.7,-1.0,-1.0,-0.7,-0.7,1.0,-0.7,-1.0,0.0,0.0,1.0,0.0,0.0,-1.0,-0.7,0.7,-0.7,-1.0,-1.0,-0.7,-1.0,0.0,-1.0,-0.7,0.0,-0.7,-0.7,0.0,0.0,-1.0,-0.7,0.0,-1.0,-1.0,-1.0,-1.0,-0.7,-0.7,0.0,-0.7,-1.0,-1.0,0.0,-1.0,-1.0,0.0,-0.7,-1.0,0.0,0.0,-1.0,0.0,-1.0,-0.7,0.0,0.0,-1.0,-1.0,-1.0,-0.7,-1.0,-0.7,-1.0,-0.7,-1.0,0.0,-1.0,-1.0,0.0,-0.7,-1.0,-1.0,-0.7,-1.0,-0.7,-0.7,-1.0,-0.7,-0.7,0.0,-1.0,-0.7,-1.0,-0.7,0.0,-1.0,
Harunobu Ogido,-1.0,1.0,-1.0,-1.0,-1.0,-1.0,-1.0,1.0,-1.0,-1.0,-1.0,1.0,1.0,-1.0,-1.0,-1.0,-1.0,-1.0,-1.0,-1.0,-1.0,-1.0,1.0,-1.0,-1.0,-1.0,-1.0,-1.0,-1.0,-1.0,-1.0,-1.0,-1.0,-1.0,-1.0,-1.0,-1.0,-1.0,-1.0,-1.0,-1.0,-1.0,-1.0,-1.0,-1.0,-1.0,-1.0,-1.0,-1.0,-1.0,-1.0,-1.0,-1.0,-1.0,-1.0,-1.0,-1.0,-1.0,-1.0,-1.0,-1.0,-1.0,-1.0,-1.0,-1.0,-1.0,-1.0,-1.0,-1.0,-1.0,-1.0,-1.0,-1.0,-1.0,-1.0,-1.0,-1.0,-1.0,-1.0,-1.0,-1.0,-1.0,-1.0,-1.0,-1.0,-1.0,-1.0,-1.0,-1.0,-1.0,-1.0,-1.0,-1.0,
Harunobu Ogido,0.0,0.7,0.0,-0.7,-1.0,-1.0,-1.0,1.0,-0.7,-0.7,0.0,0.7,0.7,0.0,0.0,-1.0,-0.7,-1.0,-1.0,-1.0,0.0,-0.7,0.7,0.0,-1.0,-0.7,-0.7,-1.0,-0.7,-1.0,0.0,-1.0,-1.0,-0.7,-1.0,-1.0,-0.7,-1.0,-0.7,-0.7,-0.7,-0.7,-1.0,-1.0,-0.7,0.0,-1.0,-0.7,-0.7,-0.7,-0.7,-1.0,-0.7,-1.0,-0.7,0.0,-0.7,-1.0,0.0,0.0,-0.7,-0.7,-1.0,0.0,-0.7,0.0,-1.0,-1.0,0.0,-0.7,-1.0,-1.0,-0.7,-1.0,-0.7,-0.7,-0.7,-1.0,0.0,-1.0,-0.7,-1.0,-0.7,0.0,0.0,-0.7,-0.7,0.0,0.0,0.0,-1.0,0.0,-1.0,
Harunobu Ogido,-1.0,1.0,-1.0,-0.7,0.0,-0.7,-0.7,0.7,-0.7,-1.0,0.0,0.7,0.7,-0.7,0.0,-1.0,-1.0,-0.7,-0.7,0.0,-1.0,-1.0,0.0,-0.7,-0.7,-1.0,-1.0,-0.7,-1.0,0.0,-0.7,-1.0,-0.7,-0.7,-1.0,-1.0,-0.7,-0.7,-0.7,-0.7,-0.7,-0.7,-0.7,-0.7,-1.0,0.0,-0.7,0.0,-0.7,-1.0,-0.7,-1.0,-0.7,-0.7,0.0,-0.7,-0.7,-1.0,0.0,0.0,-0.7,-1.0,-0.7,-1.0,-0.7,-1.0,-0.7,-0.7,-1.0,-0.7,0.0,-1.0,-0.7,-1.0,-1.0,-1.0,-0.7,-0.7,0.0,-0.7,-1.0,-0.7,-1.0,-0.7,-1.0,-1.0,-0.7,0.0,-1.0,0.0,-1.0,0.0,-0.7,
Genshiro Okikiba,-1.0,-1.0,-1.0,-1.0,-1.0,-1.0,-1.0,1.0,-1.0,-1.0,-1.0,-1.0,1.0,-1.0,-1.0,-1.0,-1.0,1.0,-1.0,-1.0,-1.0,-1.0,1.0,-1.0,-1.0,-1.0,-1.0,-1.0,-1.0,1.0,-1.0,-1.0,-1.0,-1.0,-1.0,-1.0,-1.0,-1.0,-1.0,-1.0,-1.0,-1.0,-1.0,-1.0,-1.0,-1.0,-1.0,-1.0,-1.0,-1.0,-1.0,-1.0,-1.0,-1.0,-1.0,-1.0,-1.0,-1.0,-1.0,-1.0,-1.0,-1.0,-1.0,-1.0,-1.0,-1.0,-1.0,-1.0,-1.0,-1.0,-1.0,-1.0,-1.0,-1.0,-1.0,-1.0,-1.0,-1.0,-1.0,-1.0,-1.0,-1.0,-1.0,-1.0,-1.0,-1.0,-1.0,-1.0,-1.0,-1.0,-1.0,-1.0,-1.0,
Genshiro Okikiba,-1.0,-1.0,-1.0,-1.0,-1.0,-0.7,0.0,1.0,-0.7,-0.7,0.0,-0.7,0.7,-0.7,-1.0,-1.0,-0.7,1.0,-0.7,-1.0,-0.7,-1.0,0.0,0.0,-1.0,-1.0,-0.7,-1.0,-1.0,1.0,0.0,0.0,-0.7,-0.7,0.0,0.0,0.0,-1.0,-1.0,-0.7,-0.7,-1.0,-1.0,0.0,0.0,-1.0,0.0,-0.7,0.0,-0.7,-1.0,-0.7,-0.7,-0.7,-1.0,0.0,-1.0,-1.0,-0.7,-0.7,-0.7,-0.7,-0.7,-0.7,-0.7,-1.0,-0.7,0.0,-1.0,-0.7,0.0,-1.0,-0.7,0.0,-1.0,-1.0,0.0,0.0,-0.7,-0.7,0.0,-0.7,-1.0,-1.0,-0.7,0.0,0.0,0.0,0.0,-0.7,-0.7,-0.7,-0.7,
Genshiro Okikiba,-0.7,-1.0,0.0,-0.7,-1.0,-0.7,-0.7,1.0,0.0,-1.0,-1.0,-0.7,0.7,0.0,0.0,0.0,-1.0,1.0,-0.7,-1.0,0.0,-0.7,0.0,-1.0,-0.7,-0.7,-1.0,-0.7,-0.7,0.7,-1.0,-1.0,-0.7,-1.0,-1.0,-1.0,-1.0,-1.0,-1.0,-0.7,-0.7,-0.7,0.0,-0.7,-0.7,0.0,-0.7,-0.7,-0.7,-0.7,-0.7,-1.0,-1.0,-1.0,-1.0,-1.0,-0.7,-0.7,-0.7,-1.0,0.0,-0.7,-1.0,0.0,-0.7,-0.7,-1.0,-0.7,0.0,-0.7,-0.7,-0.7,0.0,-1.0,-0.7,-1.0,-0.7,-0.7,-1.0,-0.7,-0.7,-1.0,-0.7,-1.0,-0.7,-1.0,-0.7,-0.7,-0.7,-1.0,0.0,-0.7,-1.0,
Atau Rindo,-1.0,1.0,-1.0,-1.0,-1.0,-1.0,-1.0,1.0,-1.0,-1.0,-1.0,-1.0,1.0,-1.0,-1.0,-1.0,-1.0,-1.0,-1.0,-1.0,-1.0,-1.0,1.0,-1.0,-1.0,-1.0,-1.0,-1.0,-1.0,-1.0,-1.0,-1.0,-1.0,-1.0,-1.0,-1.0,-1.0,-1.0,-1.0,-1.0,-1.0,-1.0,-1.0,-1.0,-1.0,-1.0,-1.0,-1.0,-1.0,-1.0,-1.0,-1.0,-1.0,-1.0,-1.0,-1.0,-1.0,-1.0,-1.0,-1.0,-1.0,-1.0,-1.0,-1.0,-1.0,-1.0,-1.0,-1.0,-1.0,-1.0,-1.0,-1.0,-1.0,-1.0,-1.0,-1.0,-1.0,-1.0,-1.0,-1.0,-1.0,-1.0,-1.0,-1.0,-1.0,-1.0,-1.0,-1.0,-1.0,-1.0,-1.0,-1.0,-1.0,
Atau Rindo,0.0,1.0,-0.7,-0.7,-0.7,0.0,-0.7,1.0,0.0,0.0,-0.7,-0.7,1.0,-0.7,-1.0,-1.0,-0.7,-1.0,-1.0,-0.7,-1.0,-1.0,1.0,-1.0,-0.7,0.0,-0.7,-0.7,-1.0,-1.0,-1.0,-0.7,-0.7,-0.7,-1.0,-1.0,-0.7,-1.0,-0.7,-0.7,-0.7,0.0,0.0,-0.7,-0.7,-1.0,0.0,-0.7,-1.0,-0.7,-1.0,-0.7,-0.7,-1.0,-1.0,0.0,-0.7,0.0,-1.0,-0.7,-0.7,-1.0,-1.0,-1.0,-1.0,0.0,-1.0,-0.7,-0.7,-1.0,-0.7,-1.0,-0.7,-1.0,-0.7,-0.7,0.0,0.0,-0.7,-1.0,-0.7,-0.7,0.0,-1.0,-1.0,-0.7,-0.7,-1.0,-0.7,-0.7,0.0,-0.7,-1.0,
Atau Rindo,-1.0,1.0,-0.7,-0.7,-1.0,-0.7,-0.7,1.0,-1.0,0.0,-1.0,-0.7,0.7,-0.7,-0.7,-0.7,0.0,0.0,-0.7,-1.0,-1.0,-0.7,0.7,-1.0,-1.0,-0.7,-1.0,-0.7,-0.7,-0.7,-1.0,-1.0,-1.0,-1.0,-0.7,-0.7,-1.0,-1.0,-1.0,0.0,-0.7,0.0,0.0,-0.7,-0.7,-1.0,-0.7,-1.0,0.0,-1.0,-0.7,-1.0,0.0,-1.0,-0.7,-0.7,-1.0,-0.7,0.0,-1.0,0.0,-0.7,0.0,-1.0,-0.7,0.0,-0.7,-0.7,-1.0,-1.0,-0.7,-0.7,-0.7,-1.0,-0.7,-1.0,-0.7,0.0,-0.7,-1.0,0.0,-0.7,-0.7,-1.0,-0.7,-1.0,-0.7,-1.0,-1.0,-1.0,-1.0,-1.0,-0.7,
Furofushi Saito,1.0,-1.0,-1.0,-1.0,1.0,-1.0,-1.0,1.0,-1.0,-1.0,-1.0,-1.0,1.0,-1.0,-1.0,-1.0,-1.0,1.0,-1.0,-1.0,-1.0,-1.0,1.0,-1.0,-1.0,-1.0,-1.0,-1.0,-1.0,-1.0,-1.0,-1.0,-1.0,-1.0,-1.0,-1.0,-1.0,-1.0,-1.0,-1.0,-1.0,-1.0,-1.0,-1.0,-1.0,-1.0,-1.0,-1.0,-1.0,-1.0,-1.0,-1.0,-1.0,-1.0,-1.0,-1.0,-1.0,-1.0,-1.0,-1.0,-1.0,-1.0,-1.0,-1.0,-1.0,-1.0,-1.0,-1.0,-1.0,-1.0,-1.0,-1.0,-1.0,-1.0,-1.0,-1.0,-1.0,-1.0,-1.0,-1.0,-1.0,-1.0,-1.0,-1.0,-1.0,-1.0,-1.0,-1.0,-1.0,-1.0,-1.0,-1.0,-1.0,
Furofushi Saito,1.0,-0.7,-1.0,0.0,0.0,-1.0,-0.7,1.0,0.0,-0.7,-1.0,-1.0,1.0,-1.0,-0.7,-0.7,-1.0,1.0,-1.0,-1.0,0.0,-1.0,0.7,-1.0,-1.0,-0.7,-0.7,-0.7,-0.7,-0.7,-1.0,-0.7,-0.7,-1.0,-0.7,-1.0,-1.0,-0.7,0.0,0.0,-1.0,-0.7,-0.7,-1.0,-0.7,-0.7,0.0,-1.0,-1.0,0.0,-0.7,0.0,-1.0,-0.7,-0.7,-1.0,-0.7,-0.7,-1.0,-1.0,-0.7,-0.7,0.0,-1.0,-1.0,0.0,0.0,-1.0,-0.7,-1.0,-1.0,-1.0,-1.0,0.0,-0.7,0.0,-0.7,-0.7,-0.7,0.0,-0.7,-0.7,0.0,-1.0,-0.7,0.0,0.0,-1.0,-0.7,-0.7,-1.0,-0.7,-1.0,
Furofushi Saito,1.0,-0.7,-0.7,-0.7,0.7,-1.0,-1.0,1.0,-1.0,-0.7,-0.7,-1.0,1.0,-0.7,-1.0,0.0,-0.7,1.0,-1.0,-0.7,-1.0,-1.0,1.0,-0.7,-0.7,-1.0,-0.7,-0.7,-0.7,-1.0,-0.7,0.0,-1.0,-1.0,-1.0,-1.0,-1.0,0.0,0.0,-1.0,-0.7,-0.7,-0.7,-0.7,-1.0,-0.7,-0.7,-0.7,-0.7,-1.0,-1.0,0.0,-0.7,0.0,-1.0,-0.7,-0.7,0.0,-1.0,-1.0,-0.7,0.0,0.0,0.0,0.0,-1.0,-1.0,-1.0,-1.0,0.0,0.0,-1.0,-0.7,0.0,-0.7,-1.0,-0.7,-1.0,-0.7,-0.7,-1.0,0.0,-0.7,-0.7,0.0,-1.0,-1.0,0.0,-1.0,-0.7,-1.0,-1.0,-0.7,
Saizo Sakahone,-1.0,-1.0,-1.0,-1.0,-1.0,-1.0,1.0,1.0,-1.0,-1.0,-1.0,-1.0,1.0,-1.0,-1.0,-1.0,-1.0,1.0,-1.0,-1.0,-1.0,-1.0,1.0,-1.0,-1.0,-1.0,-1.0,-1.0,-1.0,1.0,-1.0,-1.0,-1.0,-1.0,-1.0,-1.0,-1.0,-1.0,-1.0,-1.0,-1.0,-1.0,-1.0,-1.0,-1.0,-1.0,-1.0,-1.0,-1.0,-1.0,-1.0,-1.0,-1.0,-1.0,-1.0,-1.0,-1.0,-1.0,-1.0,-1.0,-1.0,-1.0,-1.0,-1.0,-1.0,-1.0,-1.0,-1.0,-1.0,-1.0,-1.0,-1.0,-1.0,-1.0,-1.0,-1.0,-1.0,-1.0,-1.0,-1.0,-1.0,-1.0,-1.0,-1.0,-1.0,-1.0,-1.0,-1.0,-1.0,-1.0,-1.0,-1.0,-1.0,
Saizo Sakahone,-1.0,-0.7,-0.7,0.0,-0.7,-1.0,0.0,0.7,-0.7,0.0,-0.7,-0.7,0.7,-1.0,-1.0,-0.7,-1.0,1.0,-1.0,-0.7,-1.0,-0.7,1.0,-0.7,-0.7,-0.7,-1.0,0.0,0.0,0.0,0.0,-0.7,-0.7,-0.7,-0.7,0.0,-0.7,0.0,-1.0,0.0,-0.7,-0.7,-1.0,-0.7,0.0,-1.0,-0.7,-1.0,0.0,-0.7,-1.0,-1.0,-0.7,-1.0,-0.7,0.0,0.0,-1.0,0.0,-0.7,-1.0,-1.0,-1.0,0.0,-1.0,-1.0,-0.7,-0.7,-0.7,-0.7,-1.0,0.0,-1.0,-0.7,-0.7,-1.0,0.0,-0.7,-1.0,0.0,-0.7,-0.7,-0.7,0.0,-1.0,-1.0,-0.7,-1.0,-0.7,-1.0,-1.0,-1.0,-0.7,
Saizo Sakahone,0.0,-1.0,-0.7,-1.0,-0.7,-1.0,0.7,0.7,0.0,-1.0,-0.7,-0.7,0.0,-1.0,-1.0,0.0,-1.0,1.0,-1.0,0.0,-1.0,0.0,0.7,-1.0,-0.7,-1.0,-0.7,-0.7,-0.7,1.0,-0.7,0.0,-0.7,0.0,-1.0,0.0,-1.0,-1.0,0.0,0.0,-0.7,-1.0,-1.0,-0.7,0.0,-1.0,0.0,-1.0,0.0,0.0,-0.7,-1.0,0.0,-0.7,-0.7,-0.7,-1.0,0.0,-1.0,0.0,-1.0,-0.7,-1.0,-1.0,-1.0,-0.7,-0.7,0.0,-1.0,-0.7,-0.7,-1.0,-0.7,-0.7,-1.0,-1.0,-0.7,-1.0,-0.7,0.0,-0.7,-0.7,-1.0,0.0,-1.0,-0.7,0.0,-0.7,-0.7,-0.7,-1.0,-0.7,-1.0,
Chojiro Sasakibe,-1.0,-1.0,-1.0,-1.0,-1.0,-1.0,-1.0,1.0,-1.0,-1.0,-1.0,-1.0,1.0,-1.0,-1.0,-1.0,1.0,1.0,-1.0,-1.0,-1.0,-1.0,1.0,-1.0,-1.0,-1.0,-1.0,-1.0,1.0,1.0,-1.0,-1.0,1.0,-1.0,-1.0,-1.0,-1.0,-1.0,-1.0,-1.0,-1.0,-1.0,-1.0,-1.0,-1.0,-1.0,-1.0,-1.0,-1.0,-1.0,-1.0,-1.0,-1.0,-1.0,-1.0,-1.0,-1.0,-1.0,-1.0,-1.0,-1.0,-1.0,-1.0,-1.0,-1.0,-1.0,-1.0,-1.0,-1.0,-1.0,-1.0,-1.0,-1.0,-1.0,-1.0,-1.0,-1.0,-1.0,-1.0,-1.0,-1.0,-1.0,-1.0,-1.0,-1.0,-1.0,-1.0,-1.0,-1.0,-1.0,-1.0,-1.0,-1.0,
Chojiro Sasakibe,-0.7,-1.0,0.0,-1.0,-0.7,-0.7,-0.7,1.0,-0.7,-1.0,-0.7,-1.0,0.7,-1.0,0.0,-0.7,1.0,0.7,0.0,-1.0,-0.7,-0.7,1.0,0.0,-1.0,-1.0,0.0,-0.7,0.0,0.7,-0.7,0.0,1.0,-0.7,-0.7,-1.0,-0.7,-1.0,-0.7,-0.7,0.0,-1.0,-0.7,-1.0,-0.7,-0.7,-0.7,0.0,0.0,-1.0,-1.0,-0.7,-0.7,-1.0,-0.7,-0.7,-1.0,0.0,-0.7,-1.0,-1.0,0.0,0.0,-0.7,-1.0,0.0,-0.7,0.0,-0.7,-1.0,-0.7,-1.0,-1.0,-0.7,0.0,-0.7,-0.7,-1.0,-1.0,-1.0,-0.7,-0.7,-1.0,0.0,-1.0,0.0,-0.7,-1.0,-0.7,-0.7,-0.7,-0.7,-1.0,
Chojiro Sasakibe,-0.7,0.0,-1.0,-1.0,0.0,-1.0,-0.7,0.7,-0.7,-0.7,-1.0,-1.0,0.7,-0.7,-0.7,-0.7,1.0,1.0,0.0,-0.7,-1.0,-1.0,1.0,-1.0,0.0,0.0,0.0,0.0,0.0,0.7,-1.0,-0.7,1.0,-1.0,-1.0,-0.7,-1.0,-1.0,-0.7,0.0,-0.7,0.0,-1.0,-1.0,-0.7,-0.7,-0.7,-0.7,-0.7,0.0,-1.0,-1.0,-0.7,-1.0,-1.0,-1.0,-1.0,-1.0,-1.0,-0.7,-0.7,-0.7,-0.7,-1.0,-1.0,-1.0,0.0,-0.7,-1.0,-1.0,0.0,-0.7,0.0,-1.0,-1.0,-0.7,-0.7,-0.7,-0.7,-0.7,-0.7,-1.0,-1.0,0.0,-1.0,-0.7,-0.7,0.0,-0.7,-0.7,0.0,0.0,-0.7,
Kaien Shiba,-1.0,1.0,-1.0,-1.0,-1.0,-1.0,-1.0,1.0,-1.0,-1.0,-1.0,-1.0,1.0,-1.0,-1.0,1.0,1.0,1.0,-1.0,-1.0,-1.0,-1.0,1.0,-1.0,-1.0,-1.0,-1.0,-1.0,-1.0,-1.0,-1.0,-1.0,1.0,-1.0,-1.0,1.0,-1.0,-1.0,-1.0,-1.0,-1.0,-1.0,-1.0,-1.0,-1.0,-1.0,-1.0,-1.0,-1.0,-1.0,-1.0,-1.0,-1.0,-1.0,-1.0,-1.0,-1.0,-1.0,-1.0,-1.0,-1.0,-1.0,-1.0,-1.0,-1.0,-1.0,-1.0,-1.0,-1.0,-1.0,-1.0,-1.0,-1.0,-1.0,-1.0,-1.0,-1.0,-1.0,-1.0,-1.0,-1.0,-1.0,-1.0,-1.0,-1.0,-1.0,-1.0,-1.0,-1.0,-1.0,-1.0,-1.0,-1.0,
Kaien Shiba,-0.7,1.0,-0.7,0.0,0.0,-1.0,-0.7,0.7,0.0,-0.7,-0.7,-1.0,0.7,-1.0,0.0,0.7,0.7,0.7,0.0,-1.0,-1.0,0.0,0.0,0.0,-1.0,-1.0,-1.0,-1.0,-0.7,-1.0,-0.7,-1.0,1.0,0.0,-1.0,1.0,-1.0,-1.0,-0.7,-1.0,-0.7,0.0,-0.7,-1.0,-0.7,-1.0,-0.7,-0.7,-1.0,0.0,0.0,0.0,-1.0,-0.7,0.0,-1.0,0.0,-1.0,-1.0,-0.7,-0.7,-0.7,0.0,-1.0,-1.0,0.0,-1.0,-0.7,-0.7,-1.0,-1.0,-0.7,0.0,-0.7,-0.7,-0.7,-1.0,-1.0,-0.7,-1.0,-1.0,-0.7,-0.7,-1.0,-0.7,-0.7,-1.0,0.0,-1.0,0.0,-1.0,0.0,-1.0,
Kaien Shiba,-0.7,1.0,-0.7,-0.7,-1.0,-0.7,-1.0,0.0,-1.0,-0.7,-0.7,-1.0,1.0,-0.7,-0.7,0.0,1.0,0.7,-1.0,-1.0,-0.7,-1.0,0.7,-0.7,-0.7,0.0,-0.7,-0.7,-0.7,-0.7,-1.0,-1.0,1.0,-0.7,0.0,1.0,-1.0,0.0,0.0,-0.7,-1.0,-1.0,-1.0,-1.0,-1.0,-0.7,-1.0,-1.0,-1.0,-0.7,-0.7,-0.7,-1.0,-1.0,-1.0,-1.0,0.0,0.0,-0.7,0.0,-0.7,-1.0,0.0,-1.0,-0.7,-1.0,-1.0,-0.7,-0.7,-1.0,-1.0,-1.0,0.0,-0.7,-0.7,-1.0,0.0,-1.0,-1.0,-1.0,0.0,-1.0,-1.0,-0.7,-1.0,-0.7,-0.7,-0.7,-1.0,-1.0,0.0,0.0,-1.0,
Miyako Shiba,1.0,1.0,-1.0,-1.0,-1.0,-1.0,-1.0,1.0,-1.0,-1.0,-1.0,-1.0,1.0,-1.0,-1.0,1.0,-1.0,1.0,-1.0,-1.0,-1.0,-1.0,1.0,-1.0,-1.0,-1.0,-1.0,-1.0,-1.0,-1.0,-1.0,-1.0,-1.0,-1.0,-1.0,-1.0,-1.0,-1.0,-1.0,-1.0,-1.0,-1.0,-1.0,-1.0,-1.0,-1.0,-1.0,-1.0,-1.0,-1.0,-1.0,-1.0,-1.0,-1.0,-1.0,-1.0,-1.0,-1.0,-1.0,-1.0,-1.0,-1.0,-1.0,-1.0,-1.0,-1.0,-1.0,-1.0,-1.0,-1.0,-1.0,-1.0,-1.0,-1.0,-1.0,-1.0,-1.0,-1.0,-1.0,-1.0,-1.0,-1.0,-1.0,-1.0,-1.0,-1.0,-1.0,-1.0,-1.0,-1.0,-1.0,-1.0,-1.0,
Miyako Shiba,1.0,1.0,-0.7,-0.7,-1.0,-0.7,-0.7,0.0,-1.0,-1.0,-1.0,0.0,0.7,-0.7,-1.0,1.0,-1.0,0.7,-1.0,-1.0,-0.7,-1.0,0.7,-1.0,0.0,-0.7,0.0,-0.7,0.0,0.0,-0.7,0.0,-1.0,-1.0,-1.0,-0.7,-0.7,-0.7,-1.0,-0.7,-1.0,-0.7,-1.0,0.0,-1.0,-1.0,0.0,-0.7,-1.0,-0.7,-1.0,0.0,-0.7,-1.0,-0.7,-1.0,-0.7,0.0,0.0,-1.0,-1.0,-1.0,-0.7,-0.7,-0.7,0.0,-1.0,-1.0,-1.0,-1.0,-1.0,-0.7,-1.0,-1.0,-0.7,-1.0,-0.7,-1.0,-0.7,0.0,-1.0,-0.7,0.0,-0.7,-1.0,-1.0,-0.7,0.0,-1.0,-1.0,-1.0,-1.0,-1.0,
Miyako Shiba,1.0,1.0,-1.0,0.0,-1.0,-1.0,-1.0,0.0,-0.7,-0.7,-1.0,0.0,0.7,-1.0,-0.7,0.0,-0.7,0.0,0.0,-1.0,-0.7,-1.0,0.0,-1.0,0.0,-1.0,-1.0,-1.0,-1.0,0.0,-1.0,-0.7,-1.0,-1.0,-1.0,-1.0,0.0,-0.7,-1.0,-0.7,-1.0,-1.0,-0.7,-1.0,-0.7,-0.7,-0.7,0.0,-1.0,-1.0,-1.0,-1.0,0.0,-0.7,-0.7,-0.7,-1.0,-0.7,-0.7,-0.7,-1.0,-0.7,-1.0,-0.7,-0.7,-1.0,-0.7,0.0,-1.0,0.0,-0.7,-0.7,0.0,-0.7,0.0,-1.0,-1.0,-0.7,0.0,0.0,-0.7,-0.7,-1.0,0.0,-1.0,-0.7,-0.7,-0.7,-1.0,0.0,-0.7,0.0,-1.0,
Nobutsuna Shigyo,-1.0,1.0,-1.0,1.0,-1.0,-1.0,-1.0,1.0,-1.0,-1.0,-1.0,-1.0,1.0,-1.0,-1.0,-1.0,-1.0,1.0,-1.0,-1.0,-1.0,-1.0,1.0,-1.0,-1.0,-1.0,-1.0,-1.0,-1.0,-1.0,-1.0,-1.0,-1.0,-1.0,-1.0,-1.0,-1.0,-1.0,-1.0,-1.0,-1.0,-1.0,-1.0,-1.0,-1.0,-1.0,-1.0,-1.0,-1.0,-1.0,-1.0,-1.0,-1.0,-1.0,-1.0,-1.0,-1.0,-1.0,-1.0,-1.0,-1.0,-1.0,-1.0,-1.0,-1.0,-1.0,-1.0,-1.0,-1.0,-1.0,-1.0,-1.0,-1.0,-1.0,-1.0,-1.0,-1.0,-1.0,-1.0,-1.0,-1.0,-1.0,-1.0,-1.0,-1.0,-1.0,-1.0,-1.0,-1.0,-1.0,-1.0,-1.0,-1.0,
Nobutsuna Shigyo,-0.7,0.7,-0.7,0.0,-1.0,-1.0,-0.7,1.0,0.0,-1.0,-0.7,-1.0,0.7,-1.0,-1.0,-1.0,-1.0,0.0,-1.0,-0.7,0.0,-0.7,0.0,0.0,-0.7,-0.7,-1.0,-0.7,0.0,-0.7,-0.7,-0.7,-1.0,0.0,-0.7,-1.0,0.0,-0.7,-0.7,-0.7,-1.0,0.0,-0.7,-1.0,-1.0,0.0,-1.0,0.0,-1.0,-0.7,0.0,-1.0,-0.7,-0.7,-0.7,-0.7,-0.7,-0.7,0.0,-0.7,-1.0,0.0,-0.7,-1.0,-1.0,-1.0,-1.0,-1.0,-1.0,-0.7,-1.0,-1.0,-1.0,-1.0,-1.0,-0.7,0.0,0.0,0.0,-1.0,-1.0,-1.0,-0.7,-1.0,-0.7,-1.0,-1.0,0.0,-0.7,0.0,-0.7,0.0,-0.7,
Nobutsuna Shigyo,0.0,1.0,-0.7,0.7,-1.0,0.0,0.0,0.7,-1.0,-0.7,0.0,-0.7,1.0,-0.7,-1.0,-0.7,-1.0,0.7,-0.7,-1.0,-1.0,-1.0,1.0,-1.0,0.0,0.0,0.0,0.0,-1.0,-1.0,-1.0,0.0,-0.7,-1.0,-1.0,-0.7,-0.7,0.0,-1.0,0.0,-0.7,-0.7,0.0,0.0,-1.0,-1.0,-0.7,-0.7,-0.7,0.0,-1.0,-0.7,-1.0,0.0,0.0,-0.7,-1.0,-0.7,-0.7,-1.0,0.0,0.0,-0.7,-0.7,-1.0,-0.7,-0.7,-1.0,-1.0,-1.0,-1.0,-0.7,-0.7,-0.7,-1.0,-0.7,0.0,-0.7,0.0,-0.7,-0.7,-1.0,-0.7,0.0,0.0,0.0,-1.0,-0.7,-0.7,-0.7,-1.0,0.0,0.0,
Chika Shihoin,-1.0,1.0,-1.0,-1.0,-1.0,-1.0,-1.0,1.0,-1.0,-1.0,-1.0,-1.0,1.0,-1.0,-1.0,1.0,-1.0,1.0,-1.0,-1.0,-1.0,-1.0,1.0,-1.0,-1.0,-1.0,-1.0,-1.0,-1.0,-1.0,-1.0,-1.0,-1.0,-1.0,-1.0,1.0,-1.0,-1.0,-1.0,-1.0,-1.0,-1.0,-1.0,-1.0,-1.0,-1.0,-1.0,-1.0,-1.0,-1.0,-1.0,-1.0,-1.0,-1.0,-1.0,-1.0,-1.0,-1.0,-1.0,-1.0,-1.0,-1.0,-1.0,-1.0,-1.0,-1.0,-1.0,-1.0,-1.0,-1.0,-1.0,-1.0,-1.0,-1.0,-1.0,-1.0,-1.0,-1.0,-1.0,-1.0,-1.0,-1.0,-1.0,-1.0,-1.0,-1.0,-1.0,-1.0,-1.0,-1.0,-1.0,-1.0,-1.0,
Chika Shihoin,-0.7,1.0,-1.0,-0.7,-1.0,0.0,-0.7,0.7,-0.7,-1.0,0.0,-0.7,0.0,-0.7,-0.7,1.0,-0.7,0.7,-0.7,-0.7,-1.0,0.0,0.0,-1.0,0.0,-1.0,-0.7,-1.0,0.0,-1.0,-0.7,-0.7,-1.0,-0.7,-1.0,0.7,0.0,0.0,0.0,-1.0,-1.0,-0.7,-1.0,0.0,-1.0,0.0,-1.0,0.0,-1.0,-1.0,-0.7,-1.0,-0.7,-0.7,-1.0,0.0,-0.7,-0.7,-0.7,-0.7,-1.0,-1.0,-0.7,-0.7,-1.0,-0.7,-0.7,-1.0,-1.0,-0.7,-1.0,-1.0,-1.0,0.0,-0.7,-1.0,-1.0,-0.7,-0.7,-0.7,0.0,-0.7,-1.0,-0.7,0.0,-0.7,-0.7,-1.0,-1.0,-0.7,0.0,-0.7,-0.7,
Chika Shihoin,-1.0,1.0,-0.7,-1.0,-0.7,-1.0,-0.7,0.0,-0.7,-1.0,-0.7,0.0,0.7,-1.0,-1.0,1.0,-1.0,0.0,0.0,-1.0,-1.0,-1.0,0.0,-0.7,-0.7,-0.7,-0.7,-1.0,-1.0,-0.7,-0.7,-1.0,-1.0,-1.0,-0.7,0.7,0.0,-1.0,-1.0,-1.0,-0.7,-0.7,-0.7,-1.0,-0.7,0.0,0.0,0.0,-0.7,0.0,-1.0,-1.0,-1.0,-0.7,0.0,-1.0,-0.7,-0.7,0.0,-0.7,0.0,-1.0,-1.0,-0.7,-1.0,-1.0,-0.7,-0.7,-0.7,-1.0,-0.7,-1.0,-1.0,-0.7,-1.0,-1.0,-0.7,-1.0,0.0,-0.7,0.0,-1.0,-0.7,-1.0,0.0,-1.0,-1.0,0.0,-1.0,-1.0,-1.0,-0.7,-1.0,
Chigiri Shijima,-1.0,-1.0,-1.0,-1.0,-1.0,-1.0,-1.0,1.0,-1.0,-1.0,-1.0,-1.0,1.0,-1.0,-1.0,-1.0,-1.0,1.0,-1.0,-1.0,-1.0,-1.0,1.0,-1.0,-1.0,-1.0,-1.0,-1.0,-1.0,-1.0,-1.0,-1.0,-1.0,-1.0,-1.0,-1.0,-1.0,-1.0,-1.0,-1.0,-1.0,-1.0,-1.0,-1.0,-1.0,-1.0,-1.0,-1.0,-1.0,-1.0,-1.0,-1.0,-1.0,-1.0,-1.0,-1.0,-1.0,-1.0,-1.0,-1.0,-1.0,-1.0,-1.0,-1.0,-1.0,-1.0,-1.0,-1.0,-1.0,-1.0,-1.0,-1.0,-1.0,-1.0,-1.0,-1.0,-1.0,-1.0,-1.0,-1.0,-1.0,-1.0,-1.0,-1.0,-1.0,-1.0,-1.0,-1.0,-1.0,-1.0,-1.0,-1.0,-1.0,
Chigiri Shijima,-0.7,-1.0,-0.7,-0.7,-0.7,-0.7,-1.0,1.0,-1.0,-0.7,-0.7,0.0,1.0,-0.7,-0.7,-0.7,0.0,1.0,-1.0,-0.7,-1.0,-1.0,1.0,-1.0,-0.7,-1.0,-0.7,-0.7,-0.7,0.0,-1.0,0.0,-0.7,-0.7,-0.7,-0.7,0.0,0.0,-1.0,-1.0,-0.7,0.0,-1.0,-0.7,-0.7,-0.7,-0.7,-0.7,0.0,-0.7,-0.7,-1.0,-0.7,-1.0,-1.0,-0.7,-0.7,-0.7,-1.0,-0.7,-0.7,-0.7,-1.0,-0.7,0.0,-1.0,-1.0,-0.7,-0.7,-0.7,-0.7,-1.0,-1.0,-1.0,-1.0,-0.7,-1.0,0.0,0.0,0.0,0.0,-0.7,0.0,-1.0,-1.0,-0.7,-1.0,0.0,-0.7,-0.7,-1.0,-0.7,-1.0,
Chigiri Shijima,0.0,-1.0,-0.7,-1.0,-1.0,-0.7,-1.0,0.7,-1.0,-1.0,-0.7,-1.0,1.0,0.0,-1.0,-1.0,-1.0,0.7,-0.7,-1.0,-0.7,-1.0,0.7,-1.0,-0.7,0.0,-0.7,0.0,-1.0,-1.0,-1.0,-1.0,-1.0,-1.0,-0.7,-1.0,-1.0,-1.0,0.0,-1.0,-0.7,-0.7,-0.7,-1.0,-1.0,-0.7,-1.0,-1.0,-1.0,0.0,-0.7,-0.7,-0.7,0.0,-0.7,-0.7,0.0,-0.7,-1.0,-1.0,-0.7,0.0,-0.7,-0.7,-0.7,-0.7,-0.7,-1.0,0.0,-0.7,-0.7,-1.0,-1.0,-0.7,-0.7,-0.7,-1.0,-0.7,0.0,-1.0,-0.7,-0.7,-0.7,-0.7,-0.7,0.0,-1.0,-0.7,-1.0,-1.0,-1.0,-1.0,0.0,
Senjumaru Shutara,1.0,1.0,-1.0,-1.0,-1.0,-1.0,-1.0,1.0,-1.0,-1.0,-1.0,-1.0,1.0,-1.0,1.0,-1.0,-1.0,-1.0,-1.0,1.0,-1.0,-1.0,1.0,-1.0,-1.0,-1.0,-1.0,-1.0,1.0,-1.0,-1.0,-1.0,-1.0,1.0,1.0,-1.0,-1.0,-1.0,-1.0,-1.0,-1.0,-1.0,-1.0,-1.0,-1.0,-1.0,-1.0,-1.0,-1.0,-1.0,-1.0,-1.0,-1.0,-1.0,-1.0,-1.0,-1.0,-1.0,-1.0,-1.0,-1.0,-1.0,-1.0,-1.0,-1.0,-1.0,-1.0,-1.0,-1.0,-1.0,-1.0,-1.0,-1.0,-1.0,-1.0,-1.0,-1.0,-1.0,-1.0,-1.0,-1.0,-1.0,-1.0,-1.0,-1.0,-1.0,-1.0,-1.0,-1.0,-1.0,-1.0,-1.0,-1.0,
Senjumaru Shutara,0.0,1.0,-0.7,-0.7,0.0,-0.7,-1.0,0.7,-0.7,-0.7,0.0,0.0,0.7,-0.7,0.0,-1.0,-1.0,-1.0,0.0,0.7,-1.0,0.0,0.7,0.0,-1.0,-0.7,-0.7,-0.7,0.7,0.0,-1.0,0.0,-1.0,1.0,1.0,-1.0,-1.0,0.0,-0.7,-0.7,-0.7,-1.0,-1.0,-0.7,-0.7,-0.7,-0.7,-0.7,-0.7,0.0,-1.0,-0.7,-0.7,0.0,-1.0,-0.7,-1.0,-0.7,-1.0,-1.0,-0.7,-1.0,-1.0,-1.0,-1.0,0.0,-0.7,0.0,-0.7,0.0,-0.7,-0.7,-0.7,-0.7,-0.7,-1.0,-1.0,-0.7,-0.7,-1.0,-1.0,-0.7,0.0,-1.0,-1.0,0.0,-0.7,-1.0,0.0,-0.7,-0.7,0.0,0.0,
Senjumaru Shutara,1.0,1.0,-1.0,-1.0,-1.0,-1.0,0.0,0.0,-0.7,-0.7,-1.0,-1.0,1.0,-0.7,1.0,0.0,-0.7,-1.0,-1.0,0.7,0.0,-0.7,1.0,-0.7,-1.0,0.0,-0.7,-0.7,0.7,-0.7,-1.0,-1.0,-1.0,0.0,0.7,-1.0,0.0,-1.0,-1.0,-1.0,-0.7,-0.7,-0.7,-0.7,-1.0,-0.7,-1.0,-0.7,-0.7,-0.7,-0.7,-0.7,-1.0,0.0,-1.0,-1.0,-0.7,-0.7,-1.0,0.0,0.0,-0.7,-0.7,-0.7,-1.0,-0.7,0.0,0.0,0.0,-1.0,-1.0,-1.0,-0.7,-1.0,-1.0,-0.7,-0.7,-0.7,0.0,-1.0,-1.0,-0.7,-0.7,-0.7,-1.0,-1.0,-0.7,0.0,0.0,-0.7,-0.7,0.0,-0.7,
Sui-Feng,1.0,1.0,-1.0,-1.0,-1.0,-1.0,-1.0,1.0,-1.0,-1.0,-1.0,-1.0,1.0,-1.0,1.0,-1.0,1.0,-1.0,-1.0,-1.0,-1.0,-1.0,1.0,-1.0,-1.0,-1.0,-1.0,-1.0,1.0,-1.0,-1.0,-1.0,-1.0,1.0,-1.0,-1.0,-1.0,-1.0,-1.0,-1.0,-1.0,-1.0,-1.0,-1.0,-1.0,-1.0,-1.0,-1.0,-1.0,-1.0,-1.0,-1.0,-1.0,-1.0,-1.0,-1.0,-1.0,-1.0,-1.0,-1.0,-1.0,-1.0,-1.0,-1.0,-1.0,-1.0,-1.0,-1.0,-1.0,-1.0,-1.0,-1.0,-1.0,-1.0,-1.0,-1.0,-1.0,-1.0,-1.0,-1.0,-1.0,-1.0,-1.0,-1.0,-1.0,-1.0,-1.0,-1.0,-1.0,-1.0,-1.0,-1.0,-1.0,
Sui-Feng,0.7,0.0,-0.7,0.0,-1.0,-0.7,0.0,1.0,-0.7,-1.0,0.0,-0.7,1.0,-0.7,0.7,-0.7,0.7,0.0,-0.7,-0.7,-1.0,0.0,1.0,-0.7,0.0,-1.0,-0.7,-1.0,0.7,-0.7,0.0,0.0,-0.7,0.7,-0.7,-1.0,-0.7,0.0,-0.7,-1.0,-1.0,-0.7,-1.0,-0.7,-0.7,-0.7,-1.0,-0.7,0.0,0.0,-0.7,-1.0,0.0,-0.7,-1.0,-1.0,-1.0,-1.0,-1.0,0.0,-0.7,-0.7,0.0,-0.7,0.0,0.0,-0.7,0.0,-0.7,-1.0,-0.7,-0.7,0.0,-1.0,-0.7,-1.0,-1.0,-1.0,-0.7,0.0,-1.0,-0.7,-1.0,-1.0,-0.7,-1.0,-0.7,-1.0,-1.0,-0.7,-0.7,-1.0,-0.7,
Sui-Feng,0.0,0.7,-1.0,-0.7,-0.7,-1.0,0.0,0.0,0.0,0.0,-0.7,-0.7,0.7,0.0,0.7,-1.0,1.0,0.0,-1.0,-0.7,0.0,-0.7,0.0,-0.7,-1.0,0.0,-1.0,-0.7,1.0,-1.0,-0.7,-1.0,-0.7,0.0,-1.0,-1.0,-0.7,-0.7,0.0,-1.0,0.0,-0.7,-0.7,-1.0,-0.7,-1.0,-1.0,-0.7,0.0,-0.7,-0.7,-0.7,-0.7,0.0,-0.7,-1.0,-1.0,-0.7,-0.7,-1.0,0.0,-0.7,-0.7,-1.0,-1.0,0.0,0.0,-1.0,-1.0,-0.7,-1.0,-0.7,0.0,-1.0,-1.0,0.0,-1.0,0.0,-0.7,0.0,-1.0,-1.0,-0.7,-0.7,-1.0,0.0,0.0,-0.7,-1.0,-0.7,-0.7,-0.7,0.0,
Kokichiro Takezoe,-1.0,1.0,-1.0,-1.0,-1.0,-1.0,-1.0,1.0,-1.0,-1.0,-1.0,-1.0,1.0,-1.0,-1.0,-1.0,-1.0,-1.0,-1.0,-1.0,-1.0,-1.0,1.0,-1.0,-1.0,-1.0,-1.0,-1.0,-1.0,-1.0,-1.0,-1.0,-1.0,-1.0,-1.0,-1.0,-1.0,-1.0,-1.0,-1.0,-1.0,-1.0,-1.0,-1.0,-1.0,-1.0,-1.0,-1.0,-1.0,-1.0,-1.0,-1.0,-1.0,-1.0,-1.0,-1.0,-1.0,-1.0,-1.0,-1.0,-1.0,-1.0,-1.0,-1.0,-1.0,-1.0,-1.0,-1.0,-1.0,-1.0,-1.0,-1.0,-1.0,-1.0,-1.0,-1.0,-1.0,-1.0,-1.0,-1.0,-1.0,-1.0,-1.0,-1.0,-1.0,-1.0,-1.0,-1.0,-1.0,-1.0,-1.0,-1.0,-1.0,
Kokichiro Takezoe,-1.0,1.0,-1.0,-0.7,-0.7,-1.0,-1.0,1.0,-1.0,-0.7,-1.0,-1.0,0.0,-0.7,-0.7,-1.0,-1.0,-0.7,-1.0,-1.0,0.0,0.0,1.0,-1.0,0.0,-1.0,-0.7,0.0,0.0,-0.7,-1.0,-1.0,0.0,0.0,-0.7,-0.7,-0.7,-0.7,0.0,-0.7,-0.7,-1.0,-0.7,-0.7,-1.0,0.0,-0.7,0.0,-1.0,-0.7,-1.0,0.0,-1.0,-0.7,-0.7,-1.0,0.0,0.0,-1.0,-1.0,-1.0,-1.0,0.0,0.0,-1.0,-0.7,-0.7,-1.0,-1.0,-1.0,-0.7,-0.7,-0.7,-1.0,0.0,-0.7,0.0,-0.7,0.0,0.0,-0.7,-1.0,0.0,-0.7,0.0,-0.7,-0.7,-1.0,-1.0,0.0,-1.0,-1.0,-0.7,
Kokichiro Takezoe,-0.7,1.0,-1.0,-0.7,-1.0,-0.7,-1.0,0.0,0.0,-0.7,-1.0,-0.7,0.7,-1.0,0.0,-0.7,0.0,-1.0,-1.0,0.0,-0.7,-0.7,0.7,-1.0,-0.7,-1.0,-0.7,-0.7,0.0,-0.7,-1.0,-0.7,-1.0,-1.0,-1.0,-0.7,-1.0,-0.7,0.0,-0.7,-1.0,-1.0,-0.7,0.0,-1.0,0.0,-0.7,-0.7,0.0,-0.7,0.0,-1.0,-0.7,-0.7,-1.0,-0.7,-1.0,-1.0,-1.0,-0.7,0.0,-0.7,-0.7,-1.0,0.0,-0.7,-0.7,-0.7,-1.0,-0.7,0.0,-1.0,-0.7,0.0,-1.0,0.0,0.0,-0.7,-1.0,-1.0,-1.0,0.0,0.0,-0.7,-1.0,-1.0,-0.7,-0.7,0.0,-0.7,0.0,-0.7,-0.7,
Izaemon Todo,-1.0,1.0,1.0,-1.0,-1.0,-1.0,-1.0,1.0,-1.0,-1.0,-1.0,-1.0,1.0,-1.0,-1.0,-1.0,-1.0,-1.0,-1.0,-1.0,-1.0,-1.0,1.0,-1.0,-1.0,-1.0,-1.0,-1.0,-1.0,-1.0,-1.0,-1.0,-1.0,-1.0,-1.0,-1.0,-1.0,-1.0,-1.0,-1.0,-1.0,-1.0,-1.0,-1.0,-1.0,-1.0,-1.0,-1.0,-1.0,-1.0,-1.0,-1.0,-1.0,-1.0,-1.0,-1.0,-1.0,-1.0,-1.0,-1.0,-1.0,-1.0,-1.0,-1.0,-1.0,-1.0,-1.0,-1.0,-1.0,-1.0,-1.0,-1.0,-1.0,-1.0,-1.0,-1.0,-1.0,-1.0,-1.0,-1.0,-1.0,-1.0,-1.0,-1.0,-1.0,-1.0,-1.0,-1.0,-1.0,-1.0,-1.0,-1.0,-1.0,
Izaemon Todo,-0.7,0.0,0.7,-1.0,-1.0,-1.0,-0.7,1.0,-1.0,-0.7,-1.0,0.0,0.7,-0.7,-1.0,-1.0,-0.7,0.0,-0.7,-1.0,-0.7,-1.0,0.0,0.0,-0.7,-0.7,0.0,-0.7,-0.7,0.0,-0.7,-0.7,0.0,-0.7,-0.7,-1.0,-1.0,-1.0,-0.7,-0.7,0.0,-0.7,-0.7,-1.0,0.0,-0.7,-0.7,-1.0,-0.7,-0.7,-0.7,0.0,0.0,0.0,-0.7,0.0,0.0,-1.0,-0.7,-1.0,-1.0,-1.0,-1.0,-0.7,-0.7,-1.0,-0.7,0.0,0.0,-0.7,-0.7,-1.0,-1.0,-1.0,-0.7,0.0,-1.0,-1.0,-1.0,-0.7,-1.0,-0.7,-1.0,-0.7,-1.0,-0.7,-1.0,-0.7,-0.7,-0.7,-0.7,-1.0,-1.0,
Izaemon Todo,-0.7,0.7,0.7,-0.7,0.0,-0.7,-1.0,0.7,-1.0,-0.7,-1.0,-1.0,0.0,-0.7,-1.0,-1.0,-0.7,0.0,-0.7,0.0,-1.0,-0.7,0.7,-0.7,-1.0,-0.7,-0.7,-0.7,-0.7,-0.7,-0.7,-1.0,-0.7,-0.7,0.0,-1.0,-0.7,-1.0,-1.0,-0.7,-0.7,-1.0,-0.7,0.0,0.0,-1.0,-0.7,-0.7,-1.0,-0.7,-0.7,-1.0,0.0,0.0,-0.7,-0.7,-1.0,-0.7,-1.0,0.0,-1.0,-1.0,-0.7,-1.0,-0.7,-0.7,0.0,-0.7,-1.0,-1.0,-0.7,-0.7,-0.7,-1.0,-1.0,-1.0,-1.0,-1.0,-0.7,-1.0,-0.7,-0.7,-1.0,-0.7,-0.7,-0.7,0.0,-1.0,0.0,-0.7,-0.7,0.0,0.0,
Riku Togakushi,-1.0,-1.0,-1.0,-1.0,-1.0,-1.0,-1.0,1.0,-1.0,-1.0,-1.0,-1.0,1.0,-1.0,-1.0,-1.0,-1.0,1.0,-1.0,-1.0,-1.0,-1.0,1.0,-1.0,-1.0,-1.0,-1.0,-1.0,-1.0,-1.0,-1.0,-1.0,-1.0,-1.0,-1.0,-1.0,-1.0,-1.0,-1.0,-1.0,-1.0,-1.0,-1.0,-1.0,-1.0,-1.0,-1.0,-1.0,-1.0,-1.0,-1.0,-1.0,-1.0,-1.0,-1.0,-1.0,-1.0,-1.0,-1.0,-1.0,-1.0,-1.0,-1.0,-1.0,-1.0,-1.0,-1.0,-1.0,-1.0,-1.0,-1.0,-1.0,-1.0,-1.0,-1.0,-1.0,-1.0,-1.0,-1.0,-1.0,-1.0,-1.0,-1.0,-1.0,-1.0,-1.0,-1.0,-1.0,-1.0,-1.0,-1.0,-1.0,-1.0,
Riku Togakushi,-0.7,-0.7,-0.7,-0.7,-1.0,-1.0,0.0,1.0,-1.0,-0.7,-1.0,-1.0,0.7,-0.7,-0.7,-0.7,-0.7,0.7,-0.7,-0.7,0.0,-0.7,1.0,-1.0,-0.7,-1.0,-0.7,0.0,-0.7,-1.0,-0.7,-1.0,-0.7,-0.7,-1.0,0.0,-1.0,0.0,-1.0,-1.0,-1.0,-1.0,-0.7,-0.7,-0.7,-1.0,-0.7,-0.7,-0.7,-0.7,-0.7,-1.0,-0.7,-0.7,-0.7,-1.0,-1.0,-1.0,-1.0,-1.0,0.0,-0.7,-0.7,-1.0,0.0,-1.0,-0.7,0.0,-0.7,0.0,-0.7,-1.0,-1.0,-1.0,-1.0,-0.7,-1.0,0.0,-1.0,-0.7,0.0,-1.0,-0.7,-0.7,-1.0,-0.7,-1.0,-0.7,-0.7,-0.7,-0.7,-1.0,-0.7,
Riku Togakushi,0.0,0.0,-0.7,-0.7,0.0,-1.0,-0.7,1.0,0.0,-0.7,-0.7,-1.0,0.7,-0.7,-0.7,-1.0,-0.7,1.0,-0.7,-1.0,-1.0,-1.0,1.0,-1.0,0.0,-0.7,-1.0,-0.7,-0.7,0.0,-1.0,-1.0,0.0,-1.0,-1.0,-1.0,-1.0,0.0,-1.0,0.0,0.0,-0.7,-1.0,-1.0,-0.7,-0.7,-0.7,-0.7,0.0,-0.7,-0.7,0.0,-1.0,-1.0,-1.0,-1.0,-0.7,-1.0,-0.7,0.0,-1.0,-0.7,-1.0,-1.0,-0.7,0.0,-1.0,-1.0,-1.0,-1.0,-1.0,-0.7,-1.0,-0.7,-0.7,-0.7,-1.0,0.0,-1.0,-0.7,-1.0,-0.7,-1.0,-1.0,-1.0,-1.0,0.0,-0.7,-1.0,-0.7,0.0,-0.7,-1.0,
Rin Tsubokura,1.0,-1.0,-1.0,-1.0,-1.0,1.0,-1.0,1.0,-1.0,-1.0,-1.0,-1.0,1.0,-1.0,-1.0,-1.0,1.0,-1.0,-1.0,-1.0,-1.0,-1.0,1.0,-1.0,-1.0,-1.0,-1.0,-1.0,-1.0,-1.0,-1.0,-1.0,-1.0,-1.0,-1.0,-1.0,-1.0,-1.0,-1.0,-1.0,-1.0,-1.0,-1.0,-1.0,-1.0,-1.0,-1.0,-1.0,-1.0,-1.0,-1.0,-1.0,-1.0,-1.0,-1.0,-1.0,-1.0,-1.0,-1.0,-1.0,-1.0,-1.0,-1.0,-1.0,-1.0,-1.0,-1.0,-1.0,-1.0,-1.0,-1.0,-1.0,-1.0,-1.0,-1.0,-1.0,-1.0,-1.0,-1.0,-1.0,-1.0,-1.0,-1.0,-1.0,-1.0,-1.0,-1.0,-1.0,-1.0,-1.0,-1.0,-1.0,-1.0,
Rin Tsubokura,0.0,-1.0,-0.7,-0.7,0.0,0.0,0.0,1.0,0.0,-1.0,-1.0,-0.7,0.7,-0.7,-0.7,0.0,1.0,-1.0,0.0,-1.0,-0.7,-0.7,0.7,-0.7,-1.0,0.0,-1.0,-0.7,-1.0,-0.7,-0.7,0.0,-0.7,-0.7,0.0,-0.7,-0.7,-0.7,-0.7,0.0,-1.0,-0.7,-0.7,0.0,0.0,-0.7,-0.7,-1.0,-0.7,0.0,0.0,0.0,-1.0,0.0,0.0,-1.0,-0.7,-0.7,-0.7,0.0,-0.7,-0.7,-0.7,-0.7,0.0,-0.7,-0.7,-1.0,-1.0,-0.7,0.0,-1.0,-1.0,-1.0,-0.7,0.0,-0.7,-0.7,-0.7,-1.0,-0.7,-0.7,-0.7,0.0,-0.7,-0.7,0.0,0.0,-0.7,-1.0,-0.7,-0.7,-1.0,
Rin Tsubokura,1.0,-1.0,-0.7,-0.7,-1.0,1.0,-0.7,1.0,-1.0,-0.7,-0.7,-1.0,0.7,-1.0,-0.7,-1.0,1.0,-0.7,-0.7,-1.0,-1.0,0.0,0.7,-1.0,-0.7,-1.0,-0.7,-1.0,-1.0,-1.0,-0.7,-0.7,-0.7,-1.0,-1.0,-0.7,-1.0,-0.7,-1.0,-0.7,-0.7,0.0,-1.0,-1.0,-0.7,0.0,0.0,-0.7,-0.7,-0.7,-0.7,-0.7,0.0,-0.7,-0.7,-0.7,-0.7,-0.7,-0.7,-1.0,-1.0,-0.7,0.0,-1.0,-0.7,-1.0,-1.0,0.0,0.0,-1.0,-0.7,-1.0,0.0,-1.0,-1.0,-0.7,0.0,-1.0,-0.7,-1.0,0.0,-1.0,0.0,-0.7,-0.7,0.0,0.0,-0.7,-1.0,-0.7,-0.7,-0.7,-0.7,
Tessai Tsukabishi,-1.0,1.0,-1.0,-1.0,1.0,-1.0,-1.0,-1.0,-1.0,1.0,-1.0,1.0,1.0,-1.0,1.0,-1.0,1.0,-1.0,-1.0,1.0,-1.0,-1.0,1.0,-1.0,-1.0,-1.0,-1.0,-1.0,-1.0,-1.0,-1.0,-1.0,-1.0,-1.0,-1.0,-1.0,-1.0,1.0,-1.0,-1.0,-1.0,-1.0,-1.0,-1.0,-1.0,-1.0,-1.0,-1.0,-1.0,-1.0,-1.0,-1.0,-1.0,-1.0,-1.0,-1.0,-1.0,-1.0,-1.0,-1.0,-1.0,-1.0,-1.0,-1.0,-1.0,-1.0,-1.0,-1.0,-1.0,-1.0,-1.0,-1.0,-1.0,-1.0,-1.0,-1.0,-1.0,-1.0,-1.0,-1.0,-1.0,-1.0,-1.0,-1.0,-1.0,-1.0,-1.0,-1.0,-1.0,-1.0,-1.0,-1.0,-1.0,
Tessai Tsukabishi,-1.0,0.7,-0.7,-1.0,0.7,-0.7,-0.7,-1.0,-0.7,1.0,-0.7,0.7,0.7,-1.0,0.7,0.0,1.0,0.0,-0.7,0.7,-1.0,-1.0,0.0,-1.0,-1.0,-0.7,-1.0,-0.7,-0.7,0.0,-0.7,-1.0,-1.0,-0.7,-0.7,0.0,-0.7,1.0,0.0,-1.0,-1.0,-0.7,0.0,-0.7,-1.0,-1.0,-1.0,-1.0,-1.0,-0.7,0.0,-1.0,-1.0,0.0,-0.7,0.0,-1.0,-1.0,-0.7,-0.7,-0.7,-0.7,-1.0,-0.7,-0.7,-0.7,-0.7,-0.7,-1.0,-1.0,-0.7,-1.0,-0.7,0.0,-1.0,-1.0,0.0,-1.0,-1.0,-1.0,-0.7,-1.0,-0.7,-0.7,-1.0,-1.0,-0.7,-0.7,-1.0,-1.0,-0.7,0.0,-1.0,
Tessai Tsukabishi,-0.7,1.0,-1.0,-1.0,0.7,-0.7,0.0,-0.7,0.0,1.0,-1.0,0.0,0.7,0.0,1.0,-1.0,0.7,-1.0,-0.7,0.7,-1.0,-1.0,1.0,-1.0,-0.7,-1.0,-1.0,0.0,-0.7,-1.0,-0.7,0.0,-1.0,-0.7,-0.7,-1.0,-0.7,0.0,0.0,-1.0,-1.0,0.0,-0.7,-1.0,-0.7,-1.0,-1.0,0.0,-1.0,-1.0,-1.0,-0.7,-1.0,-0.7,-0.7,0.0,-1.0,0.0,-1.0,-0.7,-0.7,-1.0,-0.7,-1.0,-1.0,-1.0,-0.7,-1.0,-1.0,-1.0,-0.7,-0.7,-1.0,-1.0,-0.7,-0.7,-0.7,0.0,-1.0,0.0,-1.0,0.0,-1.0,-0.7,-1.0,-1.0,0.0,-0.7,0.0,-0.7,-0.7,-1.0,0.0,
Toshimori Umesada,-1.0,1.0,-1.0,-1.0,-1.0,-1.0,-1.0,1.0,-1.0,-1.0,-1.0,-1.0,1.0,-1.0,-1.0,-1.0,-1.0,-1.0,-1.0,-1.0,-1.0,-1.0,1.0,-1.0,-1.0,-1.0,-1.0,-1.0,-1.0,-1.0,-1.0,-1.0,-1.0,-1.0,-1.0,-1.0,-1.0,-1.0,-1.0,-1.0,-1.0,-1.0,-1.0,-1.0,-1.0,-1.0,-1.0,-1.0,-1.0,-1.0,-1.0,-1.0,-1.0,-1.0,-1.0,-1.0,-1.0,-1.0,-1.0,-1.0,-1.0,-1.0,-1.0,-1.0,-1.0,-1.0,-1.0,-1.0,-1.0,-1.0,-1.0,-1.0,-1.0,-1.0,-1.0,-1.0,-1.0,-1.0,-1.0,-1.0,-1.0,-1.0,-1.0,-1.0,-1.0,-1.0,-1.0,-1.0,-1.0,-1.0,-1.0,-1.0,-1.0,
Toshimori Umesada,-0.7,0.7,-0.7,-0.7,0.0,-1.0,-1.0,1.0,-0.7,-1.0,-1.0,-1.0,0.7,-0.7,-1.0,0.0,0.0,-1.0,-0.7,-0.7,-1.0,-1.0,0.7,-0.7,-1.0,0.0,-0.7,-0.7,-1.0,-0.7,-1.0,-0.7,-0.7,-0.7,-1.0,-0.7,0.0,-0.7,-1.0,-0.7,-1.0,0.0,-0.7,-1.0,-1.0,-1.0,0.0,-1.0,-0.7,0.0,-1.0,-0.7,-0.7,-0.7,-1.0,-1.0,-0.7,0.0,-1.0,-1.0,-1.0,0.0,-1.0,0.0,-1.0,0.0,-0.7,-0.7,-1.0,-0.7,-1.0,-1.0,-1.0,0.0,-0.7,-0.7,-0.7,-1.0,0.0,-0.7,-0.7,-0.7,0.0,0.0,-0.7,-1.0,-0.7,-0.7,-1.0,-1.0,-0.7,-0.7,-0.7,
Toshimori Umesada,-1.0,0.7,-0.7,-1.0,-1.0,0.0,-0.7,1.0,0.0,-1.0,0.0,-1.0,1.0,-0.7,-1.0,-0.7,-0.7,0.0,-0.7,-0.7,-1.0,-1.0,0.7,-1.0,-0.7,-0.7,-1.0,-0.7,-1.0,-0.7,-0.7,-0.7,-1.0,-0.7,-1.0,-0.7,-0.7,-0.7,0.0,-0.7,-1.0,-1.0,0.0,-1.0,-0.7,-0.7,-0.7,-0.7,-0.7,-0.7,0.0,-0.7,-0.7,-0.7,-0.7,0.0,-1.0,-1.0,0.0,-0.7,-1.0,-0.7,0.0,0.0,-0.7,-1.0,0.0,-0.7,0.0,-1.0,-1.0,-0.7,-1.0,-0.7,0.0,-0.7,0.0,-0.7,-0.7,0.0,-0.7,-0.7,-0.7,-0.7,-1.0,0.0,0.0,-0.7,-0.7,-0.7,-0.7,-0.7,0.0,
Retsu Unohana,1.0,1.0,-1.0,-1.0,-1.0,-1.0,-1.0,1.0,-1.0,-1.0,-1.0,1.0,1.0,-1.0,1.0,-1.0,1.0,1.0,-1.0,1.0,-1.0,-1.0,1.0,-1.0,-1.0,-1.0,-1.0,-1.0,1.0,-1.0,-1.0,-1.0,-1.0,-1.0,-1.0,-1.0,-1.0,-1.0,-1.0,-1.0,-1.0,-1.0,-1.0,-1.0,-1.0,-1.0,-1.0,-1.0,-1.0,-1.0,-1.0,-1.0,-1.0,-1.0,-1.0,-1.0,-1.0,-1.0,-1.0,-1.0,-1.0,-1.0,-1.0,-1.0,-1.0,-1.0,-1.0,-1.0,-1.0,-1.0,-1.0,-1.0,-1.0,-1.0,-1.0,-1.0,-1.0,-1.0,-1.0,-1.0,-1.0,-1.0,-1.0,-1.0,-1.0,-1.0,-1.0,-1.0,-1.0,-1.0,-1.0,-1.0,-1.0,
Retsu Unohana,0.7,1.0,0.0,-0.7,0.0,-1.0,-1.0,0.0,-1.0,0.0,0.0,0.7,1.0,-0.7,0.0,-0.7,0.7,0.7,-1.0,0.0,0.0,0.0,0.7,-0.7,-1.0,-0.7,-0.7,0.0,0.0,0.0,0.0,0.0,-1.0,0.0,-0.7,-1.0,-1.0,-0.7,-1.0,-0.7,-0.7,0.0,0.0,-0.7,-1.0,-1.0,-1.0,-1.0,0.0,-0.7,-1.0,-1.0,-0.7,-0.7,-1.0,0.0,-1.0,-1.0,-1.0,-0.7,-1.0,-1.0,-1.0,-0.7,-1.0,-1.0,-0.7,-1.0,-0.7,-1.0,-1.0,-0.7,-1.0,-1.0,-0.7,0.0,-0.7,0.0,0.0,0.0,-0.7,-0.7,-1.0,-1.0,-0.7,0.0,-0.7,-0.7,-0.7,-0.7,-0.7,-0.7,-1.0,
Retsu Unohana,0.7,0.0,0.0,-1.0,0.0,-1.0,-1.0,0.7,-1.0,-1.0,-1.0,0.7,1.0,-0.7,0.7,-0.7,0.0,0.7,-1.0,1.0,-0.7,-0.7,1.0,-1.0,-0.7,-0.7,-0.7,0.0,0.7,-0.7,-0.7,0.0,-0.7,-1.0,-1.0,-0.7,0.0,-1.0,-1.0,0.0,0.0,-1.0,-1.0,-0.7,-1.0,0.0,-1.0,-1.0,-1.0,-1.0,-1.0,-1.0,-0.7,-1.0,0.0,-1.0,-0.7,-1.0,-1.0,-0.7,-0.7,-0.7,-0.7,-0.7,-0.7,0.0,-0.7,0.0,0.0,-1.0,-1.0,-0.7,-0.7,-0.7,-0.7,-1.0,-1.0,-1.0,-0.7,-0.7,-1.0,-0.7,-1.0,-1.0,-0.7,-1.0,-0.7,0.0,0.0,-1.0,-0.7,-0.7,-0.7,
Hanataro Yamada,-1.0,1.0,-1.0,-1.0,-1.0,-1.0,-1.0,1.0,-1.0,-1.0,-1.0,1.0,1.0,-1.0,-1.0,-1.0,1.0,-1.0,-1.0,-1.0,-1.0,-1.0,1.0,-1.0,-1.0,-1.0,-1.0,-1.0,-1.0,-1.0,-1.0,-1.0,-1.0,-1.0,-1.0,1.0,-1.0,-1.0,-1.0,-1.0,-1.0,-1.0,-1.0,-1.0,-1.0,-1.0,-1.0,-1.0,-1.0,-1.0,-1.0,-1.0,-1.0,-1.0,-1.0,-1.0,-1.0,-1.0,-1.0,-1.0,-1.0,-1.0,-1.0,-1.0,-1.0,-1.0,-1.0,-1.0,-1.0,-1.0,-1.0,-1.0,-1.0,-1.0,-1.0,-1.0,-1.0,-1.0,-1.0,-1.0,-1.0,-1.0,-1.0,-1.0,-1.0,-1.0,-1.0,-1.0,-1.0,-1.0,-1.0,-1.0,-1.0,
Hanataro Yamada,-0.7,1.0,-1.0,-0.7,-0.7,-1.0,-1.0,0.7,-1.0,-1.0,-1.0,1.0,0.7,-1.0,-1.0,-1.0,1.0,-0.7,-1.0,-0.7,-1.0,-1.0,1.0,-1.0,-0.7,-0.7,0.0,-1.0,-1.0,-1.0,-0.7,-1.0,-0.7,-1.0,-1.0,0.0,-0.7,-0.7,-0.7,-0.7,-1.0,-0.7,-1.0,-0.7,-0.7,-0.7,-0.7,-0.7,-1.0,-1.0,-1.0,-0.7,0.0,-1.0,-1.0,-0.7,0.0,-0.7,-1.0,0.0,0.0,-1.0,0.0,-0.7,-1.0,-0.7,0.0,-0.7,-1.0,0.0,-1.0,-0.7,-0.7,-1.0,-1.0,0.0,-0.7,-0.7,-0.7,-0.7,-0.7,-1.0,-1.0,0.0,-0.7,-1.0,0.0,-0.7,-1.0,0.0,-0.7,-1.0,-1.0,
Hanataro Yamada,-0.7,0.7,-1.0,-1.0,-1.0,-0.7,-1.0,1.0,-0.7,-0.7,-0.7,1.0,0.7,-1.0,0.0,-0.7,1.0,-1.0,-0.7,-0.7,-0.7,0.0,0.7,-0.7,0.0,-0.7,-0.7,0.0,-1.0,-1.0,0.0,-0.7,0.0,-1.0,-0.7,1.0,-0.7,-1.0,-1.0,-1.0,-0.7,-1.0,-1.0,-1.0,-1.0,0.0,-1.0,-1.0,0.0,-0.7,-0.7,-0.7,0.0,-1.0,0.0,0.0,-0.7,-0.7,-0.7,-1.0,-1.0,0.0,-0.7,-1.0,-0.7,-0.7,-1.0,-0.7,-0.7,-1.0,0.0,-1.0,-0.7,-1.0,-0.7,-1.0,-1.0,0.0,-1.0,-0.7,-0.7,0.0,-0.7,-1.0,-1.0,0.0,0.0,-1.0,-0.7,-0.7,0.0,0.0,0.0,
Seinosuke Yamada,-1.0,1.0,-1.0,-1.0,-1.0,-1.0,-1.0,1.0,-1.0,-1.0,-1.0,1.0,1.0,-1.0,-1.0,-1.0,-1.0,-1.0,-1.0,-1.0,-1.0,-1.0,1.0,-1.0,-1.0,-1.0,-1.0,-1.0,-1.0,-1.0,-1.0,-1.0,-1.0,-1.0,-1.0,1.0,-1.0,-1.0,-1.0,-1.0,-1.0,-1.0,-1.0,-1.0,-1.0,-1.0,-1.0,-1.0,-1.0,-1.0,-1.0,-1.0,-1.0,-1.0,-1.0,-1.0,-1.0,-1.0,-1.0,-1.0,-1.0,-1.0,-1.0,-1.0,-1.0,-1.0,-1.0,-1.0,-1.0,-1.0,-1.0,-1.0,-1.0,-1.0,-1.0,-1.0,-1.0,-1.0,-1.0,-1.0,-1.0,-1.0,-1.0,-1.0,-1.0,-1.0,-1.0,-1.0,-1.0,-1.0,-1.0,-1.0,-1.0,
Seinosuke Yamada,0.0,0.0,-1.0,0.0,-0.7,0.0,-0.7,1.0,-0.7,-0.7,-1.0,1.0,0.7,-1.0,-1.0,-1.0,0.0,-0.7,-1.0,-0.7,-0.7,-1.0,1.0,-0.7,-0.7,-0.7,-0.7,-1.0,0.0,-1.0,-0.7,-1.0,-1.0,-0.7,-1.0,0.7,-1.0,-0.7,-0.7,-1.0,0.0,-1.0,-1.0,-0.7,-0.7,-0.7,-1.0,0.0,-0.7,-1.0,-1.0,0.0,-0.7,-1.0,-1.0,-1.0,-0.7,0.0,-0.7,-0.7,0.0,-0.7,-0.7,-1.0,-0.7,-0.7,-1.0,0.0,0.0,-0.7,-0.7,-0.7,-1.0,-1.0,-0.7,-0.7,0.0,-1.0,-0.7,-0.7,-0.7,0.0,0.0,-1.0,-1.0,-1.0,-0.7,-1.0,-0.7,-0.7,-0.7,-0.7,-0.7,
Seinosuke Yamada,-0.7,1.0,-0.7,-0.7,-0.7,0.0,0.0,0.0,-1.0,-0.7,-1.0,1.0,1.0,-1.0,-1.0,-0.7,0.0,-1.0,0.0,-1.0,-1.0,-0.7,0.7,-1.0,-1.0,-0.7,-1.0,-0.7,-0.7,-1.0,0.0,-1.0,-0.7,-0.7,0.0,0.7,-0.7,-1.0,-0.7,-0.7,-0.7,0.0,-1.0,0.0,0.0,-0.7,-0.7,-1.0,0.0,-1.0,-0.7,-0.7,0.0,-0.7,-0.7,-1.0,-1.0,-1.0,0.0,-0.7,-0.7,-0.7,-0.7,-1.0,-1.0,-1.0,-0.7,-1.0,-0.7,-0.7,-0.7,-1.0,-1.0,-1.0,-0.7,-1.0,0.0,-0.7,-1.0,-0.7,-0.7,-0.7,-1.0,-1.0,-1.0,-1.0,-0.7,-0.7,0.0,-1.0,-1.0,-0.7,-1.0,
Yuyu Yayahara,1.0,-1.0,-1.0,-1.0,-1.0,-1.0,-1.0,-1.0,-1.0,1.0,-1.0,-1.0,1.0,-1.0,-1.0,-1.0,-1.0,-1.0,-1.0,-1.0,-1.0,-1.0,1.0,-1.0,-1.0,-1.0,-1.0,-1.0,-1.0,-1.0,1.0,-1.0,-1.0,-1.0,-1.0,-1.0,-1.0,-1.0,-1.0,-1.0,-1.0,-1.0,-1.0,-1.0,-1.0,-1.0,-1.0,-1.0,-1.0,-1.0,-1.0,-1.0,-1.0,-1.0,-1.0,-1.0,-1.0,-1.0,-1.0,-1.0,-1.0,-1.0,-1.0,-1.0,-1.0,-1.0,-1.0,-1.0,-1.0,-1.0,-1.0,-1.0,-1.0,-1.0,-1.0,-1.0,-1.0,-1.0,-1.0,-1.0,-1.0,-1.0,-1.0,-1.0,-1.0,-1.0,-1.0,-1.0,-1.0,-1.0,-1.0,-1.0,-1.0,
Yuyu Yayahara,1.0,-0.7,-1.0,-0.7,-1.0,-0.7,0.0,-1.0,0.0,0.7,0.0,-1.0,0.7,-0.7,-0.7,-0.7,-0.7,0.0,-1.0,-1.0,-0.7,-0.7,0.7,-0.7,0.0,-0.7,-1.0,-1.0,0.0,-0.7,0.0,-1.0,-0.7,-0.7,-1.0,-0.7,-0.7,-0.7,0.0,0.0,0.0,0.0,-0.7,-1.0,0.0,-0.7,-1.0,-0.7,-1.0,-0.7,-1.0,-1.0,0.0,-0.7,-0.7,-0.7,0.0,-0.7,-0.7,0.0,-1.0,0.0,-0.7,-0.7,-1.0,-0.7,-0.7,0.0,0.0,0.0,-1.0,0.0,-0.7,0.0,-1.0,-0.7,0.0,0.0,-0.7,-0.7,-1.0,-0.7,-0.7,-1.0,-1.0,-1.0,-0.7,-1.0,-0.7,-1.0,-0.7,-0.7,-0.7,
Yuyu Yayahara,0.7,-0.7,-1.0,0.0,-1.0,-1.0,-0.7,-1.0,0.0,1.0,-0.7,-1.0,1.0,-1.0,0.0,0.0,-0.7,0.0,-0.7,0.0,0.0,-1.0,0.7,-0.7,-1.0,-1.0,0.0,0.0,-0.7,0.0,0.0,-1.0,-1.0,-1.0,-1.0,-1.0,-0.7,0.0,0.0,-0.7,0.0,-0.7,0.0,-0.7,-1.0,0.0,-1.0,-0.7,-1.0,-0.7,0.0,-1.0,0.0,-1.0,-1.0,-1.0,-0.7,-1.0,-0.7,-1.0,-1.0,-0.7,-1.0,-1.0,-1.0,-0.7,-0.7,-1.0,-1.0,-0.7,-1.0,0.0,-0.7,-0.7,-1.0,-0.7,0.0,-0.7,-0.7,-0.7,-0.7,-1.0,-0.7,-1.0,-0.7,0.0,0.0,-0.7,-1.0,-1.0,-0.7,0.0,-0.7,
Rikichi Yuki,-1.0,1.0,-1.0,-1.0,-1.0,-1.0,-1.0,1.0,-1.0,-1.0,-1.0,-1.0,1.0,-1.0,-1.0,-1.0,1.0,-1.0,-1.0,-1.0,-1.0,-1.0,1.0,-1.0,-1.0,-1.0,-1.0,-1.0,-1.0,-1.0,-1.0,-1.0,-1.0,-1.0,-1.0,-1.0,-1.0,-1.0,-1.0,-1.0,-1.0,-1.0,-1.0,-1.0,-1.0,-1.0,-1.0,-1.0,-1.0,-1.0,-1.0,-1.0,-1.0,-1.0,-1.0,-1.0,-1.0,-1.0,-1.0,-1.0,-1.0,-1.0,-1.0,-1.0,-1.0,-1.0,-1.0,-1.0,-1.0,-1.0,-1.0,-1.0,-1.0,-1.0,-1.0,-1.0,-1.0,-1.0,-1.0,-1.0,-1.0,-1.0,-1.0,-1.0,-1.0,-1.0,-1.0,-1.0,-1.0,-1.0,-1.0,-1.0,-1.0,
Rikichi Yuki,-1.0,0.0,0.0,-0.7,-0.7,-0.7,-0.7,0.0,-1.0,-0.7,-0.7,0.0,0.0,0.0,-0.7,0.0,0.7,-0.7,-1.0,0.0,0.0,-1.0,1.0,0.0,-0.7,0.0,-1.0,-1.0,-0.7,-1.0,-1.0,-1.0,-1.0,-1.0,0.0,-1.0,-0.7,0.0,-0.7,-0.7,-0.7,0.0,0.0,-0.7,0.0,-0.7,-1.0,0.0,-0.7,0.0,-1.0,-1.0,0.0,-1.0,0.0,0.0,0.0,-0.7,-0.7,0.0,-0.7,-0.7,0.0,-0.7,0.0,-1.0,-1.0,-0.7,-1.0,-0.7,-1.0,0.0,-1.0,-0.7,-1.0,-0.7,-1.0,-1.0,-0.7,-1.0,-1.0,-0.7,-1.0,-0.7,-1.0,-1.0,-0.7,-1.0,0.0,0.0,-1.0,0.0,-1.0,
Rikichi Yuki,-1.0,1.0,-0.7,-0.7,-1.0,0.0,-0.7,1.0,-0.7,0.0,-1.0,-1.0,0.7,-0.7,-0.7,-1.0,0.7,-0.7,-0.7,-1.0,-0.7,-1.0,0.7,0.0,-0.7,-1.0,-0.7,0.0,-0.7,-0.7,-1.0,-0.7,-0.7,0.0,-0.7,-0.7,-0.7,-1.0,0.0,-0.7,0.0,-0.7,-1.0,-0.7,-1.0,-1.0,-1.0,-0.7,-0.7,-1.0,-0.7,-0.7,0.0,-0.7,-0.7,-1.0,-0.7,-0.7,0.0,-1.0,-0.7,-0.7,-1.0,-0.7,0.0,-0.7,0.0,-1.0,-0.7,-0.7,-0.7,0.0,-1.0,0.0,-0.7,-1.0,0.0,-0.7,0.0,-1.0,0.0,-0.7,-1.0,-0.7,-1.0,-0.7,-1.0,-1.0,-1.0,-0.7,-0.7,-0.7,-1.0,
Ryunosuke Yuki,-1.0,1.0,-1.0,-1.0,-1.0,-1.0,-1.0,1.0,-1.0,-1.0,-1.0,-1.0,1.0,-1.0,-1.0,-1.0,-1.0,-1.0,-1.0,-1.0,-1.0,-1.0,1.0,-1.0,-1.0,-1.0,-1.0,-1.0,-1.0,-1.0,-1.0,-1.0,-1.0,-1.0,-1.0,-1.0,-1.0,-1.0,-1.0,-1.0,-1.0,-1.0,-1.0,-1.0,-1.0,-1.0,-1.0,-1.0,-1.0,-1.0,-1.0,-1.0,-1.0,-1.0,-1.0,-1.0,-1.0,-1.0,-1.0,-1.0,-1.0,-1.0,-1.0,-1.0,-1.0,-1.0,-1.0,-1.0,-1.0,-1.0,-1.0,-1.0,-1.0,-1.0,-1.0,-1.0,-1.0,-1.0,-1.0,-1.0,-1.0,-1.0,-1.0,-1.0,-1.0,-1.0,-1.0,-1.0,-1.0,-1.0,-1.0,-1.0,-1.0,
Ryunosuke Yuki,-0.7,0.7,-1.0,0.0,-0.7,-0.7,-1.0,1.0,0.0,0.0,-1.0,-1.0,0.7,-0.7,0.0,-1.0,-0.7,-1.0,-1.0,-1.0,0.0,-0.7,0.0,-1.0,-1.0,-1.0,-1.0,0.0,-1.0,-1.0,-1.0,-1.0,-0.7,-0.7,-0.7,-0.7,-1.0,-1.0,-0.7,-0.7,-1.0,-1.0,-1.0,-1.0,-1.0,-1.0,-0.7,-1.0,-1.0,0.0,-0.7,0.0,-1.0,-0.7,-1.0,-0.7,-1.0,-1.0,0.0,-0.7,0.0,-1.0,-1.0,-0.7,-0.7,-0.7,0.0,-1.0,-0.7,-1.0,-1.0,-0.7,-0.7,-1.0,-1.0,-0.7,-0.7,-1.0,-1.0,-1.0,0.0,0.0,-0.7,0.0,-0.7,-1.0,-1.0,0.0,-0.7,0.0,0.0,-0.7,-1.0,
Ryunosuke Yuki,-1.0,1.0,-1.0,-0.7,-1.0,-1.0,-0.7,1.0,-0.7,-0.7,-0.7,0.0,1.0,-1.0,0.0,-0.7,-0.7,-1.0,0.0,0.0,-0.7,-1.0,0.0,-0.7,-0.7,-1.0,-0.7,-1.0,-1.0,-0.7,-1.0,-0.7,-0.7,-1.0,-0.7,0.0,-1.0,-0.7,-1.0,-0.7,-1.0,-1.0,-1.0,0.0,-0.7,-0.7,-1.0,-0.7,-1.0,-1.0,-0.7,-1.0,-1.0,-0.7,0.0,-1.0,-1.0,-1.0,0.0,0.0,-0.7,0.0,-0.7,0.0,-1.0,-1.0,-0.7,-1.0,-0.7,-1.0,-0.7,-1.0,-1.0,0.0,0.0,0.0,-0.7,-0.7,-0.7,-1.0,-1.0,-1.0,0.0,-1.0,0.0,-0.7,-0.7,-1.0,-1.0,0.0,-1.0,-1.0,-1.0,
Uhin Zenjoji,-1.0,1.0,-1.0,-1.0,-1.0,-1.0,-1.0,1.0,-1.0,-1.0,-1.0,-1.0,1.0,-1.0,-1.0,-1.0,-1.0,-1.0,-1.0,-1.0,-1.0,-1.0,1.0,-1.0,-1.0,-1.0,-1.0,-1.0,-1.0,-1.0,-1.0,-1.0,-1.0,-1.0,-1.0,-1.0,-1.0,1.0,-1.0,-1.0,-1.0,-1.0,-1.0,-1.0,-1.0,-1.0,-1.0,-1.0,-1.0,-1.0,-1.0,-1.0,-1.0,-1.0,-1.0,-1.0,-1.0,-1.0,-1.0,-1.0,-1.0,-1.0,-1.0,-1.0,-1.0,-1.0,-1.0,-1.0,-1.0,-1.0,-1.0,-1.0,-1.0,-1.0,-1.0,-1.0,-1.0,-1.0,-1.0,-1.0,-1.0,-1.0,-1.0,-1.0,-1.0,-1.0,-1.0,-1.0,-1.0,-1.0,-1.0,-1.0,-1.0,
Uhin Zenjoji,-1.0,1.0,-0.7,-0.7,-0.7,-1.0,0.0,0.7,-1.0,-1.0,-1.0,-0.7,0.7,0.0,-1.0,-0.7,-1.0,-1.0,-0.7,-1.0,-0.7,-0.7,0.0,-1.0,0.0,0.0,0.0,-0.7,0.0,-0.7,-1.0,-0.7,-0.7,0.0,-0.7,-1.0,-0.7,0.0,-1.0,-1.0,-0.7,-1.0,-1.0,-1.0,0.0,-1.0,-0.7,-0.7,0.0,0.0,-0.7,0.0,-1.0,-0.7,-0.7,-1.0,-0.7,-1.0,0.0,-1.0,-0.7,-1.0,-1.0,0.0,-0.7,0.0,-1.0,-1.0,-0.7,-0.7,-1.0,-0.7,-1.0,-1.0,-1.0,-0.7,-0.7,-0.7,-0.7,-1.0,0.0,0.0,-0.7,-1.0,-0.7,-0.7,0.0,0.0,0.0,-1.0,0.0,-0.7,0.0,
Uhin Zenjoji,-0.7,1.0,-0.7,-1.0,-1.0,0.0,-1.0,1.0,-1.0,-0.7,0.0,-1.0,1.0,0.0,0.0,-1.0,-0.7,-0.7,-0.7,-0.7,0.0,-1.0,1.0,-1.0,-0.7,0.0,-0.7,-1.0,-0.7,-0.7,0.0,-0.7,-0.7,-0.7,-0.7,-0.7,-1.0,0.0,-0.7,-0.7,0.0,0.0,0.0,0.0,-1.0,-0.7,-0.7,-1.0,0.0,-0.7,-0.7,0.0,-1.0,-0.7,-0.7,-1.0,-1.0,0.0,-0.7,0.0,-0.7,-1.0,-1.0,-1.0,0.0,-1.0,0.0,0.0,0.0,-0.7,0.0,-1.0,-1.0,-1.0,0.0,-1.0,-0.7,-1.0,-1.0,-1.0,0.0,-0.7,0.0,-0.7,0.0,-0.7,-0.7,-0.7,-0.7,0.0,-0.7,0.0,-0.7,
Loly Aivirrne,1.0,1.0,-1.0,-1.0,-1.0,-1.0,-1.0,1.0,-1.0,-1.0,-1.0,-1.0,1.0,-1.0,-1.0,-1.0,1.0,-1.0,-1.0,-1.0,-1.0,-1.0,-1.0,-1.0,1.0,-1.0,-1.0,-1.0,-1.0,-1.0,-1.0,1.0,-1.0,-1.0,-1.0,-1.0,-1.0,-1.0,-1.0,-1.0,-1.0,-1.0,-1.0,-1.0,-1.0,-1.0,-1.0,-1.0,-1.0,-1.0,-1.0,-1.0,-1.0,-1.0,-1.0,-1.0,-1.0,-1.0,-1.0,-1.0,-1.0,-1.0,-1.0,-1.0,-1.0,-1.0,-1.0,-1.0,-1.0,-1.0,-1.0,-1.0,-1.0,-1.0,-1.0,-1.0,-1.0,-1.0,-1.0,-1.0,-1.0,-1.0,-1.0,-1.0,-1.0,-1.0,-1.0,-1.0,-1.0,-1.0,-1.0,-1.0,-1.0,
Loly Aivirrne,1.0,0.7,-1.0,-0.7,-0.7,0.0,-1.0,1.0,-1.0,-1.0,0.0,0.0,0.7,0.0,-1.0,-1.0,1.0,0.0,-0.7,-0.7,-1.0,-1.0,0.0,-1.0,0.7,-1.0,-1.0,-0.7,-1.0,-0.7,-0.7,0.7,-0.7,-0.7,-1.0,-0.7,-0.7,-1.0,0.0,-0.7,0.0,0.0,-0.7,-0.7,-0.7,-0.7,0.0,-0.7,-1.0,-0.7,0.0,-0.7,-0.7,-0.7,-1.0,-1.0,-0.7,-0.7,-0.7,-0.7,-0.7,-1.0,-1.0,-1.0,-0.7,-1.0,-0.7,-1.0,-0.7,-1.0,-0.7,-0.7,-1.0,0.0,-1.0,-0.7,0.0,-0.7,0.0,-1.0,-0.7,-0.7,-1.0,-0.7,-1.0,-0.7,0.0,-1.0,-1.0,-0.7,-0.7,-0.7,-0.7,
Loly Aivirrne,1.0,0.7,0.0,-0.7,-0.7,-1.0,-1.0,1.0,-0.7,0.0,-0.7,-1.0,1.0,-1.0,-0.7,-0.7,1.0,-0.7,-1.0,-1.0,-1.0,-1.0,-1.0,-1.0,0.7,-0.7,-0.7,0.0,-1.0,0.0,-1.0,0.7,-0.7,-1.0,0.0,-1.0,-1.0,-1.0,-1.0,-1.0,-1.0,-1.0,0.0,-1.0,-1.0,-0.7,0.0,-1.0,-1.0,0.0,-1.0,-0.7,-1.0,0.0,0.0,0.0,-1.0,-0.7,-1.0,0.0,0.0,-0.7,-0.7,-1.0,-0.7,-0.7,-1.0,-1.0,-1.0,0.0,0.0,0.0,-0.7,-0.7,-1.0,0.0,-0.7,-0.7,-0.7,0.0,-1.0,-1.0,-0.7,0.0,-0.7,-0.7,-1.0,-0.7,-0.7,-0.7,-1.0,0.0,-0.7,
Luppi Antenor,-1.0,1.0,-1.0,-1.0,-1.0,-1.0,-1.0,1.0,-1.0,-1.0,-1.0,-1.0,1.0,-1.0,1.0,-1.0,1.0,1.0,-1.0,-1.0,-1.0,-1.0,-1.0,-1.0,1.0,-1.0,-1.0,-1.0,-1.0,-1.0,-1.0,1.0,-1.0,-1.0,-1.0,-1.0,-1.0,-1.0,-1.0,-1.0,-1.0,-1.0,-1.0,-1.0,-1.0,-1.0,-1.0,-1.0,-1.0,-1.0,-1.0,-1.0,-1.0,-1.0,-1.0,-1.0,-1.0,-1.0,-1.0,-1.0,-1.0,-1.0,-1.0,-1.0,-1.0,-1.0,-1.0,-1.0,-1.0,-1.0,-1.0,-1.0,-1.0,-1.0,-1.0,-1.0,-1.0,-1.0,-1.0,-1.0,-1.0,-1.0,-1.0,-1.0,-1.0,-1.0,-1.0,-1.0,-1.0,-1.0,-1.0,-1.0,-1.0,
Luppi Antenor,-0.7,1.0,-1.0,0.0,-1.0,-0.7,-0.7,0.7,-1.0,-1.0,0.0,-0.7,1.0,-1.0,0.0,-1.0,0.7,0.7,0.0,-0.7,-0.7,-1.0,0.0,-0.7,0.0,-0.7,-0.7,-1.0,-0.7,-1.0,-1.0,1.0,-1.0,-1.0,-1.0,0.0,-1.0,-0.7,-1.0,-0.7,-0.7,0.0,0.0,-0.7,-0.7,-1.0,-0.7,-1.0,-1.0,-1.0,-0.7,-0.7,-0.7,-0.7,-1.0,-0.7,0.0,0.0,-0.7,-0.7,-0.7,-1.0,-1.0,-1.0,-1.0,-0.7,0.0,-0.7,-0.7,-0.7,-1.0,-1.0,-0.7,-0.7,0.0,-1.0,0.0,-1.0,-0.7,-0.7,-1.0,-1.0,-1.0,-1.0,-0.7,-1.0,-0.7,-1.0,-0.7,-0.7,-0.7,-0.7,-1.0,
Luppi Antenor,0.0,1.0,-1.0,-1.0,-0.7,-0.7,-0.7,0.7,-1.0,0.0,-0.7,-0.7,0.7,-1.0,1.0,-0.7,1.0,1.0,0.0,-0.7,-0.7,-0.7,0.0,-1.0,0.0,-0.7,-1.0,-1.0,-0.7,-0.7,-1.0,0.7,-0.7,-0.7,0.0,0.0,-0.7,0.0,-1.0,-1.0,-1.0,-0.7,-0.7,-0.7,-1.0,-1.0,0.0,0.0,-0.7,-0.7,-0.7,-1.0,-0.7,-0.7,-0.7,-1.0,0.0,0.0,-1.0,-0.7,0.0,-1.0,-0.7,-0.7,-0.7,0.0,-1.0,-1.0,-1.0,-1.0,-0.7,-0.7,-1.0,-0.7,-0.7,-1.0,-0.7,-0.7,-0.7,-1.0,-0.7,0.0,-0.7,-1.0,-0.7,-1.0,-0.7,-1.0,-1.0,-0.7,-1.0,-0.7,-1.0,
Emilou Apacci,1.0,1.0,-1.0,-1.0,-1.0,-1.0,-1.0,1.0,-1.0,-1.0,-1.0,-1.0,1.0,-1.0,-1.0,-1.0,1.0,-1.0,-1.0,-1.0,-1.0,-1.0,-1.0,-1.0,1.0,-1.0,-1.0,-1.0,-1.0,-1.0,-1.0,1.0,-1.0,-1.0,-1.0,-1.0,-1.0,-1.0,-1.0,-1.0,-1.0,-1.0,-1.0,-1.0,-1.0,-1.0,-1.0,-1.0,-1.0,-1.0,-1.0,-1.0,-1.0,-1.0,-1.0,-1.0,-1.0,-1.0,-1.0,-1.0,-1.0,-1.0,-1.0,-1.0,-1.0,-1.0,-1.0,-1.0,-1.0,-1.0,-1.0,-1.0,-1.0,-1.0,-1.0,-1.0,-1.0,-1.0,-1.0,-1.0,-1.0,-1.0,-1.0,-1.0,-1.0,-1.0,-1.0,-1.0,-1.0,-1.0,-1.0,-1.0,-1.0,
Emilou Apacci,1.0,0.0,0.0,-1.0,-0.7,-1.0,-0.7,0.7,-1.0,-0.7,-1.0,-1.0,0.7,-0.7,-0.7,-0.7,0.7,-0.7,-1.0,-0.7,-0.7,-0.7,-0.7,-1.0,0.7,-1.0,-0.7,-0.7,0.0,-0.7,0.0,0.7,0.0,-0.7,0.0,-1.0,-1.0,-0.7,0.0,-0.7,-1.0,-0.7,-0.7,-1.0,-0.7,0.0,0.0,-1.0,-1.0,-1.0,-1.0,-1.0,-0.7,-1.0,0.0,0.0,-1.0,0.0,-0.7,-0.7,-1.0,-0.7,-1.0,-0.7,-1.0,-0.7,-1.0,-1.0,-0.7,-0.7,-0.7,-1.0,0.0,-0.7,-1.0,-0.7,-0.7,-1.0,-0.7,0.0,-0.7,-1.0,0.0,-1.0,0.0,-1.0,-0.7,-0.7,-1.0,-0.7,-0.7,-1.0,-0.7,
Emilou Apacci,0.7,1.0,0.0,0.0,-1.0,-0.7,-1.0,0.7,0.0,-1.0,0.0,-0.7,1.0,0.0,-0.7,-0.7,0.7,-1.0,-1.0,0.0,-0.7,0.0,-1.0,-0.7,0.0,-1.0,-1.0,-0.7,-1.0,-1.0,0.0,0.0,-0.7,-0.7,0.0,-0.7,-1.0,-1.0,-1.0,-1.0,-1.0,-1.0,-1.0,-1.0,-0.7,-1.0,-0.7,-1.0,0.0,0.0,-0.7,-0.7,0.0,-1.0,0.0,-0.7,-0.7,-1.0,-0.7,-0.7,-0.7,-0.7,-1.0,-1.0,-0.7,-1.0,-1.0,-1.0,-1.0,-0.7,-1.0,0.0,-0.7,-0.7,-1.0,-0.7,-0.7,0.0,-0.7,-0.7,0.0,-1.0,-1.0,-0.7,-1.0,-1.0,-0.7,-1.0,-0.7,0.0,-1.0,-1.0,-1.0,
Aaroniero Arruruerie,-1.0,-1.0,1.0,-1.0,-1.0,-1.0,1.0,1.0,-1.0,-1.0,-1.0,-1.0,1.0,-1.0,1.0,-1.0,1.0,1.0,-1.0,-1.0,-1.0,-1.0,-1.0,-1.0,1.0,-1.0,-1.0,-1.0,-1.0,-1.0,-1.0,1.0,-1.0,1.0,-1.0,-1.0,-1.0,-1.0,-1.0,-1.0,-1.0,-1.0,-1.0,-1.0,-1.0,-1.0,-1.0,-1.0,-1.0,-1.0,-1.0,-1.0,-1.0,-1.0,-1.0,-1.0,-1.0,-1.0,-1.0,-1.0,-1.0,-1.0,-1.0,-1.0,-1.0,-1.0,-1.0,-1.0,-1.0,-1.0,-1.0,-1.0,-1.0,-1.0,-1.0,-1.0,-1.0,-1.0,-1.0,-1.0,-1.0,-1.0,-1.0,-1.0,-1.0,-1.0,-1.0,-1.0,-1.0,-1.0,-1.0,-1.0,-1.0,
Aaroniero Arruruerie,-1.0,-1.0,1.0,-0.7,-1.0,-0.7,0.0,0.7,-0.7,-1.0,-0.7,-1.0,1.0,0.0,1.0,-1.0,0.0,0.0,-1.0,-1.0,-0.7,-0.7,-1.0,-0.7,0.0,-1.0,0.0,0.0,-1.0,-0.7,-1.0,0.7,-0.7,1.0,-0.7,0.0,-1.0,-1.0,-1.0,-0.7,0.0,0.0,-0.7,-0.7,-1.0,-1.0,-0.7,-0.7,-0.7,0.0,-0.7,-0.7,-1.0,0.0,-0.7,0.0,-0.7,-0.7,-0.7,-1.0,-0.7,0.0,-1.0,-1.0,-0.7,-1.0,-0.7,-0.7,-1.0,0.0,-0.7,0.0,-0.7,0.0,-1.0,-1.0,-1.0,-0.7,0.0,-0.7,0.0,-1.0,-1.0,0.0,-0.7,-0.7,-1.0,0.0,-0.7,-0.7,-1.0,-0.7,0.0,
Aaroniero Arruruerie,0.0,-1.0,1.0,-0.7,-1.0,-0.7,1.0,1.0,-0.7,-0.7,-0.7,0.0,1.0,-0.7,1.0,-0.7,1.0,1.0,-1.0,-1.0,0.0,-0.7,0.0,-0.7,1.0,-1.0,-1.0,-1.0,-0.7,-0.7,-1.0,1.0,-1.0,1.0,-1.0,-0.7,-1.0,-0.7,-1.0,-1.0,0.0,-0.7,-1.0,0.0,-1.0,-1.0,-0.7,-0.7,-1.0,-1.0,0.0,-1.0,-1.0,-0.7,0.0,-1.0,-0.7,-0.7,-0.7,-0.7,0.0,-1.0,-1.0,0.0,-0.7,-0.7,-0.7,-0.7,-0.7,0.0,-0.7,-1.0,-0.7,-0.7,-0.7,-0.7,-1.0,-0.7,-0.7,-0.7,-0.7,-1.0,-0.7,-0.7,-0.7,-0.7,-0.7,-1.0,-0.7,-1.0,-0.7,-1.0,-1.0,
Dondochakka,-1.0,-1.0,1.0,-1.0,-1.0,-1.0,1.0,-1.0,-1.0,1.0,-1.0,-1.0,-1.0,-1.0,-1.0,-1.0,1.0,-1.0,-1.0,-1.0,-1.0,-1.0,-1.0,-1.0,1.0,-1.0,-1.0,-1.0,-1.0,-1.0,-1.0,1.0,-1.0,-1.0,-1.0,-1.0,-1.0,1.0,-1.0,-1.0,-1.0,-1.0,-1.0,-1.0,-1.0,-1.0,-1.0,-1.0,-1.0,-1.0,-1.0,-1.0,-1.0,-1.0,-1.0,-1.0,-1.0,-1.0,-1.0,-1.0,-1.0,-1.0,-1.0,-1.0,-1.0,-1.0,-1.0,-1.0,-1.0,-1.0,-1.0,-1.0,-1.0,-1.0,-1.0,-1.0,-1.0,-1.0,-1.0,-1.0,-1.0,-1.0,-1.0,-1.0,-1.0,-1.0,-1.0,-1.0,-1.0,-1.0,-1.0,-1.0,-1.0,
Dondochakka,-0.7,-0.7,0.7,-0.7,-0.7,-0.7,0.7,-0.7,-0.7,0.7,0.0,-1.0,0.0,-1.0,-1.0,-1.0,0.7,-1.0,0.0,0.0,-0.7,-0.7,0.0,0.0,0.7,-0.7,-0.7,-0.7,-1.0,-0.7,-1.0,1.0,-0.7,0.0,0.0,-0.7,-0.7,1.0,-0.7,-1.0,-1.0,-0.7,-1.0,-1.0,0.0,-1.0,-1.0,-1.0,-1.0,-1.0,-0.7,-1.0,0.0,-1.0,-0.7,-0.7,-0.7,-0.7,0.0,-1.0,-0.7,0.0,-1.0,-1.0,-1.0,-0.7,-1.0,-1.0,-0.7,-0.7,-1.0,-1.0,-0.7,0.0,-0.7,-0.7,-1.0,-1.0,-0.7,0.0,-0.7,0.0,0.0,-1.0,-1.0,-1.0,-1.0,-1.0,0.0,-1.0,-1.0,-1.0,0.0,
Dondochakka,-0.7,0.0,0.0,-0.7,-1.0,-1.0,1.0,-0.7,-1.0,1.0,-0.7,-0.7,-0.7,-1.0,0.0,-0.7,1.0,-0.7,0.0,-1.0,-1.0,-0.7,-1.0,0.0,1.0,-0.7,-0.7,-0.7,-1.0,-1.0,-1.0,1.0,-1.0,0.0,-1.0,-0.7,-0.7,0.7,0.0,-1.0,0.0,-0.7,0.0,-0.7,-0.7,-1.0,-1.0,-0.7,0.0,-0.7,-1.0,0.0,-0.7,-1.0,-1.0,-1.0,0.0,0.0,-1.0,-1.0,-0.7,0.0,-0.7,-0.7,-1.0,-0.7,-1.0,0.0,-1.0,0.0,-1.0,0.0,-1.0,-0.7,-0.7,-1.0,0.0,-0.7,-0.7,0.0,0.0,-0.7,0.0,-1.0,-1.0,-0.7,-1.0,-0.7,-1.0,-0.7,0.0,-0.7,0.0,
Findorr Calius,-1.0,-1.0,-1.0,-1.0,1.0,-1.0,-1.0,1.0,-1.0,-1.0,-1.0,-1.0,1.0,-1.0,-1.0,-1.0,1.0,1.0,-1.0,-1.0,-1.0,-1.0,-1.0,-1.0,1.0,-1.0,-1.0,-1.0,-1.0,1.0,-1.0,1.0,-1.0,-1.0,-1.0,-1.0,-1.0,-1.0,-1.0,-1.0,-1.0,-1.0,-1.0,-1.0,-1.0,-1.0,-1.0,-1.0,-1.0,-1.0,-1.0,-1.0,-1.0,-1.0,-1.0,-1.0,-1.0,-1.0,-1.0,-1.0,-1.0,-1.0,-1.0,-1.0,-1.0,-1.0,-1.0,-1.0,-1.0,-1.0,-1.0,-1.0,-1.0,-1.0,-1.0,-1.0,-1.0,-1.0,-1.0,-1.0,-1.0,-1.0,-1.0,-1.0,-1.0,-1.0,-1.0,-1.0,-1.0,-1.0,-1.0,-1.0,-1.0,
Findorr Calius,-0.7,-1.0,-1.0,-1.0,0.0,-1.0,-1.0,0.0,-0.7,-1.0,-1.0,0.0,0.0,-1.0,-0.7,0.0,0.7,0.0,-0.7,0.0,-1.0,-1.0,-0.7,-0.7,0.0,-1.0,0.0,-1.0,-0.7,1.0,-0.7,0.7,-1.0,-1.0,-0.7,0.0,-1.0,-1.0,-1.0,0.0,-1.0,-1.0,-0.7,-0.7,-1.0,0.0,-0.7,-0.7,-1.0,0.0,-1.0,-1.0,-1.0,-0.7,-0.7,-0.7,-1.0,-0.7,-0.7,-1.0,0.0,-1.0,-0.7,-1.0,-0.7,0.0,0.0,-1.0,-0.7,-1.0,0.0,-0.7,-1.0,-1.0,0.0,-0.7,-1.0,-1.0,-1.0,-0.7,0.0,0.0,-0.7,0.0,-0.7,-1.0,0.0,-1.0,-1.0,0.0,-1.0,-0.7,0.0,
Findorr Calius,-0.7,-1.0,-1.0,-1.0,0.7,-0.7,-0.7,0.7,-0.7,-0.7,0.0,-1.0,0.0,-0.7,-1.0,-1.0,1.0,0.7,-1.0,0.0,-0.7,0.0,-1.0,-1.0,1.0,-1.0,0.0,-1.0,-0.7,1.0,-0.7,0.0,-0.7,-0.7,-1.0,0.0,-0.7,-0.7,-0.7,0.0,-0.7,-0.7,-0.7,-1.0,-0.7,-0.7,-0.7,-0.7,-1.0,-0.7,0.0,0.0,-1.0,-0.7,0.0,-0.7,-0.7,0.0,-0.7,-0.7,-1.0,-1.0,-1.0,0.0,-0.7,-0.7,0.0,-0.7,-0.7,-1.0,0.0,-1.0,-1.0,-1.0,-1.0,-1.0,-0.7,-1.0,-0.7,-1.0,-1.0,-0.7,0.0,0.0,0.0,-0.7,-0.7,-0.7,-0.7,-1.0,-0.7,-1.0,-0.7,
Rudbornn Chelute,-1.0,-1.0,1.0,-1.0,-1.0,-1.0,1.0,1.0,-1.0,-1.0,1.0,-1.0,1.0,-1.0,1.0,-1.0,1.0,-1.0,-1.0,-1.0,-1.0,-1.0,-1.0,-1.0,1.0,-1.0,-1.0,-1.0,-1.0,-1.0,-1.0,1.0,-1.0,-1.0,-1.0,-1.0,-1.0,-1.0,-1.0,-1.0,-1.0,-1.0,-1.0,-1.0,-1.0,-1.0,-1.0,-1.0,-1.0,-1.0,-1.0,-1.0,-1.0,-1.0,-1.0,-1.0,-1.0,-1.0,-1.0,-1.0,-1.0,-1.0,-1.0,-1.0,-1.0,-1.0,-1.0,-1.0,-1.0,-1.0,-1.0,-1.0,-1.0,-1.0,-1.0,-1.0,-1.0,-1.0,-1.0,-1.0,-1.0,-1.0,-1.0,-1.0,-1.0,-1.0,-1.0,-1.0,-1.0,-1.0,-1.0,-1.0,-1.0,
Rudbornn Chelute,-0.7,-1.0,1.0,-1.0,0.0,-1.0,1.0,0.0,-0.7,-1.0,1.0,-1.0,1.0,-1.0,0.7,0.0,0.7,-0.7,-1.0,-1.0,0.0,-1.0,0.0,-0.7,0.0,-1.0,-1.0,-0.7,-0.7,-1.0,0.0,1.0,-1.0,-0.7,-0.7,0.0,-0.7,-1.0,-0.7,-1.0,-0.7,-0.7,-1.0,-0.7,-0.7,-0.7,-0.7,-1.0,-1.0,-1.0,-1.0,-0.7,0.0,-0.7,-0.7,-0.7,-1.0,0.0,0.0,-0.7,-1.0,-0.7,-1.0,-0.7,0.0,-1.0,0.0,0.0,0.0,-0.7,-1.0,-0.7,-0.7,-1.0,-0.7,-0.7,-1.0,-1.0,-1.0,-0.7,-0.7,-1.0,0.0,-1.0,-0.7,-0.7,-0.7,-1.0,0.0,0.0,-0.7,-0.7,-1.0,
Rudbornn Chelute,-0.7,-0.7,0.7,-0.7,-0.7,-1.0,1.0,1.0,-1.0,-0.7,0.7,-0.7,0.7,-0.7,1.0,-1.0,1.0,-0.7,-1.0,-1.0,-0.7,0.0,-0.7,-0.7,0.7,-0.7,-0.7,0.0,-1.0,-1.0,-1.0,0.7,0.0,-1.0,-1.0,0.0,-0.7,-0.7,0.0,-0.7,-0.7,-1.0,-1.0,-0.7,-0.7,0.0,0.0,0.0,-1.0,0.0,-0.7,-1.0,-0.7,-1.0,-1.0,0.0,-0.7,-1.0,-0.7,0.0,-0.7,-1.0,-1.0,-1.0,0.0,-0.7,-0.7,-0.7,0.0,-0.7,-0.7,-1.0,-1.0,0.0,0.0,0.0,0.0,0.0,-0.7,0.0,-0.7,-1.0,-1.0,0.0,-1.0,0.0,-1.0,-1.0,-1.0,-1.0,-1.0,-1.0,0.0,
Charlotte,-1.0,-1.0,-1.0,-1.0,-1.0,-1.0,-1.0,1.0,-1.0,-1.0,-1.0,-1.0,1.0,-1.0,-1.0,-1.0,1.0,1.0,-1.0,-1.0,-1.0,-1.0,-1.0,-1.0,1.0,-1.0,-1.0,-1.0,-1.0,-1.0,-1.0,1.0,-1.0,-1.0,-1.0,-1.0,-1.0,-1.0,-1.0,-1.0,-1.0,-1.0,-1.0,-1.0,-1.0,-1.0,-1.0,-1.0,-1.0,-1.0,-1.0,-1.0,-1.0,-1.0,-1.0,-1.0,-1.0,-1.0,-1.0,-1.0,-1.0,-1.0,-1.0,-1.0,-1.0,-1.0,-1.0,-1.0,-1.0,-1.0,-1.0,-1.0,-1.0,-1.0,-1.0,-1.0,-1.0,-1.0,-1.0,-1.0,-1.0,-1.0,-1.0,-1.0,-1.0,-1.0,-1.0,-1.0,-1.0,-1.0,-1.0,-1.0,-1.0,
Charlotte,-1.0,-1.0,-1.0,-0.7,-0.7,-0.7,-1.0,1.0,-0.7,0.0,-1.0,-0.7,1.0,-1.0,-0.7,-0.7,1.0,1.0,0.0,0.0,0.0,-0.7,-0.7,-1.0,1.0,-0.7,-0.7,-1.0,0.0,-1.0,-1.0,1.0,-0.7,-1.0,-1.0,-0.7,-0.7,-0.7,-1.0,-0.7,-0.7,-1.0,0.0,-0.7,-1.0,0.0,0.0,0.0,-0.7,-1.0,-1.0,-0.7,0.0,-0.7,0.0,-1.0,-0.7,0.0,-0.7,0.0,-0.7,-0.7,-0.7,0.0,-0.7,-1.0,-0.7,-0.7,-1.0,-0.7,-1.0,-0.7,0.0,-0.7,0.0,-1.0,0.0,-1.0,-1.0,0.0,-0.7,-1.0,0.0,-0.7,0.0,-0.7,-0.7,-0.7,-1.0,-0.7,-0.7,-1.0,-1.0,
Charlotte,-1.0,0.0,-0.7,-0.7,0.0,-0.7,0.0,1.0,-1.0,-0.7,-0.7,0.0,0.7,-1.0,-0.7,-0.7,1.0,0.7,0.0,0.0,-0.7,-1.0,-1.0,-0.7,0.7,-1.0,-1.0,0.0,0.0,-0.7,-1.0,1.0,-1.0,-0.7,-1.0,0.0,0.0,-1.0,-0.7,-0.7,0.0,0.0,-1.0,-1.0,-0.7,-0.7,-1.0,-0.7,-0.7,-1.0,0.0,-1.0,-0.7,-0.7,-1.0,-0.7,-0.7,0.0,-1.0,-0.7,-0.7,-0.7,0.0,-1.0,-1.0,-0.7,-1.0,0.0,-0.7,-0.7,0.0,-0.7,-0.7,-1.0,-1.0,-1.0,-0.7,-0.7,-1.0,-0.7,-1.0,0.0,-1.0,0.0,-0.7,-0.7,-1.0,0.0,-1.0,-0.7,0.0,0.0,-0.7,
Ulquiorra Cifer,-1.0,1.0,-1.0,1.0,-1.0,-1.0,-1.0,1.0,-1.0,-1.0,-1.0,-1.0,1.0,-1.0,1.0,-1.0,1.0,1.0,1.0,-1.0,-1.0,-1.0,-1.0,-1.0,1.0,-1.0,-1.0,-1.0,-1.0,-1.0,-1.0,1.0,-1.0,-1.0,-1.0,-1.0,-1.0,-1.0,-1.0,-1.0,-1.0,-1.0,-1.0,-1.0,-1.0,-1.0,-1.0,-1.0,-1.0,-1.0,-1.0,-1.0,-1.0,-1.0,-1.0,-1.0,-1.0,-1.0,-1.0,-1.0,-1.0,-1.0,-1.0,-1.0,-1.0,-1.0,-1.0,-1.0,-1.0,-1.0,-1.0,-1.0,-1.0,-1.0,-1.0,-1.0,-1.0,-1.0,-1.0,-1.0,-1.0,-1.0,-1.0,-1.0,-1.0,-1.0,-1.0,-1.0,-1.0,-1.0,-1.0,-1.0,-1.0,
Ulquiorra Cifer,0.0,0.7,-1.0,0.7,-1.0,-1.0,-0.7,0.7,-1.0,0.0,-1.0,0.0,0.0,0.0,0.0,-1.0,0.7,1.0,1.0,-0.7,-1.0,0.0,0.0,-1.0,0.7,-0.7,0.0,-0.7,-1.0,-0.7,-0.7,0.0,-1.0,-1.0,0.0,0.0,0.0,-0.7,-0.7,-0.7,-1.0,-0.7,-1.0,-1.0,0.0,-1.0,0.0,-1.0,-1.0,-0.7,-0.7,-0.7,0.0,-1.0,0.0,-1.0,0.0,-0.7,0.0,-0.7,-1.0,0.0,-1.0,-1.0,0.0,-1.0,-1.0,-0.7,0.0,-1.0,-0.7,-0.7,0.0,0.0,-0.7,-0.7,-0.7,-1.0,-0.7,0.0,-0.7,-1.0,-0.7,-0.7,-0.7,-0.7,-0.7,-1.0,0.0,-0.7,-1.0,-1.0,0.0,
Ulquiorra Cifer,0.0,0.7,-1.0,1.0,-1.0,-0.7,-0.7,0.7,-0.7,-1.0,-1.0,-1.0,1.0,-1.0,0.7,0.0,0.7,0.0,0.7,-0.7,-1.0,0.0,-1.0,-1.0,1.0,0.0,0.0,-0.7,-0.7,-0.7,0.0,0.7,0.0,-1.0,-1.0,0.0,-1.0,0.0,-0.7,0.0,-1.0,-0.7,-0.7,-0.7,-0.7,0.0,-0.7,-1.0,0.0,-1.0,-1.0,-1.0,0.0,-1.0,-1.0,0.0,0.0,-1.0,-0.7,0.0,-1.0,0.0,-0.7,-0.7,-0.7,-0.7,-1.0,-0.7,-1.0,-0.7,-1.0,0.0,-1.0,-0.7,-0.7,-0.7,-0.7,-0.7,-1.0,-1.0,-0.7,0.0,-1.0,-1.0,-1.0,-0.7,-1.0,0.0,-1.0,-1.0,-1.0,-0.7,-0.7,
Dordoni,-1.0,1.0,-1.0,-1.0,-1.0,-1.0,-1.0,1.0,-1.0,-1.0,-1.0,-1.0,1.0,-1.0,-1.0,-1.0,1.0,1.0,1.0,-1.0,-1.0,-1.0,-1.0,-1.0,1.0,-1.0,-1.0,-1.0,-1.0,-1.0,-1.0,1.0,-1.0,-1.0,-1.0,-1.0,-1.0,-1.0,-1.0,-1.0,-1.0,-1.0,-1.0,-1.0,-1.0,-1.0,-1.0,-1.0,-1.0,-1.0,-1.0,-1.0,-1.0,-1.0,-1.0,-1.0,-1.0,-1.0,-1.0,-1.0,-1.0,-1.0,-1.0,-1.0,-1.0,-1.0,-1.0,-1.0,-1.0,-1.0,-1.0,-1.0,-1.0,-1.0,-1.0,-1.0,-1.0,-1.0,-1.0,-1.0,-1.0,-1.0,-1.0,-1.0,-1.0,-1.0,-1.0,-1.0,-1.0,-1.0,-1.0,-1.0,-1.0,
Dordoni,-1.0,0.0,-1.0,-0.7,-0.7,-1.0,0.0,0.0,-1.0,-0.7,-1.0,-0.7,1.0,0.0,-1.0,-1.0,1.0,1.0,0.7,-1.0,-0.7,-1.0,-0.7,-0.7,0.0,0.0,0.0,-0.7,-1.0,-0.7,0.0,1.0,-0.7,-1.0,-0.7,-0.7,-0.7,-0.7,0.0,-0.7,0.0,-1.0,-0.7,-0.7,-1.0,-1.0,-0.7,-0.7,-0.7,-1.0,-1.0,-0.7,-1.0,-1.0,-1.0,-1.0,-1.0,-1.0,-1.0,-0.7,-1.0,-0.7,0.0,-0.7,-1.0,0.0,-1.0,-1.0,0.0,0.0,-0.7,-0.7,-0.7,-1.0,-1.0,-0.7,0.0,-1.0,-0.7,-1.0,-0.7,-0.7,-0.7,-1.0,-0.7,-0.7,-1.0,-1.0,-0.7,-0.7,-1.0,-0.7,0.0,
Dordoni,-1.0,0.7,-1.0,-1.0,-1.0,-0.7,0.0,1.0,-0.7,-0.7,-1.0,-0.7,0.7,0.0,0.0,-1.0,0.7,1.0,0.7,0.0,-1.0,-0.7,-0.7,-0.7,1.0,0.0,-0.7,-1.0,-1.0,-0.7,-1.0,1.0,-0.7,-0.7,-0.7,-1.0,-0.7,0.0,-1.0,-0.7,0.0,-0.7,-0.7,-1.0,-0.7,-0.7,-0.7,0.0,-1.0,-1.0,-1.0,-0.7,-1.0,-0.7,-1.0,-0.7,-1.0,0.0,-0.7,0.0,-0.7,-1.0,-1.0,0.0,-0.7,-1.0,-0.7,-0.7,-1.0,-1.0,0.0,-1.0,-1.0,-1.0,-1.0,-0.7,-1.0,-1.0,0.0,-1.0,-1.0,-0.7,-0.7,0.0,-1.0,0.0,-0.7,-0.7,-1.0,-1.0,-0.7,0.0,-0.7,
Asguiaro Ebern,-1.0,-1.0,-1.0,-1.0,-1.0,-1.0,-1.0,-1.0,1.0,-1.0,-1.0,-1.0,1.0,-1.0,-1.0,-1.0,-1.0,1.0,-1.0,-1.0,-1.0,-1.0,-1.0,1.0,1.0,-1.0,-1.0,-1.0,-1.0,-1.0,-1.0,1.0,-1.0,-1.0,-1.0,-1.0,-1.0,-1.0,-1.0,-1.0,-1.0,-1.0,-1.0,-1.0,-1.0,-1.0,-1.0,-1.0,-1.0,-1.0,-1.0,-1.0,-1.0,-1.0,-1.0,-1.0,-1.0,-1.0,-1.0,-1.0,-1.0,-1.0,-1.0,-1.0,-1.0,-1.0,-1.0,-1.0,-1.0,-1.0,-1.0,-1.0,-1.0,-1.0,-1.0,-1.0,-1.0,-1.0,-1.0,-1.0,-1.0,-1.0,-1.0,-1.0,-1.0,-1.0,-1.0,-1.0,-1.0,-1.0,-1.0,-1.0,-1.0,
Asguiaro Ebern,-1.0,-1.0,-0.7,-0.7,-1.0,-1.0,-0.7,-0.7,0.7,0.0,-0.7,-1.0,0.7,0.0,0.0,0.0,-1.0,0.7,0.0,-0.7,-1.0,0.0,-0.7,1.0,1.0,-0.7,-0.7,-1.0,-0.7,-0.7,-0.7,1.0,-0.7,-1.0,-1.0,-1.0,0.0,-1.0,-1.0,-1.0,-0.7,0.0,0.0,-1.0,-1.0,-1.0,-0.7,-1.0,-1.0,-0.7,-1.0,-1.0,-1.0,-1.0,-0.7,0.0,-1.0,-1.0,0.0,0.0,-1.0,-0.7,-1.0,-0.7,0.0,-0.7,-0.7,-1.0,-0.7,-0.7,-0.7,-1.0,-0.7,-0.7,-1.0,-1.0,-1.0,-0.7,-0.7,0.0,-1.0,0.0,-0.7,-1.0,-1.0,-1.0,0.0,-1.0,-1.0,-1.0,0.0,-1.0,-1.0,
Asguiaro Ebern,-0.7,-0.7,-0.7,-0.7,0.0,0.0,-0.7,-1.0,0.7,-1.0,-1.0,0.0,0.0,-0.7,0.0,0.0,-0.7,0.7,-0.7,-1.0,-1.0,-0.7,-1.0,1.0,1.0,-1.0,0.0,-0.7,-0.7,0.0,0.0,0.7,0.0,-0.7,-1.0,-1.0,-0.7,-0.7,-0.7,-0.7,-1.0,-1.0,-0.7,-1.0,-0.7,-0.7,-0.7,-1.0,-0.7,0.0,0.0,0.0,-0.7,-1.0,-0.7,0.0,-1.0,-1.0,-1.0,-0.7,-0.7,-1.0,0.0,-0.7,-1.0,-1.0,-1.0,-0.7,-1.0,-0.7,-0.7,-0.7,-1.0,-0.7,0.0,-1.0,-1.0,-0.7,-0.7,-1.0,-0.7,-0.7,0.0,-1.0,-0.7,-1.0,-0.7,-0.7,-1.0,0.0,-1.0,-0.7,-1.0,
Luders Friegen,-1.0,-1.0,-1.0,-1.0,-1.0,-1.0,-1.0,-1.0,1.0,-1.0,-1.0,-1.0,1.0,-1.0,-1.0,-1.0,-1.0,1.0,-1.0,-1.0,-1.0,-1.0,-1.0,-1.0,1.0,-1.0,-1.0,-1.0,-1.0,-1.0,-1.0,1.0,-1.0,-1.0,-1.0,-1.0,-1.0,-1.0,-1.0,-1.0,-1.0,-1.0,-1.0,-1.0,-1.0,-1.0,-1.0,-1.0,-1.0,-1.0,-1.0,-1.0,-1.0,-1.0,-1.0,-1.0,-1.0,-1.0,-1.0,-1.0,-1.0,-1.0,-1.0,-1.0,-1.0,-1.0,-1.0,-1.0,-1.0,-1.0,-1.0,-1.0,-1.0,-1.0,-1.0,-1.0,-1.0,-1.0,-1.0,-1.0,-1.0,-1.0,-1.0,-1.0,-1.0,-1.0,-1.0,-1.0,-1.0,-1.0,-1.0,-1.0,-1.0,
Luders Friegen,-0.7,-1.0,0.0,0.0,0.0,-1.0,-0.7,-1.0,0.0,-0.7,-0.7,-0.7,1.0,-0.7,-1.0,0.0,0.0,0.7,0.0,-1.0,0.0,-1.0,-0.7,-0.7,1.0,-1.0,-1.0,0.0,-1.0,-0.7,-0.7,1.0,-0.7,-0.7,-1.0,-0.7,-1.0,-1.0,-0.7,-0.7,0.0,0.0,-0.7,-1.0,-1.0,-1.0,-0.7,0.0,-1.0,-1.0,-0.7,-1.0,-0.7,-0.7,-0.7,-1.0,0.0,-1.0,0.0,-1.0,0.0,-0.7,-1.0,0.0,-0.7,-1.0,-1.0,-0.7,-0.7,-0.7,-0.7,-0.7,-0.7,-0.7,-1.0,0.0,-1.0,-1.0,-0.7,-0.7,-1.0,-1.0,-0.7,0.0,-0.7,-0.7,-1.0,-1.0,-1.0,-1.0,-0.7,-1.0,-1.0,
Luders Friegen,-0.7,0.0,0.0,-0.7,-1.0,-0.7,-1.0,-0.7,0.7,-0.7,0.0,-0.7,0.7,-1.0,0.0,-1.0,0.0,1.0,-1.0,0.0,-1.0,0.0,-1.0,0.0,0.7,-0.7,-1.0,-1.0,0.0,-1.0,-1.0,0.7,-0.7,-1.0,-1.0,-1.0,0.0,-1.0,0.0,-1.0,-1.0,-0.7,-1.0,-0.7,0.0,-1.0,-0.7,-1.0,-1.0,-1.0,0.0,-1.0,0.0,-0.7,-1.0,-0.7,0.0,-0.7,-0.7,0.0,-1.0,0.0,0.0,-0.7,0.0,-0.7,-0.7,-0.7,-1.0,-0.7,-1.0,-0.7,-1.0,-1.0,-1.0,0.0,-1.0,-0.7,-1.0,-0.7,-1.0,-1.0,-0.7,-0.7,-1.0,-0.7,0.0,-1.0,-1.0,-0.7,-1.0,0.0,-0.7,
Nnoitra Gilga,-1.0,1.0,-1.0,1.0,1.0,-1.0,-1.0,1.0,-1.0,-1.0,-1.0,-1.0,1.0,-1.0,1.0,-1.0,1.0,1.0,1.0,-1.0,-1.0,-1.0,-1.0,-1.0,1.0,-1.0,-1.0,-1.0,-1.0,-1.0,-1.0,1.0,-1.0,-1.0,-1.0,-1.0,-1.0,1.0,-1.0,-1.0,-1.0,-1.0,-1.0,-1.0,-1.0,-1.0,-1.0,-1.0,-1.0,-1.0,-1.0,-1.0,-1.0,-1.0,-1.0,-1.0,-1.0,-1.0,-1.0,-1.0,-1.0,-1.0,-1.0,-1.0,-1.0,-1.0,-1.0,-1.0,-1.0,-1.0,-1.0,-1.0,-1.0,-1.0,-1.0,-1.0,-1.0,-1.0,-1.0,-1.0,-1.0,-1.0,-1.0,-1.0,-1.0,-1.0,-1.0,-1.0,-1.0,-1.0,-1.0,-1.0,-1.0,
Nnoitra Gilga,-0.7,0.7,-0.7,1.0,0.0,-0.7,-1.0,0.7,-1.0,-1.0,-0.7,-0.7,0.7,-1.0,0.7,-1.0,0.7,0.7,0.7,0.0,0.0,0.0,0.0,-0.7,0.0,0.0,-0.7,-1.0,-1.0,0.0,-0.7,0.0,-1.0,-1.0,-0.7,0.0,-1.0,0.0,-0.7,-1.0,-1.0,-1.0,-1.0,-0.7,-1.0,-1.0,0.0,-0.7,-0.7,-1.0,0.0,0.0,-0.7,0.0,0.0,-0.7,-0.7,-1.0,-1.0,-1.0,-1.0,-1.0,0.0,-1.0,0.0,-0.7,-1.0,-0.7,-1.0,0.0,0.0,-1.0,0.0,-0.7,-1.0,-0.7,-0.7,-1.0,-0.7,-1.0,-0.7,-1.0,0.0,-0.7,-1.0,-1.0,-1.0,-0.7,-1.0,0.0,0.0,-0.7,-1.0,
Nnoitra Gilga,-1.0,0.7,-0.7,0.7,0.7,-1.0,0.0,1.0,-0.7,-0.7,-1.0,-0.7,0.0,-0.7,1.0,-1.0,1.0,1.0,0.0,-0.7,-1.0,0.0,-0.7,-1.0,1.0,-1.0,0.0,-0.7,0.0,-1.0,0.0,1.0,0.0,0.0,-1.0,-0.7,-0.7,0.0,-1.0,-0.7,0.0,-0.7,-1.0,0.0,-1.0,-0.7,-1.0,-1.0,-0.7,-0.7,-0.7,-0.7,-1.0,-1.0,-0.7,-1.0,-0.7,-0.7,0.0,-0.7,-1.0,0.0,0.0,-0.7,0.0,-0.7,-0.7,-1.0,-0.7,-1.0,-1.0,-1.0,-1.0,-1.0,-0.7,-1.0,0.0,-1.0,-0.7,-1.0,-1.0,-1.0,-0.7,-0.7,-1.0,-1.0,-1.0,0.0,-0.7,-1.0,-1.0,0.0,-1.0,
Lilynette Gingerbuck,1.0,-1.0,1.0,-1.0,1.0,1.0,-1.0,1.0,1.0,-1.0,-1.0,-1.0,1.0,-1.0,1.0,-1.0,1.0,1.0,-1.0,-1.0,-1.0,-1.0,-1.0,-1.0,1.0,-1.0,-1.0,-1.0,-1.0,1.0,-1.0,1.0,-1.0,-1.0,-1.0,1.0,-1.0,-1.0,-1.0,-1.0,-1.0,-1.0,-1.0,-1.0,-1.0,-1.0,-1.0,-1.0,-1.0,-1.0,-1.0,-1.0,-1.0,-1.0,-1.0,-1.0,-1.0,-1.0,-1.0,-1.0,-1.0,-1.0,-1.0,-1.0,-1.0,-1.0,-1.0,-1.0,-1.0,-1.0,-1.0,-1.0,-1.0,-1.0,-1.0,-1.0,-1.0,-1.0,-1.0,-1.0,-1.0,-1.0,-1.0,-1.0,-1.0,-1.0,-1.0,-1.0,-1.0,-1.0,-1.0,-1.0,-1.0,
Lilynette Gingerbuck,0.7,-1.0,0.7,0.0,0.0,0.7,-0.7,0.7,1.0,0.0,-0.7,-0.7,1.0,-0.7,0.0,-0.7,1.0,1.0,-1.0,0.0,0.0,0.0,-0.7,-0.7,0.7,-0.7,-0.7,-0.7,-0.7,1.0,-1.0,0.0,0.0,-0.7,-1.0,0.0,-0.7,-0.7,-0.7,-0.7,-0.7,0.0,-1.0,-1.0,-1.0,-1.0,-1.0,-1.0,-1.0,-1.0,-1.0,-1.0,-0.7,-0.7,-1.0,-0.7,0.0,0.0,-1.0,-0.7,-1.0,-1.0,-1.0,-1.0,-0.7,-0.7,-0.7,-1.0,-1.0,-1.0,-1.0,0.0,-0.7,0.0,-0.7,-0.7,-1.0,-0.7,-0.7,0.0,-0.7,-1.0,-0.7,0.0,-0.7,-0.7,-1.0,-0.7,-1.0,-1.0,-0.7,-1.0,-0.7,
Lilynette Gingerbuck,0.0,-1.0,0.7,-0.7,1.0,0.7,-0.7,0.7,0.0,-0.7,0.0,-0.7,1.0,-0.7,1.0,-0.7,0.7,0.7,-1.0,-0.7,-1.0,-0.7,-0.7,0.0,1.0,-0.7,-0.7,0.0,-0.7,1.0,-0.7,0.7,-0.7,0.0,-1.0,0.0,-1.0,0.0,0.0,-0.7,-0.7,-1.0,-1.0,-1.0,-1.0,-0.7,-1.0,0.0,-0.7,-0.7,-0.7,-1.0,-1.0,-1.0,-0.7,-0.7,-1.0,0.0,-1.0,-0.7,-0.7,-0.7,0.0,-0.7,-0.7,-1.0,0.0,-0.7,-1.0,-0.7,-1.0,-1.0,0.0,-0.7,-1.0,-0.7,0.0,-1.0,-0.7,-0.7,-1.0,-0.7,-1.0,-0.7,0.0,-1.0,0.0,-0.7,-1.0,-0.7,-1.0,0.0,-0.7,
Szayelaporro Granz,-1.0,-1.0,-1.0,-1.0,1.0,-1.0,-1.0,1.0,-1.0,-1.0,-1.0,-1.0,1.0,-1.0,1.0,-1.0,1.0,1.0,-1.0,-1.0,-1.0,-1.0,-1.0,-1.0,1.0,-1.0,-1.0,-1.0,-1.0,-1.0,1.0,1.0,-1.0,1.0,1.0,1.0,-1.0,-1.0,-1.0,-1.0,-1.0,-1.0,-1.0,-1.0,-1.0,-1.0,-1.0,-1.0,-1.0,-1.0,-1.0,-1.0,-1.0,-1.0,-1.0,-1.0,-1.0,-1.0,-1.0,-1.0,-1.0,-1.0,-1.0,-1.0,-1.0,-1.0,-1.0,-1.0,-1.0,-1.0,-1.0,-1.0,-1.0,-1.0,-1.0,-1.0,-1.0,-1.0,-1.0,-1.0,-1.0,-1.0,-1.0,-1.0,-1.0,-1.0,-1.0,-1.0,-1.0,-1.0,-1.0,-1.0,-1.0,
Szayelaporro Granz,-0.7,-0.7,-0.7,0.0,0.7,0.0,-0.7,1.0,0.0,-0.7,-0.7,0.0,1.0,-0.7,1.0,-0.7,0.0,0.0,-0.7,-0.7,0.0,-0.7,-1.0,-0.7,0.0,0.0,-0.7,0.0,-1.0,-1.0,0.0,1.0,-1.0,0.7,0.7,0.7,-1.0,0.0,0.0,-1.0,-0.7,-0.7,-0.7,-1.0,-0.7,-1.0,-1.0,-0.7,-0.7,-0.7,-0.7,-1.0,-0.7,-1.0,-0.7,-0.7,-0.7,-0.7,-0.7,0.0,-0.7,-0.7,0.0,-0.7,-0.7,-1.0,-1.0,-0.7,-0.7,-0.7,0.0,-1.0,-0.7,-0.7,-0.7,0.0,-1.0,-1.0,-0.7,-0.7,-0.7,0.0,-1.0,-0.7,-0.7,0.0,0.0,-0.7,-0.7,-1.0,-1.0,-0.7,-0.7,
Szayelaporro Granz,-0.7,-0.7,-0.7,-0.7,1.0,-1.0,-1.0,0.0,-1.0,0.0,-1.0,-0.7,0.0,-0.7,1.0,-1.0,0.0,0.7,-0.7,-0.7,-1.0,-1.0,-0.7,-0.7,1.0,-0.7,0.0,0.0,-1.0,-1.0,0.0,1.0,-1.0,0.0,1.0,0.7,-0.7,0.0,-1.0,0.0,-0.7,-0.7,-1.0,-1.0,-0.7,-0.7,0.0,-0.7,-0.7,-0.7,-0.7,-0.7,-1.0,0.0,-0.7,-0.7,-0.7,-0.7,-1.0,-1.0,0.0,-1.0,-0.7,-1.0,-1.0,-1.0,-0.7,-0.7,-1.0,-1.0,0.0,-0.7,0.0,0.0,0.0,0.0,-1.0,0.0,0.0,0.0,-1.0,0.0,-0.7,-0.7,-1.0,-1.0,0.0,-0.7,-1.0,0.0,-1.0,-0.7,-1.0,
Yylfordt Granz,-1.0,-1.0,-1.0,-1.0,-1.0,-1.0,-1.0,1.0,-1.0,-1.0,-1.0,-1.0,1.0,-1.0,-1.0,-1.0,1.0,1.0,-1.0,-1.0,-1.0,-1.0,-1.0,-1.0,1.0,-1.0,-1.0,-1.0,-1.0,1.0,-1.0,1.0,-1.0,-1.0,-1.0,1.0,-1.0,-1.0,-1.0,-1.0,-1.0,-1.0,-1.0,-1.0,-1.0,-1.0,-1.0,-1.0,-1.0,-1.0,-1.0,-1.0,-1.0,-1.0,-1.0,-1.0,-1.0,-1.0,-1.0,-1.0,-1.0,-1.0,-1.0,-1.0,-1.0,-1.0,-1.0,-1.0,-1.0,-1.0,-1.0,-1.0,-1.0,-1.0,-1.0,-1.0,-1.0,-1.0,-1.0,-1.0,-1.0,-1.0,-1.0,-1.0,-1.0,-1.0,-1.0,-1.0,-1.0,-1.0,-1.0,-1.0,-1.0,
Yylfordt Granz,-1.0,-1.0,-1.0,-1.0,-0.7,0.0,-0.7,1.0,-1.0,0.0,0.0,-1.0,1.0,-0.7,-0.7,-0.7,0.7,0.7,0.0,-1.0,0.0,-1.0,-0.7,-0.7,0.7,-0.7,-1.0,-1.0,-0.7,0.7,-1.0,0.0,-1.0,-0.7,-1.0,0.7,-1.0,-0.7,-1.0,-1.0,-0.7,-0.7,-1.0,-1.0,0.0,-1.0,0.0,-0.7,-1.0,-0.7,0.0,-1.0,-0.7,-0.7,0.0,-0.7,-1.0,-1.0,-1.0,-1.0,-1.0,-0.7,-1.0,-1.0,-0.7,-1.0,-1.0,-1.0,-1.0,0.0,-0.7,-1.0,-1.0,-1.0,-0.7,-0.7,-0.7,-1.0,-1.0,-0.7,0.0,0.0,-1.0,-0.7,-0.7,0.0,-1.0,-0.7,-1.0,-0.7,-1.0,-0.7,0.0,
Yylfordt Granz,-1.0,-0.7,-1.0,-0.7,-1.0,-1.0,0.0,1.0,-0.7,0.0,0.0,-0.7,1.0,0.0,-1.0,0.0,0.7,0.7,-1.0,-0.7,0.0,0.0,-1.0,0.0,1.0,-0.7,-0.7,-1.0,-1.0,0.7,-1.0,1.0,-0.7,0.0,-0.7,1.0,-1.0,-0.7,-0.7,-0.7,0.0,-0.7,-1.0,0.0,-0.7,-0.7,0.0,0.0,-0.7,-1.0,0.0,-0.7,-0.7,-0.7,-0.7,0.0,-0.7,0.0,0.0,0.0,-0.7,0.0,-1.0,-1.0,0.0,-0.7,-1.0,-1.0,-1.0,-0.7,-0.7,-1.0,0.0,-1.0,-0.7,-0.7,-0.7,-1.0,-1.0,0.0,-1.0,0.0,-0.7,-0.7,-0.7,-1.0,-0.7,0.0,-1.0,-0.7,-0.7,-0.7,-1.0,
Nakeem Grindina,-1.0,1.0,1.0,1.0,-1.0,-1.0,-1.0,-1.0,-1.0,1.0,-1.0,-1.0,1.0,-1.0,-1.0,-1.0,1.0,1.0,-1.0,-1.0,-1.0,-1.0,-1.0,-1.0,1.0,-1.0,-1.0,-1.0,-1.0,-1.0,-1.0,1.0,-1.0,-1.0,-1.0,-1.0,-1.0,1.0,-1.0,-1.0,-1.0,-1.0,-1.0,-1.0,-1.0,-1.0,-1.0,-1.0,-1.0,-1.0,-1.0,-1.0,-1.0,-1.0,-1.0,-1.0,-1.0,-1.0,-1.0,-1.0,-1.0,-1.0,-1.0,-1.0,-1.0,-1.0,-1.0,-1.0,-1.0,-1.0,-1.0,-1.0,-1.0,-1.0,-1.0,-1.0,-1.0,-1.0,-1.0,-1.0,-1.0,-1.0,-1.0,-1.0,-1.0,-1.0,-1.0,-1.0,-1.0,-1.0,-1.0,-1.0,-1.0,
Nakeem Grindina,-0.7,0.0,1.0,0.7,-0.7,-0.7,-0.7,-0.7,-1.0,0.0,0.0,-1.0,0.7,-0.7,0.0,0.0,0.0,1.0,0.0,0.0,-1.0,-1.0,-0.7,-0.7,1.0,-1.0,-1.0,-0.7,-1.0,-0.7,-1.0,0.0,0.0,0.0,-0.7,-1.0,-0.7,1.0,0.0,-1.0,-0.7,-0.7,0.0,-0.7,-0.7,-0.7,-0.7,-1.0,0.0,-0.7,-1.0,0.0,-0.7,0.0,0.0,0.0,-1.0,-1.0,0.0,0.0,-0.7,-0.7,-1.0,0.0,-1.0,-1.0,-0.7,-1.0,0.0,-1.0,-1.0,-0.7,-0.7,-1.0,-0.7,-0.7,0.0,-1.0,0.0,-0.7,-1.0,-1.0,-0.7,-1.0,-1.0,-1.0,-0.7,-0.7,-1.0,-0.7,-0.7,-1.0,0.0,
Nakeem Grindina,-0.7,0.0,1.0,0.0,-0.7,-0.7,-0.7,-1.0,0.0,0.7,-1.0,-1.0,1.0,-0.7,-0.7,-0.7,1.0,0.7,-0.7,-1.0,-1.0,-1.0,0.0,-0.7,0.0,-1.0,0.0,-0.7,-0.7,-1.0,-0.7,0.0,-1.0,-1.0,-0.7,0.0,-0.7,1.0,-0.7,-1.0,0.0,-0.7,-0.7,-1.0,0.0,-0.7,0.0,-0.7,0.0,0.0,-1.0,0.0,-1.0,-0.7,0.0,-1.0,-0.7,-0.7,-0.7,0.0,-0.7,0.0,-1.0,-1.0,-0.7,-0.7,-1.0,-0.7,-1.0,-0.7,-1.0,-0.7,-0.7,0.0,-0.7,-0.7,0.0,-0.7,-1.0,0.0,-0.7,-0.7,-0.7,0.0,0.0,0.0,-1.0,-0.7,-1.0,-1.0,0.0,-1.0,-0.7,
Pesche Guatiche,-1.0,-1.0,1.0,-1.0,-1.0,-1.0,1.0,1.0,-1.0,-1.0,-1.0,-1.0,-1.0,-1.0,-1.0,-1.0,1.0,-1.0,-1.0,-1.0,-1.0,-1.0,-1.0,-1.0,1.0,-1.0,-1.0,-1.0,-1.0,-1.0,-1.0,1.0,-1.0,-1.0,-1.0,-1.0,-1.0,-1.0,-1.0,-1.0,-1.0,-1.0,-1.0,-1.0,-1.0,-1.0,-1.0,-1.0,-1.0,-1.0,-1.0,-1.0,-1.0,-1.0,-1.0,-1.0,-1.0,-1.0,-1.0,-1.0,-1.0,-1.0,-1.0,-1.0,-1.0,-1.0,-1.0,-1.0,-1.0,-1.0,-1.0,-1.0,-1.0,-1.0,-1.0,-1.0,-1.0,-1.0,-1.0,-1.0,-1.0,-1.0,-1.0,-1.0,-1.0,-1.0,-1.0,-1.0,-1.0,-1.0,-1.0,-1.0,-1.0,
Pesche Guatiche,-0.7,-0.7,1.0,-1.0,-0.7,-1.0,0.0,0.0,-0.7,0.0,-1.0,-0.7,-1.0,-0.7,-0.7,-1.0,1.0,-0.7,-0.7,-1.0,-0.7,-0.7,-0.7,-0.7,1.0,-0.7,0.0,-0.7,-0.7,-0.7,-1.0,0.7,0.0,-1.0,0.0,-1.0,-0.7,0.0,0.0,0.0,0.0,-0.7,-0.7,-1.0,-1.0,-0.7,-0.7,-0.7,0.0,-0.7,-1.0,-0.7,-0.7,-0.7,0.0,-0.7,0.0,-0.7,-0.7,-0.7,-1.0,-1.0,-1.0,-0.7,-1.0,0.0,-0.7,-0.7,-1.0,-1.0,-1.0,-0.7,-0.7,-0.7,-0.7,-0.7,-1.0,-0.7,-0.7,-0.7,-1.0,-0.7,-1.0,0.0,-0.7,0.0,-0.7,-1.0,-0.7,-1.0,0.0,0.0,-0.7,
Pesche Guatiche,-0.7,-0.7,0.0,-1.0,-0.7,-0.7,0.0,0.0,0.0,-0.7,-1.0,-0.7,-0.7,-0.7,-1.0,-0.7,1.0,0.0,-1.0,-0.7,-1.0,-1.0,0.0,-1.0,1.0,-1.0,-0.7,-0.7,-1.0,-0.7,-1.0,0.0,0.0,0.0,0.0,-1.0,-1.0,-0.7,-1.0,-1.0,-1.0,-0.7,-0.7,-1.0,-1.0,-0.7,-1.0,0.0,-1.0,-0.7,-0.7,-1.0,-0.7,-0.7,0.0,-0.7,-1.0,-1.0,-1.0,-1.0,-0.7,0.0,-0.7,-0.7,-0.7,0.0,-1.0,-0.7,0.0,-1.0,-1.0,0.0,-0.7,-1.0,-0.7,-0.7,-0.7,-1.0,-1.0,-0.7,-0.7,0.0,-1.0,0.0,-1.0,-0.7,0.0,-0.7,-1.0,-1.0,-0.7,-0.7,0.0,
Tier Harribel,1.0,-1.0,-1.0,-1.0,-1.0,-1.0,-1.0,1.0,-1.0,-1.0,-1.0,-1.0,1.0,-1.0,1.0,-1.0,1.0,-1.0,-1.0,-1.0,-1.0,-1.0,-1.0,-1.0,1.0,-1.0,-1.0,-1.0,-1.0,1.0,-1.0,1.0,1.0,-1.0,-1.0,-1.0,-1.0,-1.0,-1.0,-1.0,-1.0,-1.0,-1.0,-1.0,-1.0,-1.0,-1.0,-1.0,-1.0,-1.0,-1.0,-1.0,-1.0,-1.0,-1.0,-1.0,-1.0,-1.0,-1.0,-1.0,-1.0,-1.0,-1.0,-1.0,-1.0,-1.0,-1.0,-1.0,-1.0,-1.0,-1.0,-1.0,-1.0,-1.0,-1.0,-1.0,-1.0,-1.0,-1.0,-1.0,-1.0,-1.0,-1.0,-1.0,-1.0,-1.0,-1.0,-1.0,-1.0,-1.0,-1.0,-1.0,-1.0,
Tier Harribel,0.7,0.0,-0.7,0.0,-1.0,0.0,-1.0,0.0,-1.0,-0.7,-0.7,0.0,0.7,-1.0,0.7,-1.0,1.0,-1.0,-1.0,-0.7,0.0,0.0,-1.0,-1.0,1.0,-1.0,-1.0,-1.0,-0.7,0.7,-0.7,1.0,0.7,0.0,-1.0,-1.0,-1.0,-1.0,-0.7,-1.0,-0.7,-1.0,-0.7,-1.0,-0.7,-1.0,-1.0,0.0,-0.7,-1.0,-0.7,-0.7,-0.7,-0.7,0.0,-1.0,-1.0,-1.0,-0.7,0.0,0.0,-0.7,0.0,-0.7,-0.7,0.0,-1.0,-0.7,-0.7,0.0,0.0,0.0,0.0,-0.7,-1.0,-1.0,-0.7,-0.7,-0.7,-0.7,0.0,-1.0,0.0,0.0,-0.7,-0.7,-0.7,-0.7,-1.0,-1.0,-1.0,-1.0,-1.0,
Tier Harribel,1.0,-0.7,0.0,-0.7,0.0,-0.7,-0.7,0.7,-1.0,0.0,0.0,-0.7,1.0,-0.7,1.0,-1.0,0.0,-0.7,-0.7,0.0,-0.7,-0.7,-1.0,-1.0,0.7,-0.7,-1.0,-1.0,-0.7,0.7,-0.7,0.7,1.0,-0.7,0.0,-1.0,-0.7,-0.7,-0.7,-1.0,0.0,-0.7,0.0,-1.0,-0.7,-0.7,-1.0,-1.0,-0.7,-1.0,-0.7,-1.0,-1.0,-0.7,-1.0,0.0,0.0,-0.7,0.0,0.0,-1.0,0.0,-1.0,-0.7,-0.7,-0.7,-1.0,-1.0,-0.7,-1.0,-0.7,-0.7,-1.0,-1.0,-0.7,-0.7,-1.0,-1.0,-1.0,-1.0,-0.7,-0.7,-0.7,0.0,-1.0,-0.7,-0.7,-0.7,-0.7,-0.7,-0.7,-1.0,-0.7,
Grimmjow,-1.0,-1.0,-1.0,-1.0,-1.0,-1.0,-1.0,1.0,-1.0,-1.0,-1.0,-1.0,1.0,-1.0,1.0,-1.0,1.0,-1.0,1.0,-1.0,-1.0,-1.0,-1.0,-1.0,1.0,-1.0,-1.0,-1.0,-1.0,-1.0,1.0,1.0,-1.0,-1.0,-1.0,-1.0,-1.0,-1.0,-1.0,-1.0,-1.0,-1.0,-1.0,-1.0,-1.0,-1.0,-1.0,-1.0,-1.0,-1.0,-1.0,-1.0,-1.0,-1.0,-1.0,-1.0,-1.0,-1.0,-1.0,-1.0,-1.0,-1.0,-1.0,-1.0,-1.0,-1.0,-1.0,-1.0,-1.0,-1.0,-1.0,-1.0,-1.0,-1.0,-1.0,-1.0,-1.0,-1.0,-1.0,-1.0,-1.0,-1.0,-1.0,-1.0,-1.0,-1.0,-1.0,-1.0,-1.0,-1.0,-1.0,-1.0,-1.0,
Grimmjow,-0.7,0.0,-0.7,-0.7,-0.7,0.0,0.0,0.7,-0.7,-1.0,-0.7,-0.7,0.7,-1.0,0.7,-1.0,0.7,-1.0,0.7,-1.0,-1.0,-0.7,-1.0,-0.7,0.0,0.0,-1.0,0.0,-1.0,0.0,0.7,1.0,-0.7,-1.0,-0.7,-0.7,-0.7,-0.7,0.0,0.0,-0.7,-0.7,0.0,0.0,-1.0,-1.0,-1.0,-0.7,-1.0,-0.7,-0.7,-0.7,-0.7,-1.0,0.0,0.0,-0.7,0.0,-1.0,-0.7,-1.0,-0.7,-1.0,-0.7,-1.0,-0.7,-1.0,0.0,-0.7,-1.0,-1.0,0.0,-1.0,-0.7,-0.7,-1.0,-1.0,-0.7,-1.0,-1.0,-1.0,-1.0,-1.0,0.0,-0.7,-0.7,-1.0,-1.0,0.0,-0.7,-1.0,-0.7,-0.7,
Grimmjow,0.0,-1.0,-0.7,-0.7,0.0,0.0,-1.0,0.7,-0.7,-0.7,0.0,0.0,1.0,-1.0,0.7,-1.0,1.0,-0.7,0.0,-1.0,-0.7,-1.0,-1.0,-1.0,1.0,0.0,0.0,-0.7,-1.0,-0.7,1.0,1.0,-0.7,-0.7,-1.0,-1.0,0.0,-0.7,0.0,0.0,-0.7,-1.0,-0.7,-1.0,-1.0,-0.7,-0.7,-1.0,-0.7,-0.7,-1.0,-1.0,-1.0,-1.0,-0.7,-0.7,-0.7,-1.0,-1.0,-1.0,-1.0,-1.0,-0.7,-1.0,-0.7,-0.7,-0.7,-1.0,0.0,0.0,-1.0,-0.7,0.0,-0.7,-1.0,-0.7,-0.7,-0.7,0.0,-0.7,-1.0,-0.7,-0.7,-1.0,-1.0,0.0,-0.7,-1.0,-1.0,-0.7,-0.7,-1.0,-0.7,
Shawlong Koufang,-1.0,-1.0,-1.0,-1.0,-1.0,-1.0,-1.0,1.0,-1.0,-1.0,-1.0,-1.0,1.0,-1.0,-1.0,-1.0,1.0,1.0,-1.0,-1.0,-1.0,-1.0,-1.0,-1.0,1.0,-1.0,-1.0,-1.0,-1.0,1.0,-1.0,1.0,-1.0,-1.0,-1.0,-1.0,-1.0,-1.0,-1.0,-1.0,-1.0,-1.0,-1.0,-1.0,-1.0,-1.0,-1.0,-1.0,-1.0,-1.0,-1.0,-1.0,-1.0,-1.0,-1.0,-1.0,-1.0,-1.0,-1.0,-1.0,-1.0,-1.0,-1.0,-1.0,-1.0,-1.0,-1.0,-1.0,-1.0,-1.0,-1.0,-1.0,-1.0,-1.0,-1.0,-1.0,-1.0,-1.0,-1.0,-1.0,-1.0,-1.0,-1.0,-1.0,-1.0,-1.0,-1.0,-1.0,-1.0,-1.0,-1.0,-1.0,-1.0,
Shawlong Koufang,-1.0,-1.0,-0.7,-1.0,0.0,-1.0,-0.7,1.0,-1.0,-0.7,-0.7,-0.7,0.7,-0.7,-0.7,-0.7,0.7,0.7,0.0,-1.0,-0.7,-1.0,-1.0,-0.7,0.0,-0.7,-0.7,-1.0,-0.7,0.0,-1.0,1.0,-0.7,-0.7,-0.7,-0.7,-0.7,-1.0,-0.7,-1.0,-1.0,-0.7,0.0,-0.7,-0.7,-1.0,-1.0,-1.0,0.0,0.0,0.0,-1.0,-0.7,-0.7,-0.7,-0.7,-0.7,-1.0,-1.0,-1.0,-1.0,-1.0,-1.0,-1.0,-0.7,0.0,0.0,-1.0,-1.0,-1.0,0.0,-0.7,-1.0,0.0,-1.0,0.0,-1.0,-1.0,-0.7,0.0,0.0,-0.7,-1.0,-0.7,0.0,-0.7,-0.7,-0.7,-0.7,-0.7,-0.7,0.0,-0.7,
Shawlong Koufang,-0.7,-1.0,-1.0,0.0,-1.0,0.0,-0.7,0.7,0.0,-0.7,0.0,-1.0,0.7,-0.7,-1.0,-0.7,0.7,0.0,-1.0,-0.7,-1.0,-0.7,-0.7,-0.7,0.7,-1.0,-1.0,-1.0,-0.7,0.0,-1.0,1.0,-0.7,-0.7,-1.0,-1.0,-1.0,-1.0,-1.0,-1.0,-0.7,-0.7,-1.0,-0.7,-0.7,0.0,-1.0,-0.7,-0.7,-1.0,0.0,-0.7,-0.7,-1.0,-1.0,-0.7,-1.0,-0.7,-1.0,-0.7,-0.7,-1.0,-0.7,-0.7,-1.0,-1.0,-1.0,-1.0,0.0,-0.7,-1.0,-1.0,-1.0,-0.7,-1.0,-0.7,-1.0,0.0,-1.0,-0.7,-0.7,-0.7,-0.7,-0.7,-0.7,-0.7,0.0,-0.7,0.0,-1.0,-0.7,0.0,-1.0,
Kukkapuro,-1.0,-1.0,-1.0,-1.0,-1.0,-1.0,1.0,-1.0,-1.0,-1.0,-1.0,-1.0,-1.0,-1.0,-1.0,-1.0,1.0,-1.0,-1.0,-1.0,-1.0,-1.0,-1.0,-1.0,1.0,-1.0,-1.0,-1.0,-1.0,-1.0,-1.0,1.0,-1.0,-1.0,-1.0,-1.0,-1.0,-1.0,-1.0,-1.0,-1.0,-1.0,-1.0,-1.0,-1.0,-1.0,-1.0,-1.0,-1.0,-1.0,-1.0,-1.0,-1.0,-1.0,-1.0,-1.0,-1.0,-1.0,-1.0,-1.0,-1.0,-1.0,-1.0,-1.0,-1.0,-1.0,-1.0,-1.0,-1.0,-1.0,-1.0,-1.0,-1.0,-1.0,-1.0,-1.0,-1.0,-1.0,-1.0,-1.0,-1.0,-1.0,-1.0,-1.0,-1.0,-1.0,-1.0,-1.0,-1.0,-1.0,-1.0,-1.0,-1.0,
Kukkapuro,0.0,-1.0,0.0,-0.7,-1.0,0.0,1.0,-1.0,-1.0,-0.7,0.0,-1.0,-0.7,-1.0,-0.7,-1.0,1.0,-1.0,-0.7,0.0,-0.7,-1.0,-0.7,-0.7,1.0,-1.0,-1.0,-0.7,-0.7,-0.7,-1.0,1.0,0.0,-1.0,0.0,-0.7,-1.0,-0.7,0.0,-0.7,0.0,-1.0,-0.7,0.0,0.0,-0.7,-0.7,-1.0,-1.0,-1.0,-1.0,-1.0,-1.0,0.0,-0.7,-0.7,0.0,-1.0,-0.7,-0.7,-1.0,-0.7,-1.0,-1.0,-1.0,0.0,-0.7,-0.7,-0.7,-1.0,-0.7,-0.7,-1.0,-0.7,-1.0,-1.0,0.0,-0.7,-0.7,-0.7,-1.0,-0.7,-0.7,-0.7,0.0,0.0,-0.7,0.0,-0.7,-0.7,-1.0,-0.7,0.0,
Kukkapuro,-0.7,-0.7,-1.0,-1.0,-1.0,-1.0,0.7,-1.0,-0.7,-0.7,-1.0,-1.0,0.0,-1.0,-1.0,0.0,0.0,-0.7,-1.0,-1.0,0.0,0.0,-0.7,-1.0,1.0,-1.0,-0.7,-1.0,0.0,-1.0,-0.7,1.0,-0.7,-1.0,-0.7,-0.7,-1.0,0.0,-0.7,0.0,0.0,0.0,-1.0,-1.0,0.0,-0.7,-1.0,-0.7,-1.0,-0.7,0.0,-0.7,-1.0,-0.7,-0.7,-0.7,-1.0,-0.7,-0.7,-0.7,0.0,-0.7,-1.0,-0.7,-0.7,-1.0,-0.7,-1.0,-1.0,0.0,0.0,-0.7,-0.7,0.0,0.0,-0.7,-0.7,-0.7,-1.0,-0.7,-0.7,0.0,0.0,-1.0,-0.7,-1.0,-1.0,0.0,-0.7,-0.7,-1.0,-0.7,-0.7,
Tesra Lindocruz,-1.0,-1.0,-1.0,1.0,1.0,-1.0,-1.0,1.0,-1.0,-1.0,-1.0,-1.0,1.0,-1.0,-1.0,-1.0,1.0,1.0,-1.0,-1.0,-1.0,-1.0,-1.0,-1.0,1.0,-1.0,-1.0,-1.0,-1.0,1.0,-1.0,1.0,-1.0,-1.0,-1.0,-1.0,-1.0,-1.0,-1.0,-1.0,-1.0,-1.0,-1.0,-1.0,-1.0,-1.0,-1.0,-1.0,-1.0,-1.0,-1.0,-1.0,-1.0,-1.0,-1.0,-1.0,-1.0,-1.0,-1.0,-1.0,-1.0,-1.0,-1.0,-1.0,-1.0,-1.0,-1.0,-1.0,-1.0,-1.0,-1.0,-1.0,-1.0,-1.0,-1.0,-1.0,-1.0,-1.0,-1.0,-1.0,-1.0,-1.0,-1.0,-1.0,-1.0,-1.0,-1.0,-1.0,-1.0,-1.0,-1.0,-1.0,-1.0,
Tesra Lindocruz,-1.0,-1.0,-1.0,0.7,0.0,0.0,0.0,0.0,0.0,-0.7,-0.7,-0.7,0.0,-1.0,-1.0,0.0,1.0,0.0,-0.7,-1.0,-0.7,0.0,-1.0,-0.7,0.0,-1.0,-1.0,-1.0,-1.0,1.0,-0.7,1.0,0.0,-1.0,-0.7,-0.7,0.0,-0.7,-1.0,0.0,-1.0,-1.0,-0.7,-0.7,-1.0,-0.7,-0.7,0.0,-1.0,-1.0,-0.7,-1.0,-0.7,-0.7,-0.7,0.0,0.0,-0.7,0.0,-1.0,-0.7,-0.7,0.0,-0.7,-0.7,0.0,-0.7,-0.7,-1.0,-1.0,0.0,-0.7,-0.7,-1.0,-1.0,-1.0,-0.7,-1.0,-1.0,-0.7,-0.7,-1.0,-0.7,0.0,-0.7,0.0,0.0,-1.0,-1.0,-0.7,-0.7,-0.7,-1.0,
Tesra Lindocruz,-0.7,-1.0,0.0,1.0,0.0,-1.0,-1.0,1.0,0.0,-1.0,-0.7,0.0,0.7,-1.0,0.0,0.0,0.7,0.7,0.0,0.0,-0.7,0.0,-1.0,-1.0,1.0,-1.0,-0.7,-0.7,-1.0,0.7,-1.0,0.0,0.0,-1.0,0.0,-1.0,-0.7,0.0,-1.0,-0.7,-1.0,-1.0,-0.7,0.0,-0.7,0.0,0.0,-1.0,-0.7,-0.7,-0.7,-1.0,0.0,-0.7,-0.7,-0.7,-1.0,-0.7,0.0,0.0,-1.0,-0.7,-0.7,-1.0,-1.0,-0.7,-0.7,-1.0,-1.0,-1.0,-1.0,-0.7,-1.0,-1.0,0.0,-1.0,-0.7,0.0,-0.7,-0.7,-0.7,-1.0,-0.7,-0.7,-1.0,-0.7,0.0,-1.0,-0.7,-0.7,0.0,0.0,-0.7,
Edrad Liones,-1.0,1.0,-1.0,-1.0,-1.0,-1.0,-1.0,1.0,-1.0,-1.0,-1.0,-1.0,1.0,-1.0,-1.0,-1.0,1.0,1.0,-1.0,-1.0,-1.0,-1.0,-1.0,-1.0,1.0,-1.0,-1.0,-1.0,-1.0,-1.0,-1.0,1.0,1.0,-1.0,-1.0,-1.0,-1.0,1.0,-1.0,-1.0,-1.0,-1.0,-1.0,-1.0,-1.0,-1.0,-1.0,-1.0,-1.0,-1.0,-1.0,-1.0,-1.0,-1.0,-1.0,-1.0,-1.0,-1.0,-1.0,-1.0,-1.0,-1.0,-1.0,-1.0,-1.0,-1.0,-1.0,-1.0,-1.0,-1.0,-1.0,-1.0,-1.0,-1.0,-1.0,-1.0,-1.0,-1.0,-1.0,-1.0,-1.0,-1.0,-1.0,-1.0,-1.0,-1.0,-1.0,-1.0,-1.0,-1.0,-1.0,-1.0,-1.0,
Edrad Liones,-1.0,1.0,-1.0,-0.7,-0.7,0.0,-0.7,0.7,-0.7,-1.0,-0.7,-0.7,0.0,-1.0,0.0,-0.7,1.0,1.0,-1.0,-0.7,-1.0,-0.7,0.0,-0.7,0.7,-1.0,-0.7,-1.0,0.0,-1.0,-0.7,0.7,0.7,0.0,-1.0,-1.0,-0.7,0.7,-0.7,-1.0,-0.7,0.0,-0.7,0.0,-0.7,-1.0,-1.0,-0.7,-0.7,-0.7,-0.7,0.0,-0.7,-0.7,-1.0,-0.7,0.0,-1.0,0.0,0.0,-0.7,-1.0,-1.0,-1.0,-1.0,-0.7,-1.0,-0.7,-1.0,-1.0,-0.7,0.0,-0.7,-0.7,-0.7,-0.7,0.0,-1.0,0.0,-1.0,0.0,-1.0,0.0,0.0,-1.0,0.0,-1.0,-1.0,-0.7,0.0,-0.7,-0.7,-0.7,
Edrad Liones,0.0,0.7,-1.0,-1.0,-1.0,-0.7,-1.0,1.0,0.0,-1.0,-0.7,-1.0,1.0,-1.0,-0.7,0.0,1.0,1.0,-0.7,-0.7,-0.7,0.0,-0.7,-0.7,0.0,-0.7,-1.0,-1.0,-1.0,-1.0,-1.0,1.0,0.0,0.0,-0.7,0.0,-1.0,0.0,-0.7,-1.0,-1.0,-1.0,-1.0,-1.0,-1.0,-1.0,-1.0,0.0,-1.0,-1.0,-0.7,0.0,-1.0,0.0,-1.0,-1.0,-1.0,-0.7,-1.0,-0.7,-1.0,-0.7,-1.0,-0.7,-0.7,-0.7,-1.0,0.0,-0.7,-1.0,0.0,-0.7,-0.7,-1.0,-0.7,-1.0,-0.7,-0.7,-0.7,-1.0,0.0,-1.0,-0.7,-0.7,-0.7,-1.0,-1.0,-1.0,-0.7,-1.0,-0.7,-0.7,-1.0,
Yammy Llargo,-1.0,-1.0,-1.0,1.0,-1.0,-1.0,-1.0,-1.0,-1.0,1.0,-1.0,-1.0,1.0,-1.0,1.0,-1.0,1.0,1.0,1.0,-1.0,-1.0,-1.0,-1.0,-1.0,1.0,-1.0,-1.0,-1.0,-1.0,-1.0,-1.0,1.0,-1.0,-1.0,-1.0,-1.0,-1.0,1.0,-1.0,-1.0,-1.0,-1.0,-1.0,-1.0,-1.0,-1.0,-1.0,-1.0,-1.0,-1.0,-1.0,-1.0,-1.0,-1.0,-1.0,-1.0,-1.0,-1.0,-1.0,-1.0,-1.0,-1.0,-1.0,-1.0,-1.0,-1.0,-1.0,-1.0,-1.0,-1.0,-1.0,-1.0,-1.0,-1.0,-1.0,-1.0,-1.0,-1.0,-1.0,-1.0,-1.0,-1.0,-1.0,-1.0,-1.0,-1.0,-1.0,-1.0,-1.0,-1.0,-1.0,-1.0,-1.0,
Yammy Llargo,-1.0,-1.0,-1.0,0.7,-0.7,-0.7,-1.0,0.0,-1.0,1.0,-0.7,0.0,1.0,-0.7,0.0,-0.7,1.0,0.0,0.7,-0.7,-0.7,0.0,-0.7,-1.0,0.7,-1.0,-1.0,-0.7,-1.0,-0.7,0.0,0.7,0.0,-1.0,0.0,0.0,-1.0,1.0,-1.0,0.0,0.0,-1.0,-0.7,-1.0,-0.7,0.0,-1.0,0.0,0.0,0.0,-1.0,-1.0,-1.0,-0.7,-0.7,-1.0,-0.7,-1.0,-1.0,-0.7,-1.0,-1.0,-1.0,0.0,-0.7,-0.7,-0.7,-0.7,-1.0,-0.7,-0.7,-0.7,-0.7,-0.7,-1.0,0.0,-1.0,0.0,-1.0,-1.0,-0.7,-1.0,0.0,-0.7,-0.7,-1.0,-1.0,-1.0,-0.7,-0.7,-0.7,0.0,-0.7,
Yammy Llargo,0.0,-1.0,-1.0,1.0,-1.0,-0.7,-0.7,-0.7,-0.7,0.0,0.0,-1.0,1.0,-1.0,1.0,-0.7,0.7,1.0,0.7,-0.7,-1.0,-1.0,0.0,-0.7,1.0,-1.0,-1.0,-1.0,0.0,-1.0,-1.0,1.0,-0.7,-1.0,-1.0,-0.7,-0.7,1.0,-1.0,-0.7,0.0,-1.0,-1.0,-1.0,-0.7,-0.7,-0.7,-0.7,0.0,0.0,-0.7,-0.7,-1.0,-0.7,-0.7,-0.7,-1.0,-0.7,-0.7,-0.7,-1.0,-0.7,-1.0,0.0,-0.7,-1.0,-1.0,-0.7,-1.0,0.0,-0.7,-1.0,-0.7,-1.0,0.0,-1.0,0.0,-0.7,0.0,-1.0,-1.0,-0.7,-0.7,-1.0,-1.0,-1.0,-0.7,-1.0,-1.0,-1.0,-0.7,-1.0,0.0,
Baraggan,-1.0,-1.0,-1.0,-1.0,-1.0,-1.0,1.0,1.0,-1.0,-1.0,-1.0,-1.0,1.0,-1.0,1.0,-1.0,1.0,1.0,-1.0,-1.0,-1.0,-1.0,-1.0,-1.0,1.0,-1.0,-1.0,-1.0,-1.0,1.0,-1.0,1.0,-1.0,1.0,-1.0,-1.0,-1.0,1.0,-1.0,-1.0,-1.0,-1.0,-1.0,-1.0,-1.0,-1.0,-1.0,-1.0,-1.0,-1.0,-1.0,-1.0,-1.0,-1.0,-1.0,-1.0,-1.0,-1.0,-1.0,-1.0,-1.0,-1.0,-1.0,-1.0,-1.0,-1.0,-1.0,-1.0,-1.0,-1.0,-1.0,-1.0,-1.0,-1.0,-1.0,-1.0,-1.0,-1.0,-1.0,-1.0,-1.0,-1.0,-1.0,-1.0,-1.0,-1.0,-1.0,-1.0,-1.0,-1.0,-1.0,-1.0,-1.0,
Baraggan,-1.0,0.0,-0.7,-1.0,-1.0,-0.7,0.7,0.7,-1.0,0.0,0.0,-0.7,0.7,-0.7,1.0,-1.0,0.7,0.0,-1.0,-0.7,0.0,-1.0,-1.0,-0.7,1.0,-1.0,-1.0,-1.0,0.0,0.7,-0.7,0.7,0.0,1.0,-1.0,0.0,0.0,1.0,-1.0,-0.7,-1.0,-0.7,-1.0,-1.0,-0.7,0.0,-0.7,-1.0,0.0,-0.7,-1.0,-1.0,-1.0,-0.7,-0.7,-1.0,-1.0,-1.0,-0.7,-1.0,-1.0,0.0,-0.7,-1.0,-0.7,-1.0,-0.7,-0.7,-0.7,-0.7,-1.0,-0.7,-1.0,-1.0,0.0,-0.7,0.0,-1.0,-0.7,-1.0,-0.7,-1.0,-1.0,-1.0,-0.7,-1.0,0.0,-1.0,-1.0,-1.0,0.0,-1.0,-1.0,
Baraggan,-0.7,-1.0,-0.7,-1.0,-0.7,-1.0,0.7,0.7,-0.7,-0.7,0.0,-1.0,1.0,-0.7,0.7,-1.0,0.7,1.0,-0.7,0.0,-0.7,-1.0,-0.7,-0.7,1.0,-0.7,0.0,-1.0,-1.0,1.0,-0.7,0.0,-0.7,1.0,-0.7,-0.7,-0.7,1.0,-0.7,-0.7,-1.0,-0.7,0.0,-1.0,0.0,-1.0,-0.7,-1.0,-1.0,-0.7,-0.7,-0.7,-0.7,-0.7,0.0,-0.7,-1.0,-1.0,-1.0,-0.7,-1.0,-1.0,-1.0,-0.7,-1.0,-1.0,-0.7,-0.7,-1.0,-0.7,-1.0,0.0,-1.0,0.0,0.0,-0.7,-1.0,-0.7,-1.0,0.0,-0.7,0.0,-0.7,-0.7,-0.7,-1.0,-0.7,-0.7,0.0,-0.7,0.0,0.0,-0.7,
Lumina and Verona,-1.0,-1.0,-1.0,-1.0,-1.0,1.0,1.0,-1.0,-1.0,1.0,-1.0,-1.0,1.0,-1.0,-1.0,-1.0,1.0,1.0,-1.0,-1.0,-1.0,-1.0,-1.0,-1.0,1.0,-1.0,-1.0,-1.0,-1.0,-1.0,-1.0,1.0,-1.0,-1.0,-1.0,1.0,-1.0,-1.0,-1.0,-1.0,-1.0,-1.0,-1.0,-1.0,-1.0,-1.0,-1.0,-1.0,-1.0,-1.0,-1.0,-1.0,-1.0,-1.0,-1.0,-1.0,-1.0,-1.0,-1.0,-1.0,-1.0,-1.0,-1.0,-1.0,-1.0,-1.0,-1.0,-1.0,-1.0,-1.0,-1.0,-1.0,-1.0,-1.0,-1.0,-1.0,-1.0,-1.0,-1.0,-1.0,-1.0,-1.0,-1.0,-1.0,-1.0,-1.0,-1.0,-1.0,-1.0,-1.0,-1.0,-1.0,-1.0,
Lumina and Verona,-1.0,-0.7,-0.7,-1.0,-1.0,0.0,1.0,-0.7,0.0,0.7,-0.7,-0.7,0.7,-1.0,0.0,-0.7,0.7,0.7,-1.0,0.0,-0.7,-1.0,0.0,-0.7,0.7,-0.7,-1.0,-0.7,-1.0,-0.7,-0.7,0.0,-0.7,-1.0,0.0,0.7,-0.7,-1.0,0.0,0.0,-0.7,0.0,-1.0,0.0,-0.7,-1.0,-0.7,-0.7,-1.0,-1.0,-1.0,-1.0,-1.0,-1.0,-1.0,0.0,-0.7,-1.0,0.0,-0.7,-0.7,-0.7,-0.7,-1.0,-1.0,-0.7,-0.7,-0.7,-1.0,-0.7,-0.7,0.0,-1.0,0.0,0.0,-0.7,-0.7,-1.0,0.0,-1.0,-0.7,-1.0,-0.7,-0.7,0.0,-0.7,0.0,-0.7,-1.0,-1.0,-0.7,-1.0,-0.7,
Lumina and Verona,-1.0,-0.7,-0.7,-0.7,-1.0,1.0,1.0,-1.0,-0.7,0.7,-1.0,-0.7,0.7,-1.0,-0.7,-1.0,0.7,0.7,-1.0,-0.7,-0.7,-1.0,-0.7,-0.7,0.7,-0.7,0.0,0.0,-0.7,0.0,-1.0,0.7,-1.0,-1.0,-0.7,0.7,-0.7,-0.7,-0.7,-0.7,-1.0,-1.0,-1.0,-0.7,-1.0,-1.0,-0.7,-0.7,-0.7,-1.0,-0.7,-0.7,0.0,-0.7,-1.0,-0.7,-1.0,-1.0,-1.0,-0.7,-0.7,-0.7,-0.7,-1.0,-0.7,-0.7,-0.7,-0.7,-1.0,-0.7,-0.7,-0.7,-0.7,0.0,-1.0,-0.7,-0.7,-1.0,-1.0,-0.7,-1.0,-1.0,0.0,-0.7,-1.0,-0.7,-0.7,0.0,-0.7,0.0,-1.0,-0.7,-1.0,
Gantenbainne,-1.0,-1.0,-1.0,-1.0,1.0,-1.0,-1.0,-1.0,-1.0,1.0,-1.0,-1.0,1.0,-1.0,-1.0,-1.0,1.0,-1.0,-1.0,-1.0,-1.0,-1.0,-1.0,-1.0,1.0,-1.0,-1.0,-1.0,-1.0,-1.0,-1.0,1.0,-1.0,-1.0,-1.0,-1.0,-1.0,-1.0,-1.0,-1.0,-1.0,-1.0,-1.0,-1.0,-1.0,-1.0,-1.0,-1.0,-1.0,-1.0,-1.0,-1.0,-1.0,-1.0,-1.0,-1.0,-1.0,-1.0,-1.0,-1.0,-1.0,-1.0,-1.0,-1.0,-1.0,-1.0,-1.0,-1.0,-1.0,-1.0,-1.0,-1.0,-1.0,-1.0,-1.0,-1.0,-1.0,-1.0,-1.0,-1.0,-1.0,-1.0,-1.0,-1.0,-1.0,-1.0,-1.0,-1.0,-1.0,-1.0,-1.0,-1.0,-1.0,
Gantenbainne,-1.0,-0.7,-1.0,-0.7,0.0,-1.0,-1.0,-0.7,0.0,0.7,-0.7,-1.0,1.0,-0.7,-1.0,0.0,0.7,-0.7,-0.7,-0.7,-0.7,0.0,0.0,0.0,0.0,-0.7,-0.7,-1.0,-1.0,-1.0,-1.0,0.7,-1.0,0.0,0.0,-1.0,-1.0,0.0,0.0,0.0,0.0,0.0,-0.7,-1.0,-0.7,-1.0,0.0,-0.7,-0.7,-1.0,-0.7,-0.7,0.0,-1.0,0.0,0.0,-0.7,-0.7,-0.7,-1.0,-1.0,0.0,-0.7,-1.0,-0.7,-0.7,-1.0,-0.7,-1.0,-1.0,-0.7,-0.7,-1.0,-0.7,-1.0,-1.0,-1.0,-1.0,-1.0,0.0,-0.7,-1.0,-1.0,-1.0,-0.7,-1.0,-1.0,-0.7,-0.7,-1.0,-0.7,-1.0,-1.0,
Gantenbainne,-0.7,-0.7,-0.7,-1.0,0.7,-1.0,-0.7,-0.7,-1.0,0.7,-0.7,-1.0,0.0,0.0,-1.0,0.0,0.7,-0.7,0.0,-0.7,-1.0,0.0,-1.0,-1.0,1.0,0.0,0.0,-1.0,0.0,-1.0,0.0,0.7,-1.0,-1.0,-1.0,-1.0,-0.7,-1.0,0.0,-0.7,-0.7,-1.0,0.0,-0.7,0.0,0.0,-1.0,-1.0,0.0,0.0,-0.7,-1.0,-0.7,-1.0,-1.0,-0.7,-1.0,-0.7,0.0,0.0,0.0,0.0,-1.0,0.0,0.0,0.0,-0.7,-1.0,-1.0,-1.0,0.0,-0.7,0.0,-0.7,-0.7,-1.0,-1.0,-0.7,-0.7,-1.0,-0.7,-1.0,0.0,-1.0,-0.7,-1.0,-0.7,-0.7,-0.7,0.0,-1.0,-1.0,-0.7,
Menoly Mallia,1.0,-1.0,-1.0,-1.0,1.0,-1.0,-1.0,-1.0,-1.0,-1.0,-1.0,-1.0,1.0,-1.0,-1.0,-1.0,1.0,1.0,-1.0,-1.0,-1.0,-1.0,-1.0,-1.0,1.0,-1.0,-1.0,-1.0,-1.0,1.0,-1.0,1.0,-1.0,-1.0,-1.0,-1.0,-1.0,-1.0,-1.0,-1.0,-1.0,-1.0,-1.0,-1.0,-1.0,-1.0,-1.0,-1.0,-1.0,-1.0,-1.0,-1.0,-1.0,-1.0,-1.0,-1.0,-1.0,-1.0,-1.0,-1.0,-1.0,-1.0,-1.0,-1.0,-1.0,-1.0,-1.0,-1.0,-1.0,-1.0,-1.0,-1.0,-1.0,-1.0,-1.0,-1.0,-1.0,-1.0,-1.0,-1.0,-1.0,-1.0,-1.0,-1.0,-1.0,-1.0,-1.0,-1.0,-1.0,-1.0,-1.0,-1.0,-1.0,
Menoly Mallia,0.7,-1.0,-0.7,-1.0,1.0,-0.7,0.0,-0.7,-0.7,0.0,-1.0,-0.7,0.0,-1.0,-1.0,0.0,0.0,1.0,-1.0,-1.0,-1.0,-0.7,-0.7,0.0,1.0,0.0,-1.0,-1.0,-0.7,1.0,-1.0,0.0,-1.0,-0.7,-1.0,-1.0,-0.7,0.0,-0.7,-0.7,0.0,-0.7,-1.0,-0.7,-0.7,-0.7,-0.7,-1.0,-0.7,-0.7,-0.7,0.0,0.0,-0.7,-0.7,-0.7,-0.7,0.0,-0.7,-1.0,-0.7,-0.7,-0.7,-0.7,-1.0,-1.0,-1.0,-0.7,-1.0,0.0,-1.0,0.0,-1.0,-1.0,-0.7,-1.0,0.0,-1.0,-0.7,0.0,-1.0,-1.0,-1.0,-0.7,-1.0,-0.7,0.0,0.0,-1.0,-1.0,-1.0,-0.7,-1.0,
Menoly Mallia,0.0,-0.7,-1.0,-0.7,1.0,-1.0,-1.0,-1.0,-0.7,-0.7,-1.0,0.0,0.7,-1.0,-1.0,-0.7,0.0,0.7,0.0,-0.7,-0.7,-0.7,-0.7,-1.0,0.0,-1.0,-0.7,-0.7,-0.7,1.0,-0.7,0.7,-0.7,-0.7,-0.7,-1.0,0.0,0.0,-1.0,-1.0,-1.0,-0.7,0.0,-0.7,0.0,-1.0,-0.7,-1.0,-1.0,-0.7,-1.0,-0.7,-0.7,0.0,-1.0,-0.7,0.0,0.0,-0.7,-0.7,-0.7,-0.7,-0.7,-0.7,-0.7,-0.7,-1.0,-0.7,-1.0,-1.0,-1.0,-1.0,0.0,-0.7,-1.0,-0.7,-1.0,-0.7,-0.7,0.0,-1.0,-0.7,0.0,0.0,-1.0,-0.7,-1.0,-0.7,-1.0,0.0,-1.0,-0.7,-0.7,
Wonderweiss Margela,-1.0,-1.0,-1.0,-1.0,-1.0,1.0,-1.0,1.0,-1.0,-1.0,-1.0,-1.0,1.0,-1.0,-1.0,-1.0,1.0,1.0,-1.0,-1.0,-1.0,-1.0,-1.0,-1.0,1.0,-1.0,-1.0,-1.0,-1.0,1.0,-1.0,1.0,-1.0,-1.0,-1.0,-1.0,-1.0,-1.0,-1.0,-1.0,-1.0,-1.0,-1.0,-1.0,-1.0,-1.0,-1.0,-1.0,-1.0,-1.0,-1.0,-1.0,-1.0,-1.0,-1.0,-1.0,-1.0,-1.0,-1.0,-1.0,-1.0,-1.0,-1.0,-1.0,-1.0,-1.0,-1.0,-1.0,-1.0,-1.0,-1.0,-1.0,-1.0,-1.0,-1.0,-1.0,-1.0,-1.0,-1.0,-1.0,-1.0,-1.0,-1.0,-1.0,-1.0,-1.0,-1.0,-1.0,-1.0,-1.0,-1.0,-1.0,-1.0,
Wonderweiss Margela,0.0,-0.7,-1.0,-1.0,-1.0,0.7,-0.7,0.7,-1.0,-0.7,-0.7,0.0,0.7,-1.0,-1.0,-1.0,0.7,0.7,-1.0,-1.0,-1.0,0.0,-1.0,-1.0,1.0,-0.7,-0.7,0.0,-1.0,0.7,-1.0,0.0,-1.0,-1.0,-0.7,-1.0,-1.0,-0.7,-0.7,-0.7,-0.7,-0.7,-0.7,-0.7,-0.7,-1.0,-1.0,-0.7,-0.7,-0.7,-1.0,-1.0,-1.0,-1.0,-0.7,-0.7,-0.7,-0.7,0.0,0.0,-0.7,0.0,-0.7,0.0,0.0,0.0,-0.7,-0.7,-0.7,-1.0,-1.0,0.0,-1.0,-0.7,-1.0,-1.0,0.0,0.0,-0.7,-1.0,-0.7,-0.7,-1.0,-1.0,-0.7,-1.0,-0.7,-1.0,-0.7,-1.0,0.0,-0.7,-1.0,
Wonderweiss Margela,-0.7,0.0,-0.7,-0.7,-1.0,0.7,-0.7,0.7,0.0,-1.0,-1.0,0.0,0.7,-1.0,-1.0,0.0,1.0,1.0,-1.0,0.0,0.0,-0.7,-0.7,-1.0,1.0,0.0,-1.0,-0.7,-0.7,1.0,-0.7,0.7,-0.7,-1.0,-1.0,-0.7,0.0,-1.0,0.0,-0.7,0.0,-1.0,-1.0,-1.0,-1.0,0.0,-1.0,-0.7,-1.0,-0.7,-1.0,-1.0,-1.0,-0.7,-1.0,-1.0,-1.0,0.0,-0.7,-0.7,-0.7,-1.0,-0.7,-1.0,-0.7,-0.7,-0.7,-1.0,-1.0,-0.7,-0.7,-1.0,-1.0,0.0,-0.7,0.0,-1.0,-0.7,-1.0,-0.7,-1.0,-1.0,-1.0,-0.7,-0.7,-0.7,0.0,-0.7,-0.7,0.0,-0.7,-1.0,0.0,
Medazeppi,-1.0,-1.0,1.0,-1.0,-1.0,-1.0,1.0,-1.0,-1.0,1.0,-1.0,-1.0,1.0,-1.0,-1.0,-1.0,1.0,1.0,-1.0,-1.0,-1.0,-1.0,-1.0,-1.0,1.0,-1.0,-1.0,-1.0,-1.0,-1.0,-1.0,1.0,-1.0,-1.0,-1.0,-1.0,-1.0,1.0,-1.0,-1.0,-1.0,-1.0,-1.0,-1.0,-1.0,-1.0,-1.0,-1.0,-1.0,-1.0,-1.0,-1.0,-1.0,-1.0,-1.0,-1.0,-1.0,-1.0,-1.0,-1.0,-1.0,-1.0,-1.0,-1.0,-1.0,-1.0,-1.0,-1.0,-1.0,-1.0,-1.0,-1.0,-1.0,-1.0,-1.0,-1.0,-1.0,-1.0,-1.0,-1.0,-1.0,-1.0,-1.0,-1.0,-1.0,-1.0,-1.0,-1.0,-1.0,-1.0,-1.0,-1.0,-1.0,
Medazeppi,-1.0,-0.7,1.0,-0.7,-0.7,-1.0,0.7,-0.7,-1.0,1.0,-1.0,0.0,0.7,0.0,-1.0,-1.0,1.0,1.0,-0.7,0.0,-1.0,0.0,-1.0,0.0,1.0,0.0,-1.0,0.0,-1.0,-1.0,-0.7,1.0,-0.7,0.0,-0.7,-0.7,-1.0,0.7,-0.7,0.0,-1.0,-0.7,-1.0,-1.0,-1.0,-1.0,-1.0,-1.0,0.0,-1.0,0.0,-1.0,-1.0,-0.7,-0.7,-0.7,-0.7,-1.0,-0.7,-0.7,-1.0,0.0,-0.7,-1.0,0.0,0.0,-0.7,-1.0,0.0,-1.0,-1.0,-1.0,-0.7,0.0,-0.7,0.0,-1.0,-1.0,-0.7,0.0,-0.7,-1.0,-1.0,-1.0,-1.0,-1.0,0.0,-0.7,-0.7,-1.0,-1.0,-0.7,0.0,
Medazeppi,-0.7,0.0,0.0,-1.0,-1.0,-0.7,0.7,-1.0,-0.7,0.7,0.0,-1.0,1.0,-0.7,-0.7,-0.7,0.0,0.7,-0.7,-1.0,-0.7,-0.7,0.0,0.0,0.7,-0.7,-1.0,-1.0,-1.0,-1.0,-0.7,1.0,-0.7,-0.7,-0.7,-0.7,-1.0,0.0,-1.0,0.0,-1.0,-0.7,-1.0,-1.0,-0.7,-0.7,-1.0,-0.7,-1.0,-1.0,0.0,0.0,-0.7,-1.0,-1.0,0.0,-1.0,0.0,-1.0,0.0,-1.0,-1.0,-0.7,0.0,0.0,-0.7,-0.7,-0.7,-0.7,0.0,-0.7,-0.7,-0.7,-0.7,0.0,-1.0,-1.0,-0.7,-1.0,-0.7,0.0,-0.7,0.0,-1.0,0.0,-0.7,-1.0,-0.7,0.0,-1.0,-0.7,0.0,-1.0,
Nelliel,1.0,-1.0,1.0,1.0,-1.0,-1.0,-1.0,1.0,-1.0,-1.0,-1.0,-1.0,-1.0,-1.0,1.0,-1.0,1.0,-1.0,-1.0,-1.0,-1.0,-1.0,-1.0,-1.0,1.0,-1.0,-1.0,-1.0,-1.0,1.0,-1.0,1.0,-1.0,-1.0,-1.0,-1.0,-1.0,-1.0,-1.0,-1.0,-1.0,-1.0,-1.0,-1.0,-1.0,-1.0,-1.0,-1.0,-1.0,-1.0,-1.0,-1.0,-1.0,-1.0,-1.0,-1.0,-1.0,-1.0,-1.0,-1.0,-1.0,-1.0,-1.0,-1.0,-1.0,-1.0,-1.0,-1.0,-1.0,-1.0,-1.0,-1.0,-1.0,-1.0,-1.0,-1.0,-1.0,-1.0,-1.0,-1.0,-1.0,-1.0,-1.0,-1.0,-1.0,-1.0,-1.0,-1.0,-1.0,-1.0,-1.0,-1.0,-1.0,
Nelliel,0.7,-0.7,1.0,0.7,-1.0,-0.7,-1.0,1.0,-0.7,-1.0,-1.0,0.0,0.0,0.0,0.7,0.0,0.0,-0.7,-1.0,-1.0,-0.7,0.0,-0.7,-0.7,1.0,-1.0,-0.7,0.0,-1.0,0.0,-1.0,0.7,-0.7,0.0,-1.0,-1.0,-1.0,0.0,-1.0,-1.0,-0.7,-0.7,0.0,0.0,-0.7,0.0,-0.7,-1.0,0.0,-0.7,-0.7,-0.7,-0.7,-1.0,-0.7,0.0,-0.7,-1.0,0.0,-1.0,-1.0,-1.0,-1.0,-0.7,-0.7,0.0,0.0,0.0,-0.7,-0.7,0.0,-0.7,-0.7,-0.7,-1.0,-0.7,-0.7,-0.7,-1.0,-0.7,0.0,0.0,-1.0,-1.0,-0.7,-0.7,-1.0,-1.0,0.0,-0.7,-0.7,-0.7,-0.7,
Nelliel,1.0,-0.7,1.0,0.7,-1.0,-0.7,-0.7,1.0,-1.0,-1.0,-0.7,-1.0,-1.0,-0.7,0.7,-1.0,0.7,0.0,0.0,-1.0,0.0,-0.7,0.0,-0.7,0.7,-0.7,-0.7,-0.7,-1.0,1.0,-0.7,0.0,-0.7,-0.7,-0.7,-1.0,-1.0,-0.7,0.0,-1.0,-0.7,-1.0,-1.0,-1.0,-0.7,-1.0,-1.0,-0.7,0.0,-1.0,-0.7,-1.0,0.0,-0.7,0.0,-1.0,-0.7,-0.7,-1.0,-1.0,-0.7,-0.7,-1.0,-0.7,-1.0,-1.0,-0.7,-1.0,-0.7,-1.0,-0.7,-0.7,0.0,-1.0,-0.7,-1.0,-0.7,-0.7,-1.0,-0.7,-1.0,-1.0,-1.0,-0.7,-0.7,-1.0,-0.7,-1.0,-1.0,-0.7,-0.7,-1.0,-1.0,
Roka Paramia,1.0,1.0,-1.0,-1.0,-1.0,-1.0,-1.0,-1.0,-1.0,-1.0,-1.0,1.0,1.0,-1.0,-1.0,-1.0,1.0,-1.0,-1.0,-1.0,-1.0,-1.0,-1.0,-1.0,1.0,-1.0,-1.0,-1.0,-1.0,-1.0,-1.0,1.0,-1.0,-1.0,-1.0,-1.0,-1.0,-1.0,-1.0,-1.0,-1.0,-1.0,-1.0,-1.0,-1.0,-1.0,-1.0,-1.0,-1.0,-1.0,-1.0,-1.0,-1.0,-1.0,-1.0,-1.0,-1.0,-1.0,-1.0,-1.0,-1.0,-1.0,-1.0,-1.0,-1.0,-1.0,-1.0,-1.0,-1.0,-1.0,-1.0,-1.0,-1.0,-1.0,-1.0,-1.0,-1.0,-1.0,-1.0,-1.0,-1.0,-1.0,-1.0,-1.0,-1.0,-1.0,-1.0,-1.0,-1.0,-1.0,-1.0,-1.0,-1.0,
Roka Paramia,0.0,1.0,-1.0,-0.7,-0.7,-0.7,0.0,-1.0,-0.7,-1.0,-0.7,0.0,0.7,-0.7,0.0,-1.0,0.7,0.0,-0.7,-1.0,-1.0,-1.0,-1.0,-0.7,1.0,-1.0,-0.7,-0.7,-0.7,-0.7,-1.0,1.0,-1.0,-0.7,-1.0,-0.7,-1.0,0.0,-0.7,-0.7,-0.7,-0.7,-0.7,0.0,-0.7,0.0,-1.0,0.0,-1.0,-1.0,-0.7,-1.0,-1.0,-1.0,-0.7,0.0,-0.7,0.0,-0.7,-1.0,-1.0,-0.7,-1.0,-1.0,-0.7,-0.7,-1.0,0.0,-0.7,-0.7,0.0,-1.0,-0.7,0.0,-0.7,-0.7,-0.7,-0.7,-1.0,0.0,0.0,0.0,-0.7,-1.0,-1.0,0.0,-1.0,-1.0,-0.7,-0.7,-0.7,-0.7,-0.7,
Roka Paramia,0.0,1.0,-1.0,-0.7,0.0,-1.0,-1.0,-0.7,-0.7,0.0,0.0,0.7,0.7,-1.0,-0.7,-0.7,1.0,-1.0,0.0,-0.7,-0.7,-1.0,-0.7,0.0,1.0,-0.7,-1.0,-0.7,0.0,-0.7,0.0,0.0,0.0,0.0,-1.0,0.0,-1.0,-1.0,-1.0,-1.0,-0.7,-0.7,-1.0,-0.7,-0.7,-0.7,-1.0,-1.0,-1.0,-1.0,-0.7,-0.7,-1.0,-1.0,-1.0,0.0,-1.0,0.0,-0.7,-1.0,0.0,-0.7,-0.7,-0.7,-0.7,-1.0,-1.0,0.0,0.0,-1.0,-0.7,-0.7,-1.0,-0.7,-0.7,-0.7,0.0,-1.0,-0.7,-0.7,-0.7,-1.0,-0.7,0.0,-1.0,-0.7,0.0,-1.0,0.0,-1.0,-1.0,-1.0,-1.0,
Choe Neng Poww,-1.0,1.0,-1.0,1.0,-1.0,-1.0,-1.0,1.0,-1.0,-1.0,-1.0,-1.0,1.0,-1.0,-1.0,-1.0,1.0,1.0,-1.0,-1.0,-1.0,-1.0,-1.0,-1.0,1.0,-1.0,-1.0,-1.0,-1.0,-1.0,-1.0,1.0,-1.0,-1.0,-1.0,-1.0,-1.0,1.0,-1.0,-1.0,-1.0,-1.0,-1.0,-1.0,-1.0,-1.0,-1.0,-1.0,-1.0,-1.0,-1.0,-1.0,-1.0,-1.0,-1.0,-1.0,-1.0,-1.0,-1.0,-1.0,-1.0,-1.0,-1.0,-1.0,-1.0,-1.0,-1.0,-1.0,-1.0,-1.0,-1.0,-1.0,-1.0,-1.0,-1.0,-1.0,-1.0,-1.0,-1.0,-1.0,-1.0,-1.0,-1.0,-1.0,-1.0,-1.0,-1.0,-1.0,-1.0,-1.0,-1.0,-1.0,-1.0,
Choe Neng Poww,-1.0,0.7,-1.0,0.0,-0.7,-0.7,-0.7,0.7,-0.7,-1.0,0.0,-0.7,1.0,-0.7,-0.7,-1.0,0.0,0.7,-0.7,-0.7,0.0,-1.0,-0.7,-1.0,0.7,-1.0,-1.0,0.0,-0.7,-1.0,-0.7,0.7,-1.0,-1.0,0.0,-0.7,-1.0,0.0,-0.7,-1.0,-1.0,-1.0,0.0,-1.0,-1.0,0.0,-1.0,-0.7,-1.0,-0.7,-1.0,-1.0,-0.7,-0.7,-0.7,-0.7,-0.7,-0.7,-0.7,-0.7,-0.7,-0.7,-1.0,-1.0,-1.0,0.0,-0.7,-0.7,-1.0,-1.0,0.0,0.0,-1.0,-0.7,-0.7,-1.0,-0.7,-0.7,-0.7,-1.0,-1.0,-1.0,-1.0,-0.7,-1.0,-0.7,-1.0,-0.7,-0.7,-0.7,-1.0,-1.0,-1.0,
Choe Neng Poww,-1.0,1.0,-1.0,0.7,0.0,-1.0,0.0,1.0,-0.7,-0.7,0.0,-1.0,1.0,-1.0,-0.7,0.0,0.7,0.7,-0.7,0.0,-0.7,-1.0,0.0,-1.0,1.0,-1.0,-0.7,-0.7,-1.0,-0.7,-0.7,0.0,-0.7,-0.7,-0.7,-1.0,-1.0,0.7,-1.0,-1.0,-0.7,-1.0,-1.0,-0.7,-0.7,0.0,-0.7,-0.7,-1.0,-1.0,-1.0,-0.7,-0.7,-0.7,-0.7,-1.0,-0.7,-0.7,-0.7,-0.7,0.0,0.0,0.0,-1.0,-1.0,-1.0,-1.0,-0.7,-0.7,-0.7,0.0,0.0,-1.0,0.0,-0.7,-0.7,-0.7,-1.0,0.0,-0.7,0.0,0.0,-0.7,-1.0,-1.0,-1.0,-1.0,0.0,-1.0,0.0,-0.7,-1.0,-0.7,
Nirgge Parduoc,-1.0,-1.0,1.0,-1.0,-1.0,-1.0,1.0,1.0,-1.0,-1.0,-1.0,-1.0,1.0,-1.0,-1.0,-1.0,1.0,1.0,-1.0,-1.0,-1.0,-1.0,-1.0,-1.0,1.0,-1.0,-1.0,-1.0,-1.0,-1.0,-1.0,1.0,-1.0,-1.0,-1.0,-1.0,-1.0,1.0,-1.0,-1.0,-1.0,-1.0,-1.0,-1.0,-1.0,-1.0,-1.0,-1.0,-1.0,-1.0,-1.0,-1.0,-1.0,-1.0,-1.0,-1.0,-1.0,-1.0,-1.0,-1.0,-1.0,-1.0,-1.0,-1.0,-1.0,-1.0,-1.0,-1.0,-1.0,-1.0,-1.0,-1.0,-1.0,-1.0,-1.0,-1.0,-1.0,-1.0,-1.0,-1.0,-1.0,-1.0,-1.0,-1.0,-1.0,-1.0,-1.0,-1.0,-1.0,-1.0,-1.0,-1.0,-1.0,
Nirgge Parduoc,-0.7,-0.7,0.7,-1.0,-0.7,-0.7,0.7,0.0,-1.0,-1.0,-0.7,0.0,0.7,-1.0,-1.0,-1.0,1.0,0.7,-0.7,-1.0,-1.0,-1.0,0.0,-0.7,0.0,-0.7,-1.0,-1.0,-0.7,-0.7,-0.7,0.7,-0.7,-1.0,0.0,-0.7,-1.0,0.7,-0.7,-1.0,-0.7,-1.0,-1.0,-1.0,-1.0,-1.0,-1.0,0.0,-1.0,-0.7,-1.0,-0.7,-1.0,-1.0,-1.0,0.0,-0.7,-1.0,-1.0,-1.0,-1.0,-0.7,-0.7,-0.7,-1.0,-0.7,-1.0,-1.0,-0.7,-1.0,-0.7,0.0,-1.0,0.0,-1.0,-1.0,-0.7,-0.7,-1.0,-0.7,0.0,-1.0,0.0,-0.7,0.0,-1.0,-0.7,-1.0,0.0,-0.7,-1.0,-1.0,0.0,
Nirgge Parduoc,-0.7,-1.0,0.7,0.0,-1.0,-1.0,0.0,1.0,-1.0,-1.0,0.0,-1.0,0.7,0.0,-1.0,0.0,0.7,0.7,-1.0,-0.7,-1.0,-1.0,0.0,-1.0,0.0,-1.0,-1.0,0.0,-1.0,0.0,-0.7,1.0,-0.7,-1.0,-1.0,-0.7,-1.0,1.0,0.0,0.0,-0.7,-0.7,-0.7,-0.7,-0.7,0.0,-1.0,-0.7,0.0,-0.7,0.0,-1.0,-1.0,0.0,-1.0,-0.7,-1.0,-0.7,-0.7,-1.0,-0.7,-0.7,-1.0,-0.7,-0.7,-1.0,-0.7,-1.0,-1.0,-0.7,-0.7,0.0,-1.0,-1.0,-1.0,-0.7,-0.7,-0.7,-1.0,0.0,-0.7,0.0,-1.0,-0.7,-0.7,-0.7,-1.0,0.0,-1.0,-1.0,-0.7,-0.7,-0.7,
Abirama Redder,-1.0,1.0,-1.0,1.0,-1.0,-1.0,-1.0,1.0,-1.0,-1.0,-1.0,-1.0,1.0,-1.0,-1.0,-1.0,1.0,1.0,-1.0,-1.0,-1.0,-1.0,-1.0,-1.0,1.0,-1.0,-1.0,-1.0,-1.0,-1.0,-1.0,1.0,-1.0,-1.0,-1.0,-1.0,-1.0,-1.0,-1.0,-1.0,-1.0,-1.0,-1.0,-1.0,-1.0,-1.0,-1.0,-1.0,-1.0,-1.0,-1.0,-1.0,-1.0,-1.0,-1.0,-1.0,-1.0,-1.0,-1.0,-1.0,-1.0,-1.0,-1.0,-1.0,-1.0,-1.0,-1.0,-1.0,-1.0,-1.0,-1.0,-1.0,-1.0,-1.0,-1.0,-1.0,-1.0,-1.0,-1.0,-1.0,-1.0,-1.0,-1.0,-1.0,-1.0,-1.0,-1.0,-1.0,-1.0,-1.0,-1.0,-1.0,-1.0,
Abirama Redder,-1.0,0.7,-0.7,1.0,0.0,0.0,-0.7,1.0,0.0,-1.0,-1.0,-1.0,1.0,0.0,-0.7,0.0,1.0,0.7,0.0,0.0,-0.7,-1.0,-0.7,-1.0,0.7,-0.7,-0.7,-0.7,-0.7,-1.0,-0.7,0.7,-1.0,-1.0,-1.0,-0.7,0.0,-1.0,-0.7,-0.7,-1.0,0.0,-1.0,0.0,-1.0,-1.0,-1.0,-1.0,0.0,-1.0,-0.7,-1.0,0.0,-0.7,-0.7,-1.0,-0.7,-1.0,-1.0,-0.7,0.0,0.0,-0.7,-0.7,0.0,-0.7,-0.7,0.0,-1.0,-1.0,-0.7,-1.0,-1.0,-0.7,-0.7,0.0,-1.0,-1.0,-1.0,-0.7,-0.7,-0.7,-1.0,-0.7,-0.7,-1.0,-0.7,-0.7,0.0,0.0,-0.7,0.0,-0.7,
Abirama Redder,0.0,1.0,-0.7,0.7,-0.7,-1.0,-1.0,1.0,-1.0,-1.0,-0.7,0.0,0.7,0.0,0.0,-0.7,1.0,1.0,0.0,-1.0,-0.7,-1.0,0.0,-0.7,0.0,-1.0,-1.0,-0.7,0.0,-0.7,0.0,0.7,-0.7,-0.7,-1.0,-1.0,0.0,0.0,-0.7,-1.0,-1.0,0.0,-1.0,0.0,-1.0,-0.7,0.0,-1.0,-1.0,0.0,-0.7,-0.7,-0.7,-1.0,-1.0,-0.7,-1.0,-0.7,-0.7,-1.0,-0.7,-1.0,-1.0,-0.7,0.0,-1.0,-0.7,-0.7,-1.0,-0.7,0.0,-0.7,-1.0,-0.7,-0.7,-1.0,-1.0,-1.0,-1.0,-1.0,-0.7,-1.0,0.0,-0.7,0.0,-0.7,-1.0,-0.7,0.0,-1.0,-1.0,-1.0,-1.0,
Di Roy Rinker,-1.0,-1.0,1.0,1.0,-1.0,-1.0,-1.0,1.0,-1.0,-1.0,-1.0,-1.0,1.0,-1.0,-1.0,-1.0,1.0,1.0,-1.0,-1.0,-1.0,-1.0,-1.0,-1.0,1.0,-1.0,-1.0,-1.0,-1.0,-1.0,-1.0,1.0,-1.0,-1.0,-1.0,-1.0,-1.0,-1.0,-1.0,-1.0,-1.0,-1.0,-1.0,-1.0,-1.0,-1.0,-1.0,-1.0,-1.0,-1.0,-1.0,-1.0,-1.0,-1.0,-1.0,-1.0,-1.0,-1.0,-1.0,-1.0,-1.0,-1.0,-1.0,-1.0,-1.0,-1.0,-1.0,-1.0,-1.0,-1.0,-1.0,-1.0,-1.0,-1.0,-1.0,-1.0,-1.0,-1.0,-1.0,-1.0,-1.0,-1.0,-1.0,-1.0,-1.0,-1.0,-1.0,-1.0,-1.0,-1.0,-1.0,-1.0,-1.0,
Di Roy Rinker,-1.0,-1.0,1.0,0.7,-1.0,-0.7,-0.7,0.7,-1.0,-0.7,-1.0,-0.7,0.7,-1.0,-1.0,-1.0,1.0,1.0,0.0,-1.0,-0.7,-0.7,-0.7,0.0,0.0,-0.7,0.0,-1.0,-0.7,0.0,-0.7,0.0,-1.0,-0.7,0.0,-1.0,-0.7,-1.0,-0.7,0.0,-1.0,-1.0,-1.0,0.0,-0.7,-1.0,-1.0,0.0,0.0,-1.0,-1.0,-0.7,-0.7,0.0,-0.7,-0.7,-0.7,0.0,-1.0,-1.0,-1.0,0.0,-0.7,-1.0,-0.7,-1.0,-1.0,-1.0,-0.7,-0.7,0.0,0.0,-0.7,-0.7,-1.0,-1.0,-1.0,-0.7,-1.0,-1.0,-0.7,-1.0,-0.7,-0.7,-1.0,-1.0,-1.0,-1.0,-0.7,-0.7,-1.0,-1.0,0.0,
Di Roy Rinker,-1.0,-1.0,0.7,0.7,-0.7,-0.7,-1.0,0.7,-1.0,-0.7,0.0,-1.0,1.0,-1.0,-1.0,-1.0,0.7,0.0,-1.0,-1.0,-1.0,-1.0,-1.0,-0.7,1.0,0.0,-0.7,-0.7,-1.0,-0.7,-0.7,1.0,-1.0,0.0,-1.0,-0.7,-1.0,-1.0,-1.0,-1.0,-0.7,-0.7,-0.7,-0.7,-1.0,-0.7,-0.7,-0.7,-0.7,-0.7,-1.0,-0.7,-1.0,-0.7,-1.0,0.0,-0.7,-0.7,-0.7,0.0,-0.7,-1.0,0.0,-0.7,-0.7,0.0,-1.0,-1.0,-0.7,-0.7,-0.7,-0.7,-0.7,-0.7,0.0,-1.0,-0.7,-0.7,-0.7,-1.0,-1.0,-0.7,-1.0,-1.0,-1.0,-0.7,-0.7,-0.7,-1.0,-0.7,-0.7,-1.0,-1.0,
Franceska Mila Rose,1.0,1.0,1.0,-1.0,-1.0,-1.0,-1.0,1.0,-1.0,-1.0,-1.0,-1.0,1.0,-1.0,-1.0,-1.0,1.0,-1.0,-1.0,-1.0,-1.0,-1.0,-1.0,-1.0,1.0,-1.0,-1.0,-1.0,-1.0,-1.0,-1.0,1.0,-1.0,-1.0,-1.0,-1.0,-1.0,-1.0,-1.0,-1.0,-1.0,-1.0,-1.0,-1.0,-1.0,-1.0,-1.0,-1.0,-1.0,-1.0,-1.0,-1.0,-1.0,-1.0,-1.0,-1.0,-1.0,-1.0,-1.0,-1.0,-1.0,-1.0,-1.0,-1.0,-1.0,-1.0,-1.0,-1.0,-1.0,-1.0,-1.0,-1.0,-1.0,-1.0,-1.0,-1.0,-1.0,-1.0,-1.0,-1.0,-1.0,-1.0,-1.0,-1.0,-1.0,-1.0,-1.0,-1.0,-1.0,-1.0,-1.0,-1.0,-1.0,
Franceska Mila Rose,0.0,0.7,0.7,-1.0,0.0,-0.7,0.0,0.0,0.0,0.0,-1.0,0.0,1.0,0.0,-1.0,-0.7,1.0,-0.7,-1.0,-0.7,0.0,-0.7,-1.0,-0.7,1.0,-0.7,0.0,-0.7,-1.0,-1.0,0.0,1.0,-0.7,-0.7,-0.7,0.0,-1.0,-0.7,-0.7,-1.0,-1.0,-0.7,-1.0,0.0,-1.0,-1.0,-1.0,-1.0,-0.7,-1.0,-0.7,0.0,-0.7,-1.0,0.0,-1.0,-0.7,-0.7,-1.0,0.0,-1.0,-0.7,-1.0,-0.7,-0.7,-1.0,-0.7,-0.7,-0.7,-0.7,-0.7,-1.0,-0.7,-0.7,-0.7,0.0,-1.0,-1.0,-1.0,-1.0,-1.0,0.0,-1.0,-0.7,-1.0,-0.7,0.0,-1.0,0.0,0.0,-0.7,-1.0,-0.7,
Franceska Mila Rose,0.0,1.0,0.7,-1.0,-1.0,0.0,-0.7,1.0,-0.7,-1.0,-1.0,-0.7,0.7,-1.0,-1.0,-0.7,0.0,0.0,-1.0,-0.7,0.0,-0.7,0.0,0.0,1.0,-1.0,-1.0,-1.0,0.0,0.0,-1.0,0.7,-0.7,-1.0,-0.7,0.0,-1.0,-1.0,-1.0,-1.0,-1.0,-0.7,-0.7,-0.7,-1.0,-1.0,0.0,0.0,-1.0,-1.0,0.0,-1.0,-1.0,-0.7,-1.0,-1.0,-0.7,-0.7,0.0,0.0,-1.0,-1.0,-0.7,-0.7,-1.0,-1.0,-1.0,-0.7,-1.0,0.0,-1.0,0.0,0.0,-0.7,-0.7,-0.7,-1.0,-1.0,-0.7,-0.7,-0.7,-0.7,-0.7,-0.7,-0.7,-0.7,0.0,-0.7,-0.7,-0.7,-0.7,-0.7,-1.0,
Zommari Rureaux,-1.0,-1.0,-1.0,-1.0,-1.0,-1.0,-1.0,1.0,-1.0,-1.0,-1.0,-1.0,1.0,-1.0,1.0,-1.0,1.0,1.0,-1.0,-1.0,-1.0,-1.0,-1.0,-1.0,1.0,-1.0,-1.0,-1.0,-1.0,-1.0,-1.0,1.0,-1.0,1.0,-1.0,-1.0,-1.0,-1.0,-1.0,-1.0,-1.0,-1.0,-1.0,-1.0,-1.0,-1.0,-1.0,-1.0,-1.0,-1.0,-1.0,-1.0,-1.0,-1.0,-1.0,-1.0,-1.0,-1.0,-1.0,-1.0,-1.0,-1.0,-1.0,-1.0,-1.0,-1.0,-1.0,-1.0,-1.0,-1.0,-1.0,-1.0,-1.0,-1.0,-1.0,-1.0,-1.0,-1.0,-1.0,-1.0,-1.0,-1.0,-1.0,-1.0,-1.0,-1.0,-1.0,-1.0,-1.0,-1.0,-1.0,-1.0,-1.0,
Zommari Rureaux,0.0,-1.0,-1.0,-1.0,-1.0,-0.7,-0.7,0.0,-1.0,-1.0,-1.0,-0.7,0.0,-0.7,1.0,0.0,1.0,0.7,-0.7,-1.0,-1.0,-1.0,0.0,-0.7,0.0,-0.7,-0.7,-0.7,0.0,-1.0,-1.0,0.7,0.0,0.0,-0.7,-1.0,-1.0,0.0,-0.7,-1.0,0.0,-1.0,-0.7,-0.7,-1.0,-1.0,-1.0,-0.7,-0.7,-1.0,0.0,-1.0,-1.0,-1.0,-1.0,0.0,-1.0,-0.7,0.0,-0.7,-1.0,0.0,-0.7,-1.0,-0.7,0.0,-0.7,-0.7,0.0,-0.7,-1.0,-1.0,-0.7,-1.0,0.0,-0.7,-0.7,-0.7,-0.7,-1.0,-1.0,-0.7,0.0,-0.7,-1.0,-1.0,0.0,0.0,-1.0,-0.7,-0.7,-0.7,0.0,
Zommari Rureaux,-1.0,-0.7,-1.0,-1.0,-0.7,-1.0,-0.7,1.0,-0.7,-1.0,-0.7,-0.7,0.0,0.0,1.0,-1.0,0.7,0.7,-1.0,-1.0,-0.7,0.0,0.0,-1.0,1.0,-1.0,-0.7,-0.7,-0.7,-0.7,-1.0,1.0,0.0,1.0,-1.0,-0.7,-0.7,0.0,-1.0,-0.7,-0.7,0.0,-0.7,0.0,-1.0,-0.7,-0.7,-1.0,-1.0,-0.7,-1.0,0.0,-0.7,-1.0,-0.7,-1.0,-0.7,-0.7,0.0,-0.7,0.0,-0.7,-0.7,-0.7,-0.7,-1.0,0.0,-0.7,-1.0,0.0,-1.0,0.0,-1.0,-0.7,-0.7,-0.7,-1.0,-1.0,-1.0,0.0,-1.0,-0.7,0.0,0.0,-1.0,0.0,-1.0,-0.7,-0.7,-1.0,-1.0,-0.7,-0.7,
Cirucci Sanderwicci,1.0,-1.0,-1.0,-1.0,-1.0,-1.0,-1.0,1.0,1.0,-1.0,-1.0,-1.0,1.0,-1.0,-1.0,-1.0,1.0,1.0,-1.0,-1.0,-1.0,-1.0,-1.0,-1.0,1.0,-1.0,-1.0,-1.0,-1.0,-1.0,1.0,1.0,-1.0,-1.0,-1.0,-1.0,-1.0,-1.0,-1.0,-1.0,-1.0,-1.0,-1.0,-1.0,-1.0,-1.0,-1.0,-1.0,-1.0,-1.0,-1.0,-1.0,-1.0,-1.0,-1.0,-1.0,-1.0,-1.0,-1.0,-1.0,-1.0,-1.0,-1.0,-1.0,-1.0,-1.0,-1.0,-1.0,-1.0,-1.0,-1.0,-1.0,-1.0,-1.0,-1.0,-1.0,-1.0,-1.0,-1.0,-1.0,-1.0,-1.0,-1.0,-1.0,-1.0,-1.0,-1.0,-1.0,-1.0,-1.0,-1.0,-1.0,-1.0,
Cirucci Sanderwicci,0.0,-1.0,0.0,-0.7,0.0,-0.7,0.0,1.0,0.7,-1.0,-1.0,-0.7,0.7,-1.0,-0.7,-0.7,1.0,0.7,-0.7,-1.0,-0.7,-0.7,0.0,-1.0,0.0,-1.0,-0.7,-1.0,0.0,-0.7,1.0,1.0,-1.0,-1.0,-0.7,-0.7,0.0,0.0,-0.7,-1.0,-1.0,-0.7,-0.7,-0.7,0.0,0.0,-1.0,-1.0,0.0,0.0,-1.0,-0.7,-0.7,-0.7,-1.0,0.0,-0.7,-1.0,-0.7,-0.7,0.0,-1.0,0.0,-1.0,-0.7,-0.7,-0.7,-0.7,0.0,-0.7,-0.7,-1.0,-1.0,-1.0,0.0,-0.7,0.0,-1.0,-0.7,-1.0,-0.7,-1.0,-1.0,-0.7,-1.0,-0.7,-0.7,-0.7,0.0,-1.0,-0.7,0.0,-0.7,
Cirucci Sanderwicci,1.0,0.0,-1.0,-1.0,-1.0,-1.0,-1.0,1.0,0.7,-1.0,-1.0,-0.7,1.0,-1.0,-0.7,-1.0,1.0,0.7,-0.7,-0.7,0.0,-0.7,-0.7,-1.0,0.7,-1.0,-0.7,-0.7,-0.7,0.0,0.0,1.0,-1.0,0.0,-0.7,-0.7,-0.7,-0.7,0.0,-0.7,-0.7,-0.7,0.0,-0.7,-0.7,0.0,-0.7,-1.0,-0.7,-0.7,-1.0,-0.7,-0.7,-0.7,-0.7,-0.7,0.0,-1.0,-1.0,-0.7,-0.7,-1.0,-1.0,-0.7,-1.0,-0.7,-0.7,-0.7,-1.0,-0.7,-0.7,0.0,0.0,-1.0,-1.0,-1.0,-1.0,-0.7,-0.7,-1.0,-0.7,0.0,-0.7,-1.0,-0.7,-0.7,0.0,-1.0,-0.7,-0.7,-0.7,-0.7,-1.0,
Coyote Starrk,-1.0,-1.0,-1.0,-1.0,-1.0,-1.0,-1.0,1.0,1.0,-1.0,-1.0,-1.0,1.0,-1.0,1.0,-1.0,1.0,1.0,-1.0,-1.0,-1.0,-1.0,-1.0,-1.0,1.0,-1.0,-1.0,-1.0,-1.0,-1.0,-1.0,1.0,-1.0,-1.0,-1.0,1.0,-1.0,-1.0,-1.0,-1.0,-1.0,-1.0,-1.0,-1.0,-1.0,-1.0,-1.0,-1.0,-1.0,-1.0,-1.0,-1.0,-1.0,-1.0,-1.0,-1.0,-1.0,-1.0,-1.0,-1.0,-1.0,-1.0,-1.0,-1.0,-1.0,-1.0,-1.0,-1.0,-1.0,-1.0,-1.0,-1.0,-1.0,-1.0,-1.0,-1.0,-1.0,-1.0,-1.0,-1.0,-1.0,-1.0,-1.0,-1.0,-1.0,-1.0,-1.0,-1.0,-1.0,-1.0,-1.0,-1.0,-1.0,
Coyote Starrk,-0.7,-1.0,-1.0,-0.7,-1.0,-1.0,-0.7,0.7,1.0,-0.7,-1.0,-1.0,0.7,-1.0,0.0,-1.0,0.7,0.0,0.0,-0.7,0.0,0.0,-1.0,-0.7,1.0,-0.7,-0.7,-1.0,-0.7,-1.0,0.0,1.0,-0.7,-1.0,-1.0,0.7,-1.0,-0.7,0.0,-1.0,0.0,-1.0,-1.0,-1.0,0.0,-1.0,0.0,0.0,-1.0,-0.7,-0.7,-1.0,-1.0,-0.7,-0.7,-0.7,-1.0,-1.0,0.0,-1.0,-0.7,-1.0,0.0,0.0,-1.0,-1.0,-0.7,-1.0,-0.7,-0.7,-1.0,-1.0,-0.7,-0.7,-1.0,-0.7,-0.7,-0.7,-1.0,-1.0,0.0,0.0,-0.7,-1.0,-0.7,0.0,-1.0,-1.0,-0.7,0.0,-1.0,-0.7,-0.7,
Coyote Starrk,-0.7,-0.7,-0.7,-1.0,-1.0,-0.7,-1.0,0.7,0.7,-1.0,-0.7,-0.7,1.0,-0.7,0.0,-0.7,0.7,1.0,-1.0,-1.0,-0.7,-1.0,-1.0,-0.7,1.0,-1.0,-0.7,-1.0,-0.7,-1.0,-1.0,0.0,0.0,0.0,0.0,0.7,-0.7,-0.7,-0.7,-0.7,-1.0,0.0,-0.7,0.0,-1.0,-1.0,-1.0,-0.7,-1.0,-1.0,-1.0,-1.0,-0.7,0.0,-1.0,-0.7,-1.0,-1.0,-0.7,-0.7,0.0,-0.7,0.0,-1.0,-1.0,-1.0,-0.7,-1.0,-1.0,-0.7,-1.0,-1.0,-1.0,-1.0,-0.7,-0.7,-1.0,-1.0,0.0,-0.7,-0.7,-0.7,-1.0,0.0,-0.7,-1.0,-0.7,-1.0,-1.0,0.0,0.0,-1.0,-1.0,
Cyan Sung-Sun,1.0,1.0,1.0,-1.0,-1.0,-1.0,-1.0,1.0,-1.0,-1.0,-1.0,-1.0,1.0,-1.0,-1.0,-1.0,1.0,-1.0,-1.0,-1.0,-1.0,-1.0,-1.0,-1.0,1.0,-1.0,-1.0,-1.0,-1.0,-1.0,1.0,1.0,-1.0,-1.0,-1.0,-1.0,-1.0,-1.0,-1.0,-1.0,-1.0,-1.0,-1.0,-1.0,-1.0,-1.0,-1.0,-1.0,-1.0,-1.0,-1.0,-1.0,-1.0,-1.0,-1.0,-1.0,-1.0,-1.0,-1.0,-1.0,-1.0,-1.0,-1.0,-1.0,-1.0,-1.0,-1.0,-1.0,-1.0,-1.0,-1.0,-1.0,-1.0,-1.0,-1.0,-1.0,-1.0,-1.0,-1.0,-1.0,-1.0,-1.0,-1.0,-1.0,-1.0,-1.0,-1.0,-1.0,-1.0,-1.0,-1.0,-1.0,-1.0,
Cyan Sung-Sun,0.7,1.0,0.7,-0.7,-0.7,-0.7,-0.7,0.0,-1.0,0.0,-1.0,-1.0,1.0,-0.7,-1.0,0.0,0.7,-1.0,-0.7,0.0,-0.7,-1.0,0.0,-0.7,1.0,-1.0,-0.7,0.0,-1.0,-1.0,0.0,1.0,0.0,-1.0,-0.7,-1.0,0.0,-0.7,0.0,-0.7,-1.0,-1.0,-0.7,-0.7,0.0,-1.0,-0.7,0.0,-1.0,0.0,-0.7,-0.7,-1.0,-1.0,-1.0,0.0,0.0,-1.0,0.0,-0.7,0.0,-1.0,-1.0,-0.7,-1.0,-0.7,-0.7,-1.0,-1.0,0.0,-1.0,-1.0,-0.7,-0.7,-0.7,-0.7,-1.0,-1.0,-0.7,0.0,-0.7,-1.0,-1.0,-1.0,-0.7,-1.0,-1.0,-0.7,-0.7,-0.7,-0.7,-0.7,-1.0,
Cyan Sung-Sun,0.7,1.0,1.0,-0.7,-0.7,-0.7,-0.7,0.0,-0.7,-0.7,-0.7,-1.0,1.0,-0.7,-1.0,-0.7,0.7,0.0,0.0,-1.0,-0.7,-1.0,-1.0,-0.7,1.0,-1.0,0.0,0.0,-0.7,0.0,0.7,1.0,-0.7,-0.7,-1.0,0.0,-0.7,-1.0,-1.0,-1.0,0.0,-0.7,-0.7,-0.7,-0.7,-0.7,-0.7,0.0,0.0,0.0,-0.7,0.0,-0.7,0.0,0.0,0.0,0.0,-0.7,-1.0,-1.0,-0.7,-1.0,-0.7,-0.7,-0.7,0.0,-0.7,-0.7,-0.7,0.0,-1.0,-1.0,0.0,-0.7,-0.7,-0.7,-1.0,-0.7,-1.0,-0.7,-0.7,-0.7,-0.7,0.0,-0.7,0.0,-0.7,-0.7,-1.0,-1.0,-0.7,-1.0,-0.7,
Ggio Vega,-1.0,1.0,1.0,-1.0,-1.0,-1.0,-1.0,1.0,-1.0,-1.0,-1.0,-1.0,1.0,-1.0,-1.0,-1.0,1.0,1.0,-1.0,-1.0,-1.0,-1.0,-1.0,-1.0,1.0,-1.0,-1.0,-1.0,-1.0,-1.0,-1.0,1.0,-1.0,-1.0,-1.0,-1.0,-1.0,-1.0,-1.0,-1.0,-1.0,-1.0,-1.0,-1.0,-1.0,-1.0,-1.0,-1.0,-1.0,-1.0,-1.0,-1.0,-1.0,-1.0,-1.0,-1.0,-1.0,-1.0,-1.0,-1.0,-1.0,-1.0,-1.0,-1.0,-1.0,-1.0,-1.0,-1.0,-1.0,-1.0,-1.0,-1.0,-1.0,-1.0,-1.0,-1.0,-1.0,-1.0,-1.0,-1.0,-1.0,-1.0,-1.0,-1.0,-1.0,-1.0,-1.0,-1.0,-1.0,-1.0,-1.0,-1.0,-1.0,
Ggio Vega,-0.7,0.0,0.0,-1.0,-1.0,-0.7,-1.0,1.0,0.0,0.0,-0.7,-0.7,0.7,-0.7,-0.7,-0.7,1.0,0.0,-0.7,-0.7,0.0,-1.0,-1.0,0.0,0.0,-0.7,-1.0,-0.7,-1.0,-0.7,-1.0,0.0,-0.7,0.0,-1.0,-1.0,0.0,-1.0,-0.7,-1.0,-0.7,-1.0,-0.7,-0.7,-0.7,-1.0,-0.7,-0.7,-1.0,-0.7,0.0,-1.0,-0.7,-0.7,-1.0,-1.0,-0.7,-0.7,-1.0,0.0,-0.7,-1.0,-0.7,0.0,-1.0,-0.7,-0.7,-1.0,-1.0,-1.0,-1.0,-1.0,0.0,0.0,-1.0,-0.7,-1.0,-1.0,-1.0,-1.0,0.0,-1.0,-0.7,-1.0,-1.0,0.0,-1.0,0.0,-1.0,-0.7,0.0,-1.0,-0.7,
Ggio Vega,-0.7,1.0,0.7,-1.0,-1.0,-1.0,0.0,1.0,-1.0,-0.7,-1.0,-0.7,1.0,-0.7,-0.7,-1.0,1.0,0.7,-0.7,-1.0,-1.0,-1.0,-0.7,0.0,1.0,-1.0,-1.0,-1.0,-0.7,0.0,-1.0,0.7,-1.0,0.0,-0.7,-1.0,0.0,-1.0,-0.7,0.0,-1.0,-0.7,0.0,0.0,-0.7,-1.0,-0.7,-0.7,-0.7,0.0,-1.0,-1.0,-0.7,0.0,-0.7,0.0,0.0,0.0,0.0,0.0,0.0,-0.7,-1.0,-1.0,-1.0,-1.0,-1.0,0.0,-0.7,-1.0,-0.7,-0.7,-1.0,0.0,-1.0,-0.7,-1.0,-0.7,0.0,-1.0,0.0,-1.0,-0.7,0.0,0.0,-1.0,-1.0,-0.7,-1.0,-0.7,-0.7,-0.7,-1.0,
Aisslinger Wernarr,-1.0,-1.0,1.0,-1.0,-1.0,-1.0,1.0,-1.0,-1.0,1.0,-1.0,-1.0,1.0,-1.0,-1.0,-1.0,1.0,1.0,-1.0,-1.0,-1.0,-1.0,-1.0,-1.0,1.0,-1.0,-1.0,-1.0,-1.0,-1.0,-1.0,1.0,-1.0,-1.0,-1.0,-1.0,-1.0,-1.0,-1.0,-1.0,-1.0,-1.0,-1.0,-1.0,-1.0,-1.0,-1.0,-1.0,-1.0,-1.0,-1.0,-1.0,-1.0,-1.0,-1.0,-1.0,-1.0,-1.0,-1.0,-1.0,-1.0,-1.0,-1.0,-1.0,-1.0,-1.0,-1.0,-1.0,-1.0,-1.0,-1.0,-1.0,-1.0,-1.0,-1.0,-1.0,-1.0,-1.0,-1.0,-1.0,-1.0,-1.0,-1.0,-1.0,-1.0,-1.0,-1.0,-1.0,-1.0,-1.0,-1.0,-1.0,-1.0,
Aisslinger Wernarr,-0.7,0.0,0.7,-0.7,-1.0,-1.0,1.0,-0.7,-1.0,0.7,-0.7,-0.7,1.0,-0.7,-0.7,-1.0,1.0,0.7,-1.0,-1.0,-1.0,-1.0,0.0,-0.7,0.7,0.0,-0.7,-0.7,-1.0,-0.7,-1.0,0.7,-1.0,-1.0,-1.0,-1.0,0.0,-1.0,0.0,-0.7,-0.7,-1.0,0.0,-1.0,-0.7,-0.7,-0.7,-1.0,-0.7,0.0,0.0,0.0,-1.0,-1.0,-1.0,0.0,-1.0,-0.7,0.0,-0.7,-0.7,-1.0,-0.7,0.0,-0.7,-1.0,-1.0,-1.0,-0.7,-1.0,-0.7,-0.7,-0.7,-1.0,-0.7,-0.7,-1.0,0.0,-1.0,-0.7,-1.0,-0.7,-0.7,-1.0,-0.7,-0.7,-0.7,-1.0,-1.0,-0.7,-1.0,-0.7,-1.0,
Aisslinger Wernarr,-1.0,0.0,0.7,-0.7,0.0,-0.7,0.7,0.0,-0.7,0.7,-0.7,0.0,1.0,-1.0,-1.0,-1.0,1.0,0.0,-0.7,-1.0,-0.7,-0.7,-0.7,-1.0,0.0,-1.0,-1.0,-1.0,-0.7,-0.7,-1.0,1.0,-0.7,-0.7,-1.0,0.0,0.0,-1.0,-0.7,-1.0,-0.7,-0.7,-1.0,-0.7,0.0,-1.0,-1.0,-1.0,-0.7,-0.7,-0.7,-0.7,-0.7,-0.7,-0.7,-0.7,0.0,-1.0,-1.0,-1.0,0.0,-0.7,-1.0,0.0,0.0,0.0,-1.0,0.0,-1.0,-1.0,-1.0,-0.7,-1.0,-0.7,0.0,-1.0,-1.0,-1.0,0.0,-1.0,-0.7,-1.0,0.0,-1.0,-0.7,-0.7,0.0,-1.0,-0.7,-1.0,0.0,-0.7,-0.7,
Demoura Zodd,-1.0,-1.0,1.0,-1.0,-1.0,-1.0,1.0,-1.0,-1.0,1.0,-1.0,-1.0,1.0,-1.0,-1.0,-1.0,1.0,1.0,-1.0,-1.0,-1.0,-1.0,-1.0,-1.0,1.0,-1.0,-1.0,-1.0,-1.0,-1.0,-1.0,1.0,-1.0,-1.0,-1.0,-1.0,-1.0,1.0,-1.0,-1.0,-1.0,-1.0,-1.0,-1.0,-1.0,-1.0,-1.0,-1.0,-1.0,-1.0,-1.0,-1.0,-1.0,-1.0,-1.0,-1.0,-1.0,-1.0,-1.0,-1.0,-1.0,-1.0,-1.0,-1.0,-1.0,-1.0,-1.0,-1.0,-1.0,-1.0,-1.0,-1.0,-1.0,-1.0,-1.0,-1.0,-1.0,-1.0,-1.0,-1.0,-1.0,-1.0,-1.0,-1.0,-1.0,-1.0,-1.0,-1.0,-1.0,-1.0,-1.0,-1.0,-1.0,
Demoura Zodd,-0.7,-1.0,1.0,-0.7,0.0,-1.0,0.0,-1.0,0.0,1.0,-1.0,-0.7,0.7,-0.7,-0.7,-0.7,1.0,1.0,-1.0,-0.7,-0.7,-0.7,-0.7,-1.0,0.7,-1.0,-0.7,-1.0,-0.7,-0.7,-0.7,0.7,-1.0,-1.0,-0.7,0.0,-1.0,1.0,-0.7,-0.7,-0.7,0.0,-0.7,-1.0,-1.0,-0.7,-0.7,-1.0,0.0,-1.0,-0.7,-1.0,0.0,-0.7,-1.0,0.0,-1.0,-0.7,0.0,-0.7,0.0,0.0,0.0,-1.0,-1.0,-0.7,-0.7,-0.7,-1.0,0.0,0.0,-0.7,-1.0,-1.0,-1.0,-0.7,0.0,-1.0,-0.7,-0.7,-1.0,-0.7,-0.7,0.0,-0.7,-0.7,-1.0,-1.0,-1.0,-1.0,-1.0,-1.0,-0.7,
Demoura Zodd,-0.7,-1.0,1.0,-0.7,-1.0,-0.7,0.7,-1.0,-1.0,1.0,-1.0,0.0,1.0,-0.7,-0.7,-1.0,1.0,0.0,0.0,-1.0,-1.0,-0.7,-1.0,-1.0,1.0,-1.0,-1.0,-0.7,-0.7,-0.7,-1.0,0.7,-0.7,-1.0,-1.0,-1.0,-1.0,0.0,-0.7,-1.0,-0.7,-1.0,-1.0,-1.0,-0.7,-1.0,-1.0,-1.0,-1.0,-0.7,0.0,-0.7,-0.7,0.0,-1.0,-1.0,-0.7,-1.0,-0.7,-1.0,-1.0,-0.7,0.0,-1.0,-1.0,-0.7,-1.0,-1.0,-1.0,-0.7,0.0,-0.7,-1.0,-1.0,-1.0,0.0,-0.7,-1.0,-0.7,-0.7,0.0,0.0,-1.0,-0.7,-0.7,-1.0,-0.7,-0.7,-1.0,-0.7,-0.7,-1.0,-1.0,
Hironari Horiuchi,-1.0,1.0,-1.0,-1.0,-1.0,-1.0,-1.0,1.0,-1.0,-1.0,-1.0,-1.0,-1.0,-1.0,-1.0,-1.0,1.0,-1.0,-1.0,-1.0,-1.0,-1.0,-1.0,-1.0,-1.0,-1.0,-1.0,-1.0,-1.0,-1.0,-1.0,-1.0,-1.0,-1.0,-1.0,-1.0,-1.0,-1.0,-1.0,-1.0,-1.0,-1.0,-1.0,-1.0,-1.0,-1.0,-1.0,-1.0,-1.0,-1.0,-1.0,-1.0,-1.0,-1.0,-1.0,-1.0,-1.0,-1.0,-1.0,-1.0,-1.0,-1.0,-1.0,-1.0,-1.0,-1.0,-1.0,-1.0,-1.0,-1.0,-1.0,-1.0,-1.0,-1.0,-1.0,-1.0,-1.0,-1.0,-1.0,-1.0,-1.0,-1.0,-1.0,-1.0,-1.0,-1.0,-1.0,-1.0,-1.0,-1.0,-1.0,-1.0,-1.0,
Hironari Horiuchi,-0.7,1.0,0.0,-1.0,-1.0,-1.0,-0.7,0.7,-0.7,-1.0,0.0,-1.0,-1.0,-1.0,-1.0,-1.0,1.0,-1.0,0.0,-1.0,-0.7,-0.7,-1.0,-0.7,-0.7,-1.0,0.0,-0.7,0.0,0.0,-1.0,-1.0,-1.0,0.0,0.0,-0.7,-1.0,-1.0,0.0,0.0,-1.0,-1.0,-1.0,-1.0,0.0,-0.7,-0.7,-0.7,-1.0,-1.0,-0.7,-0.7,-1.0,-1.0,-1.0,-1.0,-0.7,-0.7,-0.7,0.0,-0.7,-1.0,-1.0,0.0,-0.7,-1.0,-0.7,-0.7,0.0,0.0,-0.7,-0.7,-1.0,-0.7,-0.7,-0.7,-0.7,0.0,-1.0,-1.0,-0.7,0.0,0.0,-0.7,0.0,-0.7,-1.0,-0.7,-1.0,-1.0,-1.0,-1.0,-1.0,
Hironari Horiuchi,-1.0,1.0,-1.0,-0.7,-0.7,0.0,0.0,0.7,-0.7,-1.0,-1.0,-0.7,-0.7,0.0,-0.7,-1.0,0.0,-0.7,0.0,-0.7,-1.0,-1.0,-1.0,-1.0,-1.0,-0.7,0.0,0.0,-0.7,-1.0,-1.0,-0.7,-1.0,0.0,0.0,-1.0,-0.7,-1.0,-0.7,-1.0,-1.0,-0.7,-0.7,-0.7,-0.7,-0.7,-0.7,0.0,0.0,-0.7,-0.7,-0.7,-1.0,-1.0,0.0,0.0,-0.7,-0.7,-1.0,-1.0,-0.7,-0.7,0.0,-1.0,-0.7,-1.0,0.0,0.0,-0.7,0.0,-0.7,-1.0,-0.7,-1.0,-0.7,0.0,-0.7,-1.0,-1.0,-1.0,-1.0,-1.0,-0.7,-0.7,-0.7,-1.0,-1.0,-1.0,-1.0,-1.0,-1.0,-0.7,0.0,
Jidanbo Ikkanzaka,-1.0,-1.0,-1.0,-1.0,-1.0,-1.0,-1.0,1.0,-1.0,-1.0,-1.0,-1.0,1.0,-1.0,-1.0,-1.0,1.0,-1.0,-1.0,-1.0,-1.0,-1.0,-1.0,-1.0,-1.0,-1.0,-1.0,-1.0,-1.0,-1.0,-1.0,-1.0,-1.0,-1.0,-1.0,1.0,-1.0,1.0,-1.0,-1.0,-1.0,-1.0,-1.0,-1.0,-1.0,-1.0,-1.0,-1.0,-1.0,-1.0,-1.0,-1.0,-1.0,-1.0,-1.0,-1.0,-1.0,-1.0,-1.0,-1.0,-1.0,-1.0,-1.0,-1.0,-1.0,-1.0,-1.0,-1.0,-1.0,-1.0,-1.0,-1.0,-1.0,-1.0,-1.0,-1.0,-1.0,-1.0,-1.0,-1.0,-1.0,-1.0,-1.0,-1.0,-1.0,-1.0,-1.0,-1.0,-1.0,-1.0,-1.0,-1.0,-1.0,
Jidanbo Ikkanzaka,-0.7,-0.7,-1.0,0.0,-1.0,-1.0,-1.0,1.0,-0.7,0.0,-0.7,-1.0,0.7,-0.7,0.0,-0.7,0.7,-0.7,-0.7,-1.0,-1.0,-0.7,0.0,-0.7,0.0,-1.0,-0.7,-1.0,0.0,-1.0,-0.7,-1.0,-0.7,0.0,-1.0,0.0,0.0,1.0,-0.7,-1.0,-1.0,-0.7,-0.7,-1.0,-1.0,0.0,-0.7,-1.0,-0.7,-1.0,-1.0,-0.7,-0.7,-1.0,-0.7,-1.0,-0.7,-1.0,-0.7,-1.0,-0.7,-0.7,-1.0,-1.0,-0.7,-1.0,-0.7,-0.7,-0.7,0.0,-0.7,-0.7,-0.7,0.0,-1.0,0.0,0.0,-1.0,-1.0,0.0,-0.7,-1.0,-0.7,-1.0,-1.0,-0.7,-0.7,0.0,-0.7,0.0,-1.0,-0.7,-1.0,
Jidanbo Ikkanzaka,-1.0,0.0,-1.0,0.0,-1.0,-1.0,-1.0,0.7,-1.0,-0.7,-0.7,-1.0,0.7,-0.7,0.0,-1.0,1.0,-1.0,-0.7,-0.7,0.0,0.0,-1.0,-0.7,-0.7,0.0,-1.0,-0.7,0.0,-1.0,-0.7,0.0,0.0,-1.0,-1.0,1.0,0.0,0.0,-0.7,-0.7,-1.0,-0.7,-1.0,-0.7,-0.7,-0.7,0.0,-1.0,-0.7,-0.7,-0.7,-0.7,-1.0,-1.0,-1.0,-1.0,-0.7,-1.0,-0.7,-1.0,-0.7,-0.7,-1.0,-0.7,0.0,-1.0,-0.7,-1.0,-1.0,-0.7,-1.0,0.0,-1.0,-1.0,-0.7,-0.7,-0.7,-1.0,0.0,0.0,-0.7,-0.7,-0.7,-1.0,-1.0,-1.0,0.0,-1.0,-0.7,-1.0,-0.7,-1.0,-0.7,
Isuzu Ise,1.0,1.0,-1.0,-1.0,1.0,-1.0,-1.0,-1.0,-1.0,-1.0,-1.0,-1.0,1.0,-1.0,-1.0,-1.0,-1.0,-1.0,-1.0,-1.0,-1.0,-1.0,-1.0,-1.0,-1.0,-1.0,-1.0,-1.0,-1.0,-1.0,-1.0,-1.0,-1.0,-1.0,-1.0,-1.0,-1.0,-1.0,-1.0,-1.0,-1.0,-1.0,-1.0,-1.0,-1.0,-1.0,-1.0,-1.0,-1.0,-1.0,-1.0,-1.0,-1.0,-1.0,-1.0,-1.0,-1.0,-1.0,-1.0,-1.0,-1.0,-1.0,-1.0,-1.0,-1.0,-1.0,-1.0,-1.0,-1.0,-1.0,-1.0,-1.0,-1.0,-1.0,-1.0,-1.0,-1.0,-1.0,-1.0,-1.0,-1.0,-1.0,-1.0,-1.0,-1.0,-1.0,-1.0,-1.0,-1.0,-1.0,-1.0,-1.0,-1.0,
Isuzu Ise,1.0,0.0,0.0,-0.7,1.0,-1.0,0.0,-1.0,-1.0,-0.7,-1.0,-1.0,0.7,-1.0,-1.0,-0.7,-1.0,-0.7,-1.0,-0.7,-0.7,-0.7,-1.0,-1.0,0.0,-1.0,-0.7,0.0,-0.7,-1.0,-1.0,0.0,-0.7,-0.7,-0.7,0.0,-0.7,-1.0,-0.7,-0.7,-1.0,0.0,-1.0,-0.7,-1.0,-1.0,-0.7,0.0,-0.7,-1.0,-0.7,-1.0,-1.0,-1.0,-1.0,-0.7,-0.7,-1.0,-0.7,-1.0,0.0,-0.7,-1.0,0.0,-1.0,-0.7,-1.0,-0.7,-0.7,-1.0,-1.0,-0.7,-1.0,-1.0,-0.7,0.0,-1.0,-1.0,0.0,-1.0,-0.7,0.0,0.0,-1.0,-1.0,-1.0,0.0,0.0,-1.0,-0.7,0.0,-1.0,-1.0,
Isuzu Ise,1.0,0.7,0.0,0.0,1.0,-1.0,-0.7,-0.7,-0.7,-0.7,-0.7,-1.0,0.7,0.0,-1.0,-0.7,-1.0,-0.7,-0.7,-0.7,0.0,-1.0,-0.7,-1.0,-0.7,-1.0,0.0,-1.0,-1.0,-1.0,0.0,-1.0,-1.0,-1.0,-1.0,-1.0,-0.7,-1.0,-0.7,-1.0,-0.7,-0.7,-1.0,-1.0,-1.0,-1.0,-0.7,-0.7,-0.7,-1.0,-1.0,-1.0,-0.7,-0.7,-1.0,-0.7,-1.0,0.0,-1.0,-0.7,-1.0,0.0,-1.0,-1.0,-1.0,0.0,0.0,-1.0,-0.7,-0.7,-1.0,-1.0,0.0,-0.7,-1.0,-1.0,-1.0,-0.7,-1.0,-0.7,-1.0,-1.0,-1.0,0.0,-1.0,-0.7,-1.0,-0.7,-1.0,-0.7,0.0,-1.0,-1.0,
Kazuo and Kazuhiro,-1.0,-1.0,-1.0,-1.0,-1.0,-1.0,-1.0,-1.0,-1.0,1.0,-1.0,-1.0,1.0,-1.0,-1.0,-1.0,1.0,-1.0,-1.0,-1.0,-1.0,-1.0,-1.0,-1.0,-1.0,-1.0,-1.0,-1.0,-1.0,-1.0,-1.0,-1.0,-1.0,-1.0,-1.0,1.0,-1.0,-1.0,-1.0,-1.0,-1.0,-1.0,-1.0,-1.0,-1.0,-1.0,-1.0,-1.0,-1.0,-1.0,-1.0,-1.0,-1.0,-1.0,-1.0,-1.0,-1.0,-1.0,-1.0,-1.0,-1.0,-1.0,-1.0,-1.0,-1.0,-1.0,-1.0,-1.0,-1.0,-1.0,-1.0,-1.0,-1.0,-1.0,-1.0,-1.0,-1.0,-1.0,-1.0,-1.0,-1.0,-1.0,-1.0,-1.0,-1.0,-1.0,-1.0,-1.0,-1.0,-1.0,-1.0,-1.0,-1.0,
Kazuo and Kazuhiro,-0.7,-1.0,-0.7,-1.0,-0.7,-0.7,-1.0,-0.7,-0.7,1.0,-1.0,-0.7,1.0,0.0,-0.7,-1.0,0.0,-1.0,-0.7,-1.0,-0.7,-0.7,-0.7,-1.0,-1.0,-1.0,-1.0,-1.0,-0.7,0.0,-1.0,-1.0,0.0,0.0,-0.7,1.0,-0.7,-0.7,-1.0,-0.7,-0.7,-1.0,-0.7,-0.7,-0.7,-0.7,-1.0,-0.7,-0.7,0.0,-1.0,-1.0,0.0,-0.7,0.0,-1.0,-1.0,-1.0,0.0,0.0,-0.7,-1.0,-1.0,-0.7,-0.7,-0.7,-1.0,-0.7,-1.0,-0.7,-0.7,0.0,-0.7,-1.0,-1.0,0.0,-1.0,-1.0,0.0,-0.7,-0.7,-1.0,0.0,-1.0,-1.0,-1.0,-1.0,0.0,-0.7,-0.7,0.0,-1.0,-1.0,
Kazuo and Kazuhiro,-0.7,-0.7,-0.7,-1.0,-0.7,-1.0,-1.0,-1.0,-1.0,1.0,-1.0,0.0,0.0,-0.7,0.0,0.0,1.0,-0.7,0.0,-0.7,-1.0,-0.7,-1.0,-1.0,-1.0,-1.0,-1.0,0.0,-1.0,-1.0,-1.0,-0.7,0.0,-1.0,-1.0,0.7,-0.7,-1.0,-1.0,-0.7,-1.0,0.0,-1.0,-1.0,0.0,0.0,-1.0,0.0,-0.7,-1.0,-0.7,-1.0,-1.0,-1.0,-0.7,0.0,-1.0,-1.0,-0.7,-0.7,-0.7,-1.0,-0.7,-1.0,-0.7,-1.0,-1.0,-0.7,0.0,-0.7,0.0,-1.0,-0.7,-0.7,-0.7,0.0,0.0,-0.7,-0.7,0.0,-1.0,0.0,0.0,-0.7,-0.7,-1.0,-1.0,-0.7,-1.0,-0.7,0.0,-1.0,-1.0,
Koganehiko and Shiroganehiko,-1.0,-1.0,-1.0,-1.0,-1.0,-1.0,-1.0,-1.0,-1.0,1.0,-1.0,-1.0,1.0,-1.0,-1.0,1.0,1.0,-1.0,-1.0,-1.0,-1.0,1.0,-1.0,-1.0,-1.0,-1.0,-1.0,-1.0,-1.0,1.0,-1.0,-1.0,-1.0,-1.0,-1.0,1.0,-1.0,-1.0,-1.0,-1.0,-1.0,-1.0,-1.0,-1.0,-1.0,-1.0,-1.0,-1.0,-1.0,-1.0,-1.0,-1.0,-1.0,-1.0,-1.0,-1.0,-1.0,-1.0,-1.0,-1.0,-1.0,-1.0,-1.0,-1.0,-1.0,-1.0,-1.0,-1.0,-1.0,-1.0,-1.0,-1.0,-1.0,-1.0,-1.0,-1.0,-1.0,-1.0,-1.0,-1.0,-1.0,-1.0,-1.0,-1.0,-1.0,-1.0,-1.0,-1.0,-1.0,-1.0,-1.0,-1.0,-1.0,
Koganehiko and Shiroganehiko,-0.7,-1.0,-0.7,-0.7,-1.0,-1.0,0.0,-1.0,-0.7,0.0,0.0,-1.0,0.7,-0.7,-0.7,0.7,0.7,-1.0,-0.7,-0.7,-0.7,1.0,-1.0,0.0,-1.0,-1.0,-0.7,-0.7,-1.0,0.7,-0.7,-0.7,0.0,-1.0,-0.7,1.0,-1.0,-0.7,-1.0,-0.7,-1.0,-1.0,-0.7,-0.7,-1.0,0.0,-1.0,-1.0,-1.0,-1.0,-1.0,-0.7,-0.7,-1.0,0.0,-1.0,-1.0,-1.0,-1.0,-0.7,-1.0,-0.7,-0.7,-0.7,-0.7,-1.0,-1.0,-0.7,-1.0,-1.0,-0.7,-1.0,-0.7,-1.0,0.0,-0.7,-1.0,-0.7,-0.7,-0.7,-0.7,-0.7,-1.0,-1.0,0.0,-1.0,-1.0,-1.0,0.0,-0.7,-0.7,0.0,0.0,
Koganehiko and Shiroganehiko,-0.7,-1.0,-1.0,-0.7,-1.0,-0.7,-0.7,-0.7,-1.0,1.0,-0.7,-1.0,0.7,-0.7,0.0,0.0,0.7,-0.7,-1.0,-1.0,-0.7,0.7,-0.7,-1.0,0.0,-1.0,0.0,-0.7,-1.0,1.0,-1.0,0.0,0.0,-0.7,-0.7,0.7,-0.7,-0.7,-1.0,0.0,-0.7,-1.0,0.0,-0.7,-1.0,-1.0,-0.7,0.0,0.0,-0.7,-1.0,-1.0,-1.0,0.0,0.0,-1.0,-0.7,-0.7,-1.0,-0.7,0.0,-1.0,0.0,-1.0,-1.0,-1.0,0.0,-0.7,-0.7,-0.7,-0.7,0.0,-0.7,0.0,-1.0,-0.7,-0.7,0.0,-1.0,-0.7,-0.7,-1.0,-1.0,-1.0,0.0,-0.7,-1.0,0.0,-1.0,-0.7,0.0,0.0,-1.0,
Hisana Kuchiki,1.0,1.0,-1.0,-1.0,-1.0,-1.0,-1.0,-1.0,-1.0,-1.0,-1.0,-1.0,1.0,-1.0,-1.0,1.0,1.0,1.0,-1.0,-1.0,-1.0,-1.0,-1.0,-1.0,-1.0,-1.0,-1.0,-1.0,-1.0,-1.0,-1.0,-1.0,-1.0,-1.0,-1.0,1.0,-1.0,-1.0,-1.0,-1.0,-1.0,-1.0,-1.0,-1.0,-1.0,-1.0,-1.0,-1.0,-1.0,-1.0,-1.0,-1.0,-1.0,-1.0,-1.0,-1.0,-1.0,-1.0,-1.0,-1.0,-1.0,-1.0,-1.0,-1.0,-1.0,-1.0,-1.0,-1.0,-1.0,-1.0,-1.0,-1.0,-1.0,-1.0,-1.0,-1.0,-1.0,-1.0,-1.0,-1.0,-1.0,-1.0,-1.0,-1.0,-1.0,-1.0,-1.0,-1.0,-1.0,-1.0,-1.0,-1.0,-1.0,
Hisana Kuchiki,0.7,0.7,0.0,-0.7,-0.7,-1.0,-0.7,-0.7,-0.7,-0.7,0.0,-0.7,1.0,0.0,-1.0,0.7,0.0,1.0,0.0,-0.7,-0.7,-1.0,-0.7,0.0,-1.0,-0.7,-1.0,-1.0,-0.7,-1.0,0.0,-0.7,-0.7,-1.0,0.0,1.0,-0.7,-1.0,-0.7,-0.7,-0.7,-1.0,-0.7,-0.7,-0.7,-1.0,-1.0,-1.0,-1.0,-1.0,-0.7,-1.0,-0.7,0.0,0.0,0.0,-1.0,-1.0,0.0,-1.0,-1.0,-0.7,-1.0,0.0,-0.7,-0.7,0.0,-1.0,-0.7,-1.0,-0.7,-1.0,-0.7,0.0,-1.0,-1.0,-1.0,-0.7,-1.0,0.0,-0.7,-0.7,-0.7,-1.0,-1.0,-0.7,-0.7,-1.0,-1.0,-1.0,-1.0,-1.0,-0.7,
Hisana Kuchiki,0.0,1.0,-0.7,-1.0,-0.7,-0.7,0.0,-1.0,-1.0,-0.7,-1.0,-1.0,1.0,-0.7,-1.0,0.0,0.7,1.0,-0.7,-1.0,-0.7,-0.7,-0.7,-0.7,-1.0,0.0,-0.7,-1.0,-1.0,-1.0,-1.0,-0.7,-1.0,0.0,-1.0,1.0,-1.0,-1.0,0.0,-0.7,-1.0,0.0,0.0,-0.7,0.0,-0.7,-0.7,-1.0,-1.0,-0.7,0.0,-0.7,0.0,-1.0,-0.7,-0.7,-0.7,-0.7,-1.0,-1.0,0.0,-1.0,-0.7,-0.7,-1.0,-0.7,-0.7,0.0,-1.0,-0.7,0.0,0.0,0.0,-0.7,-1.0,-1.0,0.0,0.0,-0.7,-1.0,-0.7,-1.0,-0.7,-1.0,0.0,-1.0,-0.7,-1.0,-0.7,-0.7,0.0,-1.0,-1.0,
Nobutsune Seike,-1.0,-1.0,-1.0,-1.0,-1.0,-1.0,-1.0,1.0,-1.0,-1.0,-1.0,-1.0,1.0,-1.0,-1.0,-1.0,-1.0,-1.0,-1.0,-1.0,-1.0,1.0,-1.0,-1.0,-1.0,-1.0,-1.0,-1.0,-1.0,-1.0,-1.0,-1.0,-1.0,-1.0,-1.0,-1.0,-1.0,-1.0,-1.0,-1.0,-1.0,-1.0,-1.0,-1.0,-1.0,-1.0,-1.0,-1.0,-1.0,-1.0,-1.0,-1.0,-1.0,-1.0,-1.0,-1.0,-1.0,-1.0,-1.0,-1.0,-1.0,-1.0,-1.0,-1.0,-1.0,-1.0,-1.0,-1.0,-1.0,-1.0,-1.0,-1.0,-1.0,-1.0,-1.0,-1.0,-1.0,-1.0,-1.0,-1.0,-1.0,-1.0,-1.0,-1.0,-1.0,-1.0,-1.0,-1.0,-1.0,-1.0,-1.0,-1.0,-1.0,
Nobutsune Seike,-0.7,-1.0,-1.0,-0.7,-0.7,-1.0,-1.0,0.0,-0.7,-1.0,-1.0,-0.7,1.0,0.0,-0.7,-0.7,0.0,-1.0,-1.0,-0.7,-0.7,1.0,-1.0,-1.0,-1.0,-0.7,-0.7,-0.7,-1.0,-1.0,-1.0,-1.0,-1.0,-1.0,-0.7,-0.7,-1.0,0.0,0.0,0.0,0.0,-0.7,-0.7,-1.0,-0.7,-0.7,-0.7,-0.7,-0.7,-0.7,-1.0,-0.7,0.0,0.0,-0.7,-1.0,0.0,-1.0,0.0,-1.0,-0.7,-0.7,-0.7,-0.7,-0.7,-0.7,-1.0,-0.7,-1.0,-0.7,-1.0,-0.7,-0.7,-1.0,-0.7,-0.7,0.0,0.0,-0.7,-0.7,-1.0,-1.0,-1.0,0.0,-1.0,-0.7,-1.0,-1.0,-1.0,-0.7,-0.7,-0.7,-0.7,
Nobutsune Seike,-0.7,-0.7,-0.7,-0.7,-1.0,0.0,-1.0,1.0,-0.7,-0.7,-1.0,-0.7,0.7,-0.7,-0.7,-0.7,-1.0,-1.0,-1.0,-0.7,-0.7,0.7,-0.7,-0.7,-1.0,-1.0,0.0,-0.7,-0.7,-0.7,-0.7,-0.7,-1.0,0.0,-1.0,-1.0,-1.0,-0.7,-0.7,-0.7,0.0,-1.0,-0.7,-0.7,0.0,-1.0,0.0,-1.0,-0.7,-0.7,0.0,-1.0,-1.0,-1.0,-0.7,-0.7,0.0,-0.7,-1.0,-1.0,-1.0,-0.7,0.0,0.0,-0.7,-1.0,-1.0,-0.7,0.0,-1.0,-1.0,-0.7,-0.7,-1.0,0.0,-1.0,0.0,-1.0,-1.0,-1.0,-1.0,-0.7,-0.7,-0.7,-0.7,-1.0,-1.0,0.0,0.0,-1.0,-0.7,-0.7,-1.0,
Ganju Shiba,-1.0,1.0,-1.0,-1.0,-1.0,-1.0,-1.0,1.0,1.0,-1.0,-1.0,-1.0,-1.0,-1.0,-1.0,1.0,1.0,-1.0,-1.0,-1.0,-1.0,-1.0,-1.0,-1.0,-1.0,-1.0,-1.0,-1.0,-1.0,-1.0,-1.0,-1.0,-1.0,-1.0,-1.0,1.0,-1.0,-1.0,-1.0,-1.0,-1.0,-1.0,-1.0,-1.0,-1.0,-1.0,-1.0,-1.0,-1.0,-1.0,-1.0,-1.0,-1.0,-1.0,-1.0,-1.0,-1.0,-1.0,-1.0,-1.0,-1.0,-1.0,-1.0,-1.0,-1.0,-1.0,-1.0,-1.0,-1.0,-1.0,-1.0,-1.0,-1.0,-1.0,-1.0,-1.0,-1.0,-1.0,-1.0,-1.0,-1.0,-1.0,-1.0,-1.0,-1.0,-1.0,-1.0,-1.0,-1.0,-1.0,-1.0,-1.0,-1.0,
Ganju Shiba,-0.7,0.7,-1.0,-1.0,-0.7,-1.0,-1.0,0.7,0.7,-1.0,0.0,-0.7,-1.0,-0.7,-0.7,1.0,0.7,-0.7,-0.7,-0.7,-0.7,-1.0,-0.7,-0.7,-0.7,-0.7,-0.7,0.0,-1.0,-1.0,-1.0,-1.0,-0.7,-1.0,-1.0,1.0,-0.7,0.0,-0.7,-1.0,-0.7,-1.0,-1.0,0.0,-0.7,-1.0,-0.7,-1.0,-1.0,-0.7,-1.0,0.0,-0.7,0.0,-0.7,-0.7,-0.7,-1.0,-0.7,-1.0,-1.0,-0.7,-0.7,0.0,-1.0,-0.7,0.0,-1.0,-1.0,-1.0,0.0,-1.0,-1.0,-0.7,0.0,0.0,-0.7,0.0,-1.0,-1.0,0.0,-0.7,-1.0,-0.7,-0.7,0.0,0.0,-0.7,0.0,-0.7,-0.7,-0.7,-0.7,
Ganju Shiba,-1.0,1.0,-0.7,-1.0,-1.0,-1.0,-1.0,0.7,1.0,-1.0,-0.7,0.0,-1.0,-1.0,0.0,1.0,0.0,-1.0,-1.0,-1.0,-1.0,0.0,0.0,0.0,0.0,0.0,-0.7,0.0,-1.0,-1.0,-0.7,0.0,-0.7,0.0,-0.7,0.7,0.0,-1.0,0.0,-0.7,-0.7,0.0,-0.7,-0.7,-0.7,-1.0,-0.7,-1.0,0.0,-1.0,-0.7,0.0,0.0,-0.7,-0.7,-1.0,-1.0,-1.0,-0.7,-1.0,-0.7,-1.0,-0.7,-0.7,0.0,-1.0,-1.0,-1.0,-1.0,-0.7,-1.0,-1.0,0.0,-0.7,-1.0,-1.0,-1.0,-0.7,-0.7,-0.7,-1.0,-0.7,-0.7,-0.7,0.0,-1.0,-1.0,0.0,-1.0,-1.0,-0.7,-0.7,0.0,
Kukaku Shiba,1.0,1.0,-1.0,-1.0,-1.0,-1.0,-1.0,1.0,1.0,-1.0,-1.0,-1.0,-1.0,-1.0,1.0,1.0,1.0,-1.0,-1.0,1.0,-1.0,-1.0,-1.0,-1.0,-1.0,-1.0,-1.0,-1.0,-1.0,-1.0,-1.0,-1.0,-1.0,-1.0,-1.0,1.0,-1.0,-1.0,-1.0,-1.0,-1.0,-1.0,-1.0,-1.0,-1.0,-1.0,-1.0,-1.0,-1.0,-1.0,-1.0,-1.0,-1.0,-1.0,-1.0,-1.0,-1.0,-1.0,-1.0,-1.0,-1.0,-1.0,-1.0,-1.0,-1.0,-1.0,-1.0,-1.0,-1.0,-1.0,-1.0,-1.0,-1.0,-1.0,-1.0,-1.0,-1.0,-1.0,-1.0,-1.0,-1.0,-1.0,-1.0,-1.0,-1.0,-1.0,-1.0,-1.0,-1.0,-1.0,-1.0,-1.0,-1.0,
Kukaku Shiba,1.0,1.0,-1.0,-0.7,-1.0,-0.7,-1.0,1.0,0.7,0.0,0.0,0.0,-0.7,-1.0,1.0,0.7,1.0,-1.0,-1.0,0.7,-1.0,-1.0,-0.7,-1.0,-0.7,-0.7,-1.0,-0.7,-1.0,-0.7,-0.7,0.0,-0.7,-1.0,-0.7,1.0,-0.7,-1.0,-0.7,-1.0,-0.7,-0.7,-1.0,0.0,-0.7,-1.0,-1.0,-0.7,-1.0,0.0,-1.0,-1.0,0.0,0.0,-1.0,-0.7,-1.0,-0.7,0.0,-1.0,-1.0,-1.0,-1.0,-1.0,0.0,-1.0,-0.7,-0.7,-0.7,-0.7,-1.0,-0.7,-1.0,-0.7,-1.0,-0.7,-0.7,-0.7,-1.0,-1.0,0.0,-1.0,-1.0,-0.7,0.0,-1.0,-0.7,-0.7,-1.0,-0.7,0.0,0.0,-1.0,
Kukaku Shiba,0.7,0.7,-1.0,-0.7,-1.0,-1.0,-1.0,1.0,0.7,-1.0,-0.7,-1.0,-0.7,0.0,1.0,0.7,0.7,-0.7,-1.0,0.7,-1.0,-1.0,-0.7,-1.0,-0.7,-0.7,-0.7,-1.0,0.0,-0.7,-1.0,-1.0,-0.7,0.0,-0.7,0.7,-1.0,-1.0,-1.0,-0.7,-1.0,-1.0,-1.0,0.0,-0.7,-1.0,0.0,-1.0,-1.0,-1.0,-1.0,-1.0,-0.7,-0.7,-0.7,-0.7,-0.7,-1.0,-0.7,-0.7,0.0,-1.0,-1.0,-0.7,-0.7,-1.0,-0.7,-1.0,0.0,-1.0,-1.0,-1.0,-0.7,-1.0,-0.7,0.0,-1.0,-0.7,-1.0,-1.0,-1.0,-1.0,-0.7,-1.0,0.0,-0.7,-0.7,0.0,0.0,-0.7,-0.7,-1.0,-0.7,
Yuichi Shibata,-1.0,-1.0,-1.0,-1.0,-1.0,1.0,-1.0,-1.0,-1.0,-1.0,-1.0,-1.0,-1.0,-1.0,-1.0,-1.0,1.0,-1.0,-1.0,-1.0,-1.0,-1.0,-1.0,-1.0,-1.0,-1.0,-1.0,-1.0,-1.0,-1.0,-1.0,-1.0,-1.0,-1.0,-1.0,-1.0,-1.0,-1.0,-1.0,-1.0,-1.0,-1.0,-1.0,-1.0,-1.0,-1.0,-1.0,-1.0,-1.0,-1.0,-1.0,-1.0,-1.0,-1.0,-1.0,-1.0,-1.0,-1.0,-1.0,-1.0,-1.0,-1.0,-1.0,-1.0,-1.0,-1.0,-1.0,-1.0,-1.0,-1.0,-1.0,-1.0,-1.0,-1.0,-1.0,-1.0,-1.0,-1.0,-1.0,-1.0,-1.0,-1.0,-1.0,-1.0,-1.0,-1.0,-1.0,-1.0,-1.0,-1.0,-1.0,-1.0,-1.0,
Yuichi Shibata,-0.7,0.0,-1.0,-1.0,-1.0,0.0,-1.0,-0.7,-0.7,-1.0,-0.7,-0.7,-1.0,-0.7,0.0,0.0,0.7,-0.7,-1.0,0.0,-1.0,-0.7,-1.0,-1.0,-1.0,-0.7,-0.7,-0.7,-1.0,0.0,-1.0,-1.0,-0.7,0.0,-1.0,-0.7,-0.7,0.0,-1.0,-0.7,-1.0,-1.0,-1.0,0.0,-1.0,0.0,-1.0,0.0,-0.7,-1.0,-0.7,-1.0,-1.0,-0.7,-0.7,-0.7,-0.7,-1.0,0.0,0.0,-1.0,-1.0,-0.7,-0.7,-1.0,-1.0,-0.7,-0.7,-1.0,0.0,-0.7,-1.0,-0.7,-1.0,-0.7,-1.0,-1.0,-1.0,-1.0,-0.7,-0.7,-1.0,-1.0,-0.7,-1.0,-1.0,-0.7,0.0,0.0,-0.7,-1.0,-0.7,-1.0,
Yuichi Shibata,-1.0,-0.7,-0.7,-1.0,-1.0,0.7,0.0,-0.7,-0.7,0.0,-0.7,-0.7,-1.0,-1.0,-0.7,-1.0,1.0,-0.7,-1.0,0.0,-1.0,-0.7,-0.7,-0.7,-1.0,-0.7,0.0,0.0,-0.7,-0.7,-1.0,0.0,0.0,-0.7,-0.7,-0.7,-1.0,0.0,-0.7,-0.7,-0.7,0.0,-0.7,-1.0,-0.7,0.0,-0.7,0.0,0.0,-0.7,-1.0,-1.0,-0.7,-0.7,-0.7,-0.7,-1.0,-0.7,-0.7,-1.0,-0.7,0.0,-1.0,-1.0,-1.0,-1.0,-0.7,-1.0,0.0,-1.0,-0.7,-1.0,0.0,-0.7,0.0,-0.7,-0.7,0.0,-1.0,-0.7,-1.0,-0.7,0.0,0.0,-1.0,-1.0,-1.0,-1.0,-1.0,-1.0,0.0,-0.7,-0.7,
Yushiro Shihoin,-1.0,1.0,-1.0,-1.0,-1.0,1.0,-1.0,1.0,-1.0,-1.0,-1.0,-1.0,1.0,-1.0,1.0,1.0,-1.0,-1.0,-1.0,-1.0,-1.0,-1.0,-1.0,-1.0,-1.0,-1.0,-1.0,-1.0,-1.0,-1.0,-1.0,-1.0,1.0,-1.0,-1.0,1.0,-1.0,-1.0,-1.0,-1.0,-1.0,-1.0,-1.0,-1.0,-1.0,-1.0,-1.0,-1.0,-1.0,-1.0,-1.0,-1.0,-1.0,-1.0,-1.0,-1.0,-1.0,-1.0,-1.0,-1.0,-1.0,-1.0,-1.0,-1.0,-1.0,-1.0,-1.0,-1.0,-1.0,-1.0,-1.0,-1.0,-1.0,-1.0,-1.0,-1.0,-1.0,-1.0,-1.0,-1.0,-1.0,-1.0,-1.0,-1.0,-1.0,-1.0,-1.0,-1.0,-1.0,-1.0,-1.0,-1.0,-1.0,
Yushiro Shihoin,-0.7,0.7,0.0,-0.7,-1.0,0.7,0.0,1.0,-0.7,-1.0,-1.0,0.0,1.0,-1.0,1.0,0.0,-1.0,0.0,-1.0,0.0,0.0,-1.0,-1.0,-1.0,-0.7,-1.0,-1.0,-1.0,-1.0,-1.0,0.0,0.0,0.7,-0.7,-0.7,0.7,-0.7,-0.7,-0.7,-0.7,-1.0,-1.0,-1.0,-0.7,-1.0,-0.7,-0.7,0.0,-1.0,-0.7,-0.7,-1.0,-0.7,0.0,-1.0,0.0,0.0,-0.7,-0.7,-0.7,-0.7,0.0,-1.0,-1.0,-1.0,-0.7,-1.0,0.0,-0.7,0.0,-1.0,-1.0,-1.0,-1.0,-0.7,0.0,-1.0,-0.7,-0.7,-1.0,-0.7,-1.0,0.0,-0.7,-1.0,-0.7,-1.0,-0.7,0.0,0.0,-1.0,-1.0,-0.7,
Yushiro Shihoin,0.0,0.0,-1.0,-0.7,0.0,1.0,0.0,1.0,-1.0,-1.0,-0.7,0.0,0.7,-1.0,1.0,0.7,-0.7,-0.7,-1.0,-0.7,0.0,-0.7,-0.7,0.0,-0.7,-0.7,-0.7,-1.0,-0.7,0.0,-1.0,0.0,0.7,-0.7,-0.7,0.7,0.0,-0.7,0.0,-0.7,-0.7,0.0,-1.0,-0.7,-1.0,0.0,-0.7,0.0,0.0,-1.0,-1.0,-0.7,-0.7,-1.0,-1.0,-0.7,-1.0,0.0,0.0,-0.7,-1.0,-1.0,-0.7,0.0,-1.0,-1.0,-1.0,-0.7,-0.7,-1.0,-0.7,-0.7,-0.7,-0.7,0.0,-0.7,-0.7,0.0,0.0,-1.0,-1.0,0.0,-1.0,0.0,-1.0,0.0,-0.7,-0.7,-1.0,0.0,-1.0,-1.0,-1.0,
Ayon,-1.0,-1.0,-1.0,-1.0,-1.0,-1.0,1.0,-1.0,-1.0,1.0,-1.0,-1.0,1.0,-1.0,-1.0,-1.0,-1.0,1.0,1.0,-1.0,-1.0,-1.0,-1.0,-1.0,1.0,-1.0,-1.0,-1.0,-1.0,-1.0,-1.0,-1.0,-1.0,-1.0,-1.0,-1.0,-1.0,1.0,-1.0,-1.0,-1.0,-1.0,-1.0,-1.0,-1.0,-1.0,-1.0,-1.0,-1.0,-1.0,-1.0,-1.0,-1.0,-1.0,-1.0,-1.0,-1.0,-1.0,-1.0,-1.0,-1.0,-1.0,-1.0,-1.0,-1.0,-1.0,-1.0,-1.0,-1.0,-1.0,-1.0,-1.0,-1.0,-1.0,-1.0,-1.0,-1.0,-1.0,-1.0,-1.0,-1.0,-1.0,-1.0,-1.0,-1.0,-1.0,-1.0,-1.0,-1.0,-1.0,-1.0,-1.0,-1.0,
Ayon,0.0,-0.7,-0.7,-0.7,0.0,-0.7,0.7,-0.7,-0.7,1.0,-1.0,-1.0,1.0,-0.7,-0.7,0.0,-1.0,0.7,0.7,-1.0,-0.7,0.0,-1.0,-0.7,1.0,-1.0,-0.7,0.0,-0.7,-0.7,0.0,-1.0,-0.7,-0.7,0.0,-0.7,0.0,1.0,-0.7,-0.7,-0.7,-0.7,-1.0,-1.0,-1.0,0.0,0.0,-1.0,0.0,-1.0,-0.7,-1.0,0.0,-0.7,-1.0,-0.7,-1.0,-1.0,-1.0,-1.0,0.0,-0.7,-1.0,-1.0,-1.0,-1.0,-0.7,-1.0,-0.7,-0.7,-1.0,0.0,-1.0,-1.0,-1.0,-1.0,-1.0,-1.0,0.0,-0.7,-0.7,-0.7,-0.7,-1.0,-1.0,-1.0,-0.7,-1.0,-1.0,-1.0,-1.0,-1.0,-1.0,
Ayon,-1.0,-1.0,-1.0,-1.0,-1.0,-0.7,1.0,-1.0,-1.0,1.0,-1.0,0.0,0.0,-1.0,-0.7,-1.0,-1.0,0.7,1.0,-0.7,-0.7,-0.7,0.0,-0.7,0.7,-1.0,-1.0,-0.7,0.0,-0.7,0.0,-1.0,-1.0,-1.0,-0.7,-0.7,-1.0,0.0,-0.7,-0.7,-0.7,-1.0,-0.7,-1.0,-1.0,-0.7,0.0,-0.7,-0.7,-0.7,-1.0,0.0,-0.7,-1.0,-1.0,-1.0,-1.0,-1.0,-1.0,-0.7,-0.7,-0.7,-1.0,-0.7,-1.0,-0.7,-1.0,-0.7,-1.0,-0.7,0.0,-0.7,-1.0,-1.0,0.0,-0.7,0.0,-1.0,0.0,0.0,-0.7,-1.0,-0.7,0.0,0.0,-1.0,-1.0,0.0,-0.7,0.0,0.0,0.0,-1.0,
Bawabawa,-1.0,-1.0,-1.0,-1.0,-1.0,-1.0,1.0,-1.0,-1.0,1.0,-1.0,-1.0,-1.0,-1.0,-1.0,-1.0,-1.0,-1.0,-1.0,-1.0,-1.0,-1.0,-1.0,-1.0,1.0,-1.0,-1.0,-1.0,-1.0,-1.0,-1.0,-1.0,-1.0,-1.0,-1.0,-1.0,-1.0,1.0,-1.0,-1.0,-1.0,-1.0,-1.0,-1.0,-1.0,-1.0,-1.0,-1.0,-1.0,-1.0,-1.0,-1.0,-1.0,-1.0,-1.0,-1.0,-1.0,-1.0,-1.0,-1.0,-1.0,-1.0,-1.0,-1.0,-1.0,-1.0,-1.0,-1.0,-1.0,-1.0,-1.0,-1.0,-1.0,-1.0,-1.0,-1.0,-1.0,-1.0,-1.0,-1.0,-1.0,-1.0,-1.0,-1.0,-1.0,-1.0,-1.0,-1.0,-1.0,-1.0,-1.0,-1.0,-1.0,
Bawabawa,-1.0,-1.0,0.0,-0.7,-1.0,-1.0,1.0,0.0,-0.7,0.7,-1.0,0.0,-1.0,-0.7,-1.0,-1.0,-1.0,-0.7,-0.7,-1.0,-1.0,0.0,-1.0,-1.0,0.7,0.0,-1.0,0.0,-1.0,-1.0,-1.0,-0.7,-1.0,-0.7,-1.0,-1.0,0.0,0.7,-1.0,-0.7,-0.7,-1.0,-0.7,-1.0,-0.7,-0.7,-1.0,-1.0,-1.0,0.0,-0.7,-1.0,-0.7,-1.0,-0.7,-0.7,0.0,-1.0,-0.7,-0.7,0.0,-0.7,-0.7,-1.0,-0.7,0.0,0.0,-0.7,-1.0,0.0,-1.0,-1.0,-0.7,-1.0,0.0,-0.7,-0.7,-0.7,-0.7,-0.7,-1.0,-0.7,-1.0,-1.0,-0.7,-1.0,0.0,-0.7,0.0,-1.0,0.0,-1.0,-1.0,
Bawabawa,-1.0,-0.7,-1.0,-0.7,-1.0,-1.0,0.7,-1.0,-0.7,0.7,0.0,-1.0,0.0,-0.7,0.0,-1.0,-0.7,0.0,-1.0,-0.7,0.0,-0.7,-1.0,-0.7,1.0,0.0,-1.0,-1.0,-1.0,-0.7,0.0,-1.0,-1.0,-1.0,0.0,-0.7,-1.0,0.7,-1.0,-0.7,-1.0,0.0,0.0,-0.7,-0.7,-0.7,-1.0,-0.7,-0.7,0.0,-1.0,-0.7,-0.7,-1.0,-0.7,0.0,0.0,-0.7,-1.0,0.0,-0.7,-1.0,-1.0,-1.0,-1.0,-0.7,-1.0,-1.0,-1.0,-0.7,-1.0,-1.0,-1.0,-0.7,-1.0,-0.7,-1.0,-1.0,-1.0,-1.0,-1.0,-1.0,-1.0,-0.7,-1.0,0.0,0.0,-0.7,-1.0,0.0,-1.0,-1.0,-1.0,
Bulbous G,-1.0,-1.0,-1.0,-1.0,-1.0,-1.0,1.0,-1.0,-1.0,1.0,-1.0,-1.0,-1.0,-1.0,-1.0,-1.0,1.0,1.0,-1.0,-1.0,-1.0,-1.0,-1.0,-1.0,1.0,-1.0,-1.0,-1.0,-1.0,-1.0,-1.0,-1.0,-1.0,-1.0,-1.0,-1.0,-1.0,1.0,-1.0,-1.0,-1.0,-1.0,-1.0,-1.0,-1.0,-1.0,-1.0,-1.0,-1.0,-1.0,-1.0,-1.0,-1.0,-1.0,-1.0,-1.0,-1.0,-1.0,-1.0,-1.0,-1.0,-1.0,-1.0,-1.0,-1.0,-1.0,-1.0,-1.0,-1.0,-1.0,-1.0,-1.0,-1.0,-1.0,-1.0,-1.0,-1.0,-1.0,-1.0,-1.0,-1.0,-1.0,-1.0,-1.0,-1.0,-1.0,-1.0,-1.0,-1.0,-1.0,-1.0,-1.0,-1.0,
Bulbous G,0.0,-1.0,0.0,-1.0,0.0,0.0,0.0,-0.7,0.0,0.0,-1.0,-0.7,-0.7,-1.0,-0.7,-1.0,0.7,1.0,-1.0,-1.0,0.0,-1.0,0.0,-0.7,0.7,-1.0,-1.0,-0.7,-1.0,-0.7,0.0,-1.0,-0.7,0.0,0.0,0.0,0.0,1.0,0.0,0.0,-0.7,-1.0,-0.7,-1.0,-1.0,-0.7,-0.7,-0.7,-1.0,-0.7,-1.0,-1.0,-0.7,-1.0,-1.0,-1.0,-0.7,-0.7,-1.0,-1.0,-0.7,0.0,-0.7,0.0,-0.7,-0.7,0.0,-0.7,0.0,-0.7,0.0,-0.7,0.0,-1.0,-0.7,0.0,-1.0,-0.7,0.0,-1.0,-0.7,-0.7,-0.7,-1.0,-1.0,-1.0,-1.0,-1.0,-0.7,-0.7,-0.7,-1.0,-0.7,
Bulbous G,-1.0,0.0,-0.7,0.0,-1.0,-0.7,0.7,0.0,-0.7,0.7,-1.0,-0.7,-1.0,-1.0,-1.0,0.0,1.0,0.0,0.0,0.0,0.0,0.0,-1.0,-1.0,0.7,-0.7,-1.0,-0.7,-0.7,0.0,-0.7,-0.7,-0.7,-0.7,0.0,-1.0,-0.7,0.7,-0.7,-1.0,-1.0,-1.0,-1.0,0.0,-0.7,-1.0,-1.0,-1.0,0.0,-0.7,0.0,-1.0,0.0,-1.0,-1.0,-1.0,-0.7,-1.0,-0.7,0.0,-1.0,-1.0,0.0,-0.7,0.0,-1.0,-1.0,-1.0,0.0,0.0,0.0,-0.7,0.0,-0.7,-0.7,0.0,-1.0,-1.0,-1.0,-0.7,-1.0,-1.0,0.0,-1.0,-1.0,-0.7,0.0,-1.0,-0.7,-1.0,-0.7,-1.0,-1.0,
Cuerno,-1.0,-1.0,-1.0,-1.0,-1.0,-1.0,1.0,-1.0,-1.0,1.0,-1.0,-1.0,-1.0,-1.0,-1.0,-1.0,-1.0,1.0,-1.0,-1.0,-1.0,-1.0,-1.0,-1.0,1.0,-1.0,-1.0,-1.0,-1.0,-1.0,-1.0,-1.0,-1.0,-1.0,-1.0,-1.0,-1.0,1.0,-1.0,-1.0,-1.0,-1.0,-1.0,-1.0,-1.0,-1.0,-1.0,-1.0,-1.0,-1.0,-1.0,-1.0,-1.0,-1.0,-1.0,-1.0,-1.0,-1.0,-1.0,-1.0,-1.0,-1.0,-1.0,-1.0,-1.0,-1.0,-1.0,-1.0,-1.0,-1.0,-1.0,-1.0,-1.0,-1.0,-1.0,-1.0,-1.0,-1.0,-1.0,-1.0,-1.0,-1.0,-1.0,-1.0,-1.0,-1.0,-1.0,-1.0,-1.0,-1.0,-1.0,-1.0,-1.0,
Cuerno,-0.7,0.0,-0.7,0.0,-0.7,-1.0,1.0,0.0,-0.7,0.0,-1.0,-1.0,-1.0,-1.0,-1.0,-0.7,-0.7,1.0,-1.0,-0.7,-0.7,-0.7,-0.7,0.0,0.7,0.0,-0.7,-1.0,-1.0,-0.7,-0.7,-0.7,-1.0,-0.7,-0.7,-0.7,-0.7,0.0,-0.7,-1.0,0.0,-1.0,-0.7,-1.0,-1.0,-1.0,-1.0,-1.0,-1.0,-0.7,-0.7,0.0,0.0,-0.7,0.0,-0.7,-0.7,-0.7,-1.0,-0.7,-0.7,-1.0,-1.0,-1.0,0.0,0.0,-1.0,-1.0,-1.0,0.0,-1.0,0.0,-0.7,0.0,-0.7,-0.7,-0.7,0.0,0.0,-0.7,-0.7,0.0,0.0,-0.7,-1.0,-1.0,0.0,-1.0,-1.0,-1.0,-0.7,-0.7,-1.0,
Cuerno,-1.0,-0.7,0.0,-1.0,-1.0,-0.7,0.0,-0.7,-0.7,0.0,-1.0,-1.0,-0.7,0.0,-0.7,0.0,-0.7,0.7,-1.0,-1.0,-0.7,-1.0,-1.0,0.0,0.0,-1.0,-0.7,-1.0,-1.0,-0.7,-0.7,-1.0,-1.0,-1.0,0.0,-0.7,-0.7,1.0,-0.7,-0.7,0.0,-1.0,0.0,-0.7,-1.0,-1.0,-0.7,0.0,-0.7,-0.7,-1.0,-1.0,-0.7,-0.7,-0.7,-1.0,-1.0,-1.0,0.0,-0.7,-1.0,-1.0,-1.0,-0.7,-0.7,0.0,-0.7,-1.0,-0.7,-0.7,-1.0,0.0,0.0,-0.7,-0.7,-0.7,-0.7,-1.0,-1.0,-1.0,-0.7,-0.7,-0.7,-0.7,-1.0,-0.7,-0.7,-1.0,-1.0,0.0,-0.7,-1.0,0.0,
The Demi-Hollow,-1.0,-1.0,-1.0,-1.0,-1.0,-1.0,1.0,-1.0,-1.0,1.0,-1.0,-1.0,-1.0,-1.0,-1.0,-1.0,1.0,1.0,-1.0,-1.0,-1.0,-1.0,-1.0,-1.0,1.0,-1.0,-1.0,-1.0,-1.0,-1.0,-1.0,1.0,-1.0,-1.0,-1.0,-1.0,-1.0,1.0,-1.0,-1.0,-1.0,-1.0,-1.0,-1.0,-1.0,-1.0,-1.0,-1.0,-1.0,-1.0,-1.0,-1.0,-1.0,-1.0,-1.0,-1.0,-1.0,-1.0,-1.0,-1.0,-1.0,-1.0,-1.0,-1.0,-1.0,-1.0,-1.0,-1.0,-1.0,-1.0,-1.0,-1.0,-1.0,-1.0,-1.0,-1.0,-1.0,-1.0,-1.0,-1.0,-1.0,-1.0,-1.0,-1.0,-1.0,-1.0,-1.0,-1.0,-1.0,-1.0,-1.0,-1.0,-1.0,
The Demi-Hollow,-0.7,-1.0,-1.0,-1.0,-0.7,-0.7,1.0,-0.7,-1.0,1.0,-0.7,-1.0,-0.7,0.0,-1.0,-1.0,1.0,0.7,-0.7,-0.7,-0.7,-1.0,-1.0,-1.0,0.7,-1.0,-0.7,-0.7,-1.0,-0.7,0.0,1.0,-1.0,-0.7,-0.7,-1.0,0.0,0.7,0.0,-1.0,0.0,-1.0,-1.0,0.0,-1.0,0.0,-0.7,0.0,-0.7,-0.7,-1.0,-0.7,-0.7,-0.7,-1.0,-0.7,-0.7,-1.0,-0.7,0.0,-1.0,-0.7,0.0,-1.0,-0.7,-0.7,-0.7,-0.7,-0.7,-1.0,-0.7,-0.7,-1.0,-1.0,0.0,-0.7,-0.7,0.0,-0.7,0.0,0.0,-0.7,-0.7,-0.7,0.0,-0.7,-1.0,-1.0,-1.0,0.0,0.0,-0.7,-0.7,
The Demi-Hollow,0.0,-1.0,-1.0,-0.7,0.0,-0.7,1.0,-1.0,-0.7,0.0,-0.7,-0.7,-1.0,0.0,-1.0,-1.0,0.0,0.0,-0.7,-0.7,-1.0,-1.0,-1.0,-0.7,1.0,0.0,-1.0,-0.7,-0.7,-0.7,-1.0,0.0,-0.7,-0.7,-0.7,-1.0,-0.7,0.7,0.0,0.0,-1.0,-1.0,-1.0,0.0,-1.0,-0.7,-0.7,-0.7,-1.0,-1.0,-0.7,-1.0,-1.0,-1.0,-0.7,-1.0,-1.0,-1.0,-1.0,-0.7,-1.0,-0.7,-1.0,0.0,-1.0,0.0,0.0,-0.7,0.0,-1.0,-1.0,-1.0,-1.0,-1.0,-0.7,-1.0,-1.0,-1.0,-0.7,0.0,-0.7,-0.7,-1.0,-0.7,-1.0,0.0,-0.7,-1.0,0.0,0.0,-0.7,-1.0,-0.7,
Fishbone D,-1.0,-1.0,-1.0,-1.0,-1.0,-1.0,1.0,-1.0,-1.0,1.0,-1.0,-1.0,-1.0,-1.0,-1.0,-1.0,1.0,1.0,1.0,-1.0,-1.0,-1.0,-1.0,-1.0,1.0,-1.0,-1.0,-1.0,-1.0,-1.0,-1.0,1.0,-1.0,-1.0,-1.0,-1.0,-1.0,1.0,-1.0,-1.0,-1.0,-1.0,-1.0,-1.0,-1.0,-1.0,-1.0,-1.0,-1.0,-1.0,-1.0,-1.0,-1.0,-1.0,-1.0,-1.0,-1.0,-1.0,-1.0,-1.0,-1.0,-1.0,-1.0,-1.0,-1.0,-1.0,-1.0,-1.0,-1.0,-1.0,-1.0,-1.0,-1.0,-1.0,-1.0,-1.0,-1.0,-1.0,-1.0,-1.0,-1.0,-1.0,-1.0,-1.0,-1.0,-1.0,-1.0,-1.0,-1.0,-1.0,-1.0,-1.0,-1.0,
Fishbone D,-1.0,-1.0,-1.0,-0.7,-0.7,-1.0,0.0,-1.0,-1.0,0.7,0.0,0.0,-0.7,-1.0,0.0,0.0,1.0,0.7,0.7,-0.7,0.0,-1.0,-0.7,-1.0,0.7,-0.7,-1.0,-1.0,0.0,-0.7,-0.7,1.0,-0.7,-0.7,0.0,-1.0,-0.7,1.0,-1.0,-0.7,-1.0,-1.0,-0.7,-0.7,-0.7,-0.7,-0.7,-1.0,-1.0,-0.7,-1.0,0.0,-0.7,-1.0,-0.7,0.0,-1.0,-1.0,0.0,-1.0,-1.0,-1.0,-0.7,-0.7,-0.7,0.0,-0.7,0.0,-0.7,-1.0,0.0,-1.0,-0.7,-1.0,-0.7,0.0,-1.0,-1.0,-1.0,-0.7,-1.0,-0.7,-1.0,-1.0,-0.7,-0.7,-1.0,-0.7,0.0,-1.0,-1.0,-0.7,-1.0,
Fishbone D,-1.0,-0.7,-1.0,-1.0,0.0,-1.0,0.0,-1.0,0.0,0.7,-1.0,-0.7,0.0,-1.0,-0.7,-0.7,0.7,0.7,1.0,-1.0,-0.7,0.0,-1.0,-0.7,1.0,-0.7,-0.7,-0.7,0.0,-1.0,-1.0,0.0,-1.0,-0.7,-0.7,-0.7,-1.0,1.0,-0.7,-1.0,-0.7,-0.7,-1.0,-1.0,0.0,-0.7,-0.7,0.0,-0.7,0.0,-1.0,0.0,-1.0,0.0,0.0,-1.0,-0.7,-0.7,-1.0,-0.7,-1.0,0.0,-1.0,-0.7,-1.0,-1.0,-0.7,-0.7,-1.0,0.0,-1.0,-0.7,-0.7,-0.7,-1.0,-0.7,-0.7,-1.0,-1.0,-1.0,-1.0,-1.0,-1.0,-0.7,-1.0,-1.0,-1.0,-0.7,-1.0,-0.7,-0.7,-0.7,-1.0,
Grand Fisher,-1.0,-1.0,-1.0,1.0,-1.0,-1.0,1.0,-1.0,-1.0,1.0,-1.0,-1.0,-1.0,-1.0,-1.0,-1.0,1.0,1.0,1.0,-1.0,-1.0,-1.0,-1.0,-1.0,1.0,-1.0,-1.0,-1.0,-1.0,-1.0,-1.0,1.0,-1.0,-1.0,-1.0,-1.0,-1.0,1.0,-1.0,-1.0,-1.0,-1.0,-1.0,-1.0,-1.0,-1.0,-1.0,-1.0,-1.0,-1.0,-1.0,-1.0,-1.0,-1.0,-1.0,-1.0,-1.0,-1.0,-1.0,-1.0,-1.0,-1.0,-1.0,-1.0,-1.0,-1.0,-1.0,-1.0,-1.0,-1.0,-1.0,-1.0,-1.0,-1.0,-1.0,-1.0,-1.0,-1.0,-1.0,-1.0,-1.0,-1.0,-1.0,-1.0,-1.0,-1.0,-1.0,-1.0,-1.0,-1.0,-1.0,-1.0,-1.0,
Grand Fisher,-0.7,-1.0,0.0,0.7,-0.7,0.0,0.7,-1.0,-1.0,0.7,0.0,0.0,-0.7,-1.0,-0.7,-0.7,0.7,0.7,0.7,0.0,-0.7,-1.0,-1.0,0.0,0.0,-1.0,-0.7,0.0,0.0,-0.7,-1.0,0.7,-1.0,0.0,-1.0,-0.7,-0.7,0.7,-0.7,-1.0,-0.7,-1.0,-1.0,0.0,-0.7,-0.7,-0.7,-0.7,-0.7,-0.7,0.0,-0.7,-0.7,-0.7,-1.0,-0.7,0.0,-1.0,-1.0,-0.7,-1.0,0.0,-1.0,-1.0,0.0,-1.0,-0.7,0.0,-0.7,-0.7,-1.0,-1.0,-1.0,-1.0,-0.7,-1.0,-0.7,-1.0,-0.7,-1.0,-1.0,-0.7,-0.7,0.0,0.0,-0.7,-0.7,-1.0,-1.0,0.0,-1.0,-1.0,-1.0,
Grand Fisher,-1.0,-0.7,-1.0,0.7,-1.0,-0.7,0.7,-1.0,-0.7,1.0,-0.7,-0.7,0.0,-1.0,-1.0,-1.0,1.0,1.0,1.0,-0.7,0.0,-1.0,0.0,0.0,0.0,0.0,-0.7,-0.7,-0.7,-0.7,0.0,1.0,-1.0,-0.7,-0.7,0.0,-1.0,0.7,-1.0,0.0,-1.0,0.0,-1.0,-1.0,-1.0,-1.0,-0.7,-1.0,-0.7,-1.0,0.0,-1.0,-1.0,-0.7,0.0,0.0,0.0,-1.0,0.0,-0.7,0.0,-1.0,0.0,-0.7,-0.7,-0.7,-0.7,-0.7,-1.0,-0.7,-0.7,-0.7,-1.0,0.0,-0.7,-1.0,-0.7,-1.0,-1.0,-0.7,-0.7,-1.0,-1.0,0.0,-1.0,-1.0,0.0,-1.0,-0.7,-1.0,-0.7,-1.0,0.0,
Hooleer,-1.0,-1.0,-1.0,-1.0,-1.0,-1.0,1.0,-1.0,1.0,-1.0,-1.0,-1.0,1.0,-1.0,-1.0,-1.0,-1.0,1.0,-1.0,-1.0,-1.0,-1.0,-1.0,-1.0,1.0,-1.0,-1.0,-1.0,-1.0,-1.0,-1.0,1.0,-1.0,-1.0,-1.0,-1.0,-1.0,1.0,-1.0,-1.0,-1.0,-1.0,-1.0,-1.0,-1.0,-1.0,-1.0,-1.0,-1.0,-1.0,-1.0,-1.0,-1.0,-1.0,-1.0,-1.0,-1.0,-1.0,-1.0,-1.0,-1.0,-1.0,-1.0,-1.0,-1.0,-1.0,-1.0,-1.0,-1.0,-1.0,-1.0,-1.0,-1.0,-1.0,-1.0,-1.0,-1.0,-1.0,-1.0,-1.0,-1.0,-1.0,-1.0,-1.0,-1.0,-1.0,-1.0,-1.0,-1.0,-1.0,-1.0,-1.0,-1.0,
Hooleer,-0.7,-0.7,0.0,0.0,-1.0,0.0,1.0,-0.7,1.0,-0.7,-1.0,-0.7,0.7,-1.0,-0.7,0.0,-0.7,0.7,0.0,-0.7,-1.0,-0.7,-1.0,-0.7,0.0,-1.0,-0.7,-0.7,-1.0,-0.7,-0.7,1.0,0.0,-1.0,0.0,-1.0,-0.7,1.0,-1.0,0.0,-0.7,0.0,-0.7,0.0,0.0,-0.7,-0.7,0.0,-1.0,0.0,-0.7,-0.7,-1.0,-0.7,-1.0,0.0,-0.7,-1.0,0.0,-0.7,0.0,-1.0,-0.7,-0.7,-0.7,-1.0,-1.0,0.0,-0.7,0.0,-1.0,0.0,-0.7,-0.7,-1.0,0.0,-0.7,-0.7,-1.0,-0.7,0.0,-1.0,-0.7,-1.0,0.0,0.0,-1.0,-1.0,-0.7,-1.0,-0.7,-1.0,-0.7,
Hooleer,-1.0,-1.0,-1.0,-0.7,-0.7,-1.0,0.7,0.0,1.0,0.0,-0.7,-1.0,1.0,-0.7,-0.7,-1.0,0.0,0.7,-1.0,-1.0,-1.0,-0.7,-0.7,-0.7,0.7,-1.0,-0.7,-1.0,-1.0,-0.7,-1.0,0.0,0.0,-0.7,-1.0,-1.0,-1.0,0.7,0.0,-0.7,-0.7,-0.7,0.0,-1.0,0.0,-0.7,-1.0,0.0,0.0,-0.7,0.0,-1.0,-0.7,-1.0,-0.7,-0.7,-1.0,-0.7,-1.0,-1.0,-1.0,-0.7,-1.0,-1.0,-1.0,-1.0,-0.7,0.0,-1.0,-0.7,-1.0,-1.0,-1.0,0.0,-0.7,-0.7,-0.7,-1.0,0.0,-1.0,-1.0,-1.0,-1.0,-1.0,-0.7,-1.0,-0.7,-1.0,0.0,-1.0,-0.7,-0.7,-1.0,
Hexapodus,-1.0,-1.0,-1.0,-1.0,-1.0,-1.0,1.0,-1.0,-1.0,1.0,-1.0,-1.0,-1.0,-1.0,-1.0,-1.0,1.0,1.0,-1.0,-1.0,-1.0,-1.0,-1.0,-1.0,1.0,-1.0,-1.0,-1.0,-1.0,-1.0,-1.0,1.0,-1.0,-1.0,-1.0,-1.0,-1.0,1.0,-1.0,-1.0,-1.0,-1.0,-1.0,-1.0,-1.0,-1.0,-1.0,-1.0,-1.0,-1.0,-1.0,-1.0,-1.0,-1.0,-1.0,-1.0,-1.0,-1.0,-1.0,-1.0,-1.0,-1.0,-1.0,-1.0,-1.0,-1.0,-1.0,-1.0,-1.0,-1.0,-1.0,-1.0,-1.0,-1.0,-1.0,-1.0,-1.0,-1.0,-1.0,-1.0,-1.0,-1.0,-1.0,-1.0,-1.0,-1.0,-1.0,-1.0,-1.0,-1.0,-1.0,-1.0,-1.0,
Hexapodus,-1.0,-1.0,-1.0,-1.0,-0.7,-0.7,0.7,-1.0,0.0,1.0,-1.0,-1.0,-1.0,-0.7,-0.7,-0.7,0.7,0.0,-0.7,-0.7,-1.0,-1.0,-0.7,-1.0,0.7,-1.0,0.0,0.0,-1.0,0.0,0.0,0.0,-1.0,-0.7,-1.0,-0.7,-0.7,0.7,-1.0,0.0,-0.7,-1.0,-0.7,0.0,0.0,-0.7,-1.0,-1.0,-1.0,-1.0,-1.0,-1.0,-1.0,0.0,-0.7,-0.7,-1.0,-0.7,-1.0,-0.7,-0.7,-0.7,0.0,0.0,-0.7,-1.0,0.0,-0.7,-0.7,-0.7,-1.0,-1.0,-1.0,-1.0,-0.7,-1.0,0.0,-0.7,-1.0,-1.0,-0.7,-1.0,-0.7,0.0,-0.7,-1.0,-0.7,-1.0,-1.0,-0.7,0.0,-1.0,0.0,
Hexapodus,-1.0,-1.0,-0.7,-1.0,-1.0,-1.0,1.0,-1.0,-0.7,0.7,0.0,-0.7,-0.7,-0.7,0.0,-1.0,1.0,0.7,-1.0,0.0,-0.7,-1.0,-0.7,-1.0,0.0,0.0,-0.7,-1.0,-1.0,-0.7,0.0,1.0,-1.0,-1.0,-0.7,0.0,-1.0,1.0,-0.7,0.0,0.0,-0.7,-1.0,-1.0,0.0,0.0,-0.7,-0.7,0.0,-0.7,-1.0,-0.7,0.0,-0.7,0.0,-0.7,-1.0,-1.0,0.0,-0.7,-1.0,0.0,-0.7,0.0,-0.7,-1.0,-0.7,0.0,-1.0,0.0,-1.0,-1.0,-1.0,0.0,-0.7,-0.7,0.0,-1.0,-1.0,-1.0,-0.7,-0.7,0.0,-0.7,-1.0,0.0,-1.0,0.0,-1.0,-1.0,-0.7,-1.0,-1.0,
The Menos Grande,-1.0,-1.0,1.0,-1.0,-1.0,-1.0,1.0,-1.0,1.0,-1.0,-1.0,-1.0,1.0,-1.0,-1.0,-1.0,1.0,1.0,-1.0,-1.0,-1.0,-1.0,-1.0,-1.0,1.0,-1.0,-1.0,-1.0,-1.0,-1.0,-1.0,1.0,-1.0,-1.0,-1.0,-1.0,-1.0,1.0,-1.0,-1.0,-1.0,-1.0,-1.0,-1.0,-1.0,-1.0,-1.0,-1.0,-1.0,-1.0,-1.0,-1.0,-1.0,-1.0,-1.0,-1.0,-1.0,-1.0,-1.0,-1.0,-1.0,-1.0,-1.0,-1.0,-1.0,-1.0,-1.0,-1.0,-1.0,-1.0,-1.0,-1.0,-1.0,-1.0,-1.0,-1.0,-1.0,-1.0,-1.0,-1.0,-1.0,-1.0,-1.0,-1.0,-1.0,-1.0,-1.0,-1.0,-1.0,-1.0,-1.0,-1.0,-1.0,
The Menos Grande,-0.7,-1.0,1.0,-1.0,-0.7,-1.0,1.0,-0.7,0.7,-0.7,-1.0,-1.0,0.7,0.0,-0.7,-1.0,1.0,0.0,-0.7,-1.0,-1.0,0.0,-1.0,-0.7,0.7,-1.0,-1.0,-1.0,0.0,-0.7,0.0,0.7,0.0,0.0,-0.7,-1.0,-0.7,0.7,-0.7,0.0,-1.0,-1.0,-0.7,-1.0,-0.7,0.0,-0.7,0.0,-0.7,-0.7,-0.7,-1.0,-0.7,-1.0,0.0,-1.0,-1.0,-0.7,-0.7,-1.0,-1.0,0.0,-0.7,-1.0,-0.7,-1.0,-1.0,0.0,-1.0,-1.0,0.0,-0.7,-1.0,-0.7,0.0,-1.0,-0.7,-0.7,-0.7,-0.7,-0.7,-1.0,0.0,-1.0,-0.7,-0.7,-0.7,-0.7,-0.7,-1.0,-0.7,0.0,0.0,
The Menos Grande,-0.7,-1.0,1.0,-1.0,-0.7,-1.0,0.0,0.0,1.0,-0.7,-0.7,-1.0,0.7,-0.7,-1.0,-0.7,0.0,1.0,-0.7,-1.0,0.0,0.0,-1.0,0.0,1.0,-1.0,-0.7,-1.0,-0.7,-0.7,-1.0,1.0,-0.7,-1.0,-1.0,-1.0,0.0,0.0,-1.0,-1.0,-0.7,0.0,-1.0,0.0,-0.7,0.0,-1.0,0.0,-0.7,0.0,-0.7,-0.7,0.0,-0.7,-0.7,-0.7,-0.7,0.0,-1.0,-0.7,0.0,-0.7,0.0,0.0,-0.7,-0.7,0.0,0.0,0.0,-1.0,-1.0,-0.7,-0.7,-1.0,-1.0,-1.0,-0.7,0.0,0.0,-1.0,-1.0,-0.7,-1.0,-0.7,-1.0,-1.0,-0.7,-1.0,-1.0,-0.7,-1.0,-0.7,-1.0,
Metastacia,-1.0,-1.0,-1.0,-1.0,-1.0,-1.0,1.0,-1.0,-1.0,1.0,-1.0,-1.0,-1.0,-1.0,-1.0,-1.0,1.0,1.0,-1.0,-1.0,-1.0,-1.0,-1.0,-1.0,1.0,-1.0,-1.0,-1.0,-1.0,-1.0,-1.0,1.0,-1.0,-1.0,-1.0,-1.0,-1.0,1.0,-1.0,-1.0,-1.0,-1.0,-1.0,-1.0,-1.0,-1.0,-1.0,-1.0,-1.0,-1.0,-1.0,-1.0,-1.0,-1.0,-1.0,-1.0,-1.0,-1.0,-1.0,-1.0,-1.0,-1.0,-1.0,-1.0,-1.0,-1.0,-1.0,-1.0,-1.0,-1.0,-1.0,-1.0,-1.0,-1.0,-1.0,-1.0,-1.0,-1.0,-1.0,-1.0,-1.0,-1.0,-1.0,-1.0,-1.0,-1.0,-1.0,-1.0,-1.0,-1.0,-1.0,-1.0,-1.0,
Metastacia,-0.7,0.0,-0.7,-0.7,0.0,-1.0,1.0,-1.0,-0.7,0.7,-1.0,0.0,-1.0,0.0,0.0,0.0,0.0,1.0,-0.7,-1.0,0.0,-1.0,-1.0,0.0,1.0,-1.0,-0.7,-0.7,-0.7,-0.7,0.0,1.0,-0.7,-0.7,-0.7,-0.7,-1.0,1.0,-1.0,-1.0,-1.0,-0.7,-1.0,-0.7,0.0,-1.0,-0.7,0.0,-0.7,0.0,-1.0,0.0,-0.7,-1.0,0.0,0.0,-1.0,0.0,-1.0,-0.7,-1.0,-1.0,-0.7,-1.0,-1.0,-0.7,-1.0,-0.7,-1.0,0.0,-1.0,-1.0,-1.0,-0.7,-1.0,-0.7,-1.0,0.0,-1.0,0.0,-1.0,-1.0,-1.0,-1.0,-0.7,0.0,-1.0,-0.7,-1.0,-1.0,-1.0,0.0,-1.0,
Metastacia,-0.7,-1.0,-1.0,-0.7,-1.0,-1.0,1.0,-1.0,0.0,1.0,-0.7,-1.0,0.0,-0.7,-1.0,0.0,1.0,0.7,-0.7,-1.0,0.0,0.0,0.0,0.0,0.7,-1.0,-0.7,-1.0,-1.0,-0.7,0.0,1.0,0.0,-0.7,-1.0,0.0,0.0,1.0,-1.0,-1.0,0.0,-1.0,-1.0,-0.7,-0.7,-1.0,0.0,0.0,0.0,-1.0,0.0,-0.7,-1.0,-0.7,-1.0,-0.7,-0.7,-0.7,-1.0,-0.7,-1.0,0.0,-0.7,-1.0,-1.0,-0.7,-0.7,-0.7,-1.0,-0.7,-1.0,-0.7,0.0,-0.7,-1.0,0.0,-1.0,-0.7,-0.7,-1.0,-1.0,-1.0,0.0,0.0,-0.7,-1.0,0.0,-0.7,-0.7,-0.7,-1.0,-0.7,-0.7,
Numb Chandelier,-1.0,-1.0,-1.0,-1.0,-1.0,-1.0,1.0,-1.0,1.0,-1.0,-1.0,-1.0,-1.0,-1.0,-1.0,-1.0,1.0,1.0,-1.0,-1.0,-1.0,-1.0,-1.0,-1.0,1.0,-1.0,-1.0,-1.0,-1.0,-1.0,-1.0,1.0,-1.0,-1.0,-1.0,-1.0,-1.0,-1.0,-1.0,-1.0,-1.0,-1.0,-1.0,-1.0,-1.0,-1.0,-1.0,-1.0,-1.0,-1.0,-1.0,-1.0,-1.0,-1.0,-1.0,-1.0,-1.0,-1.0,-1.0,-1.0,-1.0,-1.0,-1.0,-1.0,-1.0,-1.0,-1.0,-1.0,-1.0,-1.0,-1.0,-1.0,-1.0,-1.0,-1.0,-1.0,-1.0,-1.0,-1.0,-1.0,-1.0,-1.0,-1.0,-1.0,-1.0,-1.0,-1.0,-1.0,-1.0,-1.0,-1.0,-1.0,-1.0,
Numb Chandelier,-0.7,0.0,-1.0,-0.7,-1.0,-0.7,1.0,-1.0,0.0,-1.0,-0.7,0.0,-0.7,-1.0,-1.0,0.0,1.0,0.7,-0.7,-0.7,-0.7,-1.0,-0.7,-0.7,1.0,-1.0,-0.7,-0.7,-0.7,-0.7,-0.7,0.0,-0.7,-1.0,-1.0,-0.7,0.0,-1.0,-0.7,-1.0,-1.0,-0.7,-1.0,-0.7,0.0,0.0,-1.0,-0.7,0.0,-1.0,-0.7,0.0,-1.0,0.0,-0.7,-1.0,-0.7,-1.0,-1.0,-0.7,-0.7,-0.7,-1.0,0.0,-0.7,0.0,0.0,-1.0,-1.0,0.0,-0.7,-1.0,-0.7,-1.0,-1.0,-0.7,-1.0,0.0,0.0,-0.7,-1.0,-1.0,-1.0,-0.7,-1.0,-0.7,-0.7,0.0,0.0,-0.7,-0.7,-1.0,-1.0,
Numb Chandelier,0.0,-0.7,-1.0,-0.7,0.0,-1.0,1.0,0.0,0.7,-0.7,-1.0,0.0,0.0,-0.7,-1.0,-0.7,1.0,1.0,-1.0,-1.0,0.0,-1.0,-0.7,-1.0,0.7,-1.0,-0.7,-0.7,0.0,-0.7,-1.0,1.0,-0.7,-1.0,-0.7,0.0,0.0,0.0,0.0,-0.7,-0.7,-1.0,0.0,-1.0,-0.7,-1.0,-1.0,-0.7,-1.0,-0.7,-0.7,-0.7,-1.0,-0.7,0.0,-1.0,-0.7,-0.7,0.0,-0.7,-1.0,0.0,0.0,-0.7,-0.7,-0.7,-0.7,-0.7,0.0,0.0,-0.7,0.0,-1.0,-1.0,-0.7,-0.7,-1.0,-0.7,-1.0,-0.7,0.0,-0.7,-1.0,0.0,-0.7,0.0,-0.7,0.0,0.0,-0.7,-1.0,-0.7,-0.7,
Runuganga,-1.0,-1.0,-1.0,-1.0,-1.0,-1.0,1.0,-1.0,-1.0,1.0,-1.0,-1.0,1.0,-1.0,-1.0,-1.0,-1.0,1.0,-1.0,-1.0,-1.0,-1.0,-1.0,-1.0,1.0,-1.0,-1.0,-1.0,-1.0,-1.0,-1.0,1.0,-1.0,-1.0,-1.0,-1.0,-1.0,1.0,-1.0,-1.0,-1.0,-1.0,-1.0,-1.0,-1.0,-1.0,-1.0,-1.0,-1.0,-1.0,-1.0,-1.0,-1.0,-1.0,-1.0,-1.0,-1.0,-1.0,-1.0,-1.0,-1.0,-1.0,-1.0,-1.0,-1.0,-1.0,-1.0,-1.0,-1.0,-1.0,-1.0,-1.0,-1.0,-1.0,-1.0,-1.0,-1.0,-1.0,-1.0,-1.0,-1.0,-1.0,-1.0,-1.0,-1.0,-1.0,-1.0,-1.0,-1.0,-1.0,-1.0,-1.0,-1.0,
Runuganga,-0.7,-1.0,-0.7,-0.7,0.0,-0.7,1.0,-1.0,-1.0,1.0,-1.0,-0.7,0.0,-1.0,-0.7,-0.7,0.0,0.0,-1.0,-1.0,-1.0,-0.7,-0.7,-1.0,0.0,-0.7,0.0,-1.0,-1.0,-1.0,-1.0,0.7,-1.0,-0.7,-1.0,-1.0,0.0,0.0,-0.7,0.0,-0.7,-0.7,0.0,-1.0,-1.0,-0.7,-1.0,-1.0,-1.0,-0.7,-0.7,-0.7,0.0,-0.7,-0.7,0.0,0.0,-0.7,-0.7,-0.7,-0.7,-1.0,-0.7,-1.0,-1.0,-0.7,0.0,-1.0,-1.0,-0.7,-0.7,-1.0,-1.0,-0.7,0.0,-1.0,-1.0,-0.7,-1.0,-1.0,-0.7,0.0,-1.0,-0.7,-1.0,0.0,-1.0,-0.7,0.0,0.0,-0.7,-1.0,-0.7,
Runuganga,-1.0,-0.7,-0.7,0.0,-0.7,-0.7,0.0,0.0,-0.7,0.7,-0.7,-1.0,1.0,-0.7,-1.0,-0.7,-0.7,0.7,-1.0,-1.0,-1.0,-1.0,0.0,-1.0,1.0,-1.0,-0.7,-0.7,-1.0,0.0,0.0,1.0,-0.7,-0.7,-1.0,0.0,-1.0,0.7,-0.7,-0.7,0.0,-1.0,-1.0,-0.7,-1.0,-1.0,-0.7,-1.0,-1.0,-1.0,-1.0,-0.7,-1.0,0.0,-1.0,-0.7,0.0,-1.0,-0.7,0.0,-1.0,0.0,-1.0,-1.0,-0.7,-1.0,-0.7,0.0,0.0,-0.7,0.0,-0.7,-1.0,-0.7,-0.7,-0.7,-0.7,-0.7,-0.7,0.0,-0.7,-1.0,-0.7,-1.0,0.0,-1.0,-1.0,-1.0,-1.0,-0.7,-1.0,0.0,-0.7,
Shrieker,-1.0,-1.0,-1.0,-1.0,-1.0,-1.0,1.0,-1.0,1.0,-1.0,-1.0,-1.0,-1.0,-1.0,-1.0,-1.0,1.0,1.0,1.0,-1.0,-1.0,-1.0,-1.0,-1.0,1.0,-1.0,-1.0,-1.0,-1.0,-1.0,-1.0,1.0,-1.0,-1.0,-1.0,-1.0,-1.0,1.0,-1.0,-1.0,-1.0,-1.0,-1.0,-1.0,-1.0,-1.0,-1.0,-1.0,-1.0,-1.0,-1.0,-1.0,-1.0,-1.0,-1.0,-1.0,-1.0,-1.0,-1.0,-1.0,-1.0,-1.0,-1.0,-1.0,-1.0,-1.0,-1.0,-1.0,-1.0,-1.0,-1.0,-1.0,-1.0,-1.0,-1.0,-1.0,-1.0,-1.0,-1.0,-1.0,-1.0,-1.0,-1.0,-1.0,-1.0,-1.0,-1.0,-1.0,-1.0,-1.0,-1.0,-1.0,-1.0,
Shrieker,-1.0,-0.7,-0.7,-0.7,-0.7,-1.0,0.7,-1.0,0.7,0.0,-1.0,-0.7,-1.0,-1.0,-0.7,-0.7,0.7,1.0,0.0,-1.0,-1.0,0.0,0.0,-0.7,0.0,-1.0,-1.0,0.0,0.0,-1.0,-1.0,1.0,-1.0,-0.7,-0.7,-0.7,-0.7,0.0,-1.0,-0.7,0.0,-1.0,0.0,-0.7,-1.0,-1.0,-0.7,-0.7,-0.7,-1.0,-0.7,-1.0,-1.0,-1.0,-0.7,-1.0,-1.0,-1.0,-1.0,-1.0,-0.7,-0.7,-0.7,-0.7,-1.0,0.0,-1.0,-0.7,0.0,-0.7,-1.0,-1.0,-1.0,-0.7,-0.7,-0.7,-1.0,0.0,-0.7,-1.0,-1.0,-0.7,-0.7,-1.0,-1.0,-0.7,-1.0,-1.0,0.0,-0.7,-0.7,-0.7,-0.7,
Shrieker,-0.7,0.0,-1.0,-1.0,-1.0,-0.7,0.7,-1.0,1.0,-1.0,-1.0,0.0,-0.7,-1.0,-1.0,-1.0,0.7,0.7,0.0,-0.7,-0.7,0.0,-0.7,-1.0,0.7,-0.7,-0.7,-1.0,-1.0,-1.0,-1.0,0.0,-0.7,-0.7,-0.7,-0.7,0.0,1.0,-0.7,-1.0,0.0,0.0,0.0,-1.0,-1.0,-1.0,-0.7,-0.7,-1.0,-0.7,-1.0,0.0,-1.0,-1.0,-0.7,-0.7,-1.0,0.0,-0.7,0.0,0.0,-0.7,0.0,0.0,0.0,0.0,0.0,-0.7,-1.0,0.0,-0.7,-1.0,-1.0,-0.7,-0.7,-1.0,-1.0,-0.7,-1.0,-0.7,-0.7,-0.7,-1.0,-1.0,-0.7,-0.7,-1.0,-1.0,0.0,0.0,-0.7,-1.0,-1.0,
White,-1.0,-1.0,-1.0,-1.0,-1.0,-1.0,1.0,1.0,-1.0,-1.0,-1.0,-1.0,-1.0,-1.0,-1.0,-1.0,-1.0,1.0,1.0,-1.0,-1.0,-1.0,-1.0,-1.0,1.0,-1.0,-1.0,-1.0,-1.0,-1.0,-1.0,1.0,-1.0,-1.0,-1.0,-1.0,-1.0,-1.0,-1.0,-1.0,-1.0,-1.0,-1.0,-1.0,-1.0,-1.0,-1.0,-1.0,-1.0,-1.0,-1.0,-1.0,-1.0,-1.0,-1.0,-1.0,-1.0,-1.0,-1.0,-1.0,-1.0,-1.0,-1.0,-1.0,-1.0,-1.0,-1.0,-1.0,-1.0,-1.0,-1.0,-1.0,-1.0,-1.0,-1.0,-1.0,-1.0,-1.0,-1.0,-1.0,-1.0,-1.0,-1.0,-1.0,-1.0,-1.0,-1.0,-1.0,-1.0,-1.0,-1.0,-1.0,-1.0,
White,-1.0,-1.0,-0.7,-0.7,-1.0,0.0,0.7,0.7,0.0,-0.7,0.0,-1.0,-1.0,-0.7,-0.7,-1.0,-0.7,1.0,0.7,-0.7,-0.7,-0.7,0.0,-1.0,0.0,-1.0,-0.7,-0.7,0.0,-0.7,0.0,1.0,0.0,-1.0,-1.0,-1.0,-0.7,-0.7,-1.0,-1.0,-0.7,0.0,-0.7,-0.7,-0.7,-0.7,0.0,-0.7,-0.7,0.0,0.0,-1.0,-0.7,-0.7,-0.7,-0.7,-0.7,-1.0,-1.0,0.0,-0.7,0.0,0.0,-0.7,0.0,-1.0,-0.7,-0.7,-0.7,-1.0,-1.0,-1.0,-0.7,0.0,0.0,-1.0,-1.0,-1.0,-1.0,0.0,0.0,-1.0,-1.0,-1.0,-1.0,0.0,-0.7,-0.7,-0.7,-1.0,-1.0,-1.0,-0.7,
White,0.0,-0.7,-1.0,-0.7,-1.0,-1.0,0.7,0.7,0.0,-0.7,-1.0,-1.0,-1.0,-1.0,-1.0,-0.7,-1.0,0.0,0.7,-1.0,-0.7,-0.7,-0.7,-1.0,0.0,-1.0,0.0,-1.0,-0.7,-0.7,-0.7,1.0,-1.0,-0.7,0.0,-0.7,-1.0,-1.0,-0.7,-1.0,-1.0,-0.7,-0.7,-1.0,-1.0,-0.7,-1.0,0.0,-1.0,-1.0,-0.7,-0.7,-1.0,-0.7,-1.0,-0.7,-1.0,-0.7,-0.7,-0.7,-0.7,-0.7,-0.7,-1.0,-1.0,-0.7,-0.7,-1.0,0.0,-0.7,-0.7,-1.0,-1.0,-0.7,-1.0,-0.7,0.0,-0.7,-0.7,-0.7,-1.0,0.0,0.0,-0.7,-1.0,-1.0,-1.0,-0.7,-1.0,-0.7,-0.7,-1.0,-0.7,
Zonzain,-1.0,-1.0,-1.0,-1.0,-1.0,-1.0,1.0,-1.0,-1.0,1.0,-1.0,-1.0,-1.0,-1.0,-1.0,-1.0,1.0,1.0,-1.0,-1.0,-1.0,-1.0,-1.0,-1.0,1.0,-1.0,-1.0,-1.0,-1.0,-1.0,-1.0,1.0,-1.0,-1.0,-1.0,-1.0,-1.0,1.0,-1.0,-1.0,-1.0,-1.0,-1.0,-1.0,-1.0,-1.0,-1.0,-1.0,-1.0,-1.0,-1.0,-1.0,-1.0,-1.0,-1.0,-1.0,-1.0,-1.0,-1.0,-1.0,-1.0,-1.0,-1.0,-1.0,-1.0,-1.0,-1.0,-1.0,-1.0,-1.0,-1.0,-1.0,-1.0,-1.0,-1.0,-1.0,-1.0,-1.0,-1.0,-1.0,-1.0,-1.0,-1.0,-1.0,-1.0,-1.0,-1.0,-1.0,-1.0,-1.0,-1.0,-1.0,-1.0,
Zonzain,-1.0,0.0,-1.0,-1.0,-1.0,0.0,0.7,-0.7,-1.0,0.7,-1.0,0.0,0.0,-0.7,0.0,-1.0,1.0,1.0,-1.0,0.0,-1.0,0.0,-0.7,-1.0,1.0,-1.0,-1.0,-0.7,-0.7,-0.7,-0.7,1.0,-1.0,0.0,-1.0,-1.0,-0.7,0.0,0.0,-1.0,-0.7,-1.0,0.0,-1.0,-1.0,0.0,0.0,-0.7,-1.0,-0.7,0.0,-0.7,-1.0,-1.0,0.0,-0.7,-0.7,-1.0,-0.7,0.0,-1.0,-0.7,-1.0,-1.0,-0.7,0.0,-0.7,-1.0,-1.0,0.0,-1.0,0.0,-1.0,0.0,0.0,-1.0,-0.7,-1.0,-1.0,-0.7,-0.7,-1.0,-0.7,-1.0,-1.0,-0.7,-0.7,-0.7,-0.7,0.0,-0.7,-1.0,-0.7,
Zonzain,-0.7,-0.7,-0.7,-1.0,-1.0,-0.7,1.0,-0.7,-0.7,0.7,-0.7,-1.0,0.0,-0.7,-0.7,-1.0,1.0,0.7,-1.0,-1.0,-1.0,-0.7,-0.7,-0.7,0.0,-1.0,-0.7,-1.0,-0.7,-0.7,-1.0,1.0,0.0,-1.0,-0.7,0.0,-0.7,0.7,0.0,-1.0,-1.0,-0.7,-0.7,-1.0,-1.0,-1.0,0.0,-0.7,0.0,0.0,-0.7,-0.7,-1.0,-1.0,-0.7,-1.0,-1.0,-0.7,-0.7,-0.7,-1.0,-1.0,-0.7,0.0,0.0,-1.0,-1.0,0.0,-1.0,-1.0,-1.0,-0.7,-0.7,-1.0,-0.7,-1.0,-0.7,-0.7,-0.7,-1.0,-0.7,-0.7,-0.7,-0.7,-0.7,-1.0,-1.0,-1.0,-0.7,-0.7,-0.7,-0.7,0.0,
Robert Accutrone,-1.0,-1.0,-1.0,-1.0,1.0,-1.0,-1.0,-1.0,1.0,-1.0,-1.0,-1.0,1.0,-1.0,-1.0,-1.0,-1.0,1.0,-1.0,-1.0,-1.0,-1.0,-1.0,1.0,-1.0,-1.0,-1.0,-1.0,-1.0,1.0,-1.0,-1.0,-1.0,-1.0,-1.0,-1.0,-1.0,-1.0,-1.0,-1.0,-1.0,-1.0,-1.0,-1.0,-1.0,-1.0,-1.0,-1.0,-1.0,-1.0,-1.0,-1.0,-1.0,-1.0,-1.0,-1.0,-1.0,-1.0,-1.0,-1.0,-1.0,-1.0,-1.0,-1.0,-1.0,-1.0,-1.0,-1.0,-1.0,-1.0,-1.0,-1.0,-1.0,-1.0,-1.0,-1.0,-1.0,-1.0,-1.0,-1.0,-1.0,-1.0,-1.0,-1.0,-1.0,-1.0,-1.0,-1.0,-1.0,-1.0,-1.0,-1.0,-1.0,
Robert Accutrone,-1.0,-1.0,0.0,-1.0,0.7,-1.0,0.0,-0.7,1.0,-0.7,-1.0,0.0,1.0,-0.7,-1.0,0.0,0.0,0.7,0.0,-1.0,0.0,-0.7,0.0,0.7,-1.0,-0.7,-1.0,-0.7,-0.7,1.0,0.0,0.0,0.0,-0.7,-0.7,-0.7,-1.0,0.0,0.0,-0.7,0.0,-0.7,-0.7,0.0,-0.7,-0.7,-1.0,-0.7,-0.7,-0.7,-0.7,-1.0,-0.7,0.0,-1.0,-1.0,-1.0,0.0,-0.7,0.0,-0.7,-0.7,-0.7,-1.0,-1.0,-0.7,-1.0,-1.0,-1.0,-1.0,-1.0,-0.7,-1.0,-1.0,-1.0,-0.7,-0.7,0.0,0.0,-1.0,-1.0,-1.0,0.0,-0.7,-1.0,-1.0,-0.7,-1.0,0.0,-0.7,-0.7,-0.7,-1.0,
Robert Accutrone,-0.7,-0.7,-1.0,-0.7,0.0,-1.0,-0.7,-1.0,0.7,-1.0,-0.7,-1.0,1.0,-0.7,-0.7,0.0,-0.7,0.7,-0.7,-1.0,-1.0,-1.0,-1.0,1.0,0.0,0.0,0.0,0.0,-0.7,1.0,-0.7,0.0,-0.7,-0.7,-1.0,-0.7,-1.0,-1.0,0.0,-1.0,0.0,-1.0,0.0,-0.7,-0.7,-1.0,-0.7,0.0,-1.0,-1.0,-1.0,-1.0,-1.0,-0.7,-1.0,-0.7,0.0,-0.7,-1.0,-0.7,-1.0,-1.0,-1.0,0.0,-0.7,-1.0,-0.7,-1.0,0.0,0.0,-1.0,-1.0,-0.7,-0.7,-1.0,-0.7,-1.0,-0.7,-1.0,-0.7,-0.7,-0.7,-0.7,-0.7,-1.0,-1.0,-1.0,-1.0,-0.7,-1.0,-1.0,0.0,-0.7,
Lille Barro,-1.0,-1.0,1.0,-1.0,-1.0,-1.0,-1.0,-1.0,1.0,-1.0,-1.0,-1.0,1.0,-1.0,1.0,-1.0,-1.0,1.0,-1.0,-1.0,-1.0,-1.0,-1.0,1.0,-1.0,-1.0,-1.0,-1.0,-1.0,1.0,-1.0,-1.0,-1.0,-1.0,-1.0,-1.0,-1.0,-1.0,-1.0,-1.0,-1.0,-1.0,-1.0,-1.0,-1.0,-1.0,-1.0,-1.0,-1.0,-1.0,-1.0,-1.0,-1.0,-1.0,-1.0,-1.0,-1.0,-1.0,-1.0,-1.0,-1.0,-1.0,-1.0,-1.0,-1.0,-1.0,-1.0,-1.0,-1.0,-1.0,-1.0,-1.0,-1.0,-1.0,-1.0,-1.0,-1.0,-1.0,-1.0,-1.0,-1.0,-1.0,-1.0,-1.0,-1.0,-1.0,-1.0,-1.0,-1.0,-1.0,-1.0,-1.0,-1.0,
Lille Barro,-0.7,-1.0,1.0,-0.7,0.0,-1.0,-0.7,0.0,0.7,-0.7,-0.7,0.0,0.7,0.0,0.7,0.0,0.0,0.7,-0.7,-0.7,-0.7,0.0,-1.0,0.7,-0.7,-0.7,-0.7,-1.0,-0.7,0.0,0.0,-1.0,-0.7,0.0,-0.7,-0.7,-1.0,-0.7,-0.7,-0.7,-0.7,-0.7,0.0,-0.7,-0.7,0.0,0.0,0.0,-0.7,-0.7,-1.0,-1.0,-0.7,-0.7,-1.0,0.0,-0.7,-0.7,-0.7,-1.0,0.0,-1.0,-0.7,-0.7,-0.7,-0.7,-1.0,-1.0,-0.7,-0.7,-0.7,-1.0,-1.0,-0.7,-0.7,-1.0,-0.7,-1.0,-0.7,-1.0,0.0,-1.0,-0.7,0.0,-1.0,-0.7,-1.0,-1.0,-0.7,0.0,-0.7,-0.7,-0.7,
Lille Barro,-0.7,-0.7,1.0,-1.0,-0.7,0.0,-1.0,-0.7,1.0,-1.0,-0.7,-0.7,0.7,-1.0,0.0,-1.0,-0.7,0.7,-0.7,0.0,-0.7,-1.0,-1.0,1.0,-1.0,0.0,-1.0,-0.7,-0.7,0.0,-0.7,-0.7,-1.0,-0.7,-1.0,0.0,-1.0,-1.0,-0.7,-0.7,-0.7,-1.0,-1.0,-1.0,-0.7,-0.7,-0.7,-0.7,-0.7,0.0,-1.0,-0.7,-0.7,-1.0,-0.7,-1.0,-1.0,-0.7,-1.0,-1.0,-0.7,-0.7,-1.0,-1.0,-0.7,-0.7,0.0,-1.0,-1.0,-1.0,-0.7,-0.7,-0.7,-0.7,-0.7,0.0,-1.0,-1.0,-1.0,-1.0,0.0,-1.0,-0.7,-1.0,-1.0,-1.0,-1.0,-0.7,0.0,-0.7,-0.7,-1.0,0.0,
Bambietta,1.0,1.0,1.0,-1.0,-1.0,-1.0,-1.0,1.0,1.0,-1.0,-1.0,-1.0,1.0,-1.0,1.0,-1.0,-1.0,1.0,-1.0,-1.0,-1.0,-1.0,-1.0,1.0,-1.0,-1.0,-1.0,-1.0,-1.0,1.0,-1.0,-1.0,-1.0,-1.0,-1.0,-1.0,-1.0,-1.0,-1.0,-1.0,-1.0,-1.0,-1.0,-1.0,-1.0,-1.0,-1.0,-1.0,-1.0,-1.0,-1.0,-1.0,-1.0,-1.0,-1.0,-1.0,-1.0,-1.0,-1.0,-1.0,-1.0,-1.0,-1.0,-1.0,-1.0,-1.0,-1.0,-1.0,-1.0,-1.0,-1.0,-1.0,-1.0,-1.0,-1.0,-1.0,-1.0,-1.0,-1.0,-1.0,-1.0,-1.0,-1.0,-1.0,-1.0,-1.0,-1.0,-1.0,-1.0,-1.0,-1.0,-1.0,-1.0,
Bambietta,1.0,0.0,0.7,-1.0,-0.7,0.0,-1.0,1.0,1.0,-0.7,-1.0,-0.7,0.0,0.0,1.0,-0.7,-1.0,0.7,0.0,-0.7,0.0,0.0,-1.0,0.7,-1.0,-1.0,-1.0,0.0,-0.7,0.7,-0.7,-0.7,-0.7,-1.0,-0.7,-0.7,-0.7,-1.0,-1.0,0.0,-1.0,-0.7,-1.0,-1.0,-1.0,-0.7,0.0,-1.0,-1.0,-0.7,-1.0,0.0,-1.0,-0.7,-0.7,-0.7,-0.7,-1.0,-1.0,0.0,0.0,-1.0,0.0,-0.7,-0.7,-1.0,-0.7,-1.0,-0.7,-1.0,-0.7,-1.0,-1.0,-1.0,-1.0,-0.7,-1.0,0.0,-0.7,-0.7,-1.0,-0.7,-1.0,-0.7,-1.0,-0.7,-1.0,0.0,-1.0,-1.0,-0.7,0.0,-0.7,
Bambietta,1.0,0.7,0.0,-1.0,-1.0,0.0,0.0,0.7,0.0,-1.0,-0.7,-0.7,0.7,-0.7,0.0,-1.0,-1.0,1.0,-0.7,-1.0,0.0,-1.0,-1.0,0.7,-0.7,-1.0,-0.7,-0.7,-1.0,1.0,-0.7,-1.0,0.0,-0.7,-1.0,-1.0,-1.0,-0.7,-0.7,-0.7,-1.0,-1.0,-1.0,-1.0,-0.7,0.0,-0.7,-0.7,-1.0,-1.0,-1.0,-1.0,-0.7,-1.0,0.0,0.0,-1.0,-0.7,-0.7,-1.0,0.0,-1.0,-0.7,-1.0,-1.0,-0.7,0.0,-1.0,-1.0,-0.7,-1.0,-0.7,-0.7,0.0,-0.7,0.0,-0.7,0.0,-1.0,-0.7,0.0,-0.7,0.0,-1.0,0.0,-0.7,-1.0,-1.0,-1.0,0.0,-0.7,0.0,-0.7,
Bazz-B,-1.0,-1.0,-1.0,1.0,-1.0,-1.0,-1.0,-1.0,1.0,-1.0,-1.0,-1.0,1.0,-1.0,-1.0,-1.0,-1.0,1.0,-1.0,-1.0,-1.0,-1.0,-1.0,1.0,-1.0,-1.0,-1.0,-1.0,-1.0,-1.0,1.0,-1.0,1.0,-1.0,-1.0,-1.0,-1.0,-1.0,-1.0,-1.0,-1.0,-1.0,-1.0,-1.0,-1.0,-1.0,-1.0,-1.0,-1.0,-1.0,-1.0,-1.0,-1.0,-1.0,-1.0,-1.0,-1.0,-1.0,-1.0,-1.0,-1.0,-1.0,-1.0,-1.0,-1.0,-1.0,-1.0,-1.0,-1.0,-1.0,-1.0,-1.0,-1.0,-1.0,-1.0,-1.0,-1.0,-1.0,-1.0,-1.0,-1.0,-1.0,-1.0,-1.0,-1.0,-1.0,-1.0,-1.0,-1.0,-1.0,-1.0,-1.0,-1.0,
Bazz-B,0.0,-0.7,-1.0,1.0,0.0,-1.0,-1.0,-1.0,1.0,0.0,-0.7,-0.7,0.0,-0.7,0.0,-1.0,0.0,1.0,-0.7,-0.7,-1.0,-1.0,-1.0,1.0,-0.7,0.0,-0.7,-0.7,-1.0,-1.0,0.7,0.0,0.0,-1.0,-0.7,-0.7,-0.7,-0.7,-0.7,-1.0,0.0,-1.0,-0.7,0.0,-0.7,-1.0,-1.0,-0.7,-1.0,-0.7,-1.0,0.0,-1.0,-0.7,-0.7,-0.7,-1.0,-0.7,-0.7,-1.0,0.0,0.0,-1.0,-0.7,-0.7,-1.0,-1.0,0.0,-0.7,0.0,-0.7,-1.0,-1.0,-0.7,-0.7,-1.0,-0.7,0.0,-0.7,-1.0,-1.0,0.0,0.0,-1.0,0.0,-1.0,-1.0,-1.0,-1.0,0.0,-0.7,-1.0,0.0,
Bazz-B,0.0,-1.0,-0.7,0.7,-0.7,-0.7,-1.0,-1.0,0.0,0.0,-1.0,-1.0,0.0,-1.0,-1.0,-1.0,-0.7,1.0,-0.7,-1.0,0.0,0.0,0.0,0.0,-0.7,-1.0,-1.0,-1.0,-1.0,-0.7,0.0,-0.7,0.7,-0.7,-1.0,0.0,-0.7,-1.0,0.0,-0.7,-0.7,-0.7,-0.7,-1.0,0.0,0.0,-0.7,-0.7,0.0,-1.0,0.0,-0.7,-0.7,-0.7,-0.7,-1.0,-0.7,-0.7,-0.7,-1.0,-0.7,-0.7,0.0,0.0,0.0,-1.0,0.0,-1.0,-1.0,-1.0,0.0,-1.0,-1.0,-1.0,-0.7,0.0,-0.7,-0.7,-1.0,-1.0,-1.0,-0.7,-0.7,-1.0,0.0,0.0,-1.0,-1.0,-0.7,-1.0,-1.0,-1.0,0.0,
Driscoll Berci,-1.0,1.0,-1.0,-1.0,-1.0,-1.0,-1.0,-1.0,1.0,-1.0,-1.0,-1.0,1.0,-1.0,-1.0,-1.0,-1.0,1.0,-1.0,-1.0,-1.0,-1.0,-1.0,1.0,-1.0,-1.0,-1.0,-1.0,-1.0,-1.0,-1.0,-1.0,-1.0,-1.0,-1.0,-1.0,-1.0,1.0,-1.0,-1.0,-1.0,-1.0,-1.0,-1.0,-1.0,-1.0,-1.0,-1.0,-1.0,-1.0,-1.0,-1.0,-1.0,-1.0,-1.0,-1.0,-1.0,-1.0,-1.0,-1.0,-1.0,-1.0,-1.0,-1.0,-1.0,-1.0,-1.0,-1.0,-1.0,-1.0,-1.0,-1.0,-1.0,-1.0,-1.0,-1.0,-1.0,-1.0,-1.0,-1.0,-1.0,-1.0,-1.0,-1.0,-1.0,-1.0,-1.0,-1.0,-1.0,-1.0,-1.0,-1.0,-1.0,
Driscoll Berci,-0.7,1.0,-1.0,-1.0,-1.0,-0.7,0.0,-1.0,1.0,-1.0,-1.0,0.0,1.0,-1.0,-1.0,-0.7,0.0,1.0,-0.7,-1.0,-0.7,-0.7,-0.7,0.7,0.0,-0.7,-0.7,-0.7,-0.7,-1.0,-1.0,-1.0,-0.7,-0.7,-1.0,-0.7,0.0,1.0,-1.0,0.0,-0.7,-1.0,-0.7,-0.7,-0.7,-0.7,-0.7,-0.7,-1.0,-0.7,0.0,-1.0,-0.7,-1.0,-1.0,0.0,-1.0,-1.0,-0.7,-0.7,-0.7,-1.0,-1.0,-1.0,-0.7,-0.7,-0.7,-0.7,-1.0,-0.7,-1.0,-1.0,-0.7,-1.0,-0.7,-1.0,-0.7,-1.0,0.0,-1.0,-0.7,0.0,-0.7,-0.7,-0.7,-0.7,0.0,-1.0,0.0,-0.7,0.0,-1.0,0.0,
Driscoll Berci,-1.0,0.7,-0.7,-0.7,-0.7,-1.0,-0.7,-1.0,0.7,-0.7,-1.0,-0.7,0.7,-1.0,0.0,-0.7,-1.0,1.0,-0.7,-1.0,-1.0,-1.0,-0.7,0.7,-1.0,-0.7,0.0,0.0,0.0,0.0,-1.0,-1.0,-0.7,-0.7,0.0,-1.0,-0.7,0.7,-0.7,-0.7,-1.0,0.0,-0.7,-0.7,-1.0,-0.7,-1.0,-1.0,-1.0,-1.0,-0.7,-1.0,0.0,-1.0,-1.0,0.0,-1.0,-1.0,-1.0,0.0,0.0,-1.0,-0.7,-0.7,0.0,-1.0,0.0,-1.0,-1.0,-1.0,-0.7,-0.7,-0.7,-0.7,-0.7,-0.7,-1.0,-0.7,-1.0,-0.7,-0.7,-0.7,-0.7,-1.0,-0.7,-1.0,0.0,-1.0,-0.7,-0.7,0.0,-0.7,-1.0,
BG9,-1.0,-1.0,1.0,-1.0,-1.0,-1.0,1.0,-1.0,1.0,-1.0,-1.0,-1.0,1.0,-1.0,-1.0,-1.0,-1.0,1.0,-1.0,-1.0,-1.0,-1.0,-1.0,1.0,-1.0,-1.0,-1.0,-1.0,-1.0,-1.0,-1.0,-1.0,-1.0,-1.0,-1.0,-1.0,-1.0,1.0,-1.0,-1.0,-1.0,-1.0,-1.0,-1.0,-1.0,-1.0,-1.0,-1.0,-1.0,-1.0,-1.0,-1.0,-1.0,-1.0,-1.0,-1.0,-1.0,-1.0,-1.0,-1.0,-1.0,-1.0,-1.0,-1.0,-1.0,-1.0,-1.0,-1.0,-1.0,-1.0,-1.0,-1.0,-1.0,-1.0,-1.0,-1.0,-1.0,-1.0,-1.0,-1.0,-1.0,-1.0,-1.0,-1.0,-1.0,-1.0,-1.0,-1.0,-1.0,-1.0,-1.0,-1.0,-1.0,
BG9,-0.7,-1.0,0.7,0.0,-1.0,-0.7,0.0,-1.0,0.7,0.0,0.0,-0.7,1.0,-1.0,-0.7,-1.0,-1.0,0.7,-0.7,0.0,-1.0,-1.0,0.0,0.7,0.0,0.0,0.0,-0.7,-1.0,-0.7,-0.7,-1.0,-0.7,-1.0,-0.7,-1.0,-0.7,0.0,-1.0,-0.7,-1.0,0.0,0.0,0.0,0.0,-0.7,-1.0,-1.0,-0.7,-0.7,-0.7,-1.0,-1.0,-0.7,-1.0,-0.7,-0.7,-0.7,-1.0,0.0,-1.0,-1.0,-0.7,-1.0,-1.0,-1.0,-0.7,0.0,-0.7,-0.7,-1.0,-1.0,-1.0,0.0,-1.0,0.0,-1.0,-0.7,0.0,-1.0,-0.7,-1.0,-1.0,-1.0,0.0,-1.0,-1.0,0.0,-1.0,-0.7,0.0,-1.0,-1.0,
BG9,0.0,-1.0,1.0,-0.7,-0.7,-1.0,1.0,-1.0,1.0,-0.7,-1.0,-0.7,0.7,-1.0,-1.0,-1.0,-1.0,0.7,-0.7,-1.0,-0.7,0.0,-1.0,0.7,-0.7,-1.0,-0.7,0.0,-1.0,0.0,-1.0,-1.0,-0.7,-1.0,-0.7,-1.0,-0.7,0.7,-0.7,-1.0,-1.0,-1.0,-0.7,-1.0,-0.7,-1.0,-0.7,-0.7,-0.7,-0.7,-0.7,0.0,-0.7,-0.7,0.0,0.0,-0.7,-1.0,-0.7,-1.0,-0.7,-0.7,-0.7,-0.7,-0.7,-1.0,-1.0,-0.7,-0.7,-0.7,-1.0,-1.0,-0.7,-0.7,-1.0,-0.7,-1.0,-1.0,-1.0,-0.7,0.0,-1.0,-1.0,-0.7,0.0,-1.0,-1.0,-1.0,-1.0,-0.7,0.0,-0.7,0.0,
Candice Catnipp,1.0,-1.0,-1.0,-1.0,-1.0,-1.0,-1.0,-1.0,1.0,-1.0,-1.0,-1.0,1.0,-1.0,-1.0,-1.0,-1.0,1.0,-1.0,-1.0,-1.0,-1.0,-1.0,1.0,-1.0,-1.0,-1.0,-1.0,-1.0,-1.0,1.0,-1.0,1.0,-1.0,-1.0,-1.0,-1.0,-1.0,-1.0,-1.0,-1.0,-1.0,-1.0,-1.0,-1.0,-1.0,-1.0,-1.0,-1.0,-1.0,-1.0,-1.0,-1.0,-1.0,-1.0,-1.0,-1.0,-1.0,-1.0,-1.0,-1.0,-1.0,-1.0,-1.0,-1.0,-1.0,-1.0,-1.0,-1.0,-1.0,-1.0,-1.0,-1.0,-1.0,-1.0,-1.0,-1.0,-1.0,-1.0,-1.0,-1.0,-1.0,-1.0,-1.0,-1.0,-1.0,-1.0,-1.0,-1.0,-1.0,-1.0,-1.0,-1.0,
Candice Catnipp,0.7,0.0,-1.0,-1.0,-0.7,-1.0,-1.0,-0.7,1.0,-0.7,-1.0,-0.7,1.0,-0.7,-1.0,-0.7,-0.7,1.0,-1.0,-1.0,-0.7,-0.7,-1.0,0.7,0.0,-1.0,-0.7,-0.7,-0.7,-1.0,1.0,-1.0,0.7,-0.7,-1.0,-1.0,-1.0,0.0,-1.0,-0.7,-0.7,0.0,-0.7,-1.0,0.0,-0.7,-0.7,-1.0,-1.0,-0.7,0.0,-0.7,0.0,-0.7,-1.0,-0.7,-0.7,-0.7,0.0,-1.0,-1.0,0.0,-1.0,-0.7,0.0,-1.0,0.0,-1.0,-0.7,-1.0,-0.7,-0.7,-0.7,-0.7,0.0,-0.7,0.0,-0.7,-0.7,-1.0,0.0,-1.0,-1.0,-1.0,-1.0,0.0,-1.0,0.0,-0.7,0.0,-0.7,-1.0,-0.7,
Candice Catnipp,0.7,-1.0,-1.0,-1.0,-1.0,-0.7,-1.0,-0.7,0.0,-1.0,-0.7,-1.0,1.0,-0.7,-1.0,-1.0,-1.0,0.0,-0.7,0.0,0.0,-1.0,-1.0,1.0,-0.7,-0.7,-1.0,-1.0,-1.0,0.0,0.0,-1.0,1.0,-1.0,0.0,0.0,-1.0,-1.0,-1.0,-0.7,-0.7,-0.7,0.0,-1.0,-0.7,-1.0,-1.0,-0.7,0.0,-0.7,-0.7,-0.7,-1.0,-0.7,-0.7,-0.7,-0.7,-0.7,0.0,-1.0,0.0,0.0,-1.0,-0.7,-1.0,-1.0,-0.7,0.0,-1.0,0.0,-0.7,0.0,0.0,0.0,-0.7,0.0,-1.0,-1.0,-1.0,-0.7,-1.0,-1.0,0.0,-0.7,0.0,-1.0,-1.0,-1.0,-1.0,-1.0,-1.0,-1.0,-0.7,
Nikita Deslock,1.0,-1.0,1.0,-1.0,-1.0,-1.0,-1.0,-1.0,1.0,-1.0,-1.0,-1.0,1.0,-1.0,-1.0,-1.0,-1.0,1.0,-1.0,-1.0,-1.0,-1.0,-1.0,1.0,-1.0,-1.0,-1.0,-1.0,-1.0,-1.0,-1.0,-1.0,-1.0,-1.0,-1.0,-1.0,-1.0,-1.0,-1.0,-1.0,-1.0,-1.0,-1.0,-1.0,-1.0,-1.0,-1.0,-1.0,-1.0,-1.0,-1.0,-1.0,-1.0,-1.0,-1.0,-1.0,-1.0,-1.0,-1.0,-1.0,-1.0,-1.0,-1.0,-1.0,-1.0,-1.0,-1.0,-1.0,-1.0,-1.0,-1.0,-1.0,-1.0,-1.0,-1.0,-1.0,-1.0,-1.0,-1.0,-1.0,-1.0,-1.0,-1.0,-1.0,-1.0,-1.0,-1.0,-1.0,-1.0,-1.0,-1.0,-1.0,-1.0,
Nikita Deslock,1.0,-1.0,0.7,-0.7,0.0,-0.7,0.0,0.0,0.7,-0.7,-1.0,-0.7,0.7,0.0,-0.7,0.0,0.0,0.0,-1.0,-1.0,-0.7,-0.7,-1.0,0.7,-0.7,-1.0,-0.7,0.0,-0.7,-0.7,-1.0,-0.7,0.0,-0.7,-1.0,-0.7,0.0,-1.0,-0.7,-1.0,-0.7,-0.7,0.0,-0.7,-0.7,0.0,-1.0,-0.7,-0.7,-1.0,-1.0,-0.7,-1.0,-1.0,0.0,-0.7,0.0,-1.0,0.0,-0.7,0.0,-1.0,-0.7,-0.7,-0.7,0.0,-1.0,0.0,0.0,-0.7,-1.0,0.0,-0.7,0.0,0.0,-1.0,-0.7,-0.7,0.0,-1.0,-1.0,0.0,-1.0,-0.7,-1.0,-0.7,-0.7,-0.7,0.0,-1.0,-1.0,-0.7,-0.7,
Nikita Deslock,0.7,-1.0,0.0,-0.7,-1.0,-0.7,-1.0,-1.0,1.0,-1.0,-1.0,-0.7,0.7,-0.7,-1.0,0.0,0.0,0.0,-1.0,-0.7,-1.0,0.0,-1.0,1.0,-0.7,-0.7,-0.7,-1.0,-0.7,0.0,0.0,-0.7,-0.7,-1.0,-1.0,-1.0,-0.7,-0.7,-0.7,-1.0,-0.7,-1.0,-0.7,-1.0,-0.7,-0.7,-1.0,-1.0,-0.7,-1.0,-0.7,-0.7,-1.0,-0.7,0.0,-0.7,0.0,-1.0,-0.7,-0.7,0.0,-1.0,-1.0,-1.0,0.0,-0.7,0.0,-1.0,-1.0,-1.0,-0.7,0.0,-1.0,0.0,-1.0,-0.7,-0.7,-1.0,-1.0,-1.0,-1.0,0.0,0.0,-0.7,-0.7,-1.0,-1.0,0.0,-0.7,-0.7,-0.7,-0.7,-1.0,
Shaz Domino,-1.0,-1.0,-1.0,1.0,1.0,-1.0,-1.0,-1.0,1.0,-1.0,-1.0,-1.0,1.0,-1.0,-1.0,-1.0,-1.0,1.0,-1.0,-1.0,-1.0,-1.0,-1.0,1.0,-1.0,-1.0,-1.0,-1.0,-1.0,1.0,-1.0,-1.0,-1.0,-1.0,1.0,-1.0,-1.0,-1.0,-1.0,-1.0,-1.0,-1.0,-1.0,-1.0,-1.0,-1.0,-1.0,-1.0,-1.0,-1.0,-1.0,-1.0,-1.0,-1.0,-1.0,-1.0,-1.0,-1.0,-1.0,-1.0,-1.0,-1.0,-1.0,-1.0,-1.0,-1.0,-1.0,-1.0,-1.0,-1.0,-1.0,-1.0,-1.0,-1.0,-1.0,-1.0,-1.0,-1.0,-1.0,-1.0,-1.0,-1.0,-1.0,-1.0,-1.0,-1.0,-1.0,-1.0,-1.0,-1.0,-1.0,-1.0,-1.0,
Shaz Domino,-0.7,-0.7,0.0,0.7,1.0,-1.0,-0.7,-0.7,0.7,-0.7,-0.7,-1.0,1.0,-1.0,-1.0,-0.7,-1.0,1.0,-1.0,-1.0,0.0,-1.0,-0.7,1.0,0.0,0.0,-0.7,0.0,-1.0,1.0,-1.0,-1.0,-1.0,-1.0,0.7,-0.7,-1.0,-1.0,-0.7,-0.7,-1.0,-1.0,-0.7,-1.0,0.0,-1.0,-1.0,-0.7,0.0,-0.7,-1.0,-1.0,-0.7,-1.0,-0.7,-0.7,-1.0,-1.0,-0.7,-0.7,0.0,-1.0,-0.7,-1.0,-1.0,-0.7,0.0,-1.0,-0.7,-0.7,-1.0,0.0,-0.7,-0.7,-0.7,-0.7,0.0,-1.0,-1.0,0.0,0.0,-1.0,-1.0,-0.7,-1.0,-0.7,-1.0,-0.7,-1.0,-0.7,-0.7,-0.7,-1.0,
Shaz Domino,-1.0,-1.0,-0.7,0.7,1.0,-0.7,-0.7,-0.7,1.0,0.0,-0.7,0.0,1.0,0.0,-1.0,-0.7,-0.7,0.7,-0.7,-1.0,0.0,-0.7,0.0,1.0,-0.7,-0.7,-0.7,-0.7,-1.0,1.0,-0.7,-0.7,-1.0,-0.7,0.7,-0.7,-1.0,-0.7,-0.7,-0.7,0.0,-0.7,-1.0,-1.0,-1.0,-1.0,0.0,0.0,-0.7,-1.0,-1.0,0.0,0.0,-1.0,-0.7,-1.0,-1.0,-1.0,-0.7,-1.0,-1.0,-1.0,-1.0,-0.7,-1.0,0.0,-1.0,-1.0,-1.0,-1.0,-1.0,-1.0,0.0,-0.7,0.0,-1.0,-0.7,-1.0,-0.7,0.0,0.0,-1.0,-1.0,-1.0,-1.0,-1.0,-1.0,-1.0,-0.7,-0.7,-0.7,-1.0,-1.0,
Cang Du,-1.0,1.0,-1.0,-1.0,-1.0,-1.0,-1.0,1.0,-1.0,-1.0,-1.0,-1.0,1.0,-1.0,-1.0,-1.0,-1.0,1.0,-1.0,-1.0,-1.0,-1.0,-1.0,1.0,-1.0,-1.0,-1.0,-1.0,-1.0,-1.0,-1.0,-1.0,-1.0,-1.0,-1.0,-1.0,-1.0,-1.0,-1.0,-1.0,-1.0,-1.0,-1.0,-1.0,-1.0,-1.0,-1.0,-1.0,-1.0,-1.0,-1.0,-1.0,-1.0,-1.0,-1.0,-1.0,-1.0,-1.0,-1.0,-1.0,-1.0,-1.0,-1.0,-1.0,-1.0,-1.0,-1.0,-1.0,-1.0,-1.0,-1.0,-1.0,-1.0,-1.0,-1.0,-1.0,-1.0,-1.0,-1.0,-1.0,-1.0,-1.0,-1.0,-1.0,-1.0,-1.0,-1.0,-1.0,-1.0,-1.0,-1.0,-1.0,-1.0,
Cang Du,-0.7,0.7,-1.0,0.0,-1.0,-1.0,-0.7,1.0,-0.7,-1.0,-1.0,0.0,1.0,-0.7,-1.0,-0.7,-1.0,0.7,-0.7,-1.0,-1.0,0.0,0.0,0.7,-0.7,0.0,-1.0,-0.7,-0.7,-0.7,-1.0,-0.7,-0.7,0.0,-0.7,0.0,0.0,-0.7,-1.0,-0.7,0.0,-1.0,-0.7,-1.0,-1.0,-0.7,-0.7,-0.7,0.0,-1.0,-1.0,0.0,-0.7,-1.0,-0.7,0.0,-0.7,-0.7,-1.0,-1.0,0.0,-0.7,-1.0,-0.7,-0.7,-1.0,-0.7,-1.0,-1.0,-0.7,-1.0,-1.0,0.0,-0.7,-0.7,-1.0,-1.0,-0.7,-1.0,-0.7,-0.7,-0.7,-1.0,-1.0,0.0,0.0,-0.7,-0.7,-0.7,-1.0,-1.0,-1.0,-0.7,
Cang Du,-0.7,0.0,-0.7,0.0,0.0,0.0,-1.0,1.0,-0.7,-0.7,-1.0,0.0,0.0,-0.7,-0.7,0.0,-1.0,1.0,0.0,-0.7,-0.7,0.0,-1.0,0.7,-0.7,-1.0,-1.0,0.0,-1.0,-1.0,-0.7,-1.0,0.0,-1.0,-0.7,-1.0,0.0,-0.7,-1.0,0.0,-1.0,-0.7,0.0,-0.7,-0.7,-1.0,-1.0,-1.0,0.0,0.0,-1.0,-1.0,-1.0,-1.0,-1.0,-0.7,0.0,-0.7,-0.7,-0.7,-0.7,-0.7,-1.0,-1.0,-0.7,0.0,-0.7,0.0,-1.0,-0.7,0.0,-0.7,0.0,-0.7,-1.0,-1.0,-0.7,0.0,-1.0,-0.7,-0.7,-1.0,-1.0,-1.0,-1.0,-1.0,-1.0,-1.0,-0.7,-0.7,-0.7,-0.7,0.0,
Berenice Gabrielli,-1.0,-1.0,-1.0,-1.0,-1.0,-1.0,-1.0,-1.0,1.0,-1.0,-1.0,-1.0,1.0,-1.0,-1.0,-1.0,-1.0,1.0,-1.0,-1.0,-1.0,-1.0,-1.0,1.0,-1.0,-1.0,-1.0,-1.0,-1.0,-1.0,-1.0,-1.0,-1.0,1.0,-1.0,-1.0,-1.0,-1.0,-1.0,-1.0,-1.0,-1.0,-1.0,-1.0,-1.0,-1.0,-1.0,-1.0,-1.0,-1.0,-1.0,-1.0,-1.0,-1.0,-1.0,-1.0,-1.0,-1.0,-1.0,-1.0,-1.0,-1.0,-1.0,-1.0,-1.0,-1.0,-1.0,-1.0,-1.0,-1.0,-1.0,-1.0,-1.0,-1.0,-1.0,-1.0,-1.0,-1.0,-1.0,-1.0,-1.0,-1.0,-1.0,-1.0,-1.0,-1.0,-1.0,-1.0,-1.0,-1.0,-1.0,-1.0,-1.0,
Berenice Gabrielli,0.0,0.0,-1.0,0.0,-0.7,-1.0,-1.0,-0.7,1.0,-1.0,-0.7,-0.7,0.0,-0.7,-0.7,-1.0,-0.7,0.7,0.0,-1.0,-0.7,-0.7,0.0,0.0,-1.0,-0.7,-0.7,0.0,-0.7,-1.0,-1.0,-0.7,-0.7,1.0,-1.0,-0.7,0.0,0.0,-0.7,0.0,-1.0,-0.7,-1.0,-0.7,0.0,0.0,-0.7,-0.7,0.0,-1.0,-0.7,-1.0,0.0,-1.0,-1.0,-0.7,-1.0,-1.0,-0.7,0.0,-1.0,0.0,0.0,-0.7,-0.7,-1.0,-1.0,-1.0,-1.0,-1.0,-1.0,-0.7,-0.7,0.0,-1.0,-1.0,-0.7,-1.0,-0.7,-0.7,-0.7,-1.0,-1.0,-0.7,-1.0,-1.0,-0.7,-1.0,-0.7,-1.0,-1.0,-1.0,-1.0,
Berenice Gabrielli,-1.0,-1.0,-1.0,-1.0,0.0,0.0,-1.0,-1.0,0.7,0.0,0.0,-1.0,0.7,-0.7,0.0,-1.0,-0.7,1.0,-1.0,-0.7,-1.0,-0.7,-0.7,0.0,-1.0,-1.0,-1.0,-0.7,-0.7,-1.0,-0.7,-0.7,-1.0,0.7,-0.7,0.0,-0.7,-1.0,-0.7,-0.7,-1.0,-0.7,-1.0,-0.7,0.0,-0.7,-0.7,-1.0,-1.0,-0.7,-0.7,-1.0,0.0,-1.0,-0.7,-0.7,-0.7,-0.7,-1.0,0.0,-0.7,-0.7,-0.7,-1.0,-0.7,-0.7,-0.7,-0.7,0.0,-1.0,0.0,-1.0,-0.7,-1.0,-1.0,-1.0,-1.0,-1.0,-0.7,-1.0,-0.7,-1.0,-1.0,-0.7,-1.0,-1.0,0.0,-1.0,-0.7,-1.0,0.0,-1.0,0.0,
Giselle Gewelle,1.0,1.0,1.0,-1.0,-1.0,-1.0,-1.0,-1.0,1.0,-1.0,-1.0,1.0,1.0,-1.0,-1.0,-1.0,-1.0,1.0,-1.0,-1.0,-1.0,-1.0,-1.0,1.0,-1.0,-1.0,-1.0,-1.0,-1.0,-1.0,-1.0,-1.0,-1.0,1.0,-1.0,-1.0,-1.0,-1.0,-1.0,-1.0,-1.0,-1.0,-1.0,-1.0,-1.0,-1.0,-1.0,-1.0,-1.0,-1.0,-1.0,-1.0,-1.0,-1.0,-1.0,-1.0,-1.0,-1.0,-1.0,-1.0,-1.0,-1.0,-1.0,-1.0,-1.0,-1.0,-1.0,-1.0,-1.0,-1.0,-1.0,-1.0,-1.0,-1.0,-1.0,-1.0,-1.0,-1.0,-1.0,-1.0,-1.0,-1.0,-1.0,-1.0,-1.0,-1.0,-1.0,-1.0,-1.0,-1.0,-1.0,-1.0,-1.0,
Giselle Gewelle,1.0,1.0,0.7,-0.7,-1.0,-1.0,-0.7,-1.0,0.7,-0.7,-0.7,1.0,0.7,-1.0,-1.0,-0.7,0.0,1.0,-1.0,-0.7,-1.0,-0.7,0.0,0.0,-1.0,-0.7,0.0,-1.0,-0.7,-1.0,-1.0,0.0,-0.7,1.0,0.0,-0.7,0.0,-1.0,-1.0,-1.0,-0.7,-1.0,-1.0,0.0,0.0,-0.7,0.0,0.0,-0.7,-0.7,0.0,-0.7,-1.0,-1.0,-0.7,0.0,-0.7,0.0,-0.7,-1.0,-0.7,-1.0,-0.7,0.0,-0.7,0.0,-1.0,-0.7,-1.0,-0.7,-0.7,-0.7,-1.0,-1.0,-0.7,-0.7,-0.7,-0.7,0.0,0.0,-1.0,-1.0,-0.7,-1.0,-1.0,-1.0,-1.0,-0.7,-1.0,-1.0,0.0,0.0,0.0,
Giselle Gewelle,1.0,1.0,1.0,-1.0,-1.0,0.0,0.0,0.0,0.7,-0.7,-0.7,0.0,0.7,-1.0,-1.0,-0.7,-1.0,0.0,-0.7,-0.7,-1.0,-0.7,-0.7,0.7,-1.0,0.0,-0.7,-0.7,0.0,0.0,-1.0,0.0,-1.0,0.7,-1.0,-0.7,-0.7,-0.7,-0.7,-0.7,-1.0,0.0,-0.7,-0.7,0.0,-1.0,-0.7,-0.7,-1.0,-1.0,0.0,-1.0,-0.7,-0.7,-0.7,-0.7,0.0,-1.0,-0.7,-0.7,-1.0,0.0,0.0,-1.0,-0.7,-0.7,-0.7,0.0,-0.7,-0.7,-1.0,-0.7,-0.7,-0.7,-0.7,-1.0,-1.0,-0.7,-0.7,-0.7,-0.7,-1.0,-1.0,-1.0,-0.7,-1.0,-0.7,-0.7,0.0,0.0,0.0,-0.7,-0.7,
Jerome Guizbatt,-1.0,1.0,-1.0,-1.0,-1.0,-1.0,1.0,-1.0,1.0,-1.0,-1.0,-1.0,1.0,-1.0,-1.0,-1.0,-1.0,1.0,-1.0,-1.0,-1.0,-1.0,-1.0,1.0,-1.0,-1.0,-1.0,-1.0,-1.0,-1.0,-1.0,-1.0,-1.0,-1.0,-1.0,-1.0,-1.0,1.0,-1.0,-1.0,-1.0,-1.0,-1.0,-1.0,-1.0,-1.0,-1.0,-1.0,-1.0,-1.0,-1.0,-1.0,-1.0,-1.0,-1.0,-1.0,-1.0,-1.0,-1.0,-1.0,-1.0,-1.0,-1.0,-1.0,-1.0,-1.0,-1.0,-1.0,-1.0,-1.0,-1.0,-1.0,-1.0,-1.0,-1.0,-1.0,-1.0,-1.0,-1.0,-1.0,-1.0,-1.0,-1.0,-1.0,-1.0,-1.0,-1.0,-1.0,-1.0,-1.0,-1.0,-1.0,-1.0,
Jerome Guizbatt,-0.7,0.0,0.0,-0.7,-0.7,-0.7,0.7,-0.7,0.0,-0.7,-1.0,0.0,1.0,-1.0,-0.7,-1.0,-1.0,1.0,-1.0,-0.7,-1.0,-0.7,-1.0,0.7,-1.0,-1.0,-1.0,-0.7,-0.7,-0.7,0.0,0.0,-0.7,-1.0,-0.7,-1.0,-0.7,1.0,0.0,0.0,-0.7,-0.7,-0.7,-1.0,0.0,-0.7,-1.0,-0.7,-1.0,-1.0,-0.7,-0.7,-0.7,-0.7,-1.0,-0.7,-1.0,0.0,-1.0,-1.0,0.0,0.0,0.0,-1.0,-0.7,-0.7,0.0,-1.0,-1.0,-0.7,-1.0,-0.7,0.0,-0.7,-0.7,0.0,-1.0,-1.0,-0.7,-1.0,-1.0,-1.0,0.0,0.0,-0.7,-1.0,-1.0,-1.0,-1.0,-1.0,-0.7,-0.7,-1.0,
Jerome Guizbatt,-0.7,0.7,-0.7,-1.0,0.0,-0.7,1.0,-0.7,0.7,-0.7,-0.7,-0.7,0.7,-0.7,-1.0,-1.0,-1.0,0.7,-1.0,-0.7,-1.0,-0.7,-0.7,1.0,-0.7,0.0,-1.0,0.0,-0.7,-0.7,-1.0,-0.7,-0.7,-0.7,0.0,-0.7,-1.0,1.0,-1.0,0.0,-1.0,-1.0,-1.0,0.0,-0.7,0.0,-0.7,0.0,-1.0,-1.0,-1.0,-0.7,-0.7,-1.0,-1.0,-0.7,-1.0,-0.7,-1.0,-0.7,-0.7,-0.7,-1.0,-1.0,0.0,-0.7,-0.7,-0.7,-1.0,0.0,-0.7,-0.7,0.0,-1.0,-0.7,0.0,-1.0,-1.0,-0.7,-1.0,0.0,-1.0,-0.7,-1.0,-1.0,0.0,-0.7,-1.0,-1.0,-0.7,0.0,-0.7,-0.7,
Jugram Haschwalth,-1.0,-1.0,-1.0,-1.0,-1.0,-1.0,-1.0,1.0,1.0,-1.0,-1.0,-1.0,1.0,-1.0,1.0,1.0,-1.0,1.0,-1.0,-1.0,-1.0,-1.0,-1.0,1.0,-1.0,-1.0,-1.0,-1.0,-1.0,1.0,-1.0,-1.0,-1.0,-1.0,-1.0,-1.0,-1.0,-1.0,-1.0,-1.0,-1.0,-1.0,-1.0,-1.0,-1.0,-1.0,-1.0,-1.0,-1.0,-1.0,-1.0,-1.0,-1.0,-1.0,-1.0,-1.0,-1.0,-1.0,-1.0,-1.0,-1.0,-1.0,-1.0,-1.0,-1.0,-1.0,-1.0,-1.0,-1.0,-1.0,-1.0,-1.0,-1.0,-1.0,-1.0,-1.0,-1.0,-1.0,-1.0,-1.0,-1.0,-1.0,-1.0,-1.0,-1.0,-1.0,-1.0,-1.0,-1.0,-1.0,-1.0,-1.0,-1.0,
Jugram Haschwalth,-1.0,0.0,-0.7,-0.7,-0.7,-0.7,0.0,0.7,0.0,-0.7,-0.7,0.0,1.0,-0.7,0.7,0.0,-1.0,1.0,-1.0,-1.0,-1.0,-0.7,0.0,0.7,-1.0,0.0,-0.7,-1.0,-1.0,0.7,-0.7,-0.7,-1.0,0.0,-1.0,-0.7,-0.7,-1.0,-1.0,-1.0,-1.0,-1.0,-0.7,-0.7,-0.7,-0.7,0.0,0.0,-1.0,-0.7,-1.0,-1.0,-0.7,-0.7,-0.7,-0.7,-1.0,0.0,-1.0,-1.0,-1.0,0.0,-0.7,-0.7,-0.7,-0.7,0.0,-0.7,0.0,-0.7,-0.7,-1.0,0.0,-0.7,-0.7,-0.7,-0.7,-1.0,-1.0,-0.7,-1.0,-0.7,-0.7,-1.0,-1.0,0.0,-0.7,-1.0,0.0,-0.7,-1.0,-1.0,-1.0,
Jugram Haschwalth,0.0,-0.7,-0.7,0.0,-1.0,-1.0,-1.0,1.0,0.7,-0.7,-1.0,-1.0,1.0,0.0,0.7,0.7,-1.0,0.7,-1.0,0.0,-0.7,-0.7,-0.7,0.7,-1.0,-1.0,-0.7,-1.0,-1.0,0.7,0.0,0.0,-1.0,-1.0,-0.7,0.0,0.0,0.0,-0.7,-1.0,-1.0,-1.0,-0.7,-1.0,-0.7,-0.7,-1.0,0.0,-0.7,0.0,0.0,-1.0,-1.0,-1.0,-0.7,-0.7,0.0,-1.0,-0.7,0.0,-0.7,-1.0,-0.7,-1.0,-1.0,-1.0,-1.0,-0.7,-1.0,-0.7,-1.0,-1.0,-1.0,-1.0,-1.0,-0.7,0.0,-1.0,-1.0,-1.0,0.0,-0.7,-0.7,-1.0,-1.0,-1.0,0.0,-1.0,-0.7,-0.7,-0.7,-1.0,-0.7,
Izumi Ishida,1.0,1.0,-1.0,-1.0,-1.0,-1.0,-1.0,-1.0,1.0,-1.0,-1.0,-1.0,-1.0,-1.0,-1.0,-1.0,-1.0,-1.0,-1.0,-1.0,-1.0,-1.0,-1.0,1.0,-1.0,-1.0,-1.0,-1.0,-1.0,-1.0,-1.0,-1.0,-1.0,-1.0,-1.0,-1.0,-1.0,-1.0,-1.0,-1.0,-1.0,-1.0,-1.0,-1.0,-1.0,-1.0,-1.0,-1.0,-1.0,-1.0,-1.0,-1.0,-1.0,-1.0,-1.0,-1.0,-1.0,-1.0,-1.0,-1.0,-1.0,-1.0,-1.0,-1.0,-1.0,-1.0,-1.0,-1.0,-1.0,-1.0,-1.0,-1.0,-1.0,-1.0,-1.0,-1.0,-1.0,-1.0,-1.0,-1.0,-1.0,-1.0,-1.0,-1.0,-1.0,-1.0,-1.0,-1.0,-1.0,-1.0,-1.0,-1.0,-1.0,
Izumi Ishida,1.0,0.0,-1.0,-1.0,-1.0,0.0,-1.0,-0.7,1.0,-1.0,-0.7,-1.0,-0.7,-0.7,0.0,-1.0,-0.7,0.0,-0.7,-1.0,-0.7,0.0,-0.7,0.0,-0.7,-1.0,-1.0,-1.0,-1.0,0.0,-0.7,-0.7,-0.7,-1.0,-1.0,0.0,-0.7,-0.7,0.0,-1.0,0.0,0.0,-1.0,-1.0,0.0,-0.7,-1.0,-0.7,-0.7,-0.7,0.0,0.0,0.0,-1.0,-0.7,-1.0,-1.0,0.0,-0.7,0.0,-1.0,0.0,-1.0,-1.0,-0.7,-1.0,-0.7,0.0,-0.7,-1.0,-1.0,-0.7,-0.7,-0.7,-1.0,-0.7,-1.0,-0.7,-0.7,-1.0,0.0,-0.7,-0.7,-0.7,0.0,-0.7,-1.0,-1.0,-1.0,-1.0,0.0,-0.7,0.0,
Izumi Ishida,1.0,0.7,0.0,-1.0,-0.7,0.0,0.0,0.0,0.0,-0.7,-1.0,-0.7,0.0,-0.7,-1.0,-0.7,-0.7,-1.0,-0.7,-0.7,-0.7,-1.0,-1.0,0.7,-0.7,-1.0,-1.0,-1.0,-0.7,0.0,-0.7,0.0,-0.7,-0.7,-1.0,-0.7,-0.7,-0.7,-0.7,-1.0,-1.0,0.0,-1.0,-1.0,0.0,-0.7,-1.0,-1.0,-1.0,-0.7,-0.7,-1.0,0.0,-1.0,-1.0,0.0,-1.0,0.0,-0.7,-1.0,-0.7,-0.7,0.0,-0.7,-0.7,-1.0,-0.7,-1.0,-1.0,0.0,-1.0,-1.0,-0.7,0.0,-1.0,-1.0,-1.0,-1.0,-0.7,-0.7,-0.7,-0.7,0.0,-0.7,0.0,-0.7,-0.7,-0.7,-0.7,0.0,-1.0,-0.7,-0.7,
Ryuken Ishida,-1.0,-1.0,-1.0,-1.0,1.0,-1.0,-1.0,-1.0,1.0,-1.0,-1.0,-1.0,-1.0,-1.0,1.0,1.0,1.0,-1.0,-1.0,1.0,-1.0,-1.0,-1.0,1.0,-1.0,-1.0,-1.0,-1.0,-1.0,1.0,-1.0,-1.0,-1.0,-1.0,-1.0,1.0,-1.0,-1.0,-1.0,-1.0,-1.0,-1.0,-1.0,-1.0,-1.0,-1.0,-1.0,-1.0,-1.0,-1.0,-1.0,-1.0,-1.0,-1.0,-1.0,-1.0,-1.0,-1.0,-1.0,-1.0,-1.0,-1.0,-1.0,-1.0,-1.0,-1.0,-1.0,-1.0,-1.0,-1.0,-1.0,-1.0,-1.0,-1.0,-1.0,-1.0,-1.0,-1.0,-1.0,-1.0,-1.0,-1.0,-1.0,-1.0,-1.0,-1.0,-1.0,-1.0,-1.0,-1.0,-1.0,-1.0,-1.0,
Ryuken Ishida,-0.7,-0.7,-0.7,-1.0,0.0,-1.0,-0.7,-1.0,1.0,-1.0,-0.7,-1.0,-1.0,-1.0,1.0,1.0,1.0,-0.7,-0.7,0.7,0.0,-0.7,0.0,1.0,-0.7,-1.0,-0.7,-0.7,-1.0,0.7,-0.7,-1.0,-0.7,-0.7,-1.0,1.0,0.0,0.0,-1.0,0.0,-1.0,0.0,-0.7,0.0,-0.7,-1.0,-1.0,-0.7,-1.0,-0.7,0.0,-1.0,-0.7,-1.0,-0.7,-1.0,-1.0,0.0,0.0,-0.7,-0.7,-0.7,-0.7,-1.0,-1.0,-1.0,-1.0,-1.0,-1.0,-0.7,-1.0,-0.7,-0.7,0.0,-1.0,-0.7,-0.7,0.0,-1.0,-1.0,-1.0,-1.0,-0.7,0.0,-1.0,-1.0,-1.0,-1.0,0.0,0.0,-1.0,-1.0,0.0,
Ryuken Ishida,-1.0,-0.7,0.0,-0.7,1.0,-1.0,0.0,-1.0,1.0,-0.7,0.0,-0.7,-1.0,-0.7,1.0,1.0,0.0,-1.0,-1.0,1.0,-0.7,-0.7,-0.7,0.7,-0.7,-0.7,-1.0,-1.0,-0.7,1.0,-1.0,-0.7,-0.7,-0.7,-0.7,0.7,0.0,-1.0,-0.7,-1.0,-1.0,0.0,-1.0,-1.0,-0.7,-1.0,-0.7,-1.0,-1.0,-0.7,-0.7,-0.7,-0.7,-0.7,-0.7,-1.0,-1.0,-1.0,-1.0,-1.0,-1.0,0.0,-0.7,-1.0,-0.7,-0.7,-1.0,-0.7,-1.0,-0.7,-1.0,-0.7,-0.7,-0.7,-0.7,-0.7,-1.0,-0.7,0.0,-0.7,0.0,-1.0,-1.0,-0.7,-1.0,-1.0,-0.7,-1.0,-1.0,0.0,-1.0,-1.0,-1.0,
Soken Ishida,-1.0,-1.0,-1.0,-1.0,1.0,-1.0,-1.0,-1.0,1.0,-1.0,-1.0,-1.0,-1.0,-1.0,-1.0,1.0,1.0,1.0,-1.0,1.0,-1.0,-1.0,-1.0,1.0,-1.0,-1.0,-1.0,-1.0,-1.0,1.0,-1.0,-1.0,-1.0,-1.0,-1.0,1.0,-1.0,-1.0,-1.0,-1.0,-1.0,-1.0,-1.0,-1.0,-1.0,-1.0,-1.0,-1.0,-1.0,-1.0,-1.0,-1.0,-1.0,-1.0,-1.0,-1.0,-1.0,-1.0,-1.0,-1.0,-1.0,-1.0,-1.0,-1.0,-1.0,-1.0,-1.0,-1.0,-1.0,-1.0,-1.0,-1.0,-1.0,-1.0,-1.0,-1.0,-1.0,-1.0,-1.0,-1.0,-1.0,-1.0,-1.0,-1.0,-1.0,-1.0,-1.0,-1.0,-1.0,-1.0,-1.0,-1.0,-1.0,
Soken Ishida,0.0,-0.7,-1.0,-1.0,0.7,-1.0,0.0,-0.7,1.0,0.0,-1.0,-1.0,-1.0,-0.7,-1.0,1.0,1.0,0.0,-1.0,1.0,-0.7,-0.7,0.0,1.0,0.0,-0.7,-1.0,0.0,-0.7,0.7,0.0,-0.7,-1.0,0.0,-1.0,0.7,-1.0,-1.0,-0.7,-0.7,-0.7,0.0,-1.0,-0.7,-0.7,-0.7,-0.7,-1.0,-0.7,-0.7,-1.0,-0.7,-1.0,0.0,-0.7,-1.0,-1.0,-0.7,-0.7,0.0,-1.0,-1.0,0.0,-1.0,-0.7,-1.0,-0.7,-1.0,-0.7,-0.7,0.0,-1.0,-1.0,-1.0,0.0,-0.7,-0.7,-1.0,-0.7,-1.0,-1.0,-0.7,-1.0,-0.7,0.0,0.0,-0.7,-1.0,-0.7,-1.0,-1.0,-0.7,0.0,
Soken Ishida,-1.0,-1.0,-0.7,-1.0,0.7,-1.0,-1.0,-0.7,0.0,-0.7,0.0,-1.0,0.0,-1.0,0.0,0.7,1.0,1.0,-0.7,1.0,0.0,-1.0,-1.0,1.0,-1.0,-0.7,-0.7,0.0,-1.0,0.0,-1.0,0.0,-1.0,-0.7,-0.7,1.0,-1.0,-0.7,-1.0,-0.7,-0.7,-0.7,0.0,-1.0,-1.0,-1.0,-0.7,0.0,0.0,0.0,0.0,0.0,-1.0,0.0,-0.7,-1.0,-1.0,-1.0,-0.7,-0.7,-1.0,-0.7,-1.0,0.0,-0.7,0.0,-1.0,0.0,-1.0,-0.7,-0.7,-0.7,0.0,-0.7,0.0,-1.0,-1.0,-0.7,-1.0,0.0,-0.7,-0.7,-0.7,-0.7,-1.0,-0.7,-0.7,0.0,-1.0,-0.7,-1.0,-1.0,-0.7,
Uryu Ishida,-1.0,1.0,-1.0,-1.0,1.0,-1.0,-1.0,-1.0,1.0,-1.0,-1.0,-1.0,1.0,-1.0,1.0,1.0,1.0,-1.0,1.0,-1.0,-1.0,-1.0,-1.0,1.0,-1.0,-1.0,-1.0,-1.0,-1.0,-1.0,-1.0,-1.0,-1.0,-1.0,-1.0,1.0,1.0,-1.0,-1.0,-1.0,-1.0,-1.0,-1.0,-1.0,-1.0,-1.0,-1.0,-1.0,-1.0,-1.0,-1.0,-1.0,-1.0,-1.0,-1.0,-1.0,-1.0,-1.0,-1.0,-1.0,-1.0,-1.0,-1.0,-1.0,-1.0,-1.0,-1.0,-1.0,-1.0,-1.0,-1.0,-1.0,-1.0,-1.0,-1.0,-1.0,-1.0,-1.0,-1.0,-1.0,-1.0,-1.0,-1.0,-1.0,-1.0,-1.0,-1.0,-1.0,-1.0,-1.0,-1.0,-1.0,-1.0,
Uryu Ishida,-1.0,0.7,-0.7,-1.0,0.7,-1.0,0.0,-1.0,1.0,-0.7,0.0,0.0,1.0,-1.0,0.7,0.0,1.0,-0.7,1.0,-1.0,-0.7,-1.0,-1.0,1.0,-0.7,-1.0,-0.7,0.0,-1.0,-0.7,0.0,-1.0,-1.0,-1.0,-0.7,0.7,1.0,0.0,-0.7,-1.0,-0.7,-1.0,-0.7,-1.0,-0.7,-1.0,-0.7,-1.0,-0.7,-1.0,-1.0,-1.0,-1.0,-0.7,0.0,-0.7,0.0,-1.0,-1.0,-0.7,0.0,-0.7,-1.0,-1.0,-1.0,-1.0,-0.7,-1.0,0.0,0.0,0.0,0.0,-1.0,0.0,-1.0,0.0,-1.0,-0.7,-1.0,-1.0,0.0,0.0,-0.7,-0.7,-0.7,-1.0,-0.7,-0.7,-0.7,0.0,-0.7,-0.7,0.0,
Uryu Ishida,0.0,0.0,-0.7,-1.0,1.0,-1.0,-0.7,-1.0,0.7,0.0,0.0,-1.0,1.0,0.0,0.7,0.0,0.0,-0.7,1.0,-0.7,-0.7,-1.0,-0.7,0.0,-1.0,0.0,-0.7,0.0,-1.0,-1.0,-1.0,-1.0,-1.0,0.0,-0.7,0.0,0.7,-1.0,-0.7,0.0,-0.7,-1.0,0.0,-1.0,-0.7,-0.7,-1.0,-1.0,0.0,0.0,-0.7,-1.0,-1.0,-1.0,-0.7,-1.0,-1.0,-0.7,-0.7,0.0,-0.7,-0.7,-1.0,-0.7,-0.7,-0.7,-0.7,-0.7,0.0,-0.7,-0.7,-0.7,-1.0,-0.7,0.0,-1.0,-1.0,-0.7,-1.0,-0.7,-1.0,-0.7,-0.7,-0.7,-1.0,-1.0,-1.0,-0.7,-1.0,-0.7,-0.7,-1.0,-1.0,
James,-1.0,-1.0,-1.0,-1.0,1.0,1.0,-1.0,-1.0,-1.0,1.0,-1.0,1.0,1.0,-1.0,-1.0,-1.0,-1.0,1.0,-1.0,-1.0,-1.0,-1.0,-1.0,1.0,-1.0,-1.0,-1.0,-1.0,-1.0,-1.0,-1.0,-1.0,-1.0,-1.0,-1.0,-1.0,-1.0,-1.0,-1.0,-1.0,-1.0,-1.0,-1.0,-1.0,-1.0,-1.0,-1.0,-1.0,-1.0,-1.0,-1.0,-1.0,-1.0,-1.0,-1.0,-1.0,-1.0,-1.0,-1.0,-1.0,-1.0,-1.0,-1.0,-1.0,-1.0,-1.0,-1.0,-1.0,-1.0,-1.0,-1.0,-1.0,-1.0,-1.0,-1.0,-1.0,-1.0,-1.0,-1.0,-1.0,-1.0,-1.0,-1.0,-1.0,-1.0,-1.0,-1.0,-1.0,-1.0,-1.0,-1.0,-1.0,-1.0,
James,-1.0,-0.7,-1.0,-1.0,1.0,0.0,-0.7,0.0,-1.0,1.0,-1.0,0.0,1.0,-0.7,-1.0,-0.7,-1.0,0.7,0.0,-0.7,-0.7,-0.7,0.0,1.0,-1.0,-0.7,-0.7,0.0,-0.7,-0.7,-1.0,-0.7,-0.7,-0.7,-1.0,0.0,-1.0,-1.0,0.0,-0.7,-0.7,0.0,-1.0,-1.0,-0.7,-1.0,0.0,0.0,-1.0,0.0,-1.0,-0.7,0.0,0.0,-1.0,-1.0,-1.0,-0.7,-0.7,-1.0,-0.7,0.0,-0.7,-1.0,0.0,-1.0,-0.7,-1.0,-0.7,-0.7,-0.7,-0.7,-1.0,-0.7,-0.7,-1.0,0.0,0.0,0.0,-0.7,-1.0,-0.7,0.0,-1.0,-0.7,-1.0,-1.0,-1.0,0.0,-0.7,-1.0,-0.7,-1.0,
James,-0.7,0.0,-0.7,-0.7,0.7,0.7,-0.7,0.0,-0.7,0.0,0.0,0.7,0.0,-1.0,-0.7,-0.7,-0.7,0.0,-1.0,-1.0,0.0,-1.0,-1.0,1.0,-0.7,-0.7,0.0,-1.0,0.0,-1.0,-1.0,-0.7,-1.0,-1.0,-1.0,-1.0,0.0,-1.0,0.0,0.0,-1.0,-0.7,-0.7,0.0,0.0,-0.7,-1.0,-0.7,0.0,-0.7,0.0,-0.7,-1.0,0.0,0.0,-1.0,-1.0,-0.7,-0.7,-1.0,-1.0,-0.7,-1.0,-1.0,-0.7,0.0,-0.7,-0.7,-0.7,-0.7,-1.0,-1.0,-1.0,0.0,0.0,-0.7,0.0,0.0,0.0,-1.0,-0.7,-0.7,-0.7,-1.0,-0.7,-0.7,0.0,-0.7,-1.0,-1.0,-0.7,-0.7,-0.7,
Kanae Katagiri,1.0,1.0,-1.0,-1.0,-1.0,-1.0,-1.0,-1.0,1.0,-1.0,-1.0,-1.0,-1.0,-1.0,-1.0,-1.0,-1.0,1.0,-1.0,-1.0,-1.0,-1.0,-1.0,1.0,-1.0,-1.0,-1.0,-1.0,-1.0,-1.0,-1.0,-1.0,-1.0,-1.0,-1.0,-1.0,-1.0,-1.0,-1.0,-1.0,-1.0,-1.0,-1.0,-1.0,-1.0,-1.0,-1.0,-1.0,-1.0,-1.0,-1.0,-1.0,-1.0,-1.0,-1.0,-1.0,-1.0,-1.0,-1.0,-1.0,-1.0,-1.0,-1.0,-1.0,-1.0,-1.0,-1.0,-1.0,-1.0,-1.0,-1.0,-1.0,-1.0,-1.0,-1.0,-1.0,-1.0,-1.0,-1.0,-1.0,-1.0,-1.0,-1.0,-1.0,-1.0,-1.0,-1.0,-1.0,-1.0,-1.0,-1.0,-1.0,-1.0,
Kanae Katagiri,0.7,0.0,-1.0,-0.7,0.0,0.0,-1.0,-1.0,1.0,0.0,-0.7,-0.7,-1.0,-1.0,-0.7,-0.7,-0.7,1.0,-1.0,0.0,-1.0,0.0,-1.0,1.0,-0.7,0.0,-1.0,-0.7,-0.7,-1.0,-1.0,0.0,-1.0,-0.7,0.0,-1.0,-1.0,-1.0,-1.0,-1.0,-0.7,-0.7,-0.7,0.0,-1.0,-1.0,-1.0,-1.0,-1.0,-0.7,0.0,0.0,-1.0,0.0,0.0,-1.0,-1.0,0.0,-0.7,0.0,-0.7,-1.0,-1.0,0.0,-1.0,-1.0,-0.7,-1.0,-1.0,-0.7,-1.0,-0.7,-1.0,-0.7,-1.0,-1.0,-0.7,-1.0,-1.0,-0.7,-1.0,-1.0,-0.7,-0.7,-0.7,-0.7,-0.7,-0.7,-1.0,-1.0,-0.7,-0.7,-0.7,
Kanae Katagiri,1.0,1.0,0.0,-0.7,-0.7,-1.0,-1.0,-1.0,0.7,0.0,0.0,-0.7,0.0,-0.7,-1.0,-1.0,-0.7,1.0,-0.7,0.0,-1.0,-1.0,-1.0,0.7,-1.0,-0.7,-1.0,-0.7,-1.0,0.0,-0.7,-0.7,-0.7,-0.7,-1.0,-0.7,-0.7,-0.7,-1.0,-1.0,-1.0,-1.0,0.0,-1.0,-1.0,-0.7,0.0,-0.7,-1.0,-1.0,-0.7,-1.0,-1.0,-1.0,0.0,-1.0,-0.7,0.0,-0.7,-1.0,-1.0,0.0,-1.0,-0.7,0.0,-1.0,-0.7,0.0,-0.7,-0.7,0.0,-0.7,-0.7,-0.7,-1.0,-1.0,-1.0,-1.0,-1.0,-0.7,-1.0,0.0,-0.7,-0.7,-0.7,-1.0,-0.7,-0.7,-0.7,-1.0,-0.7,-0.7,-0.7,
Huburt Kleich,-1.0,1.0,-1.0,-1.0,-1.0,-1.0,-1.0,-1.0,1.0,-1.0,-1.0,-1.0,1.0,-1.0,-1.0,-1.0,-1.0,1.0,-1.0,-1.0,-1.0,-1.0,-1.0,1.0,-1.0,-1.0,-1.0,-1.0,-1.0,-1.0,-1.0,-1.0,-1.0,-1.0,-1.0,-1.0,-1.0,-1.0,-1.0,-1.0,-1.0,-1.0,-1.0,-1.0,-1.0,-1.0,-1.0,-1.0,-1.0,-1.0,-1.0,-1.0,-1.0,-1.0,-1.0,-1.0,-1.0,-1.0,-1.0,-1.0,-1.0,-1.0,-1.0,-1.0,-1.0,-1.0,-1.0,-1.0,-1.0,-1.0,-1.0,-1.0,-1.0,-1.0,-1.0,-1.0,-1.0,-1.0,-1.0,-1.0,-1.0,-1.0,-1.0,-1.0,-1.0,-1.0,-1.0,-1.0,-1.0,-1.0,-1.0,-1.0,-1.0,
Huburt Kleich,-1.0,0.7,-0.7,-0.7,-0.7,-1.0,-1.0,-1.0,1.0,-1.0,-1.0,-1.0,0.7,0.0,-1.0,-1.0,0.0,0.7,-1.0,-0.7,-1.0,-0.7,0.0,1.0,0.0,-1.0,-0.7,-0.7,-0.7,-1.0,-0.7,-0.7,-0.7,-1.0,-1.0,-0.7,0.0,-0.7,-0.7,-1.0,-0.7,-1.0,-0.7,0.0,0.0,-1.0,-0.7,-1.0,-1.0,-1.0,-1.0,-0.7,-0.7,0.0,-1.0,-1.0,-1.0,-1.0,0.0,-1.0,0.0,-1.0,-1.0,-1.0,0.0,-1.0,0.0,-0.7,-1.0,-0.7,-1.0,-1.0,0.0,-0.7,-0.7,-1.0,-1.0,-1.0,-0.7,-0.7,-0.7,-0.7,-1.0,-1.0,-1.0,-0.7,-0.7,-1.0,-1.0,-0.7,0.0,-0.7,-1.0,
Huburt Kleich,-0.7,0.7,-1.0,-0.7,-1.0,-1.0,0.0,0.0,0.7,-1.0,-0.7,-1.0,1.0,-1.0,-0.7,-1.0,-0.7,1.0,0.0,0.0,-0.7,-0.7,-1.0,0.7,0.0,-1.0,-0.7,-1.0,-1.0,-0.7,0.0,-1.0,-0.7,0.0,-0.7,0.0,-1.0,0.0,-1.0,0.0,-1.0,-0.7,-1.0,-0.7,-1.0,0.0,-1.0,-0.7,-1.0,0.0,-0.7,0.0,-0.7,-1.0,-1.0,-0.7,-0.7,-0.7,-1.0,-0.7,0.0,-1.0,-1.0,-0.7,-1.0,-0.7,-0.7,0.0,0.0,-0.7,-1.0,-1.0,0.0,-0.7,-0.7,-0.7,-1.0,-1.0,-1.0,-0.7,-0.7,-1.0,-0.7,0.0,-0.7,-0.7,-1.0,0.0,-0.7,0.0,-0.7,0.0,0.0,
Masaki Kurosaki,1.0,-1.0,-1.0,-1.0,-1.0,-1.0,-1.0,-1.0,1.0,-1.0,-1.0,-1.0,-1.0,-1.0,-1.0,-1.0,-1.0,1.0,-1.0,-1.0,-1.0,-1.0,-1.0,1.0,-1.0,-1.0,-1.0,-1.0,-1.0,-1.0,-1.0,-1.0,-1.0,-1.0,-1.0,-1.0,-1.0,-1.0,-1.0,-1.0,-1.0,-1.0,-1.0,-1.0,-1.0,-1.0,-1.0,-1.0,-1.0,-1.0,-1.0,-1.0,-1.0,-1.0,-1.0,-1.0,-1.0,-1.0,-1.0,-1.0,-1.0,-1.0,-1.0,-1.0,-1.0,-1.0,-1.0,-1.0,-1.0,-1.0,-1.0,-1.0,-1.0,-1.0,-1.0,-1.0,-1.0,-1.0,-1.0,-1.0,-1.0,-1.0,-1.0,-1.0,-1.0,-1.0,-1.0,-1.0,-1.0,-1.0,-1.0,-1.0,-1.0,
Masaki Kurosaki,0.7,-1.0,-1.0,-1.0,-1.0,-1.0,-0.7,-1.0,0.7,0.0,-0.7,0.0,-1.0,-0.7,-1.0,-0.7,-0.7,1.0,-1.0,-0.7,-0.7,-0.7,-1.0,0.7,-1.0,0.0,0.0,-1.0,-1.0,-0.7,-1.0,0.0,-0.7,-1.0,-1.0,-0.7,-0.7,-0.7,-1.0,-1.0,-0.7,-0.7,-1.0,-1.0,-0.7,-0.7,-1.0,-0.7,-1.0,-1.0,-0.7,-0.7,-1.0,-1.0,-1.0,0.0,-1.0,-1.0,-1.0,-0.7,-0.7,-1.0,-0.7,-1.0,-0.7,-1.0,-1.0,-1.0,-0.7,-0.7,-0.7,-1.0,-1.0,-0.7,0.0,0.0,-0.7,-1.0,-0.7,-1.0,-0.7,-1.0,-1.0,-1.0,-0.7,-0.7,-0.7,0.0,0.0,-1.0,-0.7,-0.7,0.0,
Masaki Kurosaki,1.0,-1.0,-1.0,0.0,0.0,-1.0,0.0,-1.0,1.0,-0.7,-1.0,-1.0,0.0,-0.7,0.0,-1.0,-1.0,1.0,0.0,-1.0,-1.0,-1.0,-0.7,1.0,-1.0,-0.7,-1.0,-1.0,-1.0,0.0,-1.0,-1.0,-1.0,0.0,-1.0,0.0,0.0,-1.0,-1.0,-0.7,-0.7,-0.7,0.0,-1.0,-0.7,-1.0,-0.7,-0.7,-1.0,-1.0,-1.0,-0.7,0.0,-0.7,-0.7,-1.0,-1.0,-1.0,-1.0,-0.7,0.0,-0.7,-0.7,-1.0,-1.0,-1.0,-0.7,-0.7,-1.0,-0.7,-0.7,-1.0,-0.7,-0.7,-1.0,-0.7,-1.0,-0.7,0.0,-0.7,-1.0,-1.0,-1.0,-1.0,-0.7,-1.0,-1.0,-0.7,-0.7,-1.0,-0.7,0.0,-1.0,
Liltotto Lamperd,1.0,-1.0,1.0,-1.0,-1.0,1.0,-1.0,-1.0,-1.0,1.0,-1.0,-1.0,1.0,-1.0,-1.0,-1.0,-1.0,1.0,-1.0,-1.0,-1.0,-1.0,-1.0,1.0,-1.0,-1.0,-1.0,-1.0,-1.0,1.0,-1.0,-1.0,-1.0,-1.0,-1.0,-1.0,-1.0,-1.0,-1.0,-1.0,-1.0,-1.0,-1.0,-1.0,-1.0,-1.0,-1.0,-1.0,-1.0,-1.0,-1.0,-1.0,-1.0,-1.0,-1.0,-1.0,-1.0,-1.0,-1.0,-1.0,-1.0,-1.0,-1.0,-1.0,-1.0,-1.0,-1.0,-1.0,-1.0,-1.0,-1.0,-1.0,-1.0,-1.0,-1.0,-1.0,-1.0,-1.0,-1.0,-1.0,-1.0,-1.0,-1.0,-1.0,-1.0,-1.0,-1.0,-1.0,-1.0,-1.0,-1.0,-1.0,-1.0,
Liltotto Lamperd,0.7,-0.7,0.7,-1.0,-1.0,0.7,0.0,-0.7,0.0,0.7,0.0,-0.7,0.0,-1.0,0.0,-1.0,-1.0,0.7,-1.0,-1.0,0.0,-0.7,0.0,0.0,-1.0,-1.0,-1.0,-0.7,-0.7,0.7,-1.0,-1.0,-0.7,-1.0,0.0,-1.0,-1.0,-1.0,-0.7,-1.0,-1.0,-0.7,0.0,0.0,-1.0,-0.7,-1.0,-1.0,-0.7,-1.0,-0.7,0.0,-1.0,-1.0,-0.7,-0.7,0.0,0.0,-0.7,-1.0,-0.7,-1.0,0.0,-1.0,-0.7,-1.0,-0.7,-0.7,-0.7,-0.7,-0.7,-1.0,0.0,0.0,-1.0,0.0,0.0,-0.7,-1.0,-0.7,-1.0,-0.7,-0.7,0.0,-0.7,-1.0,-0.7,-1.0,-1.0,-1.0,-1.0,0.0,-0.7,
Liltotto Lamperd,0.7,-1.0,0.7,-0.7,-0.7,0.0,-0.7,-0.7,-1.0,1.0,0.0,-0.7,0.7,0.0,-0.7,-0.7,-1.0,0.7,-1.0,-1.0,0.0,-1.0,-1.0,1.0,-1.0,-1.0,-1.0,-0.7,-0.7,0.7,0.0,-0.7,-1.0,-1.0,-0.7,-0.7,-1.0,-1.0,-0.7,-0.7,-0.7,-1.0,-0.7,-0.7,0.0,-0.7,-0.7,-0.7,-0.7,-1.0,0.0,-0.7,-0.7,0.0,0.0,-0.7,-1.0,-1.0,0.0,-1.0,0.0,-1.0,-0.7,-0.7,-1.0,0.0,-0.7,-1.0,-1.0,-0.7,-1.0,0.0,-1.0,-1.0,-1.0,-1.0,-1.0,0.0,-1.0,-1.0,-1.0,-0.7,-0.7,-0.7,-1.0,-0.7,-0.7,-0.7,-1.0,-0.7,-1.0,-1.0,-1.0,
Algora Lallau,-1.0,-1.0,-1.0,-1.0,-1.0,-1.0,-1.0,-1.0,1.0,-1.0,-1.0,-1.0,1.0,-1.0,-1.0,-1.0,-1.0,1.0,-1.0,-1.0,-1.0,-1.0,-1.0,1.0,-1.0,-1.0,-1.0,-1.0,-1.0,-1.0,-1.0,-1.0,-1.0,-1.0,-1.0,-1.0,-1.0,-1.0,-1.0,-1.0,-1.0,-1.0,-1.0,-1.0,-1.0,-1.0,-1.0,-1.0,-1.0,-1.0,-1.0,-1.0,-1.0,-1.0,-1.0,-1.0,-1.0,-1.0,-1.0,-1.0,-1.0,-1.0,-1.0,-1.0,-1.0,-1.0,-1.0,-1.0,-1.0,-1.0,-1.0,-1.0,-1.0,-1.0,-1.0,-1.0,-1.0,-1.0,-1.0,-1.0,-1.0,-1.0,-1.0,-1.0,-1.0,-1.0,-1.0,-1.0,-1.0,-1.0,-1.0,-1.0,-1.0,
Algora Lallau,-0.7,-1.0,-0.7,0.0,-0.7,-0.7,-0.7,-0.7,1.0,-0.7,-0.7,-1.0,1.0,-1.0,0.0,-1.0,-1.0,0.7,0.0,-1.0,-0.7,-0.7,-0.7,0.0,-1.0,0.0,0.0,0.0,-0.7,0.0,-1.0,-1.0,-1.0,-1.0,-0.7,-1.0,-1.0,-0.7,0.0,-0.7,0.0,-0.7,0.0,-0.7,0.0,-1.0,0.0,-0.7,-0.7,-0.7,0.0,0.0,-1.0,-1.0,-1.0,-1.0,-1.0,-0.7,-0.7,-0.7,-0.7,-0.7,-1.0,-0.7,-0.7,-1.0,-1.0,-1.0,0.0,-0.7,-0.7,-1.0,-1.0,-1.0,-1.0,-1.0,-1.0,-0.7,-1.0,-0.7,-0.7,-0.7,-0.7,-1.0,0.0,0.0,-1.0,-1.0,0.0,0.0,-1.0,-1.0,0.0,
Algora Lallau,-1.0,0.0,-1.0,0.0,-1.0,-1.0,0.0,-1.0,1.0,0.0,-1.0,-1.0,1.0,-0.7,-0.7,0.0,-0.7,1.0,-1.0,0.0,-0.7,0.0,0.0,1.0,-0.7,-0.7,-1.0,-1.0,0.0,-0.7,-0.7,-0.7,-0.7,-1.0,-0.7,-0.7,0.0,-0.7,0.0,-1.0,0.0,0.0,-0.7,-1.0,-1.0,-0.7,-0.7,-0.7,-0.7,-0.7,-1.0,-1.0,-1.0,-1.0,-0.7,0.0,-1.0,-1.0,-0.7,0.0,-1.0,0.0,-1.0,-1.0,-0.7,-0.7,-0.7,0.0,-1.0,-0.7,-0.7,0.0,-0.7,-1.0,-0.7,0.0,-1.0,-1.0,-1.0,-0.7,-1.0,-1.0,-0.7,-1.0,-1.0,-0.7,-1.0,-1.0,-1.0,-1.0,-0.7,-0.7,-0.7,
Guenael Lee,-1.0,-1.0,-1.0,-1.0,1.0,-1.0,1.0,-1.0,1.0,-1.0,-1.0,-1.0,1.0,-1.0,-1.0,-1.0,-1.0,1.0,-1.0,-1.0,-1.0,-1.0,-1.0,1.0,-1.0,-1.0,-1.0,-1.0,-1.0,1.0,-1.0,-1.0,-1.0,1.0,-1.0,-1.0,-1.0,-1.0,-1.0,-1.0,-1.0,-1.0,-1.0,-1.0,-1.0,-1.0,-1.0,-1.0,-1.0,-1.0,-1.0,-1.0,-1.0,-1.0,-1.0,-1.0,-1.0,-1.0,-1.0,-1.0,-1.0,-1.0,-1.0,-1.0,-1.0,-1.0,-1.0,-1.0,-1.0,-1.0,-1.0,-1.0,-1.0,-1.0,-1.0,-1.0,-1.0,-1.0,-1.0,-1.0,-1.0,-1.0,-1.0,-1.0,-1.0,-1.0,-1.0,-1.0,-1.0,-1.0,-1.0,-1.0,-1.0,
Guenael Lee,-1.0,-1.0,0.0,-1.0,1.0,0.0,0.7,-0.7,0.7,-1.0,0.0,0.0,1.0,0.0,-0.7,-0.7,-1.0,0.7,-1.0,-0.7,-1.0,-0.7,-0.7,0.0,-1.0,0.0,-1.0,0.0,-0.7,0.0,-0.7,-0.7,-1.0,0.0,0.0,-1.0,-1.0,-0.7,0.0,-1.0,0.0,-1.0,0.0,-0.7,-1.0,-1.0,-0.7,-0.7,0.0,-0.7,-0.7,0.0,-0.7,0.0,0.0,0.0,-1.0,-0.7,-0.7,-0.7,-0.7,0.0,-1.0,-0.7,-1.0,-1.0,-0.7,-1.0,-1.0,-0.7,-1.0,-1.0,0.0,0.0,-1.0,-1.0,0.0,-1.0,-0.7,-0.7,-0.7,0.0,-1.0,-0.7,-0.7,0.0,0.0,-0.7,0.0,-1.0,-1.0,-1.0,-1.0,
Guenael Lee,-0.7,0.0,-0.7,-0.7,1.0,-0.7,0.7,-0.7,1.0,-0.7,-0.7,-0.7,1.0,-1.0,-1.0,-0.7,-0.7,0.0,-0.7,-1.0,-0.7,-0.7,-1.0,0.7,-1.0,-1.0,-0.7,-0.7,-0.7,1.0,0.0,-0.7,0.0,0.7,-0.7,-1.0,-0.7,-0.7,-1.0,-0.7,-0.7,-0.7,-1.0,-1.0,-1.0,-0.7,-1.0,-1.0,0.0,-1.0,-0.7,0.0,-0.7,-0.7,0.0,0.0,-0.7,-1.0,-0.7,0.0,0.0,0.0,-0.7,-0.7,-1.0,-1.0,-0.7,-1.0,-1.0,0.0,-1.0,0.0,-1.0,0.0,-0.7,-1.0,-0.7,0.0,-0.7,-0.7,0.0,-1.0,0.0,-1.0,-0.7,-1.0,-0.7,-1.0,-1.0,-0.7,-0.7,-0.7,-0.7,
Loyd Lloyd,-1.0,-1.0,-1.0,1.0,-1.0,-1.0,-1.0,-1.0,1.0,-1.0,-1.0,-1.0,1.0,-1.0,-1.0,-1.0,-1.0,1.0,-1.0,-1.0,-1.0,-1.0,-1.0,1.0,-1.0,-1.0,-1.0,-1.0,-1.0,1.0,-1.0,-1.0,-1.0,1.0,-1.0,1.0,-1.0,-1.0,-1.0,-1.0,-1.0,-1.0,-1.0,-1.0,-1.0,-1.0,-1.0,-1.0,-1.0,-1.0,-1.0,-1.0,-1.0,-1.0,-1.0,-1.0,-1.0,-1.0,-1.0,-1.0,-1.0,-1.0,-1.0,-1.0,-1.0,-1.0,-1.0,-1.0,-1.0,-1.0,-1.0,-1.0,-1.0,-1.0,-1.0,-1.0,-1.0,-1.0,-1.0,-1.0,-1.0,-1.0,-1.0,-1.0,-1.0,-1.0,-1.0,-1.0,-1.0,-1.0,-1.0,-1.0,-1.0,
Loyd Lloyd,-1.0,0.0,-1.0,1.0,-0.7,-0.7,-1.0,-1.0,0.0,-0.7,-0.7,0.0,1.0,-0.7,-1.0,-1.0,-1.0,0.7,-1.0,-0.7,0.0,-0.7,-1.0,1.0,-0.7,-1.0,0.0,0.0,-0.7,1.0,0.0,-0.7,-0.7,1.0,-0.7,0.0,-1.0,0.0,-1.0,0.0,-0.7,-1.0,-1.0,-0.7,-1.0,-0.7,-1.0,-1.0,-0.7,-0.7,-0.7,-0.7,-0.7,-0.7,-1.0,-1.0,-1.0,-0.7,-0.7,-0.7,-0.7,-1.0,-0.7,-1.0,-0.7,-0.7,0.0,0.0,-0.7,0.0,-1.0,-1.0,0.0,0.0,-0.7,-1.0,0.0,-1.0,-1.0,-0.7,-1.0,-1.0,0.0,-1.0,0.0,0.0,0.0,0.0,-0.7,-0.7,0.0,-0.7,-0.7,
Loyd Lloyd,-0.7,-0.7,-0.7,0.7,-0.7,-0.7,-0.7,-1.0,0.7,-1.0,0.0,0.0,0.7,0.0,-0.7,-1.0,-0.7,1.0,-1.0,-0.7,-0.7,-0.7,-0.7,1.0,-0.7,-1.0,-1.0,-0.7,-1.0,1.0,-1.0,-0.7,0.0,0.0,-0.7,0.7,-1.0,-1.0,-0.7,-0.7,-0.7,-1.0,-1.0,-1.0,-0.7,-1.0,-0.7,-1.0,-0.7,-1.0,-1.0,-1.0,-1.0,-1.0,0.0,-1.0,-1.0,-0.7,-0.7,-1.0,-0.7,-0.7,-1.0,-0.7,-1.0,-1.0,0.0,-1.0,-1.0,0.0,-0.7,-0.7,-0.7,-0.7,-0.7,-1.0,-0.7,-1.0,-1.0,-0.7,-0.7,-1.0,-1.0,-0.7,-0.7,0.0,-0.7,0.0,-0.7,-0.7,0.0,0.0,-0.7,
Royd Lloyd,-1.0,-1.0,-1.0,1.0,-1.0,-1.0,-1.0,-1.0,1.0,-1.0,-1.0,-1.0,1.0,-1.0,-1.0,-1.0,-1.0,1.0,-1.0,-1.0,-1.0,-1.0,-1.0,1.0,-1.0,-1.0,-1.0,-1.0,-1.0,1.0,-1.0,-1.0,-1.0,1.0,-1.0,1.0,-1.0,-1.0,-1.0,-1.0,-1.0,-1.0,-1.0,-1.0,-1.0,-1.0,-1.0,-1.0,-1.0,-1.0,-1.0,-1.0,-1.0,-1.0,-1.0,-1.0,-1.0,-1.0,-1.0,-1.0,-1.0,-1.0,-1.0,-1.0,-1.0,-1.0,-1.0,-1.0,-1.0,-1.0,-1.0,-1.0,-1.0,-1.0,-1.0,-1.0,-1.0,-1.0,-1.0,-1.0,-1.0,-1.0,-1.0,-1.0,-1.0,-1.0,-1.0,-1.0,-1.0,-1.0,-1.0,-1.0,-1.0,
Royd Lloyd,-0.7,-1.0,0.0,0.7,0.0,-1.0,-1.0,-0.7,0.0,0.0,-1.0,-0.7,1.0,-0.7,-0.7,-0.7,0.0,1.0,-0.7,-0.7,-1.0,0.0,0.0,1.0,-0.7,-1.0,-0.7,-0.7,-1.0,0.0,-0.7,0.0,-1.0,0.0,-0.7,1.0,-1.0,0.0,-0.7,-0.7,0.0,-1.0,-0.7,-0.7,-0.7,-1.0,-0.7,-0.7,-0.7,-0.7,-1.0,0.0,-0.7,0.0,-1.0,-1.0,-1.0,-0.7,-1.0,-0.7,0.0,-1.0,-1.0,0.0,-1.0,-0.7,-1.0,-0.7,-1.0,-0.7,-0.7,-0.7,-1.0,-0.7,-1.0,0.0,-0.7,-1.0,-1.0,-1.0,-1.0,-0.7,-1.0,0.0,-1.0,-0.7,-1.0,-1.0,0.0,0.0,-0.7,-0.7,0.0,
Royd Lloyd,-0.7,-1.0,-1.0,0.7,-0.7,-0.7,-1.0,0.0,0.7,-0.7,-1.0,0.0,0.7,-0.7,0.0,0.0,-1.0,0.0,-0.7,-1.0,-1.0,-0.7,-0.7,0.7,-1.0,0.0,0.0,-0.7,0.0,0.0,-1.0,-0.7,0.0,1.0,0.0,1.0,-0.7,-0.7,-0.7,-0.7,-0.7,-0.7,-0.7,-0.7,-0.7,0.0,-1.0,-0.7,-1.0,-0.7,-1.0,-0.7,-1.0,-1.0,-0.7,-0.7,-0.7,-1.0,0.0,-1.0,0.0,-0.7,-1.0,-0.7,0.0,-0.7,-1.0,-0.7,-0.7,0.0,0.0,-1.0,-1.0,-1.0,0.0,-0.7,0.0,-0.7,-0.7,-1.0,0.0,-0.7,0.0,-1.0,-0.7,-0.7,-1.0,-0.7,-0.7,-1.0,-1.0,-0.7,-1.0,
Mask De Masculine,-1.0,-1.0,1.0,-1.0,-1.0,-1.0,-1.0,-1.0,-1.0,1.0,-1.0,-1.0,1.0,-1.0,-1.0,-1.0,-1.0,1.0,-1.0,-1.0,-1.0,-1.0,-1.0,1.0,-1.0,-1.0,-1.0,-1.0,-1.0,-1.0,-1.0,-1.0,-1.0,-1.0,-1.0,-1.0,-1.0,1.0,-1.0,-1.0,-1.0,-1.0,-1.0,-1.0,-1.0,-1.0,-1.0,-1.0,-1.0,-1.0,-1.0,-1.0,-1.0,-1.0,-1.0,-1.0,-1.0,-1.0,-1.0,-1.0,-1.0,-1.0,-1.0,-1.0,-1.0,-1.0,-1.0,-1.0,-1.0,-1.0,-1.0,-1.0,-1.0,-1.0,-1.0,-1.0,-1.0,-1.0,-1.0,-1.0,-1.0,-1.0,-1.0,-1.0,-1.0,-1.0,-1.0,-1.0,-1.0,-1.0,-1.0,-1.0,-1.0,
Mask De Masculine,-0.7,-0.7,1.0,-1.0,0.0,-1.0,-0.7,-0.7,0.0,1.0,0.0,-0.7,1.0,-1.0,-0.7,-1.0,-1.0,0.0,-1.0,-0.7,-0.7,-0.7,-1.0,0.7,-0.7,-1.0,-1.0,-1.0,-1.0,-1.0,-1.0,-0.7,-0.7,-0.7,-0.7,0.0,0.0,0.0,-1.0,-1.0,-0.7,-1.0,-1.0,-1.0,0.0,-1.0,-0.7,-1.0,-0.7,-0.7,-1.0,0.0,-0.7,-0.7,0.0,-0.7,-0.7,-1.0,-0.7,-1.0,-1.0,-0.7,-1.0,-0.7,-0.7,-0.7,-1.0,-1.0,-0.7,-0.7,-1.0,-0.7,-0.7,-1.0,-0.7,-1.0,0.0,-1.0,-1.0,0.0,-1.0,-0.7,-1.0,0.0,0.0,-0.7,-1.0,-1.0,-0.7,-1.0,-0.7,-0.7,0.0,
Mask De Masculine,-1.0,-0.7,0.7,-0.7,0.0,-1.0,-0.7,0.0,-1.0,1.0,-1.0,-0.7,0.7,-1.0,-0.7,0.0,0.0,0.7,-0.7,0.0,-1.0,-0.7,-0.7,1.0,-1.0,-1.0,-0.7,-0.7,0.0,-0.7,-1.0,-0.7,-1.0,-1.0,-1.0,-1.0,-1.0,1.0,-0.7,-1.0,-1.0,0.0,-0.7,-1.0,-1.0,-0.7,-0.7,-1.0,-1.0,0.0,-0.7,-0.7,-1.0,-1.0,-0.7,0.0,-1.0,0.0,-1.0,-0.7,-1.0,-0.7,-0.7,-0.7,-0.7,-1.0,-0.7,-1.0,-0.7,-1.0,-0.7,-0.7,-1.0,0.0,0.0,-0.7,-1.0,-0.7,0.0,-1.0,0.0,0.0,-0.7,-0.7,-0.7,-0.7,-1.0,-1.0,-0.7,-1.0,-0.7,0.0,-1.0,
Meninas McAllon,1.0,-1.0,1.0,-1.0,-1.0,-1.0,-1.0,-1.0,-1.0,1.0,-1.0,-1.0,1.0,-1.0,-1.0,-1.0,-1.0,1.0,-1.0,-1.0,-1.0,-1.0,-1.0,1.0,-1.0,-1.0,-1.0,-1.0,-1.0,1.0,-1.0,-1.0,-1.0,-1.0,-1.0,-1.0,-1.0,-1.0,-1.0,-1.0,-1.0,-1.0,-1.0,-1.0,-1.0,-1.0,-1.0,-1.0,-1.0,-1.0,-1.0,-1.0,-1.0,-1.0,-1.0,-1.0,-1.0,-1.0,-1.0,-1.0,-1.0,-1.0,-1.0,-1.0,-1.0,-1.0,-1.0,-1.0,-1.0,-1.0,-1.0,-1.0,-1.0,-1.0,-1.0,-1.0,-1.0,-1.0,-1.0,-1.0,-1.0,-1.0,-1.0,-1.0,-1.0,-1.0,-1.0,-1.0,-1.0,-1.0,-1.0,-1.0,-1.0,
Meninas McAllon,1.0,-0.7,1.0,0.0,-1.0,-0.7,-1.0,-1.0,-1.0,1.0,-0.7,-0.7,1.0,-1.0,-0.7,-0.7,-0.7,1.0,0.0,0.0,-1.0,-0.7,-0.7,0.0,-0.7,0.0,-1.0,-1.0,-0.7,0.7,-0.7,0.0,-0.7,-0.7,-0.7,-0.7,-0.7,-0.7,-0.7,-1.0,-1.0,0.0,-1.0,-1.0,-0.7,-1.0,-0.7,-1.0,-1.0,0.0,-0.7,-1.0,-0.7,-0.7,-0.7,-0.7,-1.0,-0.7,-1.0,-1.0,-0.7,-0.7,-0.7,-1.0,0.0,0.0,-0.7,-1.0,-0.7,-1.0,-0.7,-0.7,-1.0,-1.0,-1.0,-0.7,-1.0,-0.7,-1.0,-1.0,-0.7,-0.7,-0.7,-1.0,-1.0,0.0,-0.7,-0.7,-1.0,-1.0,-0.7,0.0,0.0,
Meninas McAllon,0.0,-1.0,0.0,0.0,-1.0,-0.7,-0.7,-1.0,-0.7,0.0,0.0,0.0,0.7,-0.7,-0.7,-0.7,-1.0,0.7,-1.0,-1.0,-1.0,0.0,-1.0,0.7,0.0,-0.7,-1.0,-0.7,-1.0,1.0,0.0,-1.0,-0.7,-0.7,-1.0,-0.7,-1.0,-1.0,-0.7,-1.0,-0.7,-1.0,-0.7,-0.7,-0.7,0.0,-0.7,0.0,-1.0,0.0,-0.7,-0.7,0.0,-0.7,0.0,-0.7,-0.7,-0.7,-1.0,-0.7,0.0,-0.7,-0.7,-0.7,-1.0,-1.0,-1.0,-1.0,-0.7,0.0,-1.0,-1.0,-1.0,-1.0,-0.7,-1.0,-1.0,0.0,-1.0,-0.7,-0.7,-1.0,0.0,-0.7,-1.0,-1.0,-0.7,-0.7,-0.7,-1.0,-1.0,-0.7,0.0,
NaNaNa Najahkoop,-1.0,-1.0,1.0,-1.0,-1.0,-1.0,-1.0,-1.0,1.0,-1.0,-1.0,-1.0,1.0,-1.0,-1.0,-1.0,-1.0,1.0,-1.0,-1.0,-1.0,-1.0,-1.0,1.0,-1.0,-1.0,-1.0,-1.0,-1.0,-1.0,-1.0,-1.0,-1.0,1.0,-1.0,-1.0,-1.0,-1.0,-1.0,-1.0,-1.0,-1.0,-1.0,-1.0,-1.0,-1.0,-1.0,-1.0,-1.0,-1.0,-1.0,-1.0,-1.0,-1.0,-1.0,-1.0,-1.0,-1.0,-1.0,-1.0,-1.0,-1.0,-1.0,-1.0,-1.0,-1.0,-1.0,-1.0,-1.0,-1.0,-1.0,-1.0,-1.0,-1.0,-1.0,-1.0,-1.0,-1.0,-1.0,-1.0,-1.0,-1.0,-1.0,-1.0,-1.0,-1.0,-1.0,-1.0,-1.0,-1.0,-1.0,-1.0,-1.0,
NaNaNa Najahkoop,-0.7,-1.0,0.0,-0.7,-0.7,-1.0,-0.7,0.0,1.0,-0.7,-0.7,-1.0,0.7,-1.0,-0.7,0.0,0.0,0.0,-0.7,-0.7,-0.7,-1.0,-1.0,0.7,-1.0,0.0,-0.7,-1.0,-1.0,0.0,0.0,-1.0,-0.7,0.7,-0.7,-0.7,-1.0,-0.7,-1.0,-1.0,-1.0,-1.0,-0.7,-1.0,-0.7,-0.7,0.0,-0.7,0.0,-1.0,-0.7,-1.0,-0.7,-1.0,-0.7,-1.0,-1.0,-0.7,0.0,-1.0,0.0,-1.0,-0.7,0.0,-1.0,-0.7,-1.0,-1.0,-0.7,-0.7,0.0,-1.0,-0.7,-0.7,0.0,-1.0,0.0,-0.7,-0.7,-1.0,0.0,-0.7,-0.7,-0.7,-1.0,-1.0,0.0,-1.0,0.0,-0.7,-1.0,-0.7,-0.7,
NaNaNa Najahkoop,-0.7,0.0,1.0,0.0,-0.7,0.0,-1.0,-1.0,0.7,-1.0,0.0,-1.0,1.0,-1.0,-1.0,-0.7,-0.7,1.0,-1.0,-1.0,-1.0,-0.7,-0.7,0.7,0.0,0.0,-0.7,-0.7,0.0,-0.7,-1.0,-0.7,0.0,0.0,-1.0,0.0,0.0,-1.0,0.0,0.0,-1.0,-0.7,-1.0,-0.7,0.0,-0.7,-0.7,0.0,0.0,-1.0,0.0,-1.0,-1.0,-0.7,-0.7,-0.7,-1.0,-1.0,0.0,-1.0,-1.0,0.0,-0.7,-1.0,-1.0,0.0,0.0,-1.0,-0.7,-1.0,0.0,-1.0,-0.7,-0.7,-0.7,0.0,-0.7,0.0,-1.0,-1.0,-0.7,-0.7,-0.7,0.0,-0.7,0.0,-0.7,-1.0,-1.0,0.0,-1.0,-1.0,-1.0,
Askin Nakk Le Vaar,-1.0,1.0,-1.0,-1.0,-1.0,-1.0,-1.0,-1.0,1.0,-1.0,-1.0,-1.0,1.0,-1.0,1.0,-1.0,-1.0,1.0,-1.0,-1.0,-1.0,-1.0,-1.0,1.0,-1.0,-1.0,-1.0,-1.0,-1.0,-1.0,-1.0,-1.0,-1.0,1.0,-1.0,-1.0,-1.0,-1.0,-1.0,-1.0,-1.0,-1.0,-1.0,-1.0,-1.0,-1.0,-1.0,-1.0,-1.0,-1.0,-1.0,-1.0,-1.0,-1.0,-1.0,-1.0,-1.0,-1.0,-1.0,-1.0,-1.0,-1.0,-1.0,-1.0,-1.0,-1.0,-1.0,-1.0,-1.0,-1.0,-1.0,-1.0,-1.0,-1.0,-1.0,-1.0,-1.0,-1.0,-1.0,-1.0,-1.0,-1.0,-1.0,-1.0,-1.0,-1.0,-1.0,-1.0,-1.0,-1.0,-1.0,-1.0,-1.0,
Askin Nakk Le Vaar,-0.7,0.7,-1.0,-0.7,-1.0,-0.7,0.0,-0.7,0.7,-1.0,0.0,-1.0,1.0,0.0,0.0,0.0,0.0,0.0,-0.7,-1.0,0.0,0.0,-1.0,0.7,-1.0,0.0,-0.7,-1.0,-1.0,0.0,-0.7,-0.7,-0.7,1.0,-1.0,-0.7,-0.7,-1.0,-0.7,-1.0,0.0,-1.0,-1.0,-1.0,-1.0,-1.0,-0.7,-0.7,-1.0,-0.7,0.0,-1.0,-0.7,-1.0,-1.0,-0.7,-1.0,0.0,-1.0,-0.7,-0.7,-1.0,-0.7,-0.7,-0.7,0.0,-1.0,-0.7,-1.0,-1.0,-1.0,0.0,-0.7,-1.0,-1.0,-1.0,-1.0,-1.0,-1.0,-1.0,-0.7,0.0,-0.7,0.0,-1.0,-0.7,-1.0,0.0,0.0,-0.7,0.0,-0.7,-1.0,
Askin Nakk Le Vaar,-0.7,0.7,-1.0,-0.7,-0.7,-1.0,-0.7,-0.7,1.0,-0.7,0.0,0.0,0.7,-1.0,1.0,-1.0,-1.0,0.0,0.0,0.0,-1.0,-1.0,-0.7,0.7,-0.7,-0.7,-0.7,-0.7,-0.7,-0.7,-1.0,-0.7,-1.0,1.0,-1.0,-1.0,0.0,-0.7,0.0,-1.0,-1.0,-0.7,-1.0,-0.7,-0.7,0.0,-0.7,-0.7,-1.0,-0.7,-0.7,-1.0,-1.0,-0.7,0.0,-1.0,-0.7,-0.7,-0.7,0.0,-0.7,0.0,-0.7,-1.0,-0.7,0.0,0.0,-1.0,-1.0,-0.7,-0.7,-1.0,-1.0,-0.7,-0.7,0.0,0.0,-1.0,0.0,-0.7,0.0,-1.0,-1.0,-0.7,0.0,0.0,-0.7,-1.0,-0.7,0.0,-0.7,-0.7,-1.0,
As Nodt,-1.0,1.0,-1.0,-1.0,-1.0,-1.0,-1.0,-1.0,1.0,-1.0,-1.0,-1.0,1.0,-1.0,-1.0,-1.0,-1.0,1.0,-1.0,-1.0,-1.0,-1.0,-1.0,1.0,-1.0,-1.0,-1.0,-1.0,-1.0,-1.0,-1.0,-1.0,-1.0,1.0,-1.0,-1.0,-1.0,-1.0,-1.0,-1.0,-1.0,-1.0,-1.0,-1.0,-1.0,-1.0,-1.0,-1.0,-1.0,-1.0,-1.0,-1.0,-1.0,-1.0,-1.0,-1.0,-1.0,-1.0,-1.0,-1.0,-1.0,-1.0,-1.0,-1.0,-1.0,-1.0,-1.0,-1.0,-1.0,-1.0,-1.0,-1.0,-1.0,-1.0,-1.0,-1.0,-1.0,-1.0,-1.0,-1.0,-1.0,-1.0,-1.0,-1.0,-1.0,-1.0,-1.0,-1.0,-1.0,-1.0,-1.0,-1.0,-1.0,
As Nodt,-0.7,0.7,0.0,-0.7,-0.7,0.0,-1.0,-1.0,0.7,-1.0,-1.0,0.0,0.7,-1.0,-1.0,-1.0,-0.7,1.0,0.0,-0.7,-1.0,-1.0,-0.7,1.0,-0.7,0.0,-1.0,-1.0,0.0,-1.0,-1.0,-1.0,0.0,0.0,-1.0,-0.7,-1.0,-0.7,-1.0,-1.0,0.0,-1.0,-1.0,0.0,-0.7,-0.7,0.0,-0.7,-1.0,-1.0,-1.0,-1.0,-0.7,-1.0,-0.7,-1.0,-1.0,-0.7,-1.0,-1.0,0.0,-0.7,-0.7,-0.7,-0.7,-1.0,-1.0,-0.7,-1.0,-1.0,-1.0,-1.0,0.0,-1.0,-1.0,-0.7,-0.7,-0.7,-0.7,-0.7,-0.7,-1.0,-1.0,0.0,-1.0,-1.0,-1.0,-1.0,-1.0,-1.0,-1.0,-1.0,-1.0,
As Nodt,-0.7,0.7,-0.7,0.0,-0.7,-0.7,-1.0,0.0,0.0,-1.0,-0.7,-0.7,1.0,-0.7,-1.0,-1.0,-1.0,0.7,-0.7,0.0,-0.7,-1.0,-1.0,0.0,-0.7,-0.7,-1.0,-0.7,-1.0,-1.0,-0.7,-0.7,-1.0,0.0,-0.7,-1.0,0.0,-1.0,0.0,0.0,-1.0,-0.7,-1.0,-1.0,-0.7,-1.0,-1.0,-0.7,-0.7,-0.7,-0.7,-0.7,0.0,-1.0,-0.7,-1.0,0.0,-0.7,0.0,-0.7,-0.7,-0.7,-0.7,-0.7,-1.0,0.0,-0.7,0.0,-0.7,-1.0,-0.7,-1.0,0.0,-0.7,-1.0,-0.7,-0.7,-0.7,-0.7,-1.0,-1.0,-0.7,-1.0,-0.7,-0.7,0.0,0.0,-0.7,-0.7,-0.7,-1.0,-1.0,-0.7,
Quilge Opie,-1.0,-1.0,-1.0,-1.0,1.0,-1.0,-1.0,1.0,1.0,-1.0,-1.0,-1.0,1.0,-1.0,1.0,-1.0,-1.0,1.0,1.0,-1.0,-1.0,-1.0,-1.0,1.0,-1.0,-1.0,-1.0,-1.0,-1.0,1.0,-1.0,-1.0,-1.0,-1.0,-1.0,-1.0,-1.0,-1.0,-1.0,-1.0,-1.0,-1.0,-1.0,-1.0,-1.0,-1.0,-1.0,-1.0,-1.0,-1.0,-1.0,-1.0,-1.0,-1.0,-1.0,-1.0,-1.0,-1.0,-1.0,-1.0,-1.0,-1.0,-1.0,-1.0,-1.0,-1.0,-1.0,-1.0,-1.0,-1.0,-1.0,-1.0,-1.0,-1.0,-1.0,-1.0,-1.0,-1.0,-1.0,-1.0,-1.0,-1.0,-1.0,-1.0,-1.0,-1.0,-1.0,-1.0,-1.0,-1.0,-1.0,-1.0,-1.0,
Quilge Opie,0.0,-1.0,-0.7,-0.7,0.0,-1.0,-1.0,0.0,1.0,-0.7,-0.7,-1.0,0.7,0.0,1.0,-1.0,-0.7,0.7,0.7,0.0,0.0,-1.0,-1.0,1.0,0.0,-1.0,-0.7,0.0,-0.7,1.0,-0.7,-0.7,-0.7,-0.7,-1.0,-1.0,-0.7,0.0,-1.0,-1.0,-0.7,-0.7,-1.0,-0.7,0.0,-0.7,-0.7,0.0,-1.0,-0.7,-0.7,-0.7,0.0,-1.0,-1.0,0.0,-1.0,-1.0,-0.7,0.0,-0.7,-0.7,-0.7,0.0,0.0,-1.0,0.0,0.0,-0.7,-0.7,-0.7,-0.7,-0.7,-1.0,-1.0,-1.0,0.0,-0.7,-0.7,0.0,-0.7,0.0,-1.0,-0.7,-0.7,-1.0,-1.0,-0.7,-0.7,-0.7,-0.7,-0.7,-1.0,
Quilge Opie,0.0,-1.0,-0.7,-1.0,0.7,0.0,0.0,1.0,1.0,-1.0,-1.0,-0.7,0.7,-0.7,0.7,-1.0,-0.7,0.0,0.7,0.0,-0.7,-0.7,0.0,0.7,-0.7,-1.0,0.0,-1.0,-0.7,0.7,-0.7,-0.7,-0.7,-1.0,0.0,-0.7,0.0,-1.0,-0.7,-0.7,-1.0,0.0,-1.0,-0.7,-0.7,-0.7,-0.7,-1.0,-0.7,-1.0,-0.7,-1.0,-0.7,-0.7,0.0,-0.7,-1.0,-0.7,-0.7,-1.0,-0.7,-0.7,-1.0,-1.0,-1.0,-1.0,-1.0,-0.7,-1.0,-1.0,-1.0,-0.7,0.0,-0.7,-0.7,-0.7,-1.0,-1.0,-1.0,-1.0,-1.0,-0.7,-1.0,0.0,0.0,0.0,-1.0,0.0,0.0,0.0,-0.7,-0.7,-1.0,
Pernida Parnkgjas,-1.0,-1.0,1.0,-1.0,-1.0,-1.0,1.0,-1.0,1.0,-1.0,-1.0,-1.0,1.0,-1.0,1.0,-1.0,-1.0,1.0,-1.0,-1.0,-1.0,-1.0,-1.0,1.0,-1.0,-1.0,-1.0,-1.0,-1.0,-1.0,-1.0,-1.0,-1.0,-1.0,-1.0,-1.0,-1.0,1.0,-1.0,-1.0,-1.0,-1.0,-1.0,-1.0,-1.0,-1.0,-1.0,-1.0,-1.0,-1.0,-1.0,-1.0,-1.0,-1.0,-1.0,-1.0,-1.0,-1.0,-1.0,-1.0,-1.0,-1.0,-1.0,-1.0,-1.0,-1.0,-1.0,-1.0,-1.0,-1.0,-1.0,-1.0,-1.0,-1.0,-1.0,-1.0,-1.0,-1.0,-1.0,-1.0,-1.0,-1.0,-1.0,-1.0,-1.0,-1.0,-1.0,-1.0,-1.0,-1.0,-1.0,-1.0,-1.0,
Pernida Parnkgjas,-1.0,-1.0,0.0,-1.0,-1.0,0.0,1.0,0.0,0.7,-1.0,-1.0,-0.7,0.0,0.0,1.0,-1.0,-1.0,0.7,-1.0,-1.0,-0.7,-0.7,-1.0,0.7,-0.7,-0.7,-0.7,-0.7,-0.7,0.0,-0.7,-0.7,-0.7,-0.7,-1.0,-1.0,-0.7,0.7,-0.7,-0.7,-1.0,-0.7,-0.7,-1.0,-1.0,-1.0,-1.0,-1.0,-0.7,-0.7,-0.7,-0.7,-0.7,-1.0,-1.0,-1.0,0.0,0.0,-1.0,-0.7,0.0,-0.7,-0.7,-1.0,-1.0,-0.7,-0.7,-0.7,-1.0,0.0,0.0,-1.0,-1.0,-0.7,-1.0,-1.0,-1.0,0.0,0.0,-1.0,0.0,-0.7,-1.0,0.0,-0.7,0.0,-0.7,-0.7,-1.0,-1.0,-0.7,0.0,-0.7,
Pernida Parnkgjas,-1.0,-1.0,0.0,-1.0,-1.0,0.0,0.0,-0.7,1.0,-1.0,-0.7,0.0,0.0,-0.7,0.0,-1.0,-1.0,1.0,0.0,-1.0,-1.0,0.0,-1.0,1.0,-0.7,-0.7,-0.7,0.0,-1.0,0.0,-0.7,-1.0,0.0,-1.0,-1.0,0.0,-1.0,1.0,-1.0,-1.0,0.0,0.0,-0.7,-0.7,-0.7,-1.0,-1.0,-1.0,-0.7,-0.7,0.0,-0.7,-0.7,-1.0,0.0,0.0,0.0,-1.0,-0.7,-0.7,-1.0,0.0,-1.0,-1.0,-0.7,-1.0,0.0,-0.7,-0.7,-0.7,-1.0,-0.7,-0.7,-0.7,0.0,-0.7,-0.7,0.0,-0.7,-0.7,-1.0,-0.7,0.0,-0.7,-1.0,-0.7,-0.7,-1.0,0.0,0.0,-0.7,-1.0,-0.7,
Johann Seydlitz,-1.0,-1.0,-1.0,-1.0,1.0,-1.0,-1.0,-1.0,1.0,-1.0,-1.0,-1.0,1.0,-1.0,-1.0,-1.0,-1.0,1.0,-1.0,-1.0,-1.0,-1.0,-1.0,1.0,-1.0,-1.0,-1.0,-1.0,-1.0,-1.0,-1.0,-1.0,-1.0,-1.0,-1.0,-1.0,-1.0,-1.0,-1.0,-1.0,-1.0,-1.0,-1.0,-1.0,-1.0,-1.0,-1.0,-1.0,-1.0,-1.0,-1.0,-1.0,-1.0,-1.0,-1.0,-1.0,-1.0,-1.0,-1.0,-1.0,-1.0,-1.0,-1.0,-1.0,-1.0,-1.0,-1.0,-1.0,-1.0,-1.0,-1.0,-1.0,-1.0,-1.0,-1.0,-1.0,-1.0,-1.0,-1.0,-1.0,-1.0,-1.0,-1.0,-1.0,-1.0,-1.0,-1.0,-1.0,-1.0,-1.0,-1.0,-1.0,-1.0,
Johann Seydlitz,-1.0,-0.7,-1.0,-0.7,1.0,0.0,-0.7,0.0,1.0,-1.0,-0.7,-1.0,1.0,-0.7,-0.7,-1.0,-0.7,0.7,-1.0,0.0,-1.0,-1.0,-1.0,1.0,0.0,-1.0,-0.7,-0.7,-0.7,0.0,0.0,-1.0,0.0,-0.7,-1.0,-0.7,0.0,-1.0,-0.7,-1.0,-1.0,0.0,-0.7,-1.0,-0.7,-0.7,-0.7,-1.0,-0.7,0.0,-0.7,-0.7,-0.7,-1.0,-0.7,-1.0,-1.0,-1.0,-0.7,-1.0,-1.0,-1.0,-1.0,-0.7,-0.7,-1.0,-1.0,-0.7,-0.7,-0.7,-1.0,0.0,-0.7,-0.7,-1.0,-1.0,-0.7,-1.0,-1.0,-0.7,-0.7,-0.7,-0.7,-0.7,-0.7,0.0,-0.7,-0.7,-1.0,0.0,-1.0,-0.7,-1.0,
Johann Seydlitz,-0.7,-1.0,-0.7,-1.0,0.7,0.0,-1.0,-1.0,0.7,0.0,-1.0,-1.0,0.7,-1.0,-0.7,0.0,-1.0,0.7,-0.7,0.0,0.0,-0.7,-0.7,0.7,-1.0,-1.0,0.0,-0.7,-1.0,0.0,-0.7,-1.0,-1.0,-1.0,0.0,0.0,-1.0,0.0,-0.7,-0.7,-1.0,-0.7,-1.0,-1.0,-1.0,-1.0,0.0,0.0,0.0,-1.0,-0.7,-0.7,-1.0,-1.0,-0.7,-1.0,0.0,-0.7,-1.0,-0.7,-1.0,-1.0,-1.0,-0.7,-1.0,-0.7,-1.0,-1.0,-1.0,-0.7,-0.7,-0.7,-1.0,-1.0,-0.7,-1.0,-1.0,-1.0,-0.7,-0.7,-1.0,-0.7,-0.7,-1.0,-1.0,-0.7,-0.7,-1.0,-0.7,-0.7,-0.7,-1.0,-1.0,
Gremmy Thoumeaux,-1.0,-1.0,1.0,-1.0,-1.0,1.0,-1.0,-1.0,1.0,-1.0,-1.0,-1.0,1.0,-1.0,-1.0,-1.0,-1.0,1.0,-1.0,-1.0,-1.0,-1.0,-1.0,1.0,-1.0,-1.0,-1.0,-1.0,-1.0,1.0,-1.0,-1.0,-1.0,1.0,-1.0,-1.0,-1.0,-1.0,-1.0,-1.0,-1.0,-1.0,-1.0,-1.0,-1.0,-1.0,-1.0,-1.0,-1.0,-1.0,-1.0,-1.0,-1.0,-1.0,-1.0,-1.0,-1.0,-1.0,-1.0,-1.0,-1.0,-1.0,-1.0,-1.0,-1.0,-1.0,-1.0,-1.0,-1.0,-1.0,-1.0,-1.0,-1.0,-1.0,-1.0,-1.0,-1.0,-1.0,-1.0,-1.0,-1.0,-1.0,-1.0,-1.0,-1.0,-1.0,-1.0,-1.0,-1.0,-1.0,-1.0,-1.0,-1.0,
Gremmy Thoumeaux,-0.7,-0.7,1.0,-0.7,-0.7,0.7,-1.0,-0.7,0.7,-1.0,-1.0,-1.0,0.7,-1.0,0.0,0.0,0.0,0.7,0.0,-1.0,-0.7,-1.0,-1.0,1.0,-0.7,-1.0,-0.7,0.0,-1.0,0.7,-0.7,-1.0,0.0,0.0,-1.0,-1.0,0.0,0.0,-0.7,-1.0,-0.7,-1.0,0.0,-0.7,-0.7,-1.0,-0.7,-1.0,-1.0,-0.7,-0.7,-0.7,0.0,-1.0,-0.7,-0.7,-1.0,-0.7,-0.7,0.0,-0.7,-1.0,-1.0,-1.0,-1.0,-0.7,-1.0,0.0,-1.0,-0.7,-1.0,-0.7,-1.0,-1.0,-0.7,-0.7,-0.7,-0.7,0.0,0.0,-0.7,-1.0,0.0,0.0,-0.7,-0.7,-1.0,-0.7,0.0,-0.7,-0.7,-1.0,-1.0,
Gremmy Thoumeaux,-0.7,-1.0,0.7,-0.7,-1.0,1.0,0.0,-1.0,1.0,-0.7,0.0,0.0,0.7,-0.7,0.0,-0.7,-0.7,0.7,-1.0,-0.7,-1.0,-1.0,0.0,1.0,-1.0,-1.0,-0.7,0.0,-0.7,0.0,0.0,0.0,-1.0,0.7,-1.0,-1.0,-0.7,-0.7,-0.7,-1.0,-1.0,-1.0,0.0,-0.7,0.0,0.0,-0.7,-1.0,-0.7,-0.7,-0.7,-1.0,-0.7,-1.0,0.0,-0.7,-1.0,-1.0,-0.7,-0.7,-0.7,-0.7,-0.7,-1.0,0.0,-0.7,-1.0,-1.0,-1.0,-1.0,-0.7,-1.0,0.0,-0.7,-1.0,-1.0,-0.7,-1.0,-1.0,-1.0,-1.0,-1.0,-1.0,0.0,-1.0,-0.7,-1.0,-1.0,-0.7,-1.0,-1.0,-0.7,-1.0,
Gerard Valkyrie,-1.0,-1.0,1.0,-1.0,-1.0,-1.0,-1.0,1.0,-1.0,-1.0,-1.0,-1.0,1.0,-1.0,1.0,-1.0,-1.0,1.0,-1.0,-1.0,-1.0,-1.0,-1.0,1.0,-1.0,-1.0,-1.0,-1.0,-1.0,1.0,-1.0,-1.0,-1.0,-1.0,-1.0,-1.0,-1.0,1.0,-1.0,-1.0,-1.0,-1.0,-1.0,-1.0,-1.0,-1.0,-1.0,-1.0,-1.0,-1.0,-1.0,-1.0,-1.0,-1.0,-1.0,-1.0,-1.0,-1.0,-1.0,-1.0,-1.0,-1.0,-1.0,-1.0,-1.0,-1.0,-1.0,-1.0,-1.0,-1.0,-1.0,-1.0,-1.0,-1.0,-1.0,-1.0,-1.0,-1.0,-1.0,-1.0,-1.0,-1.0,-1.0,-1.0,-1.0,-1.0,-1.0,-1.0,-1.0,-1.0,-1.0,-1.0,-1.0,
Gerard Valkyrie,-0.7,-1.0,1.0,-1.0,0.0,-0.7,-0.7,0.7,-0.7,-0.7,-0.7,-0.7,1.0,0.0,0.0,-1.0,-0.7,0.7,-1.0,0.0,-0.7,-0.7,-1.0,1.0,-1.0,-1.0,-0.7,0.0,-0.7,1.0,-1.0,-0.7,-0.7,0.0,-0.7,0.0,-1.0,0.7,-1.0,-0.7,-0.7,-0.7,-1.0,-0.7,-1.0,-1.0,-0.7,0.0,-0.7,-0.7,-1.0,-1.0,-1.0,0.0,-1.0,0.0,-0.7,-0.7,0.0,-1.0,-0.7,0.0,-0.7,-1.0,-1.0,-0.7,-1.0,0.0,-1.0,-0.7,-0.7,-0.7,-0.7,0.0,-0.7,-0.7,-1.0,-1.0,-1.0,-1.0,-0.7,-0.7,-0.7,-1.0,-1.0,0.0,0.0,0.0,0.0,-0.7,0.0,-0.7,0.0,
Gerard Valkyrie,-1.0,0.0,0.7,-1.0,-1.0,0.0,-0.7,0.0,-1.0,-0.7,-1.0,-0.7,0.7,-0.7,1.0,-1.0,-1.0,0.0,-1.0,-1.0,-0.7,0.0,-1.0,1.0,-0.7,0.0,-0.7,-1.0,-0.7,0.0,-0.7,-1.0,-1.0,0.0,-0.7,-0.7,-1.0,0.7,-1.0,-1.0,0.0,-1.0,-1.0,0.0,-1.0,-0.7,-0.7,0.0,0.0,-0.7,-1.0,-0.7,0.0,-1.0,-0.7,-1.0,-1.0,-1.0,-1.0,0.0,0.0,-0.7,-0.7,-0.7,0.0,0.0,-1.0,-0.7,-0.7,0.0,-0.7,0.0,0.0,-0.7,0.0,-1.0,-1.0,-0.7,-1.0,-1.0,-0.7,-0.7,0.0,0.0,-0.7,-0.7,-0.7,-0.7,-1.0,-0.7,-0.7,-1.0,0.0,
PePe Waccabrada,-1.0,-1.0,1.0,-1.0,1.0,-1.0,-1.0,-1.0,1.0,-1.0,-1.0,-1.0,1.0,-1.0,-1.0,-1.0,-1.0,1.0,-1.0,-1.0,-1.0,-1.0,-1.0,1.0,-1.0,-1.0,-1.0,-1.0,-1.0,-1.0,-1.0,-1.0,-1.0,1.0,-1.0,-1.0,-1.0,1.0,-1.0,-1.0,-1.0,-1.0,-1.0,-1.0,-1.0,-1.0,-1.0,-1.0,-1.0,-1.0,-1.0,-1.0,-1.0,-1.0,-1.0,-1.0,-1.0,-1.0,-1.0,-1.0,-1.0,-1.0,-1.0,-1.0,-1.0,-1.0,-1.0,-1.0,-1.0,-1.0,-1.0,-1.0,-1.0,-1.0,-1.0,-1.0,-1.0,-1.0,-1.0,-1.0,-1.0,-1.0,-1.0,-1.0,-1.0,-1.0,-1.0,-1.0,-1.0,-1.0,-1.0,-1.0,-1.0,
PePe Waccabrada,-0.7,-1.0,0.7,-1.0,1.0,0.0,0.0,-1.0,0.0,-1.0,-1.0,-1.0,1.0,-1.0,0.0,-1.0,-1.0,0.7,-1.0,-0.7,-0.7,-1.0,-0.7,1.0,-1.0,-1.0,-0.7,-0.7,-0.7,-0.7,-0.7,-1.0,0.0,0.0,-0.7,-1.0,-0.7,1.0,-0.7,-1.0,-0.7,-1.0,0.0,-1.0,-0.7,0.0,-1.0,0.0,-1.0,0.0,0.0,-1.0,0.0,-1.0,-1.0,-1.0,-1.0,-0.7,-0.7,-0.7,-1.0,0.0,-1.0,-1.0,-0.7,0.0,-0.7,-0.7,-1.0,-1.0,-0.7,-0.7,-1.0,-0.7,-0.7,-0.7,-1.0,-0.7,-1.0,-1.0,-0.7,-0.7,-0.7,-1.0,0.0,-1.0,0.0,-1.0,-1.0,-1.0,-1.0,-0.7,0.0,
PePe Waccabrada,-1.0,-0.7,0.0,-0.7,1.0,0.0,-1.0,-0.7,0.7,-1.0,-0.7,-1.0,1.0,-1.0,0.0,0.0,-1.0,1.0,-1.0,-0.7,0.0,0.0,-0.7,0.7,-1.0,-1.0,-0.7,-0.7,0.0,-1.0,-1.0,-0.7,0.0,0.7,-1.0,0.0,-0.7,1.0,-1.0,-0.7,-0.7,-0.7,-0.7,-1.0,-1.0,0.0,-0.7,-0.7,-1.0,-1.0,-1.0,-1.0,-0.7,0.0,-1.0,0.0,-0.7,-1.0,-0.7,-1.0,-0.7,-1.0,-1.0,-0.7,-1.0,-1.0,-1.0,-0.7,0.0,-1.0,-1.0,-0.7,-1.0,-0.7,-1.0,-0.7,-0.7,-1.0,-0.7,-0.7,-1.0,-1.0,-1.0,-0.7,-1.0,-0.7,-0.7,0.0,-0.7,-0.7,-0.7,0.0,-1.0,
Nianzol Weizol,-1.0,1.0,-1.0,-1.0,-1.0,-1.0,-1.0,-1.0,1.0,-1.0,-1.0,-1.0,1.0,-1.0,-1.0,-1.0,-1.0,1.0,-1.0,-1.0,-1.0,-1.0,-1.0,1.0,-1.0,-1.0,-1.0,-1.0,-1.0,-1.0,-1.0,-1.0,-1.0,1.0,-1.0,-1.0,-1.0,-1.0,-1.0,-1.0,-1.0,-1.0,-1.0,-1.0,-1.0,-1.0,-1.0,-1.0,-1.0,-1.0,-1.0,-1.0,-1.0,-1.0,-1.0,-1.0,-1.0,-1.0,-1.0,-1.0,-1.0,-1.0,-1.0,-1.0,-1.0,-1.0,-1.0,-1.0,-1.0,-1.0,-1.0,-1.0,-1.0,-1.0,-1.0,-1.0,-1.0,-1.0,-1.0,-1.0,-1.0,-1.0,-1.0,-1.0,-1.0,-1.0,-1.0,-1.0,-1.0,-1.0,-1.0,-1.0,-1.0,
Nianzol Weizol,-1.0,1.0,-0.7,-1.0,-1.0,-0.7,0.0,0.0,0.7,-1.0,0.0,0.0,0.0,-0.7,-1.0,-1.0,0.0,1.0,-1.0,-0.7,-1.0,0.0,-1.0,1.0,0.0,-1.0,0.0,-0.7,-0.7,-1.0,-0.7,-1.0,0.0,1.0,-1.0,0.0,-0.7,-0.7,-0.7,-1.0,-1.0,0.0,-1.0,-1.0,-0.7,-1.0,-0.7,-0.7,0.0,-1.0,-1.0,0.0,-1.0,-0.7,-0.7,-0.7,-0.7,-1.0,-0.7,-1.0,0.0,-1.0,0.0,-0.7,-1.0,-0.7,-1.0,-1.0,-1.0,0.0,-1.0,0.0,-1.0,-0.7,0.0,0.0,-1.0,-0.7,-1.0,-1.0,-0.7,-1.0,-1.0,-1.0,-1.0,-1.0,0.0,-1.0,-0.7,-0.7,-0.7,-0.7,-0.7,
Nianzol Weizol,-0.7,1.0,0.0,0.0,-0.7,-1.0,-0.7,-0.7,0.7,-0.7,-0.7,-0.7,1.0,-0.7,-1.0,-0.7,-1.0,1.0,-1.0,0.0,-0.7,-1.0,-0.7,0.7,-0.7,-0.7,-1.0,-1.0,-1.0,-0.7,-1.0,-0.7,-1.0,1.0,0.0,0.0,-1.0,0.0,-0.7,-0.7,-1.0,-1.0,0.0,0.0,-0.7,0.0,-0.7,-1.0,-1.0,-1.0,-0.7,0.0,-0.7,-0.7,-0.7,-1.0,-1.0,-0.7,-0.7,0.0,-1.0,-0.7,-0.7,-1.0,-0.7,-1.0,-0.7,-0.7,-1.0,0.0,-1.0,-1.0,-0.7,0.0,-1.0,-1.0,-0.7,-1.0,-1.0,-1.0,0.0,0.0,-1.0,-0.7,-1.0,-0.7,-1.0,-1.0,-0.7,-1.0,-1.0,0.0,0.0,
Yhwach,-1.0,1.0,-1.0,-1.0,-1.0,-1.0,-1.0,1.0,1.0,-1.0,-1.0,-1.0,1.0,-1.0,1.0,1.0,-1.0,1.0,1.0,1.0,-1.0,-1.0,-1.0,1.0,-1.0,-1.0,-1.0,-1.0,-1.0,1.0,-1.0,-1.0,-1.0,1.0,-1.0,-1.0,-1.0,-1.0,-1.0,-1.0,-1.0,-1.0,-1.0,-1.0,-1.0,-1.0,-1.0,-1.0,-1.0,-1.0,-1.0,-1.0,-1.0,-1.0,-1.0,-1.0,-1.0,-1.0,-1.0,-1.0,-1.0,-1.0,-1.0,-1.0,-1.0,-1.0,-1.0,-1.0,-1.0,-1.0,-1.0,-1.0,-1.0,-1.0,-1.0,-1.0,-1.0,-1.0,-1.0,-1.0,-1.0,-1.0,-1.0,-1.0,-1.0,-1.0,-1.0,-1.0,-1.0,-1.0,-1.0,-1.0,-1.0,
Yhwach,-1.0,0.7,-0.7,-0.7,0.0,-0.7,-0.7,1.0,0.7,-0.7,-1.0,-1.0,1.0,-1.0,1.0,1.0,-1.0,0.7,0.7,1.0,0.0,-0.7,-0.7,0.0,-1.0,-0.7,-0.7,-1.0,-1.0,0.0,-1.0,0.0,-0.7,0.7,-1.0,-0.7,-1.0,-1.0,0.0,-1.0,-0.7,0.0,-1.0,-0.7,-0.7,-0.7,0.0,0.0,-0.7,-0.7,-0.7,-0.7,-0.7,-1.0,-1.0,0.0,-1.0,-0.7,0.0,-1.0,-0.7,-1.0,0.0,-1.0,-0.7,-0.7,-0.7,-1.0,-0.7,-1.0,-1.0,-0.7,-1.0,-0.7,0.0,0.0,-0.7,-1.0,-0.7,0.0,0.0,-0.7,0.0,0.0,0.0,-0.7,0.0,0.0,-1.0,0.0,-1.0,-0.7,-0.7,
Yhwach,-0.7,0.0,-0.7,-1.0,-1.0,-0.7,-0.7,1.0,0.7,-1.0,-0.7,-1.0,0.7,-1.0,1.0,0.0,-0.7,0.7,0.7,0.7,-0.7,-0.7,-0.7,1.0,-1.0,0.0,0.0,-1.0,-1.0,1.0,-0.7,-1.0,-0.7,0.0,0.0,-1.0,0.0,-0.7,-1.0,-0.7,-0.7,0.0,-1.0,-1.0,-0.7,0.0,0.0,-1.0,-1.0,0.0,-0.7,0.0,0.0,-1.0,-0.7,-1.0,0.0,-0.7,0.0,0.0,-1.0,-1.0,-0.7,0.0,0.0,0.0,-0.7,-1.0,-1.0,-1.0,-0.7,0.0,-1.0,0.0,-1.0,-1.0,-0.7,-0.7,0.0,-0.7,-1.0,0.0,0.0,-0.7,-1.0,-1.0,-1.0,-1.0,0.0,-1.0,-0.7,-0.7,0.0,
Soul King,-1.0,-1.0,-1.0,-1.0,-1.0,-1.0,1.0,-1.0,-1.0,-1.0,-1.0,-1.0,-1.0,-1.0,1.0,-1.0,-1.0,1.0,-1.0,-1.0,-1.0,-1.0,-1.0,-1.0,-1.0,-1.0,-1.0,1.0,-1.0,1.0,-1.0,-1.0,-1.0,-1.0,-1.0,-1.0,-1.0,-1.0,-1.0,-1.0,-1.0,-1.0,-1.0,-1.0,-1.0,-1.0,-1.0,-1.0,-1.0,-1.0,-1.0,-1.0,-1.0,-1.0,-1.0,-1.0,-1.0,-1.0,-1.0,-1.0,-1.0,-1.0,-1.0,-1.0,-1.0,-1.0,-1.0,-1.0,-1.0,-1.0,-1.0,-1.0,-1.0,-1.0,-1.0,-1.0,-1.0,-1.0,-1.0,-1.0,-1.0,-1.0,-1.0,-1.0,-1.0,-1.0,-1.0,-1.0,-1.0,-1.0,-1.0,-1.0,-1.0,
Soul King,-1.0,-0.7,-1.0,-1.0,-1.0,-0.7,1.0,-0.7,-1.0,0.0,-0.7,0.0,-1.0,0.0,0.7,-1.0,-0.7,0.7,0.0,-0.7,-1.0,-1.0,-0.7,-1.0,-0.7,-0.7,0.0,0.7,-0.7,1.0,-1.0,0.0,0.0,-0.7,0.0,-0.7,0.0,-1.0,-0.7,-0.7,-0.7,-1.0,-0.7,-0.7,-1.0,-0.7,-0.7,0.0,-0.7,-1.0,-0.7,-1.0,-0.7,-1.0,-1.0,-1.0,-1.0,0.0,0.0,-0.7,-1.0,0.0,0.0,0.0,-0.7,-1.0,-1.0,0.0,0.0,-0.7,-1.0,-0.7,0.0,-0.7,-0.7,-1.0,-1.0,-0.7,0.0,-1.0,-1.0,-0.7,-1.0,-0.7,-0.7,-0.7,0.0,-1.0,-0.7,-1.0,0.0,0.0,-1.0,
Soul King,-1.0,-1.0,-0.7,-1.0,-0.7,-0.7,0.7,0.0,-1.0,0.0,-1.0,-1.0,-0.7,-0.7,1.0,-0.7,-1.0,0.0,-0.7,-0.7,0.0,-0.7,-0.7,-0.7,-0.7,-1.0,-1.0,1.0,-0.7,1.0,-1.0,-1.0,-0.7,-0.7,-0.7,-1.0,0.0,-0.7,-0.7,0.0,0.0,-0.7,0.0,-0.7,-1.0,-1.0,-0.7,-0.7,-0.7,0.0,-0.7,-1.0,-1.0,0.0,0.0,-0.7,0.0,0.0,0.0,-1.0,-0.7,-1.0,0.0,0.0,-0.7,-0.7,-0.7,-0.7,-1.0,-0.7,-1.0,0.0,-0.7,0.0,-0.7,-1.0,-1.0,0.0,-0.7,-1.0,-1.0,-0.7,-1.0,-1.0,-0.7,-0.7,-0.7,0.0,-0.7,0.0,-1.0,-1.0,-1.0,
Mimihagi,-1.0,-1.0,-1.0,-1.0,-1.0,-1.0,1.0,-1.0,-1.0,-1.0,-1.0,-1.0,-1.0,-1.0,-1.0,-1.0,-1.0,1.0,-1.0,-1.0,-1.0,-1.0,-1.0,-1.0,-1.0,-1.0,-1.0,1.0,-1.0,-1.0,-1.0,-1.0,-1.0,-1.0,-1.0,-1.0,-1.0,-1.0,-1.0,-1.0,-1.0,-1.0,-1.0,-1.0,-1.0,-1.0,-1.0,-1.0,-1.0,-1.0,-1.0,-1.0,-1.0,-1.0,-1.0,-1.0,-1.0,-1.0,-1.0,-1.0,-1.0,-1.0,-1.0,-1.0,-1.0,-1.0,-1.0,-1.0,-1.0,-1.0,-1.0,-1.0,-1.0,-1.0,-1.0,-1.0,-1.0,-1.0,-1.0,-1.0,-1.0,-1.0,-1.0,-1.0,-1.0,-1.0,-1.0,-1.0,-1.0,-1.0,-1.0,-1.0,-1.0,
Mimihagi,-1.0,0.0,0.0,-0.7,-0.7,-0.7,0.7,-1.0,-0.7,-0.7,-1.0,-1.0,-1.0,-0.7,-1.0,-0.7,-0.7,1.0,0.0,-0.7,-1.0,0.0,-1.0,0.0,-0.7,-1.0,-0.7,1.0,-1.0,-1.0,-1.0,-0.7,0.0,0.0,-1.0,-0.7,-1.0,-0.7,0.0,-1.0,0.0,0.0,-0.7,-0.7,-0.7,0.0,-0.7,-1.0,-0.7,-1.0,0.0,0.0,-0.7,-0.7,0.0,-1.0,-0.7,-0.7,-0.7,-1.0,-0.7,-0.7,-1.0,-1.0,-1.0,-1.0,-0.7,-0.7,-1.0,-0.7,-0.7,-1.0,-0.7,-0.7,-1.0,-1.0,0.0,-0.7,-0.7,-0.7,0.0,0.0,-1.0,-0.7,-0.7,-1.0,0.0,-0.7,-1.0,0.0,-1.0,-1.0,-0.7,
Mimihagi,-1.0,-0.7,-1.0,-1.0,-1.0,-0.7,1.0,-0.7,0.0,0.0,-0.7,-0.7,-0.7,-0.7,0.0,0.0,0.0,0.0,-1.0,-0.7,0.0,0.0,0.0,-0.7,-0.7,-1.0,-0.7,0.7,0.0,0.0,-0.7,-1.0,-0.7,-0.7,-1.0,-1.0,0.0,-1.0,-1.0,-0.7,0.0,0.0,0.0,-0.7,-0.7,0.0,-0.7,-1.0,-0.7,0.0,0.0,-1.0,-0.7,0.0,-1.0,-0.7,-0.7,-1.0,-0.7,-0.7,-0.7,0.0,-0.7,0.0,-0.7,-1.0,-0.7,-0.7,-1.0,-1.0,0.0,-0.7,-1.0,-1.0,-1.0,-0.7,-1.0,-1.0,-1.0,-0.7,-1.0,-1.0,-1.0,-1.0,-1.0,-0.7,-0.7,-1.0,0.0,-0.7,-1.0,-1.0,0.0,
Kon,-1.0,-1.0,-1.0,-1.0,-1.0,1.0,1.0,-1.0,-1.0,1.0,-1.0,-1.0,-1.0,-1.0,-1.0,-1.0,1.0,-1.0,-1.0,1.0,-1.0,-1.0,-1.0,-1.0,-1.0,1.0,-1.0,-1.0,-1.0,-1.0,-1.0,-1.0,-1.0,-1.0,-1.0,-1.0,-1.0,-1.0,-1.0,-1.0,-1.0,-1.0,-1.0,-1.0,-1.0,-1.0,-1.0,-1.0,-1.0,-1.0,-1.0,-1.0,-1.0,-1.0,-1.0,-1.0,-1.0,-1.0,-1.0,-1.0,-1.0,-1.0,-1.0,-1.0,-1.0,-1.0,-1.0,-1.0,-1.0,-1.0,-1.0,-1.0,-1.0,-1.0,-1.0,-1.0,-1.0,-1.0,-1.0,-1.0,-1.0,-1.0,-1.0,-1.0,-1.0,-1.0,-1.0,-1.0,-1.0,-1.0,-1.0,-1.0,-1.0,
Kon,0.0,-1.0,-1.0,-0.7,-0.7,0.7,0.7,-1.0,-1.0,0.7,0.0,-1.0,-0.7,-0.7,-1.0,0.0,0.7,-0.7,-0.7,1.0,-0.7,-0.7,-1.0,-0.7,-1.0,1.0,-0.7,-1.0,-0.7,0.0,-1.0,-0.7,-0.7,-0.7,-0.7,-0.7,-1.0,-1.0,-0.7,-1.0,0.0,-0.7,-1.0,-1.0,-1.0,-0.7,0.0,-1.0,-1.0,-1.0,-1.0,-0.7,-0.7,-1.0,-0.7,-1.0,-1.0,-1.0,-0.7,-0.7,-1.0,-1.0,-1.0,-1.0,-0.7,-1.0,-0.7,-1.0,-0.7,-0.7,-0.7,-1.0,-1.0,-1.0,-0.7,-1.0,-1.0,0.0,-1.0,0.0,0.0,0.0,0.0,-1.0,-1.0,-1.0,-1.0,-1.0,0.0,-1.0,-1.0,-0.7,-1.0,
Kon,-1.0,-1.0,0.0,-0.7,-0.7,1.0,0.0,-1.0,-0.7,0.0,-0.7,-0.7,-1.0,-1.0,0.0,-1.0,0.0,-0.7,-0.7,0.7,-1.0,-1.0,-1.0,-1.0,0.0,1.0,-0.7,-1.0,-0.7,-0.7,-0.7,0.0,0.0,-0.7,0.0,-0.7,0.0,-0.7,-1.0,0.0,-1.0,-1.0,-1.0,-1.0,-1.0,-0.7,0.0,-1.0,-0.7,-1.0,-1.0,-0.7,0.0,-1.0,-1.0,-1.0,0.0,-1.0,-0.7,0.0,-0.7,0.0,0.0,-0.7,-0.7,-1.0,0.0,-1.0,-0.7,-1.0,-1.0,-1.0,-0.7,-1.0,-1.0,-1.0,-1.0,-0.7,-1.0,-1.0,-0.7,-0.7,-0.7,0.0,-1.0,0.0,-0.7,-0.7,-0.7,-1.0,-1.0,-0.7,-1.0,
Jinta Hanakari,-1.0,-1.0,-1.0,-1.0,-1.0,1.0,-1.0,-1.0,-1.0,1.0,-1.0,-1.0,-1.0,-1.0,-1.0,-1.0,1.0,-1.0,-1.0,-1.0,1.0,1.0,-1.0,-1.0,-1.0,-1.0,-1.0,-1.0,-1.0,-1.0,-1.0,-1.0,-1.0,-1.0,-1.0,-1.0,-1.0,-1.0,-1.0,-1.0,-1.0,-1.0,-1.0,-1.0,-1.0,-1.0,-1.0,-1.0,-1.0,-1.0,-1.0,-1.0,-1.0,-1.0,-1.0,-1.0,-1.0,-1.0,-1.0,-1.0,-1.0,-1.0,-1.0,-1.0,-1.0,-1.0,-1.0,-1.0,-1.0,-1.0,-1.0,-1.0,-1.0,-1.0,-1.0,-1.0,-1.0,-1.0,-1.0,-1.0,-1.0,-1.0,-1.0,-1.0,-1.0,-1.0,-1.0,-1.0,-1.0,-1.0,-1.0,-1.0,-1.0,
Jinta Hanakari,-0.7,-0.7,-1.0,-1.0,-1.0,1.0,-1.0,-1.0,-1.0,1.0,-1.0,0.0,0.0,-1.0,-1.0,-0.7,1.0,-0.7,-1.0,-1.0,0.0,0.0,0.0,-1.0,0.0,-0.7,-0.7,0.0,0.0,-0.7,-1.0,-0.7,-0.7,0.0,-0.7,-1.0,-0.7,-1.0,0.0,-1.0,-0.7,0.0,-0.7,0.0,0.0,-1.0,-0.7,-0.7,-0.7,-0.7,-0.7,-1.0,-0.7,-1.0,-1.0,-0.7,-0.7,-1.0,-0.7,-1.0,0.0,-1.0,-1.0,-0.7,-0.7,-1.0,-1.0,-1.0,-1.0,-1.0,-0.7,0.0,-0.7,-1.0,0.0,-0.7,-1.0,-0.7,-1.0,-1.0,-1.0,-0.7,-1.0,-0.7,-0.7,-0.7,-1.0,0.0,-0.7,-0.7,-0.7,-1.0,-1.0,
Jinta Hanakari,-0.7,-0.7,-1.0,-1.0,-1.0,0.0,-1.0,-1.0,0.0,0.7,-0.7,-0.7,-0.7,-0.7,-1.0,0.0,1.0,-1.0,-1.0,-0.7,0.7,0.7,-0.7,-1.0,-1.0,-0.7,-1.0,-1.0,0.0,-0.7,-1.0,-0.7,-0.7,-1.0,-1.0,-1.0,-1.0,-1.0,0.0,-0.7,0.0,-1.0,-1.0,0.0,-0.7,0.0,-1.0,0.0,-0.7,-1.0,-0.7,-0.7,-1.0,0.0,-0.7,-1.0,-1.0,-1.0,-1.0,-0.7,-0.7,-0.7,-0.7,-1.0,0.0,-1.0,-1.0,-0.7,-0.7,0.0,0.0,0.0,-0.7,-1.0,-0.7,-1.0,-1.0,-1.0,-1.0,-0.7,-1.0,-1.0,0.0,-0.7,0.0,-0.7,-1.0,-1.0,-0.7,0.0,-1.0,0.0,-0.7,
Ururu Tsumugiya,1.0,1.0,-1.0,-1.0,-1.0,1.0,-1.0,-1.0,1.0,1.0,-1.0,-1.0,-1.0,-1.0,-1.0,-1.0,1.0,-1.0,-1.0,-1.0,1.0,1.0,-1.0,-1.0,-1.0,-1.0,-1.0,-1.0,-1.0,-1.0,-1.0,-1.0,-1.0,-1.0,-1.0,-1.0,-1.0,-1.0,-1.0,-1.0,-1.0,-1.0,-1.0,-1.0,-1.0,-1.0,-1.0,-1.0,-1.0,-1.0,-1.0,-1.0,-1.0,-1.0,-1.0,-1.0,-1.0,-1.0,-1.0,-1.0,-1.0,-1.0,-1.0,-1.0,-1.0,-1.0,-1.0,-1.0,-1.0,-1.0,-1.0,-1.0,-1.0,-1.0,-1.0,-1.0,-1.0,-1.0,-1.0,-1.0,-1.0,-1.0,-1.0,-1.0,-1.0,-1.0,-1.0,-1.0,-1.0,-1.0,-1.0,-1.0,-1.0,
Ururu Tsumugiya,1.0,0.7,-0.7,-1.0,-1.0,0.7,-0.7,-1.0,0.0,1.0,-1.0,-1.0,0.0,-0.7,-0.7,0.0,0.7,-1.0,-0.7,-0.7,1.0,1.0,-0.7,-1.0,-1.0,-0.7,0.0,-1.0,-0.7,-0.7,-0.7,0.0,-0.7,-0.7,0.0,-1.0,-1.0,-0.7,-1.0,-1.0,-1.0,-0.7,0.0,-1.0,-0.7,-1.0,-0.7,-0.7,0.0,-1.0,-0.7,-1.0,-0.7,0.0,0.0,-1.0,0.0,-1.0,-1.0,0.0,-1.0,-1.0,-1.0,-1.0,-1.0,0.0,-0.7,-0.7,-1.0,-0.7,-0.7,0.0,0.0,-0.7,0.0,-1.0,-1.0,-0.7,-1.0,-1.0,0.0,-0.7,-1.0,-0.7,0.0,0.0,-0.7,-0.7,-0.7,-0.7,-0.7,-0.7,-0.7,
Ururu Tsumugiya,0.0,1.0,-1.0,-0.7,-1.0,0.7,-1.0,-0.7,0.0,0.7,-1.0,0.0,-1.0,-0.7,-0.7,0.0,1.0,-0.7,-1.0,-1.0,0.0,0.7,-0.7,-1.0,-0.7,0.0,-0.7,-0.7,0.0,0.0,-0.7,-0.7,-0.7,-1.0,-0.7,0.0,0.0,0.0,-1.0,0.0,-0.7,-1.0,-0.7,0.0,-1.0,0.0,0.0,-1.0,0.0,0.0,-1.0,-1.0,-1.0,-1.0,-0.7,-1.0,0.0,0.0,-1.0,-0.7,-0.7,-0.7,-1.0,-1.0,-1.0,-1.0,0.0,-1.0,-1.0,-0.7,-1.0,-1.0,-0.7,-0.7,-1.0,-0.7,-0.7,-0.7,-0.7,-1.0,-0.7,-0.7,0.0,0.0,-0.7,-0.7,-0.7,0.0,0.0,-1.0,-1.0,-1.0,-1.0,
Hyōrinmaru,-1.0,-1.0,-1.0,-1.0,-1.0,-1.0,1.0,1.0,-1.0,-1.0,-1.0,-1.0,-1.0,-1.0,-1.0,-1.0,-1.0,-1.0,-1.0,-1.0,-1.0,-1.0,-1.0,-1.0,-1.0,-1.0,1.0,-1.0,-1.0,1.0,-1.0,-1.0,1.0,-1.0,-1.0,-1.0,-1.0,-1.0,-1.0,-1.0,-1.0,-1.0,-1.0,-1.0,-1.0,-1.0,-1.0,-1.0,-1.0,-1.0,-1.0,-1.0,-1.0,-1.0,-1.0,-1.0,-1.0,-1.0,-1.0,-1.0,-1.0,-1.0,-1.0,-1.0,-1.0,-1.0,-1.0,-1.0,-1.0,-1.0,-1.0,-1.0,-1.0,-1.0,-1.0,-1.0,-1.0,-1.0,-1.0,-1.0,-1.0,-1.0,-1.0,-1.0,-1.0,-1.0,-1.0,-1.0,-1.0,-1.0,-1.0,-1.0,-1.0,
Hyōrinmaru,0.0,-1.0,-1.0,0.0,-1.0,-1.0,0.7,0.7,-1.0,-0.7,-1.0,-0.7,-0.7,0.0,-0.7,-0.7,-0.7,-1.0,-1.0,-0.7,-1.0,-0.7,-1.0,0.0,0.0,-1.0,0.7,-0.7,0.0,1.0,-0.7,-0.7,1.0,-1.0,-1.0,0.0,-1.0,-0.7,-1.0,-1.0,-0.7,0.0,-0.7,-0.7,-0.7,-0.7,-0.7,0.0,-0.7,-0.7,-0.7,-1.0,-1.0,-1.0,-0.7,-1.0,-1.0,0.0,-0.7,-1.0,-0.7,-1.0,-0.7,-0.7,-1.0,-1.0,-1.0,-1.0,-1.0,0.0,-0.7,0.0,-0.7,-0.7,-1.0,-1.0,-0.7,0.0,-1.0,-0.7,-1.0,-0.7,-0.7,-0.7,-1.0,-1.0,-0.7,0.0,-1.0,-0.7,-0.7,-1.0,-0.7,
Hyōrinmaru,-1.0,-0.7,-0.7,-0.7,-1.0,0.0,1.0,0.7,-0.7,-0.7,-1.0,0.0,-1.0,0.0,-1.0,-1.0,-1.0,-1.0,-1.0,-1.0,0.0,-0.7,-1.0,-1.0,-0.7,-1.0,0.0,-0.7,-0.7,0.7,-0.7,-1.0,1.0,-1.0,-0.7,-0.7,-0.7,-1.0,-0.7,-1.0,-0.7,0.0,-0.7,0.0,0.0,-0.7,-1.0,-1.0,-0.7,0.0,-0.7,-1.0,0.0,-1.0,-0.7,-0.7,0.0,0.0,0.0,-0.7,-0.7,-0.7,0.0,-1.0,-1.0,-1.0,-0.7,-1.0,-0.7,-1.0,-1.0,-1.0,-0.7,-1.0,-1.0,0.0,0.0,0.0,-0.7,0.0,-0.7,0.0,-1.0,-1.0,-1.0,0.0,-0.7,-0.7,-0.7,0.0,0.0,-0.7,-0.7,
Katen Kyōkotsu,1.0,-1.0,1.0,-1.0,1.0,-1.0,-1.0,1.0,-1.0,-1.0,-1.0,-1.0,-1.0,-1.0,-1.0,-1.0,-1.0,-1.0,-1.0,-1.0,-1.0,-1.0,-1.0,-1.0,-1.0,-1.0,1.0,-1.0,-1.0,-1.0,-1.0,-1.0,-1.0,-1.0,-1.0,1.0,-1.0,-1.0,-1.0,-1.0,-1.0,-1.0,-1.0,-1.0,-1.0,-1.0,-1.0,-1.0,-1.0,-1.0,-1.0,-1.0,-1.0,-1.0,-1.0,-1.0,-1.0,-1.0,-1.0,-1.0,-1.0,-1.0,-1.0,-1.0,-1.0,-1.0,-1.0,-1.0,-1.0,-1.0,-1.0,-1.0,-1.0,-1.0,-1.0,-1.0,-1.0,-1.0,-1.0,-1.0,-1.0,-1.0,-1.0,-1.0,-1.0,-1.0,-1.0,-1.0,-1.0,-1.0,-1.0,-1.0,-1.0,
Katen Kyōkotsu,1.0,-0.7,0.0,-0.7,0.7,-1.0,-1.0,1.0,-0.7,-0.7,0.0,-0.7,-1.0,-1.0,0.0,-0.7,-0.7,-0.7,-1.0,-1.0,-1.0,-1.0,-0.7,-0.7,0.0,0.0,0.7,-0.7,-0.7,-1.0,0.0,-0.7,0.0,0.0,-0.7,1.0,-0.7,-0.7,-0.7,-1.0,-0.7,0.0,0.0,-1.0,0.0,-1.0,0.0,-1.0,0.0,-0.7,-1.0,-1.0,-1.0,-0.7,0.0,-0.7,0.0,-0.7,0.0,-0.7,-1.0,-0.7,-1.0,0.0,-1.0,-1.0,-1.0,-0.7,-1.0,0.0,-1.0,-1.0,-1.0,-1.0,-0.7,-1.0,-1.0,-1.0,-1.0,-0.7,-0.7,-1.0,-1.0,-0.7,-1.0,-0.7,0.0,-1.0,-1.0,-1.0,-0.7,-1.0,-0.7,
Katen Kyōkotsu,0.0,-1.0,1.0,-0.7,1.0,-1.0,-0.7,1.0,0.0,-1.0,-0.7,-0.7,-1.0,-1.0,-1.0,0.0,-0.7,-1.0,-0.7,-0.7,0.0,-1.0,0.0,-0.7,0.0,-1.0,1.0,0.0,0.0,-1.0,-0.7,-1.0,-1.0,-1.0,-1.0,0.7,-1.0,-1.0,0.0,-1.0,-0.7,0.0,-1.0,-1.0,-0.7,-0.7,-0.7,-0.7,0.0,-1.0,-0.7,-1.0,-1.0,-1.0,-0.7,0.0,-1.0,-1.0,-1.0,-1.0,-0.7,-0.7,0.0,-0.7,-0.7,-1.0,-0.7,-0.7,0.0,0.0,0.0,-1.0,-1.0,0.0,-0.7,-0.7,-1.0,0.0,-0.7,-0.7,0.0,-1.0,-0.7,-0.7,-0.7,-1.0,-0.7,-0.7,-0.7,0.0,-1.0,0.0,-0.7,
Nozarashi,1.0,-1.0,-1.0,-1.0,-1.0,1.0,-1.0,1.0,-1.0,-1.0,-1.0,-1.0,-1.0,-1.0,-1.0,-1.0,-1.0,-1.0,-1.0,-1.0,-1.0,-1.0,-1.0,-1.0,-1.0,-1.0,1.0,-1.0,-1.0,-1.0,1.0,-1.0,-1.0,-1.0,-1.0,-1.0,-1.0,-1.0,-1.0,-1.0,-1.0,-1.0,-1.0,-1.0,-1.0,-1.0,-1.0,-1.0,-1.0,-1.0,-1.0,-1.0,-1.0,-1.0,-1.0,-1.0,-1.0,-1.0,-1.0,-1.0,-1.0,-1.0,-1.0,-1.0,-1.0,-1.0,-1.0,-1.0,-1.0,-1.0,-1.0,-1.0,-1.0,-1.0,-1.0,-1.0,-1.0,-1.0,-1.0,-1.0,-1.0,-1.0,-1.0,-1.0,-1.0,-1.0,-1.0,-1.0,-1.0,-1.0,-1.0,-1.0,-1.0,
Nozarashi,0.7,-1.0,-1.0,-0.7,-1.0,0.0,-1.0,0.0,-0.7,-0.7,-1.0,-1.0,-1.0,-0.7,-0.7,-0.7,0.0,-0.7,-1.0,-1.0,0.0,-1.0,-0.7,-1.0,-1.0,-0.7,0.7,-0.7,-0.7,-1.0,1.0,-0.7,-0.7,-1.0,-0.7,-0.7,-1.0,-0.7,-0.7,-1.0,-0.7,-0.7,0.0,-0.7,-1.0,-1.0,0.0,0.0,-1.0,-1.0,-0.7,-0.7,-1.0,-0.7,-1.0,-1.0,-1.0,-0.7,0.0,-0.7,-1.0,0.0,-1.0,-0.7,-0.7,-1.0,-1.0,0.0,-0.7,-1.0,0.0,-1.0,-1.0,-0.7,-0.7,-1.0,-1.0,-0.7,-0.7,0.0,-0.7,-0.7,-1.0,0.0,-1.0,-0.7,0.0,0.0,-0.7,-0.7,0.0,0.0,-0.7,
Nozarashi,0.7,-1.0,-0.7,-1.0,-0.7,0.7,-1.0,1.0,-1.0,-1.0,-0.7,0.0,-0.7,-1.0,-1.0,-0.7,-0.7,-0.7,-1.0,-1.0,-1.0,-0.7,-0.7,0.0,-0.7,-0.7,0.0,-0.7,-0.7,0.0,1.0,-1.0,0.0,-0.7,-0.7,0.0,-1.0,-0.7,-0.7,-1.0,-1.0,-0.7,-1.0,-1.0,-1.0,-0.7,0.0,-0.7,-0.7,0.0,-1.0,-1.0,-1.0,-1.0,-1.0,-1.0,-1.0,-0.7,-1.0,-0.7,-0.7,-1.0,0.0,-0.7,-1.0,-1.0,-0.7,-0.7,-0.7,-1.0,-0.7,-0.7,0.0,-0.7,-1.0,-1.0,-1.0,-0.7,-1.0,-0.7,-0.7,-1.0,-0.7,-0.7,-0.7,0.0,-0.7,-1.0,0.0,-0.7,-0.7,-0.7,-1.0,
Zabimaru,-1.0,-1.0,-1.0,-1.0,-1.0,-1.0,1.0,-1.0,-1.0,1.0,-1.0,-1.0,-1.0,-1.0,-1.0,-1.0,-1.0,-1.0,-1.0,-1.0,-1.0,-1.0,-1.0,-1.0,-1.0,-1.0,1.0,-1.0,-1.0,-1.0,-1.0,-1.0,-1.0,-1.0,-1.0,1.0,-1.0,-1.0,-1.0,-1.0,-1.0,-1.0,-1.0,-1.0,-1.0,-1.0,-1.0,-1.0,-1.0,-1.0,-1.0,-1.0,-1.0,-1.0,-1.0,-1.0,-1.0,-1.0,-1.0,-1.0,-1.0,-1.0,-1.0,-1.0,-1.0,-1.0,-1.0,-1.0,-1.0,-1.0,-1.0,-1.0,-1.0,-1.0,-1.0,-1.0,-1.0,-1.0,-1.0,-1.0,-1.0,-1.0,-1.0,-1.0,-1.0,-1.0,-1.0,-1.0,-1.0,-1.0,-1.0,-1.0,-1.0,
Zabimaru,-1.0,-0.7,-1.0,0.0,-1.0,-0.7,0.7,-0.7,-0.7,0.7,-1.0,-1.0,0.0,0.0,-1.0,-1.0,-1.0,0.0,-1.0,-1.0,-1.0,-0.7,0.0,-1.0,-1.0,-0.7,1.0,-1.0,0.0,0.0,0.0,-0.7,-1.0,-0.7,-1.0,1.0,-1.0,0.0,-0.7,-1.0,-1.0,0.0,0.0,-0.7,-1.0,-0.7,-0.7,0.0,-1.0,-0.7,-1.0,-0.7,-1.0,0.0,-1.0,-0.7,-0.7,0.0,-0.7,-1.0,-1.0,-0.7,-0.7,-1.0,-0.7,-1.0,0.0,-1.0,-1.0,-1.0,-0.7,-1.0,-0.7,-1.0,-1.0,0.0,0.0,-0.7,0.0,-1.0,-1.0,-1.0,0.0,-0.7,-1.0,-1.0,-1.0,-1.0,-0.7,-1.0,-1.0,-1.0,-0.7,
Zabimaru,-0.7,-0.7,-0.7,-1.0,-1.0,0.0,1.0,-0.7,0.0,0.7,-1.0,0.0,-1.0,-0.7,-1.0,-0.7,-0.7,-0.7,-0.7,0.0,-1.0,0.0,-1.0,-1.0,0.0,-0.7,1.0,-0.7,-1.0,-0.7,-0.7,0.0,-1.0,-1.0,-1.0,1.0,0.0,0.0,-0.7,-0.7,0.0,-1.0,-1.0,-1.0,0.0,-0.7,-0.7,-1.0,-0.7,0.0,-1.0,-0.7,-1.0,-0.7,-0.7,-1.0,-0.7,-1.0,0.0,0.0,-0.7,-1.0,-0.7,-0.7,-1.0,-1.0,0.0,-0.7,0.0,-0.7,-0.7,-0.7,-1.0,0.0,0.0,0.0,-0.7,-0.7,-0.7,0.0,-0.7,-1.0,-0.7,0.0,-1.0,-0.7,-1.0,0.0,-0.7,-0.7,-0.7,0.0,0.0,
Zangetsu (Old Man),-1.0,-1.0,-1.0,-1.0,-1.0,-1.0,-1.0,1.0,1.0,-1.0,-1.0,-1.0,-1.0,-1.0,-1.0,-1.0,1.0,-1.0,-1.0,1.0,-1.0,-1.0,-1.0,-1.0,-1.0,-1.0,1.0,-1.0,-1.0,1.0,-1.0,-1.0,-1.0,-1.0,-1.0,-1.0,-1.0,-1.0,-1.0,-1.0,-1.0,-1.0,-1.0,-1.0,-1.0,-1.0,-1.0,-1.0,-1.0,-1.0,-1.0,-1.0,-1.0,-1.0,-1.0,-1.0,-1.0,-1.0,-1.0,-1.0,-1.0,-1.0,-1.0,-1.0,-1.0,-1.0,-1.0,-1.0,-1.0,-1.0,-1.0,-1.0,-1.0,-1.0,-1.0,-1.0,-1.0,-1.0,-1.0,-1.0,-1.0,-1.0,-1.0,-1.0,-1.0,-1.0,-1.0,-1.0,-1.0,-1.0,-1.0,-1.0,-1.0,
Zangetsu (Old Man),0.0,-1.0,-1.0,0.0,0.0,-1.0,-1.0,1.0,1.0,-0.7,-1.0,-1.0,0.0,-1.0,-0.7,-1.0,0.7,-1.0,-1.0,0.7,0.0,-0.7,-1.0,0.0,-1.0,0.0,1.0,-0.7,-1.0,0.7,-0.7,-0.7,-1.0,0.0,0.0,-0.7,-0.7,-0.7,-1.0,0.0,-1.0,-0.7,-0.7,-0.7,0.0,-1.0,-0.7,-0.7,-1.0,-0.7,0.0,-1.0,-0.7,-0.7,-0.7,0.0,-1.0,-0.7,-0.7,-1.0,0.0,-1.0,-1.0,-0.7,-1.0,-0.7,0.0,-1.0,-1.0,-1.0,-1.0,-1.0,0.0,-0.7,-1.0,0.0,-1.0,-0.7,-1.0,-1.0,-0.7,-0.7,-0.7,-0.7,-1.0,-0.7,0.0,-1.0,-1.0,-0.7,-0.7,-0.7,-0.7,
Zangetsu (Old Man),0.0,-1.0,-0.7,-0.7,-0.7,-1.0,-0.7,0.7,0.7,-1.0,-0.7,0.0,0.0,-0.7,-0.7,-1.0,0.7,-1.0,0.0,1.0,-0.7,0.0,0.0,-0.7,-0.7,-0.7,1.0,-1.0,-1.0,1.0,0.0,-1.0,-0.7,-1.0,0.0,-1.0,-0.7,-0.7,0.0,-1.0,0.0,-0.7,-1.0,-1.0,-0.7,-1.0,0.0,-1.0,-0.7,-0.7,-0.7,-1.0,0.0,-0.7,-0.7,-0.7,-0.7,0.0,0.0,-1.0,-1.0,0.0,-1.0,0.0,-0.7,-1.0,-1.0,-0.7,0.0,-1.0,-1.0,0.0,-1.0,-0.7,-0.7,-1.0,-1.0,-1.0,-1.0,-0.7,-0.7,-0.7,-0.7,-1.0,-1.0,-1.0,-0.7,0.0,-1.0,-0.7,-0.7,-0.7,0.0,
Zangetsu (Hollow),-1.0,-1.0,-1.0,-1.0,-1.0,-1.0,1.0,1.0,1.0,1.0,-1.0,-1.0,-1.0,-1.0,-1.0,-1.0,1.0,-1.0,1.0,1.0,-1.0,-1.0,-1.0,-1.0,-1.0,-1.0,1.0,-1.0,-1.0,1.0,-1.0,1.0,-1.0,-1.0,-1.0,-1.0,-1.0,-1.0,-1.0,-1.0,-1.0,-1.0,-1.0,-1.0,-1.0,-1.0,-1.0,-1.0,-1.0,-1.0,-1.0,-1.0,-1.0,-1.0,-1.0,-1.0,-1.0,-1.0,-1.0,-1.0,-1.0,-1.0,-1.0,-1.0,-1.0,-1.0,-1.0,-1.0,-1.0,-1.0,-1.0,-1.0,-1.0,-1.0,-1.0,-1.0,-1.0,-1.0,-1.0,-1.0,-1.0,-1.0,-1.0,-1.0,-1.0,-1.0,-1.0,-1.0,-1.0,-1.0,-1.0,-1.0,-1.0,
Zangetsu (Hollow),-1.0,-1.0,-1.0,-1.0,-0.7,0.0,0.7,1.0,1.0,0.0,-0.7,0.0,-0.7,0.0,0.0,-0.7,0.7,-0.7,1.0,1.0,-1.0,-1.0,-1.0,-0.7,0.0,-0.7,0.7,-1.0,-1.0,0.7,0.0,1.0,-0.7,-0.7,-1.0,-1.0,-0.7,-0.7,-1.0,-1.0,-0.7,-1.0,0.0,-1.0,-1.0,-1.0,0.0,-0.7,0.0,-0.7,0.0,0.0,-1.0,0.0,0.0,0.0,0.0,-0.7,0.0,-0.7,-0.7,-1.0,-0.7,-0.7,-0.7,0.0,-0.7,-0.7,-1.0,-1.0,-0.7,-0.7,-1.0,-1.0,-1.0,-0.7,-0.7,-1.0,-0.7,-1.0,-0.7,-1.0,0.0,-1.0,-0.7,-0.7,-1.0,-1.0,-1.0,0.0,-1.0,-0.7,-0.7,
Zangetsu (Hollow),-1.0,-1.0,0.0,-1.0,-1.0,-0.7,1.0,0.7,1.0,0.0,-0.7,0.0,-1.0,-1.0,0.0,-1.0,0.7,-1.0,0.0,1.0,-0.7,-0.7,-1.0,-1.0,0.0,-0.7,0.7,-0.7,-1.0,0.7,-0.7,0.7,-1.0,0.0,-1.0,-1.0,0.0,-0.7,-1.0,-0.7,-0.7,-1.0,-0.7,-1.0,-1.0,-1.0,-0.7,-1.0,0.0,-0.7,-1.0,-0.7,0.0,-0.7,-1.0,-1.0,0.0,-1.0,-1.0,-0.7,-1.0,0.0,0.0,-0.7,0.0,-0.7,-0.7,-0.7,-1.0,0.0,0.0,0.0,-0.7,-0.7,-1.0,-1.0,-1.0,-1.0,-0.7,-0.7,-1.0,-0.7,-1.0,-0.7,0.0,-0.7,-1.0,-0.7,-0.7,-0.7,0.0,-1.0,-1.0,
Bishamon,-1.0,1.0,-1.0,-1.0,-1.0,-1.0,-1.0,-1.0,-1.0,1.0,-1.0,-1.0,1.0,1.0,-1.0,-1.0,-1.0,1.0,1.0,-1.0,1.0,1.0,-1.0,-1.0,-1.0,-1.0,-1.0,-1.0,-1.0,-1.0,-1.0,-1.0,-1.0,-1.0,-1.0,-1.0,-1.0,1.0,-1.0,-1.0,-1.0,-1.0,-1.0,-1.0,-1.0,-1.0,-1.0,-1.0,-1.0,-1.0,-1.0,-1.0,-1.0,-1.0,-1.0,-1.0,-1.0,-1.0,-1.0,-1.0,-1.0,-1.0,-1.0,-1.0,-1.0,-1.0,-1.0,-1.0,-1.0,-1.0,-1.0,-1.0,-1.0,-1.0,-1.0,1.0,-1.0,-1.0,-1.0,-1.0,-1.0,-1.0,-1.0,-1.0,-1.0,-1.0,-1.0,-1.0,-1.0,-1.0,-1.0,-1.0,-1.0,
Bishamon,-1.0,0.7,-0.7,-1.0,-1.0,-0.7,0.0,-1.0,-1.0,0.7,-1.0,-0.7,0.7,0.7,0.0,-1.0,0.0,0.0,1.0,-1.0,0.0,0.7,-1.0,-0.7,-0.7,-1.0,-0.7,-0.7,0.0,-0.7,-0.7,-0.7,-1.0,-0.7,-0.7,0.0,-0.7,0.7,-1.0,0.0,-1.0,0.0,-0.7,-1.0,0.0,-0.7,-0.7,-1.0,0.0,-0.7,-0.7,0.0,-0.7,-1.0,-0.7,-0.7,0.0,-1.0,-0.7,-0.7,-1.0,-1.0,-0.7,-0.7,-0.7,0.0,-0.7,-0.7,-1.0,-1.0,-0.7,-0.7,-0.7,-0.7,-0.7,1.0,-0.7,-0.7,-0.7,-0.7,-0.7,-1.0,-1.0,-1.0,-0.7,-0.7,-1.0,0.0,-0.7,-1.0,-0.7,-0.7,-0.7,
Bishamon,-0.7,1.0,-1.0,-1.0,-1.0,-0.7,-0.7,-0.7,-0.7,1.0,-1.0,-1.0,1.0,0.7,0.0,-0.7,-0.7,1.0,0.7,-0.7,1.0,0.0,-1.0,-0.7,-0.7,0.0,0.0,0.0,-0.7,-0.7,-1.0,-0.7,0.0,-0.7,-1.0,-1.0,-0.7,1.0,-1.0,-1.0,-1.0,-1.0,0.0,-0.7,-0.7,-0.7,-1.0,0.0,0.0,-1.0,-1.0,-0.7,-1.0,0.0,-0.7,-1.0,-0.7,-0.7,-1.0,0.0,-1.0,0.0,-1.0,-0.7,-1.0,-0.7,-0.7,-1.0,-0.7,-1.0,-0.7,-0.7,-0.7,-1.0,-1.0,0.7,0.0,0.0,-0.7,0.0,0.0,-1.0,-1.0,-1.0,-1.0,-0.7,-0.7,-0.7,-1.0,-0.7,-0.7,-0.7,0.0,
Black Maria,1.0,-1.0,-1.0,-1.0,-1.0,-1.0,1.0,-1.0,-1.0,1.0,-1.0,-1.0,-1.0,1.0,1.0,-1.0,-1.0,1.0,1.0,-1.0,-1.0,1.0,-1.0,-1.0,-1.0,-1.0,-1.0,-1.0,-1.0,1.0,-1.0,-1.0,1.0,1.0,-1.0,-1.0,-1.0,1.0,1.0,-1.0,-1.0,-1.0,1.0,-1.0,-1.0,-1.0,-1.0,-1.0,-1.0,-1.0,-1.0,-1.0,-1.0,1.0,-1.0,-1.0,-1.0,-1.0,-1.0,-1.0,-1.0,-1.0,-1.0,-1.0,-1.0,-1.0,-1.0,-1.0,-1.0,-1.0,-1.0,-1.0,-1.0,-1.0,-1.0,1.0,-1.0,-1.0,-1.0,-1.0,-1.0,-1.0,-1.0,-1.0,-1.0,-1.0,-1.0,-1.0,-1.0,-1.0,-1.0,-1.0,-1.0,
Black Maria,1.0,-1.0,-0.7,0.0,-1.0,-0.7,0.0,-0.7,-1.0,0.7,-1.0,-1.0,0.0,0.7,1.0,-1.0,-0.7,0.7,0.7,-0.7,-0.7,0.0,0.0,-1.0,-1.0,-1.0,-1.0,-1.0,-0.7,1.0,-1.0,-1.0,1.0,0.7,-1.0,0.0,-1.0,0.0,1.0,-0.7,-1.0,0.0,1.0,0.0,-1.0,-1.0,-0.7,-0.7,0.0,-0.7,-0.7,-0.7,-0.7,0.7,-1.0,-0.7,-0.7,-0.7,0.0,0.0,0.0,-1.0,-1.0,-1.0,0.0,-1.0,-1.0,-1.0,-1.0,-1.0,-1.0,-1.0,0.0,-0.7,-0.7,0.7,0.0,0.0,0.0,-1.0,0.0,-1.0,-1.0,-1.0,-0.7,-0.7,-1.0,-0.7,-0.7,-1.0,-0.7,-0.7,-1.0,
Black Maria,1.0,0.0,0.0,-1.0,-0.7,-1.0,0.7,-0.7,-1.0,1.0,-1.0,-0.7,0.0,0.0,0.0,0.0,-1.0,0.7,1.0,0.0,0.0,0.7,-0.7,-1.0,-1.0,0.0,0.0,-1.0,-1.0,1.0,0.0,0.0,0.7,0.7,-0.7,-1.0,0.0,0.7,1.0,-1.0,-0.7,-1.0,0.7,0.0,-0.7,-0.7,-0.7,-1.0,-0.7,-1.0,0.0,0.0,-1.0,0.0,-0.7,0.0,-0.7,-0.7,-0.7,-1.0,-1.0,-1.0,-1.0,-1.0,-0.7,-0.7,0.0,-1.0,0.0,-0.7,-0.7,-0.7,-0.7,-1.0,-0.7,0.7,0.0,0.0,-0.7,-0.7,0.0,0.0,0.0,-0.7,-1.0,0.0,-1.0,-0.7,-0.7,-1.0,-1.0,0.0,-0.7,
Bell-mère,1.0,-1.0,-1.0,-1.0,-1.0,-1.0,-1.0,-1.0,1.0,-1.0,-1.0,-1.0,1.0,-1.0,-1.0,-1.0,1.0,1.0,-1.0,1.0,1.0,-1.0,-1.0,-1.0,-1.0,-1.0,-1.0,-1.0,-1.0,-1.0,1.0,-1.0,-1.0,-1.0,-1.0,1.0,-1.0,1.0,-1.0,-1.0,-1.0,-1.0,-1.0,-1.0,-1.0,-1.0,-1.0,-1.0,-1.0,-1.0,-1.0,-1.0,-1.0,-1.0,-1.0,-1.0,-1.0,-1.0,-1.0,-1.0,-1.0,-1.0,-1.0,-1.0,-1.0,-1.0,-1.0,-1.0,-1.0,-1.0,-1.0,-1.0,-1.0,-1.0,-1.0,-1.0,-1.0,-1.0,-1.0,-1.0,-1.0,-1.0,-1.0,-1.0,-1.0,-1.0,1.0,-1.0,-1.0,-1.0,-1.0,-1.0,-1.0,
Bell-mère,0.7,-0.7,0.0,-1.0,-0.7,-0.7,0.0,-1.0,0.0,-1.0,-1.0,-1.0,0.7,-0.7,-0.7,-1.0,0.7,0.0,0.0,0.7,0.0,-0.7,-1.0,-1.0,-1.0,-0.7,0.0,0.0,-1.0,-0.7,0.7,0.0,-1.0,-0.7,0.0,0.0,-1.0,1.0,-0.7,0.0,-1.0,0.0,-1.0,-0.7,-0.7,-1.0,-1.0,-0.7,0.0,-1.0,-0.7,-0.7,-0.7,0.0,-0.7,-0.7,-0.7,-0.7,-1.0,0.0,-1.0,-0.7,-0.7,-1.0,-1.0,-1.0,-1.0,0.0,0.0,-1.0,-1.0,0.0,-1.0,0.0,-1.0,-0.7,-0.7,-1.0,-1.0,-0.7,-1.0,-0.7,-1.0,-0.7,-0.7,-0.7,1.0,-0.7,-0.7,0.0,-0.7,-1.0,-1.0,
Bell-mère,1.0,-1.0,-1.0,-1.0,-1.0,-1.0,-1.0,-1.0,1.0,-0.7,-1.0,-1.0,1.0,-0.7,0.0,-1.0,0.7,0.7,-0.7,0.0,0.0,-1.0,-1.0,-0.7,0.0,0.0,-1.0,-1.0,-0.7,-0.7,0.7,-0.7,-1.0,0.0,0.0,0.7,-0.7,0.7,-1.0,-1.0,-1.0,0.0,-1.0,-1.0,-0.7,-1.0,-1.0,-0.7,-0.7,-0.7,-0.7,-0.7,-0.7,-0.7,-1.0,-0.7,-1.0,-1.0,-1.0,-1.0,-0.7,-0.7,-1.0,0.0,-0.7,0.0,-0.7,-1.0,0.0,0.0,-0.7,-1.0,-1.0,0.0,-1.0,-0.7,-0.7,-1.0,-0.7,-0.7,-1.0,-0.7,0.0,-0.7,-0.7,-0.7,1.0,0.0,-0.7,-1.0,-0.7,-0.7,-1.0,
Bepo,-1.0,-1.0,-1.0,-1.0,-1.0,-1.0,1.0,-1.0,-1.0,1.0,-1.0,-1.0,-1.0,1.0,-1.0,-1.0,-1.0,1.0,-1.0,-1.0,-1.0,1.0,-1.0,-1.0,-1.0,-1.0,-1.0,-1.0,-1.0,1.0,-1.0,-1.0,1.0,-1.0,-1.0,1.0,-1.0,1.0,-1.0,-1.0,-1.0,-1.0,-1.0,-1.0,-1.0,-1.0,-1.0,-1.0,-1.0,-1.0,-1.0,-1.0,-1.0,-1.0,-1.0,-1.0,-1.0,-1.0,-1.0,-1.0,-1.0,-1.0,-1.0,-1.0,-1.0,-1.0,-1.0,-1.0,-1.0,-1.0,-1.0,1.0,-1.0,-1.0,-1.0,1.0,1.0,-1.0,-1.0,1.0,1.0,-1.0,-1.0,-1.0,-1.0,-1.0,-1.0,1.0,-1.0,-1.0,-1.0,-1.0,-1.0,
Bepo,0.0,-1.0,-0.7,-0.7,-1.0,0.0,0.7,-0.7,-0.7,0.0,-1.0,-0.7,0.0,1.0,-1.0,0.0,0.0,0.7,-0.7,-0.7,-1.0,0.7,-0.7,-1.0,-0.7,-0.7,-0.7,-0.7,0.0,1.0,-0.7,-0.7,1.0,-1.0,-0.7,0.7,0.0,0.7,-1.0,-0.7,-0.7,-0.7,0.0,-0.7,-1.0,-1.0,-0.7,-1.0,-0.7,-0.7,-0.7,-0.7,-0.7,-1.0,-0.7,-0.7,-0.7,-1.0,-0.7,-0.7,-1.0,0.0,-0.7,-0.7,-0.7,0.0,-0.7,-0.7,-0.7,-1.0,-1.0,1.0,-1.0,-0.7,-1.0,0.7,0.7,-1.0,-1.0,0.7,1.0,-0.7,-0.7,-0.7,-0.7,-0.7,0.0,1.0,0.0,-0.7,-0.7,-0.7,-0.7,
Bepo,0.0,-1.0,-0.7,-1.0,-1.0,-0.7,1.0,0.0,-0.7,0.7,-1.0,-1.0,0.0,0.7,-1.0,-1.0,-1.0,1.0,-0.7,-0.7,-0.7,0.0,-1.0,-0.7,-0.7,-1.0,-1.0,-0.7,-1.0,0.7,-0.7,-1.0,1.0,-1.0,-0.7,1.0,0.0,0.0,-1.0,0.0,-0.7,-1.0,-0.7,-0.7,-1.0,-1.0,-1.0,-1.0,-1.0,-0.7,-1.0,-1.0,-1.0,0.0,-1.0,-0.7,-0.7,-0.7,-0.7,-1.0,-1.0,-1.0,-0.7,-1.0,-1.0,-0.7,-1.0,-0.7,-1.0,0.0,0.0,0.7,0.0,-1.0,-0.7,1.0,0.7,-1.0,-1.0,0.0,1.0,-0.7,-0.7,-1.0,-0.7,-1.0,0.0,0.0,-0.7,0.0,-1.0,-1.0,-1.0,
Benn Beckman,-1.0,1.0,-1.0,-1.0,-1.0,-1.0,-1.0,-1.0,1.0,-1.0,-1.0,-1.0,-1.0,1.0,1.0,-1.0,1.0,1.0,-1.0,-1.0,1.0,1.0,-1.0,-1.0,-1.0,-1.0,-1.0,-1.0,-1.0,-1.0,-1.0,-1.0,-1.0,-1.0,-1.0,-1.0,-1.0,1.0,-1.0,-1.0,-1.0,-1.0,-1.0,-1.0,-1.0,-1.0,-1.0,-1.0,-1.0,-1.0,-1.0,-1.0,-1.0,-1.0,-1.0,-1.0,-1.0,-1.0,-1.0,-1.0,-1.0,-1.0,-1.0,-1.0,-1.0,-1.0,-1.0,-1.0,-1.0,-1.0,-1.0,-1.0,-1.0,-1.0,-1.0,-1.0,-1.0,-1.0,-1.0,-1.0,1.0,-1.0,-1.0,-1.0,-1.0,-1.0,-1.0,-1.0,-1.0,-1.0,-1.0,-1.0,-1.0,
Benn Beckman,-0.7,1.0,-0.7,-0.7,-1.0,-1.0,-1.0,-0.7,1.0,-1.0,-0.7,-1.0,-0.7,0.7,0.7,-0.7,1.0,1.0,-0.7,-1.0,0.0,1.0,-0.7,-1.0,0.0,-0.7,-0.7,-0.7,-1.0,-0.7,-1.0,-0.7,-1.0,-1.0,-1.0,-1.0,-1.0,0.0,-0.7,0.0,-1.0,-0.7,-0.7,-0.7,-0.7,-0.7,-0.7,-0.7,-0.7,0.0,0.0,-0.7,-1.0,-1.0,-1.0,-1.0,-1.0,-1.0,-0.7,-1.0,-0.7,-1.0,0.0,-0.7,-1.0,0.0,-1.0,0.0,-0.7,-1.0,-1.0,-1.0,0.0,-0.7,-1.0,-0.7,-1.0,-1.0,0.0,-0.7,1.0,0.0,-1.0,-1.0,-1.0,-0.7,-0.7,-1.0,-0.7,-0.7,-0.7,0.0,-1.0,
Benn Beckman,-1.0,0.7,-1.0,-1.0,-1.0,-0.7,-1.0,-1.0,1.0,-0.7,-0.7,-1.0,-0.7,0.7,0.7,-1.0,0.7,0.0,-1.0,-1.0,1.0,0.7,-0.7,-1.0,-1.0,0.0,-0.7,0.0,0.0,-0.7,-1.0,-0.7,-1.0,-0.7,-0.7,0.0,-1.0,1.0,-0.7,0.0,0.0,-0.7,-1.0,-1.0,0.0,-0.7,-0.7,-1.0,-1.0,-0.7,0.0,0.0,0.0,-0.7,-0.7,0.0,-1.0,0.0,-0.7,0.0,-0.7,-1.0,-1.0,-1.0,-1.0,-0.7,-0.7,-0.7,-1.0,0.0,-0.7,0.0,-1.0,0.0,-1.0,-0.7,-0.7,0.0,-1.0,-1.0,0.0,-1.0,-1.0,-0.7,-1.0,-1.0,-1.0,-1.0,-0.7,-1.0,-0.7,0.0,-1.0,
Bellamy,-1.0,-1.0,-1.0,1.0,1.0,-1.0,-1.0,-1.0,-1.0,1.0,-1.0,-1.0,-1.0,1.0,1.0,-1.0,-1.0,1.0,1.0,-1.0,1.0,1.0,-1.0,-1.0,-1.0,-1.0,-1.0,-1.0,-1.0,1.0,-1.0,-1.0,-1.0,-1.0,-1.0,-1.0,-1.0,1.0,1.0,1.0,-1.0,-1.0,-1.0,-1.0,-1.0,-1.0,-1.0,-1.0,-1.0,-1.0,-1.0,-1.0,-1.0,-1.0,-1.0,-1.0,-1.0,-1.0,-1.0,-1.0,-1.0,-1.0,-1.0,-1.0,-1.0,-1.0,-1.0,-1.0,-1.0,-1.0,-1.0,-1.0,-1.0,1.0,-1.0,-1.0,1.0,-1.0,-1.0,-1.0,-1.0,-1.0,-1.0,-1.0,-1.0,-1.0,-1.0,-1.0,-1.0,-1.0,-1.0,-1.0,-1.0,
Bellamy,0.0,0.0,-0.7,0.0,1.0,0.0,-0.7,-1.0,-0.7,0.7,-1.0,-1.0,-0.7,0.7,0.7,-0.7,-1.0,0.7,0.0,0.0,0.7,0.0,0.0,-1.0,-1.0,-1.0,-0.7,-0.7,-1.0,0.0,-0.7,-0.7,-1.0,-1.0,-0.7,0.0,0.0,0.7,1.0,1.0,0.0,-1.0,-0.7,-0.7,-0.7,-0.7,0.0,0.0,0.0,-0.7,-1.0,0.0,-1.0,-0.7,-1.0,-0.7,-1.0,0.0,0.0,-0.7,-1.0,-0.7,-1.0,0.0,-1.0,-1.0,-0.7,-0.7,-0.7,-1.0,-1.0,-1.0,-1.0,0.0,-1.0,-0.7,0.7,-1.0,0.0,-0.7,-1.0,0.0,-0.7,-0.7,0.0,0.0,-0.7,-1.0,-1.0,-0.7,0.0,-1.0,-1.0,
Bellamy,0.0,-1.0,-1.0,1.0,1.0,0.0,0.0,-1.0,0.0,1.0,0.0,-1.0,0.0,1.0,1.0,0.0,-1.0,0.0,1.0,-1.0,0.0,0.7,-0.7,-1.0,-0.7,-1.0,-0.7,-0.7,-0.7,0.0,-0.7,-1.0,-1.0,-0.7,-1.0,-1.0,0.0,0.0,0.7,0.7,-0.7,-0.7,0.0,-0.7,-1.0,-0.7,-0.7,-1.0,-1.0,-0.7,-0.7,0.0,-1.0,-1.0,-1.0,-0.7,-0.7,0.0,-0.7,0.0,-1.0,-1.0,-1.0,-0.7,-1.0,-0.7,-1.0,-1.0,-0.7,-1.0,0.0,0.0,-1.0,0.0,-0.7,-0.7,1.0,-0.7,-1.0,-1.0,-1.0,-0.7,-0.7,0.0,-0.7,0.0,-0.7,-1.0,-0.7,-0.7,-0.7,-0.7,-0.7,
Bentham,-1.0,1.0,-1.0,-1.0,-1.0,-1.0,-1.0,-1.0,-1.0,1.0,-1.0,-1.0,-1.0,1.0,-1.0,-1.0,-1.0,1.0,1.0,-1.0,1.0,1.0,-1.0,-1.0,-1.0,-1.0,-1.0,-1.0,-1.0,-1.0,-1.0,-1.0,-1.0,1.0,-1.0,-1.0,-1.0,1.0,1.0,1.0,-1.0,-1.0,-1.0,-1.0,-1.0,-1.0,-1.0,-1.0,-1.0,-1.0,-1.0,-1.0,-1.0,-1.0,-1.0,-1.0,1.0,-1.0,-1.0,-1.0,-1.0,-1.0,-1.0,-1.0,-1.0,-1.0,-1.0,-1.0,-1.0,-1.0,-1.0,-1.0,-1.0,-1.0,-1.0,-1.0,-1.0,-1.0,1.0,-1.0,1.0,-1.0,-1.0,1.0,-1.0,1.0,-1.0,-1.0,-1.0,-1.0,-1.0,1.0,1.0,
Bentham,-1.0,0.7,-1.0,-1.0,-0.7,-0.7,-1.0,-0.7,-0.7,1.0,-0.7,-1.0,-0.7,1.0,-0.7,0.0,0.0,0.7,1.0,-1.0,0.7,0.7,0.0,-1.0,-0.7,-0.7,-0.7,-1.0,0.0,-0.7,0.0,-0.7,-0.7,1.0,-0.7,-0.7,-0.7,1.0,0.7,1.0,-1.0,-1.0,-1.0,-0.7,-1.0,-1.0,-1.0,-0.7,-0.7,-1.0,-0.7,-0.7,0.0,-1.0,0.0,-1.0,0.7,-0.7,-1.0,-0.7,-0.7,-0.7,-0.7,-1.0,0.0,0.0,-1.0,-0.7,-1.0,-0.7,-0.7,-0.7,-1.0,0.0,0.0,-0.7,-1.0,-1.0,0.7,0.0,0.0,-1.0,-0.7,0.7,-1.0,0.7,-1.0,-0.7,0.0,0.0,-0.7,1.0,0.7,
Bentham,0.0,0.7,-0.7,0.0,0.0,0.0,0.0,-1.0,0.0,0.7,-1.0,-0.7,-0.7,1.0,0.0,-1.0,0.0,1.0,1.0,-0.7,0.7,1.0,0.0,-0.7,-0.7,-1.0,-0.7,0.0,-1.0,-1.0,-0.7,0.0,-0.7,0.7,-0.7,0.0,-1.0,1.0,1.0,1.0,-1.0,-1.0,-0.7,-1.0,-0.7,0.0,-1.0,-1.0,-1.0,-0.7,-0.7,0.0,-0.7,0.0,-0.7,-1.0,1.0,-0.7,0.0,-1.0,-1.0,0.0,-1.0,-0.7,-1.0,-1.0,-0.7,-0.7,-1.0,-0.7,-1.0,-0.7,-1.0,-0.7,0.0,-1.0,-1.0,0.0,0.7,-0.7,1.0,0.0,0.0,1.0,-0.7,0.0,-0.7,-0.7,-1.0,-1.0,-0.7,0.7,0.7,
Zeus,-1.0,-1.0,-1.0,-1.0,-1.0,-1.0,1.0,-1.0,-1.0,-1.0,-1.0,-1.0,-1.0,1.0,-1.0,-1.0,-1.0,1.0,-1.0,-1.0,-1.0,1.0,-1.0,-1.0,-1.0,-1.0,-1.0,-1.0,-1.0,1.0,-1.0,-1.0,1.0,-1.0,-1.0,-1.0,-1.0,1.0,-1.0,-1.0,-1.0,-1.0,-1.0,-1.0,-1.0,-1.0,-1.0,-1.0,-1.0,-1.0,-1.0,-1.0,-1.0,-1.0,-1.0,-1.0,-1.0,-1.0,-1.0,-1.0,-1.0,-1.0,-1.0,-1.0,-1.0,-1.0,-1.0,-1.0,-1.0,-1.0,-1.0,-1.0,-1.0,-1.0,-1.0,1.0,-1.0,1.0,-1.0,-1.0,-1.0,-1.0,-1.0,-1.0,-1.0,-1.0,-1.0,-1.0,-1.0,-1.0,-1.0,-1.0,-1.0,
Zeus,-1.0,-0.7,-0.7,-0.7,0.0,-1.0,0.7,-0.7,-1.0,-1.0,-1.0,0.0,-0.7,0.7,-1.0,0.0,-1.0,0.7,0.0,-1.0,-0.7,1.0,-1.0,-0.7,-1.0,-0.7,-1.0,-0.7,-1.0,0.7,-1.0,0.0,0.7,-0.7,0.0,-1.0,-1.0,1.0,-1.0,0.0,-1.0,0.0,-0.7,-1.0,0.0,0.0,0.0,-0.7,-1.0,-1.0,-0.7,-1.0,-0.7,-0.7,-1.0,-0.7,0.0,-1.0,-1.0,-1.0,-1.0,-1.0,-1.0,-1.0,-0.7,-1.0,-1.0,0.0,-0.7,-1.0,0.0,-1.0,-1.0,0.0,-1.0,0.0,0.0,1.0,-1.0,-1.0,-1.0,0.0,-0.7,-1.0,-0.7,-1.0,-1.0,-1.0,-0.7,-1.0,-0.7,-1.0,-0.7,
Zeus,-1.0,-1.0,-0.7,-0.7,-1.0,-0.7,1.0,-0.7,-0.7,0.0,-0.7,-1.0,0.0,0.7,0.0,-1.0,-0.7,0.7,-0.7,0.0,-0.7,0.7,-1.0,-1.0,-1.0,-1.0,-1.0,-1.0,-0.7,0.7,-0.7,-0.7,0.7,-1.0,0.0,-1.0,0.0,0.7,-1.0,-1.0,-1.0,-1.0,-1.0,-0.7,-1.0,-0.7,0.0,-0.7,-1.0,-1.0,-1.0,-0.7,-0.7,-0.7,-1.0,-1.0,0.0,-0.7,0.0,0.0,0.0,-1.0,-1.0,-1.0,0.0,-1.0,-0.7,0.0,0.0,-0.7,-1.0,-1.0,-0.7,0.0,0.0,1.0,-1.0,0.7,-0.7,-1.0,-1.0,0.0,0.0,-0.7,-0.7,-1.0,-0.7,-1.0,-1.0,-1.0,-1.0,0.0,0.0,
Zeo,-1.0,-1.0,-1.0,-1.0,-1.0,-1.0,1.0,-1.0,-1.0,1.0,-1.0,-1.0,-1.0,1.0,-1.0,-1.0,-1.0,1.0,1.0,-1.0,-1.0,1.0,-1.0,-1.0,-1.0,-1.0,-1.0,-1.0,-1.0,-1.0,-1.0,-1.0,-1.0,1.0,-1.0,-1.0,-1.0,1.0,-1.0,-1.0,-1.0,-1.0,-1.0,-1.0,-1.0,-1.0,-1.0,-1.0,-1.0,-1.0,-1.0,-1.0,-1.0,-1.0,-1.0,-1.0,-1.0,-1.0,-1.0,-1.0,-1.0,-1.0,-1.0,-1.0,1.0,1.0,-1.0,-1.0,-1.0,-1.0,-1.0,-1.0,-1.0,-1.0,1.0,-1.0,-1.0,-1.0,-1.0,-1.0,-1.0,-1.0,-1.0,-1.0,-1.0,-1.0,-1.0,-1.0,-1.0,-1.0,-1.0,-1.0,-1.0,
Zeo,-0.7,-0.7,-1.0,-0.7,-0.7,-0.7,1.0,-0.7,-1.0,1.0,-0.7,-1.0,-0.7,0.7,-1.0,0.0,0.0,1.0,0.7,-1.0,-0.7,0.0,-1.0,-0.7,0.0,-1.0,-1.0,-1.0,-1.0,-1.0,-1.0,-1.0,-1.0,0.7,0.0,0.0,-1.0,0.7,0.0,0.0,0.0,-0.7,-1.0,-1.0,-0.7,-1.0,0.0,-1.0,0.0,-0.7,-0.7,-1.0,-1.0,-0.7,0.0,0.0,-1.0,-1.0,-1.0,-1.0,0.0,-1.0,-0.7,-0.7,1.0,0.7,-0.7,-1.0,-0.7,-1.0,-0.7,0.0,-0.7,-0.7,0.7,0.0,-1.0,-0.7,-0.7,0.0,-1.0,0.0,-0.7,-1.0,-0.7,-1.0,-1.0,-1.0,-1.0,-0.7,-1.0,-1.0,-0.7,
Zeo,-1.0,-1.0,-1.0,-0.7,-1.0,-1.0,0.7,-1.0,-0.7,1.0,0.0,-0.7,0.0,0.7,-0.7,0.0,-1.0,0.7,1.0,-0.7,-1.0,0.7,0.0,-1.0,0.0,-1.0,-1.0,-0.7,-1.0,-0.7,-1.0,-0.7,-0.7,0.0,-0.7,-1.0,-1.0,0.0,-0.7,-0.7,-0.7,-1.0,-0.7,-0.7,-1.0,0.0,-1.0,-0.7,-1.0,-0.7,-1.0,-1.0,0.0,-0.7,-0.7,-0.7,-1.0,-1.0,-1.0,-0.7,0.0,-1.0,-0.7,-1.0,1.0,0.7,-1.0,-0.7,-1.0,0.0,-0.7,-1.0,-1.0,-1.0,1.0,-0.7,0.0,-1.0,-0.7,-1.0,-0.7,-1.0,0.0,-0.7,0.0,-1.0,-0.7,-0.7,-0.7,-1.0,0.0,0.0,-1.0,
Zambai,-1.0,1.0,-1.0,-1.0,1.0,-1.0,-1.0,1.0,-1.0,1.0,-1.0,-1.0,-1.0,1.0,-1.0,-1.0,-1.0,1.0,-1.0,-1.0,1.0,1.0,-1.0,-1.0,-1.0,-1.0,-1.0,-1.0,-1.0,-1.0,-1.0,-1.0,-1.0,-1.0,-1.0,-1.0,-1.0,1.0,-1.0,-1.0,-1.0,-1.0,-1.0,-1.0,-1.0,-1.0,-1.0,-1.0,-1.0,-1.0,-1.0,-1.0,-1.0,-1.0,-1.0,-1.0,-1.0,-1.0,-1.0,-1.0,-1.0,-1.0,-1.0,-1.0,-1.0,-1.0,-1.0,-1.0,-1.0,-1.0,-1.0,-1.0,1.0,-1.0,-1.0,-1.0,-1.0,-1.0,-1.0,-1.0,-1.0,-1.0,-1.0,-1.0,-1.0,-1.0,-1.0,-1.0,-1.0,-1.0,-1.0,-1.0,-1.0,
Zambai,-0.7,1.0,0.0,-0.7,1.0,-1.0,-1.0,1.0,-1.0,0.7,-0.7,-0.7,-0.7,1.0,-1.0,-0.7,-1.0,1.0,-1.0,-0.7,0.0,0.7,-1.0,0.0,-1.0,-0.7,-1.0,0.0,-0.7,-0.7,-0.7,-0.7,-1.0,-0.7,-0.7,-0.7,-1.0,1.0,-0.7,-0.7,-1.0,-1.0,-0.7,-1.0,-0.7,-0.7,-1.0,0.0,-1.0,0.0,-0.7,-0.7,0.0,-0.7,0.0,-0.7,-0.7,-0.7,-1.0,0.0,-0.7,-0.7,0.0,0.0,-1.0,-0.7,-0.7,-0.7,0.0,0.0,-0.7,-1.0,0.7,-0.7,-1.0,-0.7,-1.0,-0.7,-0.7,-1.0,-0.7,-1.0,-0.7,-0.7,-0.7,-0.7,-0.7,-1.0,-0.7,-0.7,-1.0,-1.0,-1.0,
Zambai,-1.0,0.7,-0.7,-0.7,1.0,0.0,-0.7,0.7,-1.0,0.7,-0.7,-0.7,0.0,0.7,0.0,-1.0,-1.0,1.0,-0.7,-0.7,0.7,1.0,-1.0,-1.0,-1.0,-1.0,-1.0,-1.0,-0.7,-1.0,-1.0,-1.0,0.0,-0.7,0.0,-0.7,0.0,1.0,-1.0,-0.7,0.0,0.0,-0.7,-1.0,-1.0,-1.0,-1.0,-1.0,-1.0,0.0,-1.0,-1.0,-1.0,-1.0,-1.0,-1.0,0.0,-0.7,-1.0,-0.7,-1.0,-1.0,-1.0,-1.0,-0.7,-0.7,-1.0,-0.7,-1.0,-1.0,-1.0,-0.7,1.0,-0.7,-0.7,0.0,-1.0,-1.0,-1.0,0.0,-0.7,0.0,-0.7,-0.7,-1.0,0.0,0.0,-1.0,-1.0,-0.7,-1.0,0.0,-0.7,
Zeff,-1.0,-1.0,1.0,1.0,-1.0,-1.0,-1.0,-1.0,-1.0,1.0,-1.0,-1.0,-1.0,1.0,1.0,-1.0,1.0,1.0,-1.0,1.0,1.0,-1.0,-1.0,-1.0,-1.0,-1.0,-1.0,-1.0,-1.0,1.0,-1.0,-1.0,-1.0,-1.0,-1.0,-1.0,-1.0,1.0,-1.0,-1.0,-1.0,-1.0,-1.0,-1.0,-1.0,-1.0,-1.0,-1.0,-1.0,-1.0,-1.0,-1.0,-1.0,-1.0,-1.0,-1.0,-1.0,-1.0,-1.0,-1.0,-1.0,-1.0,-1.0,-1.0,-1.0,-1.0,-1.0,-1.0,-1.0,-1.0,-1.0,-1.0,-1.0,-1.0,-1.0,-1.0,-1.0,-1.0,-1.0,-1.0,-1.0,-1.0,1.0,-1.0,-1.0,-1.0,-1.0,-1.0,-1.0,-1.0,-1.0,-1.0,-1.0,
Zeff,-0.7,-0.7,0.7,1.0,0.0,0.0,-0.7,-0.7,-0.7,0.7,0.0,-1.0,-1.0,0.0,1.0,-0.7,1.0,0.0,-0.7,0.0,0.0,-1.0,-0.7,-0.7,0.0,-1.0,0.0,-1.0,0.0,0.7,-0.7,-1.0,-1.0,-1.0,-0.7,-0.7,-0.7,1.0,-0.7,0.0,-0.7,-1.0,0.0,0.0,0.0,0.0,-0.7,-1.0,-0.7,-0.7,-1.0,-1.0,-1.0,-0.7,-1.0,-0.7,0.0,-1.0,0.0,-0.7,-1.0,-1.0,-1.0,-1.0,0.0,-0.7,0.0,-0.7,-0.7,-1.0,-0.7,-0.7,-1.0,0.0,-0.7,0.0,-0.7,-1.0,-0.7,-1.0,-0.7,-0.7,1.0,-0.7,-1.0,-1.0,0.0,-0.7,-1.0,-0.7,-0.7,-1.0,-0.7,
Zeff,-0.7,0.0,0.7,1.0,-1.0,-0.7,-1.0,0.0,-1.0,1.0,-1.0,-0.7,-0.7,1.0,0.0,-1.0,1.0,1.0,0.0,0.7,0.7,-1.0,-0.7,-0.7,-1.0,-1.0,0.0,-1.0,-0.7,1.0,-0.7,-1.0,-1.0,-0.7,0.0,0.0,-1.0,1.0,-0.7,-0.7,-0.7,-0.7,-0.7,-0.7,-1.0,-0.7,-0.7,0.0,-1.0,-1.0,0.0,-0.7,0.0,-0.7,0.0,-1.0,-1.0,0.0,0.0,-0.7,-0.7,0.0,-1.0,-0.7,-1.0,-1.0,-0.7,0.0,-0.7,0.0,-1.0,-1.0,-1.0,-1.0,-1.0,-1.0,-0.7,-1.0,-0.7,0.0,-0.7,0.0,0.0,-1.0,-0.7,-0.7,-1.0,0.0,-0.7,-1.0,-0.7,-0.7,-0.7,
Zala,1.0,-1.0,-1.0,-1.0,-1.0,-1.0,-1.0,-1.0,-1.0,1.0,-1.0,-1.0,-1.0,1.0,-1.0,-1.0,-1.0,1.0,1.0,-1.0,1.0,1.0,-1.0,-1.0,-1.0,-1.0,-1.0,-1.0,-1.0,-1.0,1.0,-1.0,-1.0,-1.0,-1.0,-1.0,-1.0,1.0,1.0,1.0,-1.0,-1.0,-1.0,-1.0,-1.0,-1.0,-1.0,-1.0,-1.0,-1.0,-1.0,-1.0,-1.0,-1.0,-1.0,-1.0,1.0,-1.0,-1.0,-1.0,-1.0,-1.0,-1.0,-1.0,-1.0,-1.0,-1.0,-1.0,-1.0,-1.0,-1.0,-1.0,-1.0,-1.0,-1.0,-1.0,-1.0,-1.0,1.0,-1.0,-1.0,-1.0,-1.0,1.0,-1.0,-1.0,-1.0,-1.0,-1.0,-1.0,-1.0,-1.0,-1.0,
Zala,1.0,-0.7,-0.7,0.0,0.0,-0.7,-1.0,-1.0,-1.0,0.7,-1.0,-0.7,-1.0,0.7,-1.0,-1.0,-0.7,0.7,0.7,-0.7,0.0,1.0,-1.0,-0.7,0.0,-0.7,-0.7,-1.0,-0.7,-0.7,0.7,-0.7,-1.0,-1.0,-1.0,-0.7,-1.0,0.7,0.7,1.0,-0.7,0.0,-0.7,-0.7,-0.7,-1.0,-1.0,-1.0,-1.0,-0.7,-1.0,0.0,0.0,-0.7,-0.7,-1.0,0.7,0.0,-1.0,-1.0,-1.0,-0.7,-1.0,-0.7,-0.7,-1.0,-0.7,-1.0,-1.0,-1.0,-0.7,0.0,-1.0,-1.0,0.0,-0.7,-1.0,-0.7,0.0,-1.0,-1.0,-1.0,-0.7,1.0,0.0,-0.7,-0.7,-1.0,0.0,-0.7,-0.7,0.0,0.0,
Zala,0.7,-0.7,-1.0,0.0,0.0,-1.0,-0.7,-0.7,-1.0,0.7,-1.0,-0.7,-1.0,0.7,-1.0,-1.0,-1.0,0.7,1.0,-0.7,0.7,0.7,-0.7,-1.0,-1.0,-1.0,-0.7,-0.7,-1.0,-0.7,1.0,-1.0,-0.7,-1.0,-0.7,0.0,-1.0,0.7,0.0,1.0,-1.0,-1.0,-0.7,-0.7,-0.7,-0.7,-0.7,-1.0,0.0,-1.0,-1.0,0.0,0.0,-0.7,-1.0,0.0,0.7,-0.7,0.0,-1.0,-0.7,-0.7,-0.7,-1.0,-1.0,-0.7,-1.0,-1.0,-1.0,-1.0,-1.0,-1.0,0.0,-1.0,-0.7,-0.7,-0.7,-1.0,0.0,-0.7,-1.0,-0.7,-1.0,1.0,-0.7,-1.0,-0.7,0.0,-1.0,-1.0,-0.7,-0.7,-0.7,
Yosaku,-1.0,1.0,1.0,-1.0,-1.0,-1.0,-1.0,1.0,-1.0,-1.0,-1.0,-1.0,-1.0,-1.0,-1.0,-1.0,1.0,1.0,-1.0,-1.0,1.0,-1.0,-1.0,-1.0,-1.0,-1.0,-1.0,-1.0,-1.0,-1.0,-1.0,-1.0,-1.0,-1.0,-1.0,-1.0,-1.0,1.0,-1.0,-1.0,-1.0,-1.0,-1.0,-1.0,-1.0,-1.0,-1.0,-1.0,-1.0,-1.0,-1.0,-1.0,-1.0,-1.0,-1.0,-1.0,-1.0,-1.0,-1.0,-1.0,-1.0,-1.0,-1.0,-1.0,-1.0,-1.0,-1.0,-1.0,-1.0,-1.0,-1.0,-1.0,-1.0,-1.0,-1.0,-1.0,-1.0,-1.0,-1.0,-1.0,-1.0,-1.0,1.0,-1.0,-1.0,-1.0,1.0,-1.0,-1.0,-1.0,-1.0,-1.0,-1.0,
Yosaku,0.0,0.0,0.7,-1.0,-0.7,-0.7,-0.7,1.0,-0.7,-0.7,-1.0,0.0,0.0,-0.7,-0.7,-1.0,0.7,0.7,-0.7,-1.0,0.7,0.0,-1.0,-1.0,-0.7,-0.7,-1.0,0.0,-1.0,0.0,-1.0,-1.0,0.0,0.0,0.0,-1.0,-0.7,1.0,-1.0,-1.0,-1.0,0.0,-1.0,-0.7,-0.7,-1.0,0.0,-1.0,0.0,0.0,0.0,-0.7,-1.0,-1.0,-0.7,-1.0,0.0,-0.7,-1.0,-1.0,-1.0,-0.7,-1.0,-0.7,-0.7,-1.0,-0.7,-0.7,-0.7,0.0,-1.0,-0.7,0.0,-1.0,-0.7,-0.7,-0.7,-1.0,-0.7,-1.0,-0.7,-0.7,0.7,-0.7,-1.0,-1.0,1.0,-1.0,-0.7,-0.7,-1.0,0.0,-0.7,
Yosaku,-1.0,1.0,0.7,-1.0,0.0,-0.7,0.0,1.0,-0.7,0.0,-1.0,-1.0,-0.7,0.0,-0.7,-0.7,0.7,1.0,-0.7,-1.0,1.0,0.0,-0.7,0.0,-1.0,-1.0,0.0,-1.0,-1.0,-0.7,-1.0,0.0,-0.7,0.0,0.0,-1.0,-0.7,1.0,-1.0,0.0,-1.0,-1.0,-1.0,-1.0,-0.7,-0.7,-0.7,0.0,-1.0,-1.0,-1.0,-0.7,-0.7,0.0,-0.7,-1.0,-1.0,-0.7,-0.7,-1.0,-0.7,0.0,-0.7,-0.7,-0.7,-1.0,-1.0,-1.0,-1.0,0.0,-1.0,-0.7,-0.7,-0.7,-0.7,-0.7,-0.7,0.0,-1.0,-1.0,-0.7,-1.0,0.7,0.0,-0.7,0.0,1.0,-1.0,-0.7,0.0,-0.7,0.0,0.0,
Yazaemon,-1.0,1.0,-1.0,-1.0,-1.0,-1.0,-1.0,-1.0,-1.0,-1.0,-1.0,-1.0,1.0,1.0,-1.0,-1.0,-1.0,1.0,1.0,-1.0,1.0,1.0,-1.0,-1.0,-1.0,-1.0,-1.0,-1.0,-1.0,-1.0,-1.0,-1.0,-1.0,-1.0,-1.0,-1.0,-1.0,1.0,-1.0,-1.0,-1.0,-1.0,-1.0,-1.0,-1.0,-1.0,-1.0,-1.0,-1.0,-1.0,-1.0,-1.0,-1.0,-1.0,-1.0,-1.0,-1.0,-1.0,-1.0,-1.0,-1.0,-1.0,-1.0,-1.0,-1.0,-1.0,-1.0,-1.0,-1.0,-1.0,-1.0,-1.0,-1.0,-1.0,-1.0,1.0,-1.0,-1.0,-1.0,-1.0,-1.0,-1.0,-1.0,-1.0,-1.0,-1.0,-1.0,-1.0,-1.0,-1.0,-1.0,-1.0,-1.0,
Yazaemon,-0.7,1.0,-0.7,0.0,-1.0,-0.7,-0.7,-1.0,-0.7,-1.0,0.0,-0.7,0.0,1.0,-1.0,0.0,-1.0,1.0,1.0,-0.7,1.0,0.7,-0.7,-0.7,0.0,-1.0,-0.7,-1.0,0.0,0.0,-1.0,-1.0,-1.0,0.0,-0.7,0.0,-1.0,0.7,-0.7,0.0,-1.0,-1.0,0.0,-1.0,-0.7,-0.7,-1.0,-1.0,-0.7,-1.0,-1.0,-0.7,0.0,-0.7,0.0,0.0,0.0,0.0,-0.7,-0.7,-0.7,0.0,-0.7,-0.7,-1.0,0.0,-0.7,-1.0,-0.7,-1.0,-1.0,-1.0,-1.0,-1.0,-0.7,0.0,-0.7,-0.7,0.0,-1.0,-0.7,-1.0,-0.7,-1.0,0.0,-1.0,-0.7,-1.0,-0.7,-0.7,-1.0,-1.0,-1.0,
Yazaemon,-0.7,1.0,-0.7,-0.7,-1.0,-1.0,0.0,-0.7,-1.0,-0.7,0.0,-1.0,0.7,1.0,-1.0,-1.0,-0.7,0.7,0.7,-1.0,0.7,1.0,-0.7,-1.0,0.0,-1.0,-0.7,-0.7,-0.7,0.0,-1.0,-0.7,-1.0,-1.0,0.0,-1.0,-1.0,1.0,-0.7,0.0,-1.0,-0.7,-0.7,-1.0,-0.7,-0.7,-1.0,0.0,-1.0,-1.0,0.0,-0.7,0.0,-0.7,-0.7,-0.7,-1.0,-0.7,-0.7,0.0,-0.7,-1.0,-0.7,-1.0,-0.7,-0.7,-1.0,0.0,0.0,0.0,-1.0,-0.7,0.0,-0.7,-1.0,0.0,0.0,-0.7,-1.0,-1.0,-0.7,-0.7,-0.7,-1.0,-1.0,-1.0,-1.0,-0.7,-1.0,-0.7,-0.7,-1.0,0.0,
Yasopp,-1.0,-1.0,1.0,-1.0,-1.0,-1.0,-1.0,-1.0,1.0,-1.0,-1.0,-1.0,-1.0,1.0,-1.0,-1.0,1.0,1.0,-1.0,-1.0,1.0,1.0,-1.0,-1.0,-1.0,-1.0,-1.0,-1.0,-1.0,1.0,-1.0,-1.0,-1.0,-1.0,-1.0,-1.0,-1.0,1.0,-1.0,-1.0,-1.0,-1.0,-1.0,-1.0,-1.0,-1.0,-1.0,-1.0,-1.0,-1.0,-1.0,-1.0,-1.0,-1.0,-1.0,-1.0,-1.0,-1.0,-1.0,-1.0,-1.0,-1.0,-1.0,-1.0,-1.0,-1.0,-1.0,-1.0,-1.0,-1.0,-1.0,-1.0,-1.0,-1.0,-1.0,-1.0,-1.0,-1.0,-1.0,-1.0,1.0,-1.0,-1.0,-1.0,-1.0,-1.0,-1.0,-1.0,-1.0,-1.0,-1.0,-1.0,-1.0,
Yasopp,-0.7,-0.7,0.0,-1.0,-0.7,-1.0,-0.7,-0.7,0.7,-1.0,-1.0,-0.7,-1.0,0.7,-0.7,-1.0,1.0,1.0,-0.7,0.0,1.0,0.0,0.0,-1.0,0.0,-0.7,0.0,-0.7,-1.0,0.0,-1.0,0.0,-1.0,-0.7,-0.7,0.0,-1.0,0.7,-0.7,0.0,-1.0,-1.0,-0.7,-1.0,0.0,-1.0,-0.7,-0.7,-1.0,-0.7,0.0,-0.7,-1.0,-1.0,-0.7,-1.0,0.0,-0.7,-0.7,-0.7,-0.7,0.0,-0.7,-1.0,-0.7,-0.7,-0.7,0.0,-0.7,-1.0,-0.7,0.0,0.0,0.0,-1.0,-0.7,-1.0,-1.0,-1.0,-1.0,1.0,-1.0,-1.0,-1.0,-0.7,-1.0,-0.7,-1.0,0.0,-1.0,-1.0,-0.7,0.0,
Yasopp,-1.0,-1.0,0.0,-1.0,-1.0,0.0,0.0,-1.0,0.0,-0.7,-1.0,-0.7,-0.7,0.7,0.0,-1.0,0.7,0.7,-1.0,-0.7,0.7,0.0,0.0,-0.7,-1.0,-0.7,-1.0,-1.0,-0.7,0.7,-0.7,0.0,-1.0,-1.0,-0.7,-0.7,-1.0,1.0,-1.0,0.0,0.0,-1.0,-1.0,-1.0,-1.0,-1.0,-1.0,-0.7,-1.0,-0.7,-1.0,0.0,0.0,-0.7,-1.0,-1.0,-1.0,-1.0,-0.7,-0.7,-1.0,-0.7,-1.0,-1.0,-0.7,-1.0,-0.7,0.0,0.0,-1.0,-0.7,-0.7,0.0,0.0,-1.0,0.0,-1.0,-1.0,-1.0,-1.0,0.0,-1.0,0.0,0.0,0.0,-1.0,-0.7,-0.7,-0.7,-1.0,-0.7,-0.7,-0.7,
Yamato,1.0,-1.0,-1.0,-1.0,-1.0,-1.0,-1.0,-1.0,-1.0,1.0,-1.0,-1.0,-1.0,-1.0,-1.0,1.0,-1.0,1.0,-1.0,-1.0,-1.0,-1.0,-1.0,-1.0,-1.0,-1.0,-1.0,-1.0,-1.0,1.0,-1.0,-1.0,1.0,-1.0,-1.0,-1.0,-1.0,1.0,1.0,-1.0,-1.0,-1.0,-1.0,1.0,-1.0,-1.0,-1.0,-1.0,-1.0,-1.0,-1.0,-1.0,-1.0,-1.0,-1.0,-1.0,-1.0,-1.0,-1.0,-1.0,-1.0,-1.0,-1.0,-1.0,-1.0,-1.0,-1.0,-1.0,-1.0,-1.0,-1.0,-1.0,-1.0,-1.0,-1.0,1.0,-1.0,-1.0,-1.0,-1.0,-1.0,-1.0,-1.0,-1.0,-1.0,-1.0,-1.0,-1.0,-1.0,-1.0,-1.0,-1.0,-1.0,
Yamato,0.0,-1.0,-1.0,-0.7,-1.0,-1.0,-1.0,0.0,0.0,1.0,-1.0,-1.0,-0.7,-0.7,-1.0,0.7,-1.0,0.0,0.0,0.0,-1.0,-0.7,-1.0,-0.7,-1.0,-0.7,-0.7,-0.7,0.0,0.7,-1.0,-0.7,0.0,-0.7,-0.7,0.0,-0.7,0.0,1.0,-0.7,-1.0,-0.7,-1.0,1.0,-1.0,-1.0,-1.0,0.0,-1.0,-0.7,-1.0,-1.0,0.0,0.0,0.0,-0.7,-1.0,-1.0,-0.7,0.0,0.0,-1.0,-1.0,-1.0,-0.7,-1.0,-0.7,0.0,-0.7,-1.0,-1.0,-0.7,-0.7,-0.7,-1.0,0.0,-0.7,0.0,-1.0,-1.0,-1.0,0.0,-1.0,-1.0,-1.0,-0.7,0.0,0.0,-0.7,0.0,-1.0,0.0,-0.7,
Yamato,0.7,-1.0,-1.0,-1.0,-1.0,-0.7,-1.0,-1.0,0.0,0.0,0.0,-0.7,-0.7,0.0,-0.7,1.0,-1.0,1.0,0.0,-0.7,-0.7,-1.0,-1.0,-0.7,-0.7,-0.7,-1.0,-0.7,0.0,0.0,-1.0,-0.7,1.0,-0.7,-0.7,-1.0,-0.7,0.7,0.0,-1.0,-1.0,-0.7,-0.7,0.7,0.0,-0.7,-0.7,0.0,-0.7,-1.0,-0.7,-0.7,-1.0,-1.0,-1.0,-1.0,0.0,-1.0,-1.0,-0.7,-0.7,-0.7,-1.0,0.0,-0.7,-0.7,0.0,-1.0,0.0,-0.7,0.0,-1.0,0.0,-0.7,-0.7,0.7,0.0,-0.7,-0.7,-0.7,-1.0,-1.0,-0.7,-1.0,0.0,-0.7,-0.7,-1.0,-0.7,0.0,-0.7,-1.0,-1.0,
Yama,-1.0,-1.0,1.0,-1.0,-1.0,-1.0,-1.0,-1.0,-1.0,1.0,-1.0,-1.0,-1.0,-1.0,-1.0,-1.0,-1.0,-1.0,1.0,-1.0,1.0,1.0,-1.0,-1.0,-1.0,-1.0,-1.0,-1.0,-1.0,-1.0,-1.0,-1.0,-1.0,-1.0,-1.0,-1.0,-1.0,1.0,-1.0,-1.0,-1.0,-1.0,-1.0,-1.0,-1.0,-1.0,-1.0,-1.0,-1.0,-1.0,-1.0,-1.0,-1.0,-1.0,-1.0,-1.0,-1.0,-1.0,-1.0,1.0,-1.0,-1.0,-1.0,-1.0,-1.0,-1.0,-1.0,1.0,1.0,1.0,-1.0,-1.0,-1.0,1.0,-1.0,-1.0,-1.0,-1.0,-1.0,-1.0,-1.0,-1.0,-1.0,-1.0,-1.0,-1.0,-1.0,-1.0,-1.0,-1.0,-1.0,-1.0,-1.0,
Yama,-0.7,-0.7,1.0,-0.7,0.0,-1.0,-0.7,0.0,0.0,1.0,-1.0,0.0,-1.0,-0.7,-0.7,-0.7,-1.0,0.0,1.0,-0.7,0.7,1.0,-1.0,0.0,-0.7,-0.7,-0.7,-1.0,-0.7,-1.0,-0.7,-1.0,0.0,-0.7,-1.0,-1.0,-1.0,0.0,-1.0,-0.7,-1.0,0.0,-0.7,-1.0,-0.7,0.0,-0.7,-0.7,-1.0,-1.0,-1.0,-0.7,-0.7,0.0,-0.7,-1.0,-0.7,-0.7,-0.7,0.7,-1.0,-1.0,-0.7,-1.0,-0.7,-1.0,0.0,0.0,0.0,0.0,0.0,-0.7,0.0,0.7,0.0,-1.0,-0.7,0.0,-0.7,-1.0,-0.7,-0.7,-0.7,-0.7,-1.0,0.0,-0.7,-1.0,0.0,-1.0,-1.0,0.0,0.0,
Yama,-1.0,-1.0,1.0,0.0,0.0,-0.7,-1.0,-1.0,0.0,1.0,-0.7,-0.7,-1.0,-1.0,-1.0,-0.7,0.0,-0.7,1.0,-0.7,1.0,1.0,-0.7,0.0,0.0,-0.7,-0.7,0.0,-0.7,-0.7,-1.0,-1.0,-0.7,0.0,-0.7,-1.0,-0.7,0.7,0.0,-1.0,-0.7,-0.7,0.0,-0.7,0.0,-1.0,-1.0,-1.0,-0.7,-0.7,-1.0,-0.7,-0.7,-0.7,-1.0,0.0,-0.7,-1.0,-0.7,1.0,-0.7,-1.0,0.0,0.0,-1.0,-1.0,-1.0,0.7,1.0,0.0,-0.7,-0.7,-0.7,0.0,-1.0,-0.7,-0.7,-0.7,-0.7,-1.0,-0.7,0.0,-1.0,-0.7,-1.0,-0.7,-0.7,-0.7,-1.0,-1.0,-0.7,-1.0,-1.0,
X Drake,-1.0,-1.0,1.0,1.0,-1.0,-1.0,-1.0,1.0,-1.0,1.0,-1.0,-1.0,1.0,1.0,1.0,-1.0,-1.0,-1.0,-1.0,-1.0,-1.0,1.0,-1.0,-1.0,-1.0,-1.0,-1.0,-1.0,-1.0,-1.0,-1.0,-1.0,-1.0,-1.0,-1.0,-1.0,1.0,1.0,1.0,-1.0,-1.0,-1.0,1.0,-1.0,-1.0,-1.0,-1.0,-1.0,-1.0,-1.0,-1.0,-1.0,-1.0,1.0,-1.0,-1.0,-1.0,-1.0,-1.0,-1.0,-1.0,-1.0,-1.0,-1.0,-1.0,-1.0,-1.0,-1.0,-1.0,-1.0,-1.0,-1.0,-1.0,-1.0,-1.0,1.0,-1.0,-1.0,-1.0,1.0,1.0,-1.0,-1.0,-1.0,-1.0,-1.0,-1.0,-1.0,-1.0,-1.0,-1.0,-1.0,-1.0,
X Drake,-0.7,-1.0,0.0,1.0,-0.7,-1.0,-0.7,0.7,-0.7,0.7,-1.0,-1.0,0.0,0.7,0.7,0.0,-1.0,-0.7,-1.0,-1.0,-1.0,0.0,-1.0,-1.0,-1.0,-1.0,0.0,-0.7,0.0,0.0,0.0,-1.0,-1.0,-0.7,-0.7,-0.7,1.0,0.0,1.0,-1.0,-0.7,-1.0,1.0,-1.0,-1.0,-1.0,-1.0,-0.7,-0.7,-0.7,-0.7,-1.0,-1.0,0.0,-0.7,-1.0,0.0,-0.7,-1.0,0.0,-1.0,0.0,-1.0,-1.0,-0.7,-1.0,-1.0,-0.7,-1.0,0.0,-0.7,0.0,-0.7,-0.7,-1.0,0.7,-1.0,-1.0,-1.0,1.0,1.0,-0.7,-1.0,-1.0,0.0,-0.7,0.0,0.0,-1.0,0.0,-1.0,0.0,-0.7,
X Drake,-0.7,-0.7,0.0,0.7,-0.7,-1.0,-0.7,1.0,-0.7,0.7,-1.0,-0.7,0.7,0.0,1.0,0.0,0.0,0.0,0.0,-0.7,-1.0,0.7,-0.7,0.0,-0.7,-0.7,-0.7,-1.0,-1.0,-0.7,-1.0,-1.0,-0.7,-0.7,-0.7,0.0,1.0,1.0,0.7,0.0,-0.7,-1.0,0.7,0.0,-1.0,-1.0,-0.7,-1.0,-0.7,-1.0,-1.0,-1.0,-1.0,1.0,0.0,-1.0,-0.7,0.0,-1.0,-1.0,-0.7,-1.0,-0.7,0.0,-1.0,-0.7,0.0,-1.0,-1.0,-0.7,0.0,-1.0,-1.0,-1.0,-1.0,1.0,-1.0,-0.7,0.0,0.0,0.0,-1.0,-1.0,-0.7,-0.7,-0.7,-1.0,-0.7,-1.0,-0.7,-1.0,0.0,-1.0,
Wyper,-1.0,1.0,-1.0,1.0,-1.0,-1.0,-1.0,-1.0,1.0,1.0,-1.0,-1.0,-1.0,-1.0,1.0,-1.0,-1.0,1.0,1.0,-1.0,1.0,-1.0,-1.0,-1.0,-1.0,-1.0,-1.0,-1.0,-1.0,-1.0,-1.0,-1.0,-1.0,-1.0,-1.0,-1.0,-1.0,1.0,-1.0,-1.0,-1.0,-1.0,-1.0,-1.0,-1.0,-1.0,-1.0,-1.0,-1.0,-1.0,-1.0,-1.0,-1.0,-1.0,-1.0,-1.0,-1.0,-1.0,-1.0,-1.0,1.0,-1.0,-1.0,-1.0,-1.0,-1.0,-1.0,1.0,1.0,-1.0,-1.0,-1.0,-1.0,1.0,-1.0,-1.0,-1.0,-1.0,-1.0,-1.0,-1.0,-1.0,-1.0,-1.0,-1.0,-1.0,-1.0,-1.0,-1.0,-1.0,-1.0,-1.0,-1.0,
Wyper,0.0,0.0,-0.7,0.0,-1.0,-0.7,0.0,-1.0,0.7,1.0,-0.7,0.0,-0.7,-1.0,0.0,-1.0,0.0,0.0,0.0,-0.7,0.7,-0.7,-0.7,-1.0,-1.0,-0.7,-0.7,-0.7,-0.7,-0.7,-0.7,-1.0,-1.0,-1.0,-0.7,-1.0,-0.7,1.0,-1.0,-0.7,-1.0,-0.7,0.0,-0.7,-0.7,-0.7,-1.0,-0.7,-1.0,-1.0,-1.0,-0.7,-0.7,0.0,-0.7,-1.0,-0.7,-0.7,-1.0,-1.0,0.7,-0.7,-0.7,-0.7,-1.0,-1.0,0.0,1.0,1.0,-0.7,-0.7,-0.7,-0.7,0.0,-1.0,-0.7,-0.7,-1.0,-0.7,-0.7,-0.7,0.0,-0.7,-0.7,0.0,-0.7,-0.7,-0.7,-0.7,-0.7,-1.0,0.0,-1.0,
Wyper,-0.7,1.0,-0.7,0.0,0.0,-0.7,-0.7,-0.7,1.0,1.0,-0.7,0.0,-0.7,-0.7,0.0,-0.7,-1.0,1.0,1.0,-0.7,1.0,-0.7,0.0,-1.0,-1.0,-0.7,-1.0,-0.7,-0.7,-0.7,0.0,-1.0,-1.0,0.0,-1.0,-1.0,0.0,1.0,-1.0,-0.7,-1.0,-0.7,-0.7,-0.7,-1.0,0.0,-1.0,-0.7,0.0,-0.7,-1.0,-1.0,0.0,-0.7,0.0,-0.7,-1.0,-1.0,0.0,-0.7,1.0,-0.7,-1.0,-1.0,-0.7,-1.0,-1.0,0.7,0.7,-1.0,-1.0,0.0,-1.0,1.0,-1.0,-1.0,-0.7,0.0,-0.7,-0.7,0.0,-1.0,-0.7,-0.7,-1.0,-0.7,-0.7,-0.7,-1.0,-1.0,-1.0,-1.0,-0.7,
Who's-Who,-1.0,-1.0,1.0,-1.0,-1.0,-1.0,-1.0,1.0,-1.0,1.0,-1.0,-1.0,1.0,1.0,1.0,-1.0,-1.0,1.0,1.0,-1.0,-1.0,1.0,-1.0,-1.0,-1.0,-1.0,-1.0,-1.0,-1.0,-1.0,1.0,1.0,-1.0,-1.0,-1.0,-1.0,1.0,1.0,1.0,-1.0,-1.0,-1.0,1.0,-1.0,-1.0,-1.0,-1.0,-1.0,-1.0,-1.0,-1.0,-1.0,-1.0,1.0,-1.0,-1.0,-1.0,-1.0,-1.0,-1.0,-1.0,-1.0,-1.0,-1.0,-1.0,-1.0,-1.0,-1.0,-1.0,-1.0,-1.0,-1.0,-1.0,-1.0,-1.0,1.0,-1.0,-1.0,-1.0,-1.0,-1.0,-1.0,-1.0,-1.0,-1.0,-1.0,-1.0,-1.0,-1.0,-1.0,-1.0,1.0,-1.0,
Who's-Who,-1.0,-0.7,1.0,-0.7,0.0,0.0,-0.7,1.0,-1.0,0.7,0.0,-0.7,0.7,0.7,0.7,-0.7,-1.0,1.0,0.7,0.0,-0.7,0.7,-1.0,-0.7,-1.0,-0.7,-0.7,-0.7,-1.0,-0.7,1.0,1.0,-0.7,-0.7,-1.0,0.0,0.7,0.7,0.7,-0.7,-0.7,0.0,0.0,-0.7,-0.7,-1.0,-1.0,-0.7,0.0,-0.7,-0.7,-1.0,-0.7,0.7,-0.7,-1.0,-0.7,0.0,0.0,0.0,-1.0,0.0,0.0,0.0,0.0,0.0,-1.0,-1.0,-0.7,-0.7,-1.0,-0.7,-1.0,-1.0,-1.0,1.0,-0.7,0.0,-0.7,-0.7,-1.0,-0.7,0.0,-0.7,-1.0,0.0,0.0,-1.0,-1.0,-1.0,-1.0,0.0,0.0,
Who's-Who,-0.7,-0.7,0.7,-1.0,-0.7,0.0,0.0,1.0,-0.7,1.0,-0.7,-0.7,1.0,0.7,0.7,-1.0,0.0,1.0,1.0,-1.0,-1.0,0.7,-0.7,-0.7,-1.0,-1.0,-0.7,-0.7,-1.0,-1.0,1.0,1.0,-1.0,-0.7,-1.0,-1.0,0.7,0.7,0.7,-1.0,-0.7,-0.7,1.0,-1.0,-1.0,-0.7,-0.7,-1.0,-1.0,0.0,-0.7,-1.0,-0.7,1.0,-0.7,-0.7,0.0,-0.7,-1.0,-0.7,0.0,-0.7,-1.0,0.0,-1.0,-1.0,-1.0,-1.0,-0.7,-1.0,-1.0,-0.7,-0.7,0.0,-1.0,1.0,-0.7,-1.0,-1.0,-0.7,-0.7,-0.7,-0.7,-0.7,-1.0,-1.0,-1.0,0.0,-0.7,-0.7,-1.0,1.0,0.0,
Wanze,-1.0,1.0,-1.0,-1.0,-1.0,-1.0,-1.0,-1.0,-1.0,1.0,-1.0,-1.0,1.0,-1.0,-1.0,-1.0,-1.0,1.0,1.0,-1.0,1.0,1.0,-1.0,-1.0,-1.0,-1.0,-1.0,-1.0,-1.0,-1.0,-1.0,-1.0,-1.0,-1.0,-1.0,-1.0,-1.0,-1.0,-1.0,-1.0,-1.0,-1.0,-1.0,-1.0,-1.0,-1.0,-1.0,-1.0,-1.0,-1.0,-1.0,-1.0,-1.0,-1.0,-1.0,-1.0,-1.0,-1.0,-1.0,-1.0,-1.0,-1.0,-1.0,-1.0,-1.0,-1.0,-1.0,-1.0,-1.0,-1.0,-1.0,-1.0,1.0,-1.0,-1.0,-1.0,-1.0,-1.0,-1.0,-1.0,-1.0,-1.0,-1.0,-1.0,-1.0,-1.0,-1.0,-1.0,-1.0,-1.0,-1.0,-1.0,-1.0,
Wanze,0.0,1.0,0.0,-1.0,-1.0,-1.0,-0.7,-0.7,0.0,1.0,-0.7,-1.0,1.0,-1.0,0.0,-0.7,-1.0,1.0,0.7,-1.0,0.0,0.0,-0.7,-0.7,-0.7,-1.0,-1.0,-1.0,0.0,-0.7,-1.0,-0.7,-1.0,0.0,-1.0,-0.7,-1.0,-0.7,-1.0,-1.0,-0.7,-0.7,0.0,-0.7,-0.7,0.0,0.0,-0.7,-0.7,0.0,-0.7,-0.7,-1.0,-0.7,-1.0,-1.0,0.0,-0.7,-0.7,-0.7,-1.0,-1.0,-1.0,-1.0,-0.7,0.0,-1.0,-1.0,0.0,-0.7,-1.0,-1.0,0.7,-1.0,-0.7,-0.7,0.0,-0.7,-1.0,-1.0,-0.7,-1.0,-1.0,-1.0,-0.7,-0.7,-1.0,-0.7,-0.7,0.0,0.0,0.0,0.0,
Wanze,-0.7,0.7,-1.0,-0.7,-1.0,-0.7,-1.0,-1.0,-1.0,0.0,-1.0,0.0,1.0,-0.7,-1.0,-1.0,0.0,1.0,1.0,-0.7,0.7,0.0,-0.7,-0.7,-0.7,-0.7,-0.7,-1.0,-0.7,-1.0,-0.7,-1.0,-1.0,-0.7,-1.0,-1.0,-1.0,-1.0,-1.0,-0.7,-0.7,-0.7,-0.7,-0.7,-1.0,0.0,0.0,-1.0,-0.7,-1.0,-1.0,-1.0,0.0,-0.7,-0.7,-0.7,-0.7,-1.0,0.0,-0.7,-0.7,-0.7,0.0,-0.7,-1.0,-0.7,-1.0,0.0,-0.7,-1.0,-0.7,-1.0,0.7,-1.0,-1.0,-1.0,-1.0,-1.0,0.0,-1.0,-1.0,-0.7,0.0,-0.7,-1.0,-0.7,-1.0,0.0,0.0,-0.7,-1.0,-1.0,0.0,
Wapol,-1.0,-1.0,1.0,-1.0,-1.0,-1.0,-1.0,-1.0,-1.0,1.0,-1.0,-1.0,-1.0,-1.0,1.0,1.0,-1.0,1.0,1.0,-1.0,1.0,-1.0,-1.0,-1.0,-1.0,-1.0,-1.0,-1.0,-1.0,-1.0,1.0,-1.0,-1.0,-1.0,-1.0,-1.0,-1.0,1.0,1.0,1.0,-1.0,-1.0,-1.0,-1.0,-1.0,-1.0,-1.0,-1.0,-1.0,-1.0,-1.0,-1.0,-1.0,-1.0,-1.0,-1.0,-1.0,-1.0,-1.0,-1.0,-1.0,-1.0,-1.0,-1.0,-1.0,-1.0,-1.0,-1.0,-1.0,-1.0,-1.0,-1.0,-1.0,-1.0,-1.0,-1.0,-1.0,-1.0,1.0,-1.0,-1.0,-1.0,-1.0,-1.0,-1.0,-1.0,-1.0,-1.0,-1.0,1.0,-1.0,-1.0,-1.0,
Wapol,-0.7,-1.0,1.0,-0.7,0.0,-0.7,-1.0,-0.7,-1.0,0.0,-1.0,-0.7,-1.0,-1.0,0.7,0.0,-1.0,0.7,0.7,-0.7,0.7,-1.0,-0.7,0.0,0.0,-0.7,0.0,-1.0,-0.7,-0.7,1.0,0.0,-1.0,-1.0,-1.0,-1.0,-0.7,0.7,1.0,0.0,-1.0,0.0,-1.0,-0.7,-1.0,-0.7,-0.7,0.0,-1.0,-0.7,-0.7,0.0,0.0,-1.0,-0.7,-1.0,-0.7,0.0,0.0,-0.7,-0.7,-0.7,-0.7,-1.0,-0.7,-1.0,-1.0,-0.7,0.0,-0.7,-0.7,0.0,-1.0,-1.0,0.0,0.0,-0.7,-1.0,0.0,-0.7,-1.0,-1.0,0.0,-1.0,-1.0,-0.7,-1.0,-1.0,-1.0,1.0,0.0,-0.7,-1.0,
Wapol,-1.0,-1.0,1.0,-0.7,-1.0,-0.7,0.0,-1.0,-1.0,0.0,0.0,0.0,-0.7,0.0,0.0,0.7,-0.7,1.0,0.7,-1.0,1.0,-1.0,-1.0,-0.7,-0.7,-1.0,-0.7,-0.7,-0.7,-1.0,0.0,-0.7,0.0,-1.0,-1.0,-1.0,-1.0,1.0,0.0,0.7,-1.0,-0.7,-1.0,-1.0,-0.7,-0.7,-0.7,-1.0,-1.0,0.0,0.0,-1.0,-0.7,-1.0,-1.0,-0.7,-0.7,0.0,-0.7,-0.7,-1.0,-0.7,0.0,-0.7,-1.0,0.0,-1.0,-0.7,-1.0,-1.0,-1.0,-0.7,-0.7,-0.7,-0.7,-0.7,0.0,0.0,1.0,-1.0,-0.7,-1.0,0.0,-1.0,-0.7,-1.0,-0.7,-1.0,-0.7,0.0,-1.0,-1.0,-0.7,
Wanda,1.0,-1.0,-1.0,-1.0,-1.0,-1.0,1.0,1.0,-1.0,1.0,-1.0,-1.0,-1.0,-1.0,-1.0,-1.0,-1.0,1.0,-1.0,-1.0,-1.0,1.0,-1.0,-1.0,-1.0,-1.0,-1.0,-1.0,-1.0,1.0,-1.0,-1.0,1.0,-1.0,-1.0,-1.0,-1.0,1.0,-1.0,-1.0,-1.0,-1.0,-1.0,-1.0,-1.0,-1.0,-1.0,-1.0,-1.0,-1.0,-1.0,-1.0,-1.0,-1.0,-1.0,-1.0,-1.0,-1.0,-1.0,-1.0,-1.0,1.0,1.0,-1.0,-1.0,-1.0,-1.0,-1.0,-1.0,-1.0,-1.0,1.0,-1.0,-1.0,-1.0,1.0,-1.0,1.0,-1.0,-1.0,-1.0,-1.0,-1.0,-1.0,-1.0,-1.0,-1.0,1.0,-1.0,-1.0,-1.0,-1.0,-1.0,
Wanda,0.7,-1.0,0.0,-1.0,-1.0,-0.7,1.0,0.7,-1.0,0.0,-0.7,-0.7,-1.0,-1.0,-0.7,-1.0,-1.0,0.7,-1.0,-0.7,0.0,0.7,0.0,0.0,-1.0,-1.0,-0.7,-0.7,-1.0,1.0,-0.7,-0.7,1.0,-0.7,0.0,-0.7,-1.0,1.0,-0.7,0.0,0.0,-0.7,-1.0,-0.7,0.0,0.0,-0.7,-0.7,-0.7,0.0,-0.7,-1.0,-0.7,0.0,-0.7,-0.7,-0.7,-0.7,-1.0,-0.7,-0.7,0.0,0.0,-0.7,0.0,-1.0,-0.7,-1.0,-1.0,0.0,0.0,0.7,-1.0,-0.7,0.0,1.0,-1.0,0.7,0.0,-1.0,0.0,-0.7,-1.0,-0.7,-0.7,-1.0,-0.7,0.7,-1.0,-0.7,-1.0,-1.0,-1.0,
Wanda,0.7,-1.0,-1.0,-1.0,-0.7,-0.7,1.0,0.0,-0.7,0.7,-0.7,-1.0,0.0,-1.0,-0.7,-0.7,0.0,1.0,-0.7,-0.7,-1.0,1.0,-1.0,-1.0,-1.0,-0.7,-0.7,0.0,-0.7,1.0,0.0,0.0,0.7,-1.0,0.0,-1.0,-1.0,0.7,-0.7,-1.0,-0.7,-0.7,0.0,-1.0,-1.0,-0.7,0.0,-1.0,-0.7,-1.0,-1.0,0.0,-1.0,-0.7,-1.0,-1.0,0.0,-0.7,-0.7,-0.7,-1.0,0.7,1.0,0.0,-0.7,-1.0,0.0,-0.7,-0.7,-1.0,0.0,0.0,-0.7,-0.7,-1.0,1.0,-0.7,1.0,0.0,-1.0,-0.7,-1.0,-1.0,-0.7,-0.7,-0.7,-1.0,1.0,0.0,-0.7,-0.7,-1.0,-0.7,
Wadatsumi,-1.0,-1.0,-1.0,-1.0,-1.0,-1.0,1.0,-1.0,-1.0,1.0,-1.0,-1.0,-1.0,1.0,-1.0,-1.0,-1.0,1.0,1.0,-1.0,-1.0,1.0,-1.0,-1.0,-1.0,-1.0,-1.0,-1.0,-1.0,-1.0,-1.0,-1.0,-1.0,-1.0,-1.0,-1.0,-1.0,1.0,-1.0,-1.0,-1.0,-1.0,-1.0,-1.0,-1.0,-1.0,-1.0,-1.0,-1.0,-1.0,-1.0,-1.0,-1.0,-1.0,-1.0,-1.0,-1.0,-1.0,-1.0,-1.0,-1.0,-1.0,-1.0,-1.0,1.0,1.0,-1.0,-1.0,-1.0,-1.0,-1.0,-1.0,-1.0,-1.0,1.0,-1.0,-1.0,1.0,-1.0,-1.0,-1.0,-1.0,-1.0,-1.0,-1.0,-1.0,-1.0,-1.0,-1.0,-1.0,-1.0,-1.0,-1.0,
Wadatsumi,-1.0,-0.7,-1.0,-1.0,-0.7,-1.0,0.7,-0.7,0.0,1.0,-1.0,-0.7,-1.0,1.0,-0.7,-0.7,0.0,0.0,0.7,-1.0,-0.7,0.7,-0.7,0.0,-0.7,-0.7,-1.0,0.0,-0.7,-1.0,-1.0,-1.0,-1.0,-0.7,-1.0,0.0,0.0,1.0,-1.0,-1.0,-1.0,-1.0,-0.7,0.0,0.0,0.0,-0.7,0.0,-0.7,-1.0,-0.7,0.0,-1.0,-1.0,-1.0,-1.0,-1.0,-1.0,0.0,0.0,0.0,-1.0,-1.0,-1.0,0.0,1.0,-0.7,-1.0,-1.0,-1.0,-0.7,-1.0,-1.0,-1.0,0.7,-0.7,0.0,0.7,-1.0,-0.7,-0.7,-0.7,0.0,0.0,-1.0,-1.0,0.0,-1.0,-0.7,0.0,-0.7,-0.7,-0.7,
Wadatsumi,-1.0,-0.7,-1.0,-1.0,-0.7,-0.7,0.7,0.0,-1.0,0.7,-1.0,-0.7,0.0,1.0,-0.7,-0.7,-0.7,0.7,0.7,-1.0,-0.7,0.7,-0.7,-1.0,-1.0,-1.0,-1.0,-1.0,0.0,0.0,0.0,0.0,-1.0,-0.7,0.0,-0.7,-1.0,0.7,-1.0,-1.0,-0.7,0.0,-0.7,-1.0,-0.7,0.0,-1.0,-0.7,-1.0,-0.7,-1.0,0.0,-1.0,-1.0,-1.0,-0.7,-0.7,-1.0,-1.0,-0.7,-0.7,0.0,-0.7,-0.7,1.0,0.7,0.0,-1.0,-0.7,-0.7,-0.7,-0.7,-1.0,-1.0,1.0,0.0,0.0,1.0,-1.0,-1.0,-1.0,-1.0,-1.0,-0.7,-0.7,-1.0,-0.7,-0.7,-1.0,-0.7,-1.0,-1.0,-1.0,
Vito,-1.0,1.0,-1.0,-1.0,1.0,-1.0,-1.0,-1.0,1.0,-1.0,-1.0,-1.0,-1.0,1.0,-1.0,-1.0,-1.0,1.0,-1.0,-1.0,1.0,1.0,-1.0,-1.0,-1.0,-1.0,-1.0,-1.0,-1.0,-1.0,-1.0,-1.0,-1.0,-1.0,-1.0,-1.0,-1.0,1.0,-1.0,-1.0,-1.0,-1.0,-1.0,-1.0,-1.0,-1.0,-1.0,-1.0,-1.0,-1.0,-1.0,-1.0,-1.0,-1.0,-1.0,-1.0,-1.0,-1.0,-1.0,-1.0,-1.0,-1.0,-1.0,-1.0,-1.0,-1.0,-1.0,-1.0,-1.0,-1.0,-1.0,-1.0,-1.0,-1.0,-1.0,-1.0,-1.0,1.0,-1.0,-1.0,-1.0,-1.0,-1.0,-1.0,-1.0,-1.0,-1.0,1.0,-1.0,-1.0,-1.0,-1.0,-1.0,
Vito,0.0,0.7,-0.7,0.0,1.0,0.0,-0.7,-0.7,0.7,-0.7,0.0,0.0,-1.0,1.0,-1.0,-1.0,-1.0,1.0,-1.0,-0.7,0.0,1.0,-1.0,-1.0,0.0,-0.7,0.0,0.0,0.0,-1.0,-0.7,0.0,-1.0,-0.7,-1.0,-1.0,0.0,0.7,-0.7,-0.7,-0.7,-0.7,0.0,0.0,-0.7,-0.7,-1.0,-1.0,-1.0,-1.0,-1.0,-1.0,-1.0,-0.7,-1.0,-0.7,-1.0,-0.7,0.0,-1.0,0.0,-0.7,-1.0,-1.0,0.0,-0.7,-1.0,0.0,-0.7,-0.7,0.0,-0.7,-1.0,-0.7,0.0,-1.0,-1.0,1.0,-1.0,-1.0,0.0,0.0,-1.0,-0.7,-0.7,-1.0,-1.0,1.0,-0.7,-1.0,-1.0,-1.0,0.0,
Vito,-0.7,0.7,0.0,-1.0,0.7,-1.0,-1.0,0.0,0.7,-1.0,-1.0,-1.0,-0.7,1.0,-0.7,0.0,-1.0,0.0,-1.0,-0.7,0.7,0.7,-1.0,0.0,-1.0,-0.7,-1.0,-0.7,-0.7,-0.7,-1.0,-0.7,-1.0,-1.0,-0.7,-0.7,-1.0,0.7,-0.7,-1.0,-0.7,0.0,-0.7,-0.7,-1.0,-0.7,-0.7,-0.7,0.0,-1.0,-1.0,-1.0,-0.7,0.0,-0.7,-1.0,-0.7,-1.0,-1.0,-1.0,-0.7,-0.7,-1.0,-0.7,0.0,-1.0,-0.7,-0.7,0.0,-0.7,-0.7,-0.7,-1.0,-0.7,-0.7,-0.7,-1.0,1.0,-1.0,-0.7,0.0,-1.0,-1.0,0.0,-0.7,0.0,-1.0,0.0,0.0,-1.0,-1.0,-1.0,-1.0,
Viola,1.0,1.0,-1.0,-1.0,-1.0,-1.0,-1.0,-1.0,-1.0,-1.0,-1.0,-1.0,-1.0,1.0,-1.0,1.0,-1.0,1.0,-1.0,-1.0,1.0,1.0,-1.0,-1.0,-1.0,-1.0,-1.0,-1.0,-1.0,-1.0,-1.0,-1.0,-1.0,1.0,-1.0,-1.0,-1.0,-1.0,1.0,1.0,-1.0,-1.0,-1.0,-1.0,-1.0,-1.0,-1.0,-1.0,-1.0,-1.0,-1.0,-1.0,-1.0,-1.0,-1.0,-1.0,-1.0,-1.0,-1.0,-1.0,-1.0,-1.0,-1.0,-1.0,-1.0,-1.0,-1.0,-1.0,-1.0,-1.0,-1.0,-1.0,-1.0,-1.0,-1.0,-1.0,1.0,-1.0,-1.0,-1.0,-1.0,-1.0,-1.0,-1.0,-1.0,-1.0,-1.0,-1.0,-1.0,1.0,-1.0,-1.0,-1.0,
Viola,0.0,1.0,-0.7,0.0,-1.0,-0.7,-1.0,-1.0,0.0,-1.0,-1.0,-0.7,-0.7,0.7,0.0,1.0,-0.7,0.0,-1.0,-0.7,1.0,1.0,-0.7,-0.7,0.0,-0.7,0.0,-1.0,-1.0,0.0,0.0,-1.0,-0.7,1.0,-0.7,0.0,-0.7,-1.0,1.0,1.0,-0.7,-0.7,0.0,0.0,-1.0,-0.7,-0.7,-1.0,-1.0,0.0,-0.7,-0.7,-0.7,-1.0,-0.7,0.0,-1.0,-1.0,-0.7,-1.0,-0.7,-1.0,-0.7,-0.7,-1.0,-1.0,-1.0,-1.0,-0.7,-1.0,-0.7,-0.7,-1.0,-0.7,-0.7,-1.0,0.7,-1.0,-1.0,-1.0,-1.0,-0.7,-0.7,-1.0,-0.7,-0.7,-1.0,0.0,-1.0,0.0,-1.0,-0.7,0.0,
Viola,0.7,1.0,-0.7,-1.0,-0.7,-0.7,-0.7,-1.0,-0.7,-1.0,-1.0,-0.7,-0.7,0.7,-1.0,0.0,-0.7,1.0,0.0,0.0,1.0,0.7,-0.7,-1.0,-1.0,-0.7,-1.0,0.0,-1.0,0.0,0.0,-0.7,-1.0,0.7,-0.7,-0.7,-1.0,0.0,1.0,0.7,0.0,-0.7,-1.0,-1.0,-0.7,-1.0,-1.0,-1.0,-0.7,-1.0,0.0,-0.7,-0.7,-1.0,0.0,-1.0,-1.0,-1.0,-1.0,-0.7,-0.7,-1.0,-0.7,-0.7,0.0,-1.0,-1.0,-1.0,-1.0,-0.7,-0.7,-1.0,-0.7,-1.0,-1.0,-1.0,0.7,-0.7,-0.7,0.0,-0.7,-1.0,-1.0,0.0,-0.7,-0.7,-0.7,-1.0,0.0,1.0,-1.0,-1.0,-0.7,
Vista,-1.0,1.0,1.0,-1.0,-1.0,-1.0,-1.0,1.0,-1.0,-1.0,-1.0,-1.0,-1.0,1.0,1.0,-1.0,-1.0,1.0,-1.0,-1.0,1.0,1.0,-1.0,-1.0,-1.0,-1.0,-1.0,-1.0,-1.0,-1.0,-1.0,-1.0,-1.0,-1.0,-1.0,-1.0,-1.0,1.0,-1.0,-1.0,-1.0,-1.0,-1.0,-1.0,-1.0,-1.0,-1.0,-1.0,-1.0,-1.0,-1.0,-1.0,-1.0,-1.0,-1.0,-1.0,-1.0,-1.0,-1.0,-1.0,-1.0,-1.0,-1.0,-1.0,-1.0,-1.0,-1.0,-1.0,-1.0,-1.0,-1.0,-1.0,-1.0,-1.0,-1.0,-1.0,-1.0,-1.0,-1.0,-1.0,1.0,-1.0,-1.0,-1.0,-1.0,-1.0,-1.0,-1.0,-1.0,-1.0,-1.0,-1.0,-1.0,
Vista,-0.7,0.7,0.7,-0.7,-1.0,-0.7,-0.7,0.7,-0.7,-0.7,-1.0,-0.7,-1.0,0.7,0.7,-1.0,-0.7,0.0,-1.0,0.0,0.0,0.7,0.0,-0.7,-0.7,0.0,-1.0,-1.0,-1.0,-0.7,-1.0,-1.0,0.0,-0.7,-0.7,-1.0,-1.0,1.0,-0.7,-0.7,-0.7,-1.0,0.0,-1.0,-1.0,0.0,-1.0,-0.7,-1.0,-1.0,-0.7,-1.0,-1.0,-0.7,-1.0,0.0,0.0,-0.7,-1.0,-0.7,-0.7,-1.0,-1.0,0.0,-0.7,-0.7,-1.0,-0.7,-1.0,0.0,-1.0,0.0,-1.0,-0.7,0.0,-1.0,-1.0,0.0,-1.0,-0.7,1.0,-0.7,-1.0,-0.7,-1.0,-0.7,-1.0,-0.7,-1.0,-1.0,-0.7,-1.0,0.0,
Vista,-0.7,0.7,1.0,-0.7,-1.0,0.0,-1.0,1.0,-1.0,0.0,-0.7,-1.0,0.0,1.0,0.7,-0.7,0.0,1.0,-0.7,-0.7,1.0,1.0,-0.7,-0.7,-0.7,-1.0,-1.0,-0.7,-0.7,0.0,-0.7,-0.7,-1.0,-1.0,-0.7,-1.0,0.0,0.0,-0.7,-1.0,-0.7,-0.7,-0.7,-1.0,0.0,-0.7,-1.0,-1.0,-0.7,-1.0,-1.0,-1.0,0.0,-1.0,-1.0,-1.0,-0.7,-0.7,0.0,-0.7,-0.7,-0.7,-0.7,-1.0,-0.7,-1.0,0.0,-0.7,-0.7,-0.7,-0.7,-0.7,-0.7,-1.0,-1.0,-1.0,-1.0,0.0,-0.7,-1.0,1.0,-0.7,-0.7,-0.7,-0.7,0.0,-1.0,-1.0,0.0,-1.0,-1.0,-1.0,-0.7,
Vinsmoke Yonji,-1.0,-1.0,-1.0,-1.0,1.0,-1.0,-1.0,-1.0,-1.0,1.0,-1.0,-1.0,-1.0,-1.0,-1.0,1.0,-1.0,1.0,1.0,-1.0,-1.0,1.0,-1.0,-1.0,-1.0,-1.0,-1.0,-1.0,-1.0,-1.0,1.0,-1.0,-1.0,-1.0,-1.0,1.0,-1.0,1.0,-1.0,-1.0,-1.0,-1.0,-1.0,-1.0,-1.0,-1.0,-1.0,-1.0,-1.0,-1.0,-1.0,-1.0,-1.0,-1.0,-1.0,-1.0,-1.0,-1.0,-1.0,-1.0,-1.0,-1.0,-1.0,-1.0,-1.0,-1.0,-1.0,-1.0,-1.0,-1.0,-1.0,-1.0,-1.0,-1.0,-1.0,-1.0,-1.0,1.0,-1.0,-1.0,-1.0,-1.0,-1.0,-1.0,-1.0,-1.0,-1.0,-1.0,-1.0,-1.0,-1.0,-1.0,-1.0,
Vinsmoke Yonji,-1.0,0.0,0.0,0.0,1.0,0.0,-0.7,-1.0,-1.0,0.7,-0.7,-1.0,-0.7,0.0,-1.0,1.0,0.0,1.0,0.0,-0.7,-1.0,1.0,-1.0,-1.0,-0.7,-0.7,-0.7,-0.7,-0.7,0.0,0.7,0.0,-1.0,-0.7,-0.7,0.0,-0.7,1.0,-1.0,-1.0,-1.0,-0.7,0.0,-1.0,-1.0,0.0,-1.0,0.0,-1.0,-0.7,-1.0,0.0,0.0,0.0,-1.0,0.0,0.0,-0.7,-0.7,0.0,-0.7,-1.0,0.0,-0.7,0.0,-0.7,-1.0,-0.7,-0.7,-1.0,-0.7,-1.0,-0.7,0.0,-0.7,-0.7,-1.0,0.7,-0.7,-0.7,0.0,-0.7,0.0,0.0,-1.0,-0.7,0.0,0.0,-1.0,-0.7,-0.7,-1.0,0.0,
Vinsmoke Yonji,0.0,-0.7,-1.0,0.0,0.7,-1.0,-1.0,-1.0,-0.7,1.0,-1.0,0.0,0.0,-1.0,-1.0,0.7,-1.0,1.0,1.0,0.0,0.0,0.0,-0.7,-0.7,-0.7,-0.7,-0.7,-0.7,-1.0,-1.0,0.0,-1.0,-1.0,-0.7,-1.0,1.0,-1.0,0.7,-1.0,-0.7,-1.0,-1.0,0.0,-0.7,-0.7,-1.0,-1.0,0.0,-1.0,0.0,-0.7,-0.7,-0.7,-0.7,-1.0,-0.7,0.0,-1.0,-1.0,-1.0,-0.7,-1.0,0.0,-0.7,0.0,0.0,-1.0,-1.0,0.0,-0.7,-1.0,0.0,-0.7,-1.0,-0.7,0.0,-1.0,1.0,-1.0,0.0,-0.7,-0.7,-0.7,-1.0,-0.7,0.0,-0.7,0.0,-0.7,-1.0,-0.7,-1.0,-0.7,
Vinsmoke Reiju,1.0,-1.0,-1.0,-1.0,-1.0,-1.0,-1.0,-1.0,-1.0,1.0,-1.0,-1.0,-1.0,-1.0,-1.0,1.0,-1.0,1.0,-1.0,-1.0,-1.0,1.0,-1.0,-1.0,-1.0,-1.0,-1.0,-1.0,-1.0,-1.0,1.0,-1.0,-1.0,1.0,-1.0,1.0,-1.0,-1.0,-1.0,-1.0,-1.0,-1.0,-1.0,-1.0,-1.0,-1.0,-1.0,-1.0,-1.0,-1.0,-1.0,-1.0,-1.0,-1.0,-1.0,-1.0,-1.0,-1.0,-1.0,-1.0,-1.0,-1.0,-1.0,-1.0,-1.0,-1.0,-1.0,-1.0,-1.0,-1.0,-1.0,-1.0,-1.0,-1.0,-1.0,-1.0,-1.0,1.0,-1.0,-1.0,-1.0,-1.0,-1.0,-1.0,-1.0,-1.0,-1.0,-1.0,-1.0,-1.0,-1.0,-1.0,-1.0,
Vinsmoke Reiju,0.7,0.0,-1.0,0.0,0.0,-1.0,0.0,-1.0,-1.0,0.0,-1.0,-0.7,-0.7,-1.0,-0.7,1.0,-1.0,0.0,0.0,-0.7,-1.0,0.7,0.0,-1.0,-1.0,0.0,-0.7,-1.0,-1.0,0.0,0.7,-1.0,0.0,0.0,-1.0,0.7,-1.0,-0.7,-1.0,-1.0,-0.7,-0.7,-1.0,-1.0,0.0,-1.0,-0.7,-1.0,-0.7,-1.0,-1.0,-0.7,-1.0,-0.7,-1.0,-1.0,-0.7,-1.0,-1.0,-1.0,-1.0,-1.0,-1.0,-1.0,0.0,-1.0,0.0,0.0,-1.0,-1.0,-1.0,-0.7,-0.7,-0.7,-0.7,-1.0,0.0,1.0,0.0,-1.0,-1.0,0.0,-0.7,-0.7,-0.7,0.0,0.0,-0.7,-1.0,-0.7,0.0,-0.7,0.0,
Vinsmoke Reiju,1.0,0.0,-1.0,-1.0,-0.7,-0.7,-1.0,0.0,0.0,0.7,-1.0,-1.0,-0.7,-0.7,-1.0,0.7,-0.7,0.7,-0.7,-0.7,-1.0,1.0,0.0,-1.0,0.0,-1.0,-0.7,-1.0,0.0,0.0,1.0,-1.0,-0.7,0.0,-0.7,0.0,-1.0,-0.7,-0.7,-1.0,-0.7,0.0,0.0,-1.0,-1.0,-0.7,-1.0,0.0,-1.0,-0.7,-1.0,-0.7,-1.0,-1.0,-0.7,-0.7,-0.7,-1.0,-1.0,-0.7,0.0,-1.0,-1.0,-1.0,-1.0,-1.0,-0.7,0.0,-1.0,-0.7,-0.7,0.0,-0.7,0.0,-0.7,0.0,-1.0,1.0,0.0,-0.7,-1.0,0.0,-1.0,-1.0,-0.7,-0.7,-0.7,-1.0,0.0,0.0,-1.0,-1.0,-1.0,
Vinsmoke Niji,-1.0,-1.0,-1.0,-1.0,1.0,-1.0,-1.0,-1.0,-1.0,1.0,-1.0,-1.0,-1.0,-1.0,-1.0,1.0,-1.0,1.0,1.0,-1.0,-1.0,1.0,-1.0,-1.0,-1.0,-1.0,-1.0,-1.0,-1.0,-1.0,1.0,-1.0,1.0,-1.0,-1.0,1.0,-1.0,1.0,-1.0,-1.0,-1.0,-1.0,-1.0,-1.0,-1.0,-1.0,-1.0,-1.0,-1.0,-1.0,-1.0,-1.0,-1.0,-1.0,-1.0,-1.0,-1.0,-1.0,-1.0,-1.0,-1.0,-1.0,-1.0,-1.0,-1.0,-1.0,-1.0,-1.0,-1.0,-1.0,-1.0,-1.0,-1.0,-1.0,-1.0,-1.0,-1.0,1.0,-1.0,-1.0,-1.0,-1.0,-1.0,-1.0,-1.0,-1.0,-1.0,-1.0,-1.0,-1.0,-1.0,-1.0,-1.0,
Vinsmoke Niji,0.0,0.0,-0.7,0.0,0.7,-0.7,-1.0,-1.0,-1.0,0.7,-1.0,-1.0,-1.0,-0.7,0.0,0.0,-0.7,0.7,0.7,-1.0,-1.0,1.0,-0.7,-1.0,-0.7,-1.0,-1.0,0.0,-1.0,-0.7,1.0,-1.0,0.7,-0.7,-1.0,0.0,-0.7,1.0,-1.0,-0.7,-0.7,-1.0,-1.0,-1.0,-1.0,-1.0,0.0,-0.7,-0.7,-1.0,-1.0,-1.0,-0.7,-1.0,-1.0,-1.0,0.0,-0.7,-1.0,-0.7,-0.7,-1.0,-1.0,0.0,-1.0,0.0,-1.0,-0.7,-1.0,-0.7,0.0,-0.7,-1.0,-1.0,0.0,-0.7,-1.0,0.0,-0.7,-1.0,-0.7,-0.7,0.0,-1.0,0.0,0.0,-0.7,-1.0,0.0,-0.7,0.0,-1.0,0.0,
Vinsmoke Niji,0.0,0.0,-1.0,-0.7,1.0,-1.0,-1.0,0.0,-0.7,1.0,0.0,-0.7,0.0,0.0,-0.7,1.0,0.0,1.0,0.7,0.0,-1.0,0.7,-1.0,-1.0,-1.0,0.0,-1.0,0.0,-0.7,-0.7,0.0,-0.7,1.0,-1.0,-0.7,0.7,-1.0,0.7,-0.7,0.0,-0.7,0.0,-0.7,0.0,-0.7,-0.7,-1.0,-0.7,0.0,-1.0,-1.0,0.0,-0.7,-1.0,-0.7,-0.7,-0.7,0.0,-1.0,-0.7,0.0,0.0,-1.0,-1.0,-0.7,0.0,-0.7,-0.7,0.0,-0.7,0.0,0.0,0.0,0.0,-0.7,-1.0,-0.7,0.0,0.0,-1.0,-1.0,-0.7,-0.7,-1.0,-0.7,-1.0,-0.7,-1.0,0.0,-0.7,-1.0,-0.7,-1.0,
Vinsmoke Ichiji,-1.0,-1.0,-1.0,-1.0,1.0,-1.0,-1.0,-1.0,-1.0,1.0,-1.0,-1.0,-1.0,-1.0,-1.0,1.0,-1.0,1.0,1.0,-1.0,-1.0,1.0,-1.0,-1.0,-1.0,-1.0,-1.0,-1.0,-1.0,-1.0,1.0,-1.0,1.0,-1.0,-1.0,1.0,-1.0,1.0,-1.0,-1.0,-1.0,-1.0,-1.0,-1.0,-1.0,-1.0,-1.0,-1.0,-1.0,-1.0,-1.0,-1.0,-1.0,-1.0,-1.0,-1.0,-1.0,-1.0,-1.0,-1.0,-1.0,-1.0,-1.0,-1.0,-1.0,-1.0,-1.0,-1.0,-1.0,-1.0,-1.0,-1.0,-1.0,-1.0,-1.0,-1.0,-1.0,1.0,-1.0,-1.0,-1.0,-1.0,-1.0,-1.0,-1.0,-1.0,-1.0,-1.0,-1.0,-1.0,-1.0,-1.0,-1.0,
Vinsmoke Ichiji,0.0,-0.7,-0.7,-1.0,1.0,-0.7,-1.0,-0.7,-0.7,1.0,-1.0,0.0,0.0,-1.0,-1.0,1.0,-1.0,0.0,0.7,0.0,0.0,0.7,-0.7,0.0,-0.7,-1.0,-0.7,-0.7,0.0,-0.7,1.0,-1.0,0.0,0.0,-0.7,1.0,-1.0,0.7,0.0,0.0,0.0,-0.7,0.0,-1.0,-1.0,0.0,-1.0,-0.7,-0.7,-1.0,-1.0,-1.0,-0.7,-1.0,-0.7,-0.7,-1.0,-1.0,-1.0,-1.0,-0.7,0.0,-1.0,0.0,-0.7,-0.7,0.0,-0.7,-1.0,-1.0,-0.7,-1.0,-0.7,-0.7,-1.0,-0.7,-0.7,0.7,-1.0,-1.0,-0.7,0.0,-0.7,0.0,-1.0,0.0,-0.7,0.0,-1.0,-0.7,-0.7,-0.7,-1.0,
Vinsmoke Ichiji,-1.0,-0.7,0.0,-0.7,1.0,0.0,-0.7,-1.0,-1.0,0.7,-1.0,-1.0,-0.7,-1.0,-1.0,0.7,-0.7,1.0,1.0,-0.7,-1.0,0.7,0.0,-0.7,-1.0,-1.0,-1.0,-1.0,-1.0,-1.0,0.0,0.0,0.7,-1.0,0.0,1.0,-1.0,1.0,-0.7,-1.0,-1.0,-1.0,0.0,-1.0,-1.0,-0.7,-1.0,-0.7,-1.0,-0.7,-0.7,0.0,-1.0,-0.7,0.0,-0.7,0.0,0.0,-0.7,-1.0,-0.7,-0.7,-0.7,-0.7,-0.7,-0.7,-0.7,-1.0,0.0,0.0,-0.7,-1.0,-1.0,-1.0,-1.0,-1.0,-1.0,1.0,-0.7,0.0,-1.0,-0.7,0.0,0.0,-1.0,-1.0,-1.0,-1.0,-0.7,-1.0,-0.7,-1.0,-0.7,
Victoria Cindry,1.0,-1.0,-1.0,-1.0,-1.0,-1.0,1.0,-1.0,-1.0,-1.0,-1.0,-1.0,-1.0,-1.0,-1.0,-1.0,-1.0,1.0,-1.0,-1.0,-1.0,1.0,-1.0,-1.0,-1.0,-1.0,-1.0,-1.0,-1.0,1.0,-1.0,-1.0,-1.0,-1.0,-1.0,-1.0,-1.0,1.0,-1.0,-1.0,-1.0,-1.0,-1.0,-1.0,-1.0,-1.0,-1.0,-1.0,-1.0,-1.0,-1.0,-1.0,-1.0,-1.0,-1.0,-1.0,-1.0,-1.0,-1.0,-1.0,-1.0,-1.0,-1.0,-1.0,-1.0,-1.0,-1.0,-1.0,-1.0,-1.0,-1.0,-1.0,-1.0,-1.0,-1.0,-1.0,-1.0,-1.0,-1.0,-1.0,-1.0,-1.0,-1.0,-1.0,1.0,-1.0,-1.0,-1.0,-1.0,-1.0,-1.0,-1.0,-1.0,
Victoria Cindry,1.0,-0.7,-0.7,-0.7,-1.0,-1.0,1.0,-0.7,-1.0,-0.7,-1.0,-1.0,-0.7,-0.7,-1.0,-0.7,-0.7,1.0,-1.0,-0.7,0.0,1.0,-0.7,0.0,-0.7,-1.0,-0.7,-1.0,-1.0,1.0,-1.0,-1.0,-0.7,0.0,-1.0,-1.0,-0.7,0.7,-0.7,-0.7,0.0,-1.0,-1.0,-1.0,-0.7,0.0,0.0,0.0,-1.0,-0.7,-1.0,0.0,-1.0,-1.0,0.0,-0.7,0.0,-1.0,0.0,-0.7,-0.7,-0.7,-0.7,-0.7,-1.0,-0.7,-0.7,-1.0,-1.0,-0.7,-1.0,-1.0,0.0,-1.0,-1.0,-0.7,-0.7,-1.0,0.0,-0.7,-1.0,-1.0,-0.7,-1.0,0.0,-1.0,-0.7,-0.7,0.0,-1.0,-0.7,-1.0,0.0,
Victoria Cindry,0.7,-1.0,-0.7,-1.0,-1.0,-0.7,1.0,0.0,-1.0,-0.7,0.0,-1.0,-1.0,-1.0,0.0,0.0,-1.0,1.0,0.0,-0.7,-0.7,0.7,-0.7,0.0,0.0,0.0,0.0,-1.0,-1.0,0.0,-1.0,-0.7,0.0,-0.7,-1.0,-1.0,-1.0,0.7,-1.0,0.0,-1.0,-0.7,-1.0,-0.7,-1.0,-1.0,-0.7,0.0,-1.0,-1.0,-0.7,0.0,-1.0,-1.0,-1.0,-1.0,-1.0,-1.0,-0.7,-0.7,-1.0,-0.7,-1.0,-1.0,-1.0,-1.0,0.0,-1.0,-0.7,-0.7,-0.7,-0.7,-1.0,-1.0,-1.0,-0.7,-0.7,-0.7,-1.0,0.0,-1.0,-1.0,0.0,-1.0,0.0,-1.0,-1.0,-1.0,-0.7,-0.7,-1.0,-1.0,-1.0,
Vinsmoke Judge,-1.0,-1.0,1.0,-1.0,-1.0,-1.0,-1.0,-1.0,-1.0,1.0,-1.0,-1.0,-1.0,-1.0,1.0,1.0,-1.0,1.0,1.0,-1.0,1.0,-1.0,-1.0,-1.0,-1.0,-1.0,-1.0,-1.0,-1.0,1.0,-1.0,1.0,-1.0,-1.0,1.0,1.0,-1.0,1.0,-1.0,-1.0,-1.0,-1.0,-1.0,-1.0,-1.0,-1.0,-1.0,-1.0,-1.0,-1.0,-1.0,-1.0,-1.0,-1.0,-1.0,-1.0,-1.0,-1.0,-1.0,-1.0,-1.0,-1.0,-1.0,-1.0,-1.0,-1.0,-1.0,-1.0,-1.0,-1.0,-1.0,-1.0,-1.0,-1.0,-1.0,-1.0,-1.0,1.0,-1.0,-1.0,-1.0,-1.0,-1.0,-1.0,-1.0,-1.0,-1.0,-1.0,-1.0,1.0,-1.0,-1.0,-1.0,
Vinsmoke Judge,-1.0,0.0,1.0,-0.7,-1.0,-1.0,-0.7,0.0,0.0,0.7,-1.0,-1.0,-0.7,-1.0,0.0,0.7,0.0,0.7,0.7,-1.0,0.7,-1.0,-0.7,-0.7,-0.7,-0.7,-0.7,-1.0,0.0,1.0,0.0,0.7,0.0,-0.7,0.7,1.0,-0.7,1.0,-0.7,-1.0,-0.7,-1.0,-1.0,0.0,0.0,-0.7,0.0,-1.0,-1.0,-1.0,-1.0,-1.0,-0.7,-1.0,-1.0,-0.7,-1.0,-1.0,-1.0,0.0,-1.0,0.0,-0.7,-1.0,-1.0,-0.7,0.0,-1.0,-1.0,-1.0,-1.0,0.0,-0.7,-1.0,0.0,-1.0,-0.7,0.7,-1.0,-1.0,-1.0,0.0,-0.7,-1.0,-0.7,-0.7,-1.0,-0.7,-0.7,1.0,0.0,-0.7,-1.0,
Vinsmoke Judge,0.0,-1.0,0.0,-1.0,-0.7,-0.7,-1.0,-1.0,-0.7,0.7,-1.0,0.0,-0.7,-1.0,0.7,0.7,0.0,1.0,1.0,-1.0,0.0,-1.0,-1.0,-0.7,-1.0,-1.0,-0.7,-1.0,-0.7,1.0,-0.7,1.0,-0.7,-1.0,1.0,1.0,-0.7,1.0,-0.7,-0.7,-0.7,-1.0,-0.7,0.0,-1.0,-1.0,-1.0,-0.7,-1.0,0.0,-0.7,-1.0,0.0,-1.0,-1.0,-1.0,-1.0,-0.7,-1.0,-0.7,-0.7,-1.0,-0.7,-0.7,0.0,-1.0,-1.0,0.0,-1.0,-1.0,-0.7,-1.0,-0.7,0.0,-0.7,-0.7,-1.0,0.7,-0.7,-1.0,-1.0,-0.7,-1.0,-0.7,-1.0,-1.0,-1.0,0.0,-0.7,0.7,-1.0,-1.0,-1.0,
Very Good,-1.0,-1.0,-1.0,-1.0,-1.0,-1.0,-1.0,-1.0,-1.0,-1.0,-1.0,-1.0,1.0,-1.0,-1.0,-1.0,-1.0,1.0,1.0,-1.0,1.0,1.0,-1.0,-1.0,-1.0,-1.0,-1.0,-1.0,-1.0,-1.0,-1.0,-1.0,-1.0,-1.0,-1.0,-1.0,-1.0,-1.0,1.0,1.0,-1.0,-1.0,-1.0,-1.0,-1.0,-1.0,-1.0,-1.0,-1.0,-1.0,-1.0,-1.0,-1.0,-1.0,-1.0,-1.0,-1.0,-1.0,-1.0,-1.0,-1.0,-1.0,-1.0,-1.0,-1.0,-1.0,-1.0,-1.0,-1.0,-1.0,-1.0,-1.0,1.0,-1.0,-1.0,-1.0,-1.0,-1.0,-1.0,-1.0,-1.0,-1.0,-1.0,-1.0,-1.0,-1.0,-1.0,-1.0,-1.0,-1.0,-1.0,-1.0,-1.0,
Very Good,-1.0,-0.7,-0.7,-1.0,0.0,-1.0,-0.7,-1.0,-1.0,-0.7,-1.0,-1.0,1.0,-1.0,-0.7,-0.7,-1.0,1.0,0.0,-1.0,0.7,0.0,-1.0,-1.0,0.0,-1.0,-1.0,-0.7,-1.0,0.0,-1.0,-0.7,-0.7,-0.7,-0.7,0.0,0.0,-1.0,0.7,1.0,-0.7,-1.0,-0.7,-1.0,-0.7,-1.0,0.0,-0.7,0.0,-0.7,0.0,-0.7,-0.7,-1.0,-0.7,-1.0,-1.0,-0.7,-1.0,-1.0,-1.0,-1.0,-1.0,-1.0,-1.0,-0.7,-1.0,0.0,0.0,-1.0,-1.0,-1.0,0.0,-0.7,-0.7,0.0,0.0,0.0,-0.7,0.0,0.0,-1.0,0.0,-0.7,-1.0,-0.7,-0.7,-1.0,0.0,-1.0,0.0,-1.0,-1.0,
Very Good,0.0,-1.0,0.0,-1.0,0.0,-1.0,-1.0,0.0,-1.0,0.0,0.0,-1.0,0.7,-1.0,-1.0,-1.0,-0.7,0.0,1.0,-1.0,0.7,1.0,-0.7,-0.7,0.0,-0.7,-1.0,-0.7,0.0,0.0,-1.0,-0.7,-0.7,-1.0,-1.0,-0.7,-1.0,-1.0,1.0,1.0,-1.0,-0.7,0.0,-0.7,-1.0,0.0,-1.0,-1.0,-1.0,-0.7,-0.7,0.0,-0.7,-0.7,-1.0,-0.7,0.0,-1.0,-1.0,-1.0,-0.7,-0.7,-0.7,-0.7,-0.7,-0.7,0.0,0.0,-1.0,-0.7,-0.7,-1.0,0.0,-1.0,-0.7,-1.0,-0.7,-1.0,-1.0,-1.0,-1.0,0.0,-1.0,-0.7,-0.7,-1.0,-1.0,-1.0,-0.7,0.0,0.0,0.0,-0.7,
Vasco Shot,-1.0,-1.0,1.0,1.0,-1.0,-1.0,-1.0,-1.0,-1.0,1.0,-1.0,-1.0,-1.0,1.0,1.0,-1.0,-1.0,1.0,-1.0,-1.0,1.0,1.0,-1.0,-1.0,-1.0,-1.0,-1.0,-1.0,-1.0,-1.0,-1.0,-1.0,-1.0,-1.0,-1.0,-1.0,-1.0,1.0,1.0,1.0,-1.0,-1.0,-1.0,-1.0,-1.0,-1.0,-1.0,-1.0,-1.0,-1.0,-1.0,-1.0,-1.0,-1.0,-1.0,-1.0,-1.0,-1.0,-1.0,-1.0,-1.0,-1.0,-1.0,-1.0,-1.0,-1.0,-1.0,-1.0,-1.0,-1.0,-1.0,-1.0,-1.0,-1.0,-1.0,-1.0,-1.0,-1.0,-1.0,-1.0,1.0,-1.0,-1.0,-1.0,-1.0,-1.0,-1.0,-1.0,-1.0,-1.0,1.0,1.0,-1.0,
Vasco Shot,0.0,-1.0,0.7,1.0,-1.0,0.0,-1.0,-0.7,-0.7,1.0,-1.0,-1.0,0.0,0.7,0.7,-1.0,-1.0,1.0,-0.7,-1.0,0.7,0.7,-1.0,-0.7,-0.7,-1.0,-0.7,-0.7,-1.0,-1.0,-1.0,0.0,-1.0,-1.0,-1.0,-1.0,-1.0,0.7,1.0,0.0,0.0,-0.7,0.0,-0.7,-0.7,-1.0,-1.0,-1.0,-1.0,-0.7,-1.0,-1.0,0.0,-0.7,-0.7,-1.0,0.0,-1.0,-0.7,-0.7,-0.7,0.0,-1.0,0.0,-0.7,-0.7,0.0,-0.7,-0.7,-1.0,0.0,-0.7,0.0,0.0,-1.0,-0.7,0.0,-0.7,-0.7,-1.0,1.0,-0.7,-0.7,-0.7,-1.0,-0.7,0.0,-0.7,0.0,-1.0,0.0,0.7,0.0,
Vasco Shot,-0.7,-1.0,0.0,0.7,-1.0,-1.0,-1.0,-0.7,-0.7,0.7,-1.0,-0.7,-1.0,0.7,0.0,0.0,-1.0,0.7,-0.7,-1.0,0.0,0.7,-0.7,-0.7,-1.0,-1.0,-1.0,-1.0,-1.0,0.0,-0.7,0.0,0.0,-0.7,-1.0,-0.7,-1.0,1.0,0.7,0.7,-1.0,-1.0,-1.0,-0.7,0.0,-0.7,0.0,-0.7,-1.0,-0.7,-1.0,-1.0,-0.7,0.0,-0.7,0.0,-0.7,-1.0,-0.7,0.0,-0.7,-0.7,-0.7,-0.7,-1.0,-1.0,-1.0,-0.7,0.0,0.0,-1.0,-0.7,-0.7,-0.7,-0.7,-1.0,0.0,0.0,-1.0,-0.7,1.0,-1.0,0.0,-0.7,-1.0,-0.7,0.0,0.0,-1.0,0.0,0.0,0.7,-0.7,
Vegapunk,-1.0,-1.0,-1.0,-1.0,-1.0,-1.0,-1.0,-1.0,-1.0,-1.0,-1.0,-1.0,1.0,-1.0,-1.0,-1.0,-1.0,-1.0,-1.0,-1.0,1.0,-1.0,-1.0,-1.0,-1.0,-1.0,-1.0,-1.0,-1.0,-1.0,-1.0,-1.0,-1.0,-1.0,1.0,-1.0,-1.0,-1.0,1.0,1.0,-1.0,-1.0,-1.0,-1.0,-1.0,-1.0,-1.0,-1.0,-1.0,-1.0,-1.0,-1.0,-1.0,-1.0,-1.0,-1.0,-1.0,-1.0,-1.0,-1.0,-1.0,-1.0,-1.0,-1.0,-1.0,-1.0,-1.0,-1.0,-1.0,-1.0,-1.0,-1.0,-1.0,-1.0,-1.0,-1.0,-1.0,-1.0,-1.0,-1.0,-1.0,1.0,-1.0,-1.0,-1.0,-1.0,-1.0,-1.0,-1.0,-1.0,-1.0,-1.0,-1.0,
Vegapunk,-1.0,-1.0,-0.7,0.0,0.0,-0.7,-0.7,-0.7,-0.7,-1.0,-1.0,-1.0,1.0,-1.0,-0.7,-1.0,-1.0,0.0,-0.7,-0.7,1.0,-0.7,-0.7,-0.7,-0.7,-0.7,0.0,-1.0,-1.0,-0.7,-0.7,-1.0,0.0,-0.7,0.7,-0.7,-0.7,0.0,1.0,1.0,-1.0,0.0,-0.7,0.0,0.0,-0.7,-1.0,-1.0,-1.0,0.0,-1.0,-0.7,-1.0,-1.0,-1.0,-0.7,-1.0,-0.7,-0.7,0.0,0.0,-0.7,-0.7,-1.0,-0.7,-0.7,-1.0,-0.7,-1.0,-1.0,-1.0,0.0,-1.0,-1.0,0.0,-1.0,0.0,0.0,-0.7,-0.7,0.0,0.7,-1.0,0.0,-1.0,-1.0,0.0,-1.0,-0.7,-0.7,-0.7,-1.0,-0.7,
Vegapunk,-1.0,-1.0,-1.0,-1.0,0.0,-0.7,-0.7,-0.7,0.0,-0.7,-0.7,-1.0,0.7,-1.0,-0.7,-1.0,-0.7,-1.0,-0.7,-0.7,1.0,-1.0,-1.0,-0.7,-0.7,-0.7,-0.7,-0.7,-0.7,-1.0,-0.7,-1.0,-0.7,-0.7,0.7,-1.0,-1.0,-1.0,0.7,0.7,-1.0,-0.7,-1.0,-0.7,-0.7,-0.7,0.0,-1.0,-1.0,-0.7,-1.0,0.0,-1.0,-1.0,-0.7,-1.0,-1.0,0.0,-1.0,-0.7,-1.0,-1.0,-1.0,-1.0,-1.0,0.0,-0.7,-0.7,-1.0,-1.0,-0.7,-0.7,-1.0,-1.0,-1.0,-1.0,-0.7,-1.0,-1.0,-0.7,-1.0,0.7,0.0,-1.0,-0.7,-0.7,-1.0,-0.7,-0.7,-0.7,0.0,-1.0,-0.7,
Vander Decken IX,-1.0,-1.0,1.0,-1.0,-1.0,-1.0,1.0,-1.0,1.0,-1.0,-1.0,-1.0,-1.0,1.0,1.0,-1.0,-1.0,1.0,1.0,-1.0,-1.0,-1.0,-1.0,-1.0,-1.0,-1.0,-1.0,-1.0,-1.0,-1.0,-1.0,-1.0,-1.0,-1.0,-1.0,-1.0,-1.0,1.0,1.0,1.0,-1.0,-1.0,-1.0,-1.0,-1.0,-1.0,-1.0,-1.0,-1.0,-1.0,-1.0,-1.0,-1.0,-1.0,-1.0,-1.0,-1.0,-1.0,-1.0,-1.0,-1.0,-1.0,-1.0,-1.0,1.0,1.0,-1.0,-1.0,-1.0,-1.0,-1.0,-1.0,-1.0,-1.0,1.0,-1.0,-1.0,-1.0,-1.0,-1.0,-1.0,-1.0,-1.0,-1.0,-1.0,-1.0,-1.0,-1.0,-1.0,-1.0,-1.0,-1.0,-1.0,
Vander Decken IX,-0.7,-1.0,0.0,-1.0,-0.7,-0.7,0.7,-1.0,1.0,-1.0,-0.7,-1.0,-0.7,1.0,1.0,-1.0,-0.7,0.7,1.0,-1.0,0.0,-1.0,-0.7,-0.7,-1.0,-0.7,0.0,0.0,-0.7,-0.7,-1.0,-1.0,-1.0,0.0,-1.0,-1.0,-0.7,0.7,1.0,1.0,-0.7,-0.7,-0.7,-1.0,-0.7,-0.7,-1.0,-1.0,0.0,-0.7,-1.0,-1.0,-0.7,-0.7,0.0,-0.7,-1.0,-0.7,-1.0,-1.0,-1.0,-1.0,0.0,-0.7,1.0,0.7,-0.7,0.0,0.0,-1.0,0.0,-1.0,-1.0,-1.0,1.0,0.0,-0.7,-0.7,0.0,-1.0,-1.0,-0.7,0.0,0.0,-1.0,0.0,0.0,-1.0,-0.7,-1.0,-0.7,0.0,-0.7,
Vander Decken IX,-0.7,0.0,1.0,-1.0,-1.0,-0.7,0.0,-0.7,0.0,-0.7,-0.7,-0.7,0.0,1.0,1.0,-1.0,0.0,0.0,1.0,0.0,-0.7,-0.7,0.0,-0.7,-0.7,-1.0,-1.0,-0.7,-1.0,-0.7,-0.7,-0.7,-0.7,0.0,-1.0,-0.7,0.0,1.0,1.0,0.7,-0.7,-1.0,-0.7,-0.7,-0.7,-0.7,-0.7,-0.7,-0.7,-0.7,-0.7,0.0,-0.7,-0.7,-1.0,0.0,-0.7,-0.7,-0.7,-1.0,-0.7,-1.0,-1.0,-1.0,1.0,1.0,-0.7,-0.7,-1.0,-0.7,-0.7,-1.0,-1.0,-1.0,0.0,0.0,-0.7,-0.7,-0.7,-1.0,0.0,-1.0,-0.7,-0.7,-0.7,-0.7,-0.7,-1.0,-1.0,0.0,-0.7,0.0,-0.7,
Van Augur,-1.0,1.0,1.0,-1.0,1.0,-1.0,-1.0,-1.0,1.0,-1.0,-1.0,-1.0,-1.0,1.0,1.0,-1.0,-1.0,1.0,-1.0,-1.0,1.0,1.0,-1.0,-1.0,-1.0,-1.0,-1.0,-1.0,-1.0,-1.0,-1.0,-1.0,-1.0,-1.0,-1.0,-1.0,-1.0,1.0,1.0,1.0,-1.0,-1.0,-1.0,-1.0,-1.0,-1.0,-1.0,-1.0,-1.0,-1.0,-1.0,-1.0,-1.0,-1.0,-1.0,-1.0,-1.0,-1.0,-1.0,-1.0,-1.0,-1.0,-1.0,-1.0,-1.0,-1.0,-1.0,-1.0,-1.0,-1.0,-1.0,-1.0,-1.0,1.0,-1.0,-1.0,-1.0,-1.0,-1.0,1.0,1.0,-1.0,-1.0,-1.0,-1.0,1.0,-1.0,-1.0,-1.0,-1.0,-1.0,-1.0,-1.0,
Van Augur,-0.7,0.7,1.0,-0.7,0.0,0.0,-0.7,-0.7,0.0,-0.7,0.0,-0.7,0.0,1.0,0.7,-1.0,-0.7,0.7,-1.0,-0.7,1.0,1.0,-1.0,-0.7,-1.0,-1.0,-1.0,-1.0,-1.0,-0.7,-0.7,0.0,-1.0,0.0,-1.0,-1.0,-1.0,1.0,0.7,0.7,0.0,0.0,-0.7,-0.7,-0.7,0.0,-0.7,-1.0,-0.7,-0.7,-0.7,0.0,-0.7,0.0,0.0,-1.0,-1.0,-1.0,0.0,-1.0,-0.7,-0.7,-0.7,-1.0,-1.0,-1.0,-0.7,-1.0,0.0,-1.0,-0.7,0.0,-0.7,1.0,0.0,-1.0,-1.0,-1.0,-1.0,0.7,0.7,-0.7,-1.0,-0.7,-1.0,1.0,-1.0,-0.7,-0.7,-1.0,0.0,-1.0,-0.7,
Van Augur,-1.0,0.7,0.7,-0.7,1.0,-0.7,-0.7,-0.7,1.0,-1.0,-1.0,-1.0,-1.0,1.0,0.7,-0.7,-0.7,0.7,-0.7,-0.7,0.0,0.7,-0.7,0.0,-1.0,-0.7,-1.0,0.0,-0.7,-0.7,-0.7,-0.7,-0.7,0.0,-0.7,0.0,-0.7,0.7,1.0,1.0,0.0,-0.7,-0.7,-0.7,-1.0,-0.7,-1.0,0.0,-0.7,0.0,-0.7,-1.0,0.0,-1.0,-0.7,-1.0,-0.7,-1.0,-0.7,0.0,-0.7,-1.0,-0.7,0.0,-1.0,-1.0,-1.0,-0.7,-0.7,-0.7,-0.7,-0.7,-0.7,0.7,-1.0,-1.0,-1.0,0.0,-0.7,1.0,1.0,-0.7,-0.7,-1.0,-1.0,1.0,-0.7,-1.0,-0.7,0.0,-1.0,-1.0,-1.0,
Vergo,-1.0,1.0,-1.0,-1.0,1.0,-1.0,-1.0,-1.0,-1.0,1.0,-1.0,-1.0,1.0,1.0,1.0,-1.0,-1.0,1.0,1.0,-1.0,1.0,1.0,-1.0,-1.0,-1.0,-1.0,-1.0,-1.0,-1.0,-1.0,-1.0,-1.0,-1.0,-1.0,-1.0,-1.0,1.0,1.0,-1.0,-1.0,-1.0,-1.0,-1.0,-1.0,-1.0,-1.0,-1.0,-1.0,-1.0,-1.0,-1.0,-1.0,-1.0,-1.0,-1.0,-1.0,-1.0,-1.0,-1.0,-1.0,-1.0,-1.0,-1.0,-1.0,-1.0,-1.0,-1.0,-1.0,-1.0,-1.0,-1.0,-1.0,-1.0,-1.0,-1.0,-1.0,-1.0,-1.0,-1.0,-1.0,-1.0,1.0,-1.0,-1.0,-1.0,-1.0,-1.0,-1.0,-1.0,-1.0,-1.0,-1.0,-1.0,
Vergo,-0.7,0.7,-1.0,-1.0,0.7,-0.7,-1.0,-1.0,-0.7,1.0,-1.0,-0.7,1.0,0.0,0.7,-1.0,-0.7,0.7,1.0,-1.0,0.7,0.7,-0.7,-1.0,0.0,-0.7,-0.7,-0.7,-1.0,0.0,-1.0,-0.7,-0.7,0.0,-0.7,-0.7,0.0,0.0,-1.0,-1.0,-0.7,0.0,-0.7,-1.0,-0.7,-1.0,-0.7,-1.0,-0.7,0.0,-0.7,-1.0,-0.7,-1.0,-0.7,-0.7,-0.7,0.0,-1.0,0.0,-1.0,-0.7,-1.0,-1.0,-0.7,-1.0,-1.0,-1.0,-0.7,-1.0,-0.7,-0.7,-0.7,-1.0,-0.7,-0.7,-0.7,-0.7,-1.0,-0.7,-1.0,1.0,-1.0,0.0,-0.7,0.0,0.0,0.0,-1.0,-0.7,-0.7,-0.7,-1.0,
Vergo,-1.0,0.7,0.0,-0.7,1.0,0.0,-1.0,0.0,0.0,0.7,-0.7,-0.7,0.7,1.0,0.7,-1.0,-0.7,0.7,1.0,0.0,0.7,0.7,-1.0,-0.7,-1.0,-1.0,-1.0,-1.0,-0.7,-0.7,-0.7,-0.7,0.0,-1.0,-0.7,0.0,1.0,0.7,-0.7,-1.0,-1.0,-0.7,-0.7,-1.0,-0.7,-0.7,-1.0,-0.7,-0.7,-1.0,-0.7,-1.0,-1.0,-1.0,0.0,0.0,-0.7,-0.7,-1.0,-0.7,-1.0,-0.7,0.0,-1.0,-0.7,-0.7,-1.0,-0.7,-0.7,-0.7,-1.0,-0.7,0.0,-0.7,-0.7,-1.0,-1.0,0.0,-1.0,0.0,-1.0,1.0,-1.0,-0.7,-0.7,0.0,-1.0,-1.0,-0.7,-0.7,-1.0,-1.0,-1.0,
Uta,1.0,-1.0,-1.0,-1.0,-1.0,-1.0,-1.0,-1.0,-1.0,-1.0,-1.0,-1.0,-1.0,-1.0,-1.0,-1.0,-1.0,1.0,1.0,-1.0,1.0,-1.0,-1.0,-1.0,-1.0,-1.0,-1.0,-1.0,-1.0,-1.0,1.0,-1.0,-1.0,1.0,-1.0,-1.0,-1.0,-1.0,1.0,1.0,-1.0,-1.0,-1.0,-1.0,-1.0,-1.0,-1.0,-1.0,-1.0,-1.0,-1.0,-1.0,-1.0,-1.0,-1.0,-1.0,-1.0,-1.0,-1.0,-1.0,-1.0,-1.0,-1.0,-1.0,-1.0,-1.0,-1.0,-1.0,-1.0,-1.0,-1.0,-1.0,-1.0,-1.0,-1.0,1.0,-1.0,-1.0,-1.0,-1.0,-1.0,-1.0,-1.0,-1.0,-1.0,-1.0,-1.0,-1.0,-1.0,-1.0,-1.0,-1.0,-1.0,
Uta,0.7,-0.7,-0.7,-1.0,0.0,-1.0,-1.0,-0.7,-0.7,-1.0,0.0,-0.7,-1.0,-0.7,-0.7,-0.7,0.0,0.7,1.0,-0.7,0.7,-0.7,-1.0,0.0,-0.7,-0.7,-0.7,-0.7,-1.0,0.0,1.0,-0.7,-0.7,0.7,-0.7,-1.0,-0.7,0.0,0.7,1.0,0.0,-0.7,-1.0,-0.7,-0.7,-1.0,0.0,-1.0,-0.7,-0.7,0.0,-1.0,-1.0,-0.7,-0.7,0.0,-1.0,-0.7,-1.0,-0.7,-1.0,0.0,-1.0,-0.7,-1.0,-0.7,-0.7,-1.0,-1.0,-1.0,-1.0,-1.0,-0.7,-0.7,-0.7,1.0,-1.0,-0.7,-0.7,-1.0,-1.0,-1.0,-1.0,-0.7,-1.0,0.0,0.0,-0.7,-1.0,-1.0,-0.7,-1.0,0.0,
Uta,1.0,-0.7,-0.7,0.0,-0.7,-0.7,0.0,-1.0,-1.0,-1.0,-0.7,-1.0,-1.0,-1.0,-0.7,-0.7,0.0,1.0,0.7,-0.7,0.7,-1.0,-1.0,0.0,0.0,-1.0,0.0,-1.0,-0.7,-0.7,1.0,-1.0,-0.7,0.7,-1.0,-1.0,0.0,-1.0,1.0,0.7,-1.0,-1.0,0.0,0.0,-1.0,0.0,0.0,-0.7,-0.7,-1.0,-1.0,-0.7,0.0,-0.7,-1.0,-1.0,-0.7,-0.7,-1.0,-0.7,-0.7,-1.0,-1.0,-1.0,0.0,-0.7,-0.7,-0.7,-1.0,-1.0,-0.7,-0.7,-1.0,-1.0,-0.7,0.7,-1.0,-0.7,0.0,-1.0,-0.7,-0.7,-1.0,-0.7,0.0,0.0,-1.0,0.0,-0.7,-1.0,-1.0,0.0,-0.7,
Usopp,-1.0,1.0,1.0,-1.0,-1.0,-1.0,-1.0,-1.0,1.0,-1.0,-1.0,-1.0,-1.0,1.0,-1.0,-1.0,1.0,1.0,-1.0,-1.0,1.0,1.0,-1.0,-1.0,-1.0,-1.0,-1.0,-1.0,-1.0,-1.0,-1.0,-1.0,-1.0,-1.0,-1.0,-1.0,-1.0,-1.0,-1.0,-1.0,-1.0,-1.0,-1.0,-1.0,-1.0,-1.0,-1.0,-1.0,-1.0,-1.0,-1.0,-1.0,-1.0,-1.0,-1.0,-1.0,-1.0,-1.0,-1.0,-1.0,-1.0,-1.0,-1.0,-1.0,-1.0,-1.0,-1.0,-1.0,-1.0,-1.0,-1.0,-1.0,-1.0,-1.0,-1.0,-1.0,-1.0,-1.0,-1.0,-1.0,-1.0,-1.0,-1.0,-1.0,-1.0,-1.0,-1.0,-1.0,-1.0,-1.0,-1.0,-1.0,-1.0,
Usopp,0.0,1.0,0.7,-1.0,-1.0,0.0,-1.0,-0.7,0.0,0.0,-0.7,-0.7,-0.7,1.0,-1.0,-1.0,1.0,1.0,-1.0,-1.0,1.0,0.7,-1.0,-0.7,0.0,-1.0,-1.0,-0.7,0.0,-1.0,-1.0,-1.0,-0.7,0.0,-0.7,-0.7,-0.7,-1.0,-0.7,-1.0,-1.0,-1.0,-0.7,-0.7,-0.7,-1.0,-1.0,-1.0,-1.0,-0.7,-1.0,-0.7,-0.7,-1.0,-0.7,-1.0,-0.7,0.0,-0.7,-1.0,0.0,-0.7,-0.7,-0.7,-1.0,-0.7,-0.7,0.0,-1.0,-1.0,0.0,-1.0,0.0,-1.0,-1.0,-1.0,-0.7,-1.0,-1.0,-1.0,-1.0,-0.7,-1.0,-1.0,-1.0,-0.7,-1.0,-0.7,-1.0,-1.0,0.0,0.0,-1.0,
Usopp,-0.7,0.7,0.0,0.0,-0.7,0.0,0.0,-0.7,0.7,-0.7,-1.0,-0.7,-0.7,1.0,0.0,0.0,1.0,0.7,-1.0,-0.7,0.7,0.7,-0.7,0.0,-0.7,-0.7,-0.7,0.0,-1.0,-1.0,0.0,-0.7,0.0,-1.0,0.0,-0.7,0.0,-0.7,-1.0,-0.7,-0.7,-0.7,-0.7,-0.7,-1.0,-0.7,-1.0,-1.0,-0.7,-0.7,0.0,-0.7,0.0,-1.0,0.0,0.0,-0.7,-1.0,-0.7,-1.0,-0.7,-1.0,-0.7,-1.0,-1.0,-1.0,-1.0,-0.7,-1.0,-0.7,-0.7,-1.0,-1.0,-0.7,0.0,-0.7,-0.7,-0.7,0.0,0.0,-0.7,-1.0,-0.7,-1.0,-0.7,-0.7,-0.7,-0.7,-1.0,0.0,-1.0,-1.0,-0.7,
Urouge,-1.0,1.0,-1.0,1.0,-1.0,-1.0,-1.0,-1.0,-1.0,1.0,-1.0,-1.0,-1.0,1.0,1.0,-1.0,-1.0,1.0,-1.0,-1.0,1.0,-1.0,-1.0,-1.0,-1.0,-1.0,-1.0,-1.0,-1.0,-1.0,-1.0,-1.0,-1.0,-1.0,-1.0,-1.0,-1.0,1.0,1.0,1.0,-1.0,-1.0,-1.0,-1.0,-1.0,-1.0,-1.0,-1.0,-1.0,-1.0,-1.0,-1.0,-1.0,-1.0,-1.0,-1.0,-1.0,-1.0,-1.0,-1.0,-1.0,-1.0,-1.0,-1.0,-1.0,-1.0,-1.0,1.0,1.0,-1.0,-1.0,-1.0,-1.0,-1.0,-1.0,-1.0,-1.0,-1.0,-1.0,1.0,1.0,-1.0,-1.0,-1.0,-1.0,-1.0,-1.0,-1.0,-1.0,-1.0,-1.0,-1.0,-1.0,
Urouge,0.0,0.7,-0.7,0.7,-1.0,-0.7,-1.0,0.0,-1.0,1.0,-0.7,-0.7,-0.7,1.0,1.0,0.0,-0.7,0.7,-0.7,-0.7,0.7,-0.7,-1.0,-0.7,-1.0,-0.7,-0.7,-1.0,-0.7,-1.0,0.0,-1.0,0.0,-0.7,-1.0,-1.0,-1.0,1.0,1.0,1.0,-1.0,-0.7,-1.0,-0.7,-1.0,0.0,-0.7,-0.7,-1.0,-0.7,-1.0,0.0,0.0,-0.7,-0.7,-0.7,-1.0,-0.7,-1.0,-0.7,-1.0,-1.0,-0.7,-1.0,-0.7,-0.7,0.0,1.0,0.7,0.0,-1.0,-0.7,-1.0,-1.0,-1.0,-0.7,-1.0,-1.0,-0.7,1.0,0.7,-1.0,-1.0,-0.7,-0.7,0.0,-0.7,0.0,-1.0,-0.7,-0.7,-0.7,0.0,
Urouge,-0.7,1.0,0.0,1.0,-1.0,-0.7,-1.0,-1.0,0.0,1.0,-0.7,-1.0,-1.0,1.0,0.7,-1.0,-0.7,0.7,-0.7,-1.0,1.0,-0.7,0.0,-0.7,-0.7,0.0,-1.0,-1.0,-0.7,-1.0,0.0,-0.7,-1.0,-1.0,-0.7,-0.7,0.0,0.7,0.7,1.0,-1.0,-0.7,0.0,-0.7,-0.7,-0.7,-0.7,-1.0,-0.7,-0.7,-1.0,-0.7,-1.0,-0.7,-0.7,-1.0,-0.7,-0.7,0.0,0.0,-0.7,-1.0,-0.7,-0.7,-0.7,-1.0,-0.7,1.0,1.0,0.0,-0.7,-0.7,-0.7,-1.0,-0.7,-1.0,-0.7,-0.7,-1.0,1.0,0.7,-0.7,-0.7,-1.0,-0.7,-1.0,-0.7,-1.0,-1.0,-0.7,-1.0,0.0,-0.7,
Ulti,1.0,-1.0,-1.0,-1.0,-1.0,-1.0,-1.0,-1.0,-1.0,1.0,-1.0,-1.0,-1.0,1.0,-1.0,-1.0,-1.0,1.0,1.0,-1.0,-1.0,1.0,-1.0,-1.0,-1.0,-1.0,-1.0,-1.0,-1.0,-1.0,1.0,1.0,-1.0,-1.0,-1.0,1.0,-1.0,-1.0,1.0,-1.0,-1.0,-1.0,1.0,-1.0,-1.0,-1.0,-1.0,-1.0,-1.0,-1.0,-1.0,-1.0,-1.0,1.0,-1.0,-1.0,-1.0,-1.0,-1.0,-1.0,-1.0,-1.0,-1.0,-1.0,-1.0,-1.0,-1.0,-1.0,-1.0,-1.0,-1.0,-1.0,-1.0,-1.0,-1.0,1.0,-1.0,-1.0,-1.0,-1.0,-1.0,-1.0,-1.0,-1.0,-1.0,-1.0,-1.0,-1.0,-1.0,-1.0,-1.0,-1.0,-1.0,
Ulti,0.0,-1.0,-1.0,-0.7,-1.0,-0.7,-0.7,-0.7,-1.0,0.7,-0.7,-0.7,-1.0,0.7,-0.7,-0.7,-1.0,0.7,1.0,0.0,-0.7,0.7,-0.7,-1.0,-0.7,-1.0,-1.0,-1.0,-0.7,-1.0,0.0,1.0,0.0,0.0,-1.0,0.0,0.0,-1.0,0.0,-1.0,-1.0,-0.7,1.0,-1.0,0.0,0.0,-0.7,-0.7,0.0,-1.0,0.0,-1.0,0.0,0.7,0.0,0.0,0.0,-0.7,0.0,-0.7,-1.0,-0.7,-1.0,0.0,-1.0,0.0,-0.7,-1.0,0.0,-1.0,-0.7,-0.7,-1.0,-0.7,-0.7,0.0,-1.0,-1.0,-0.7,-0.7,-0.7,-1.0,-0.7,0.0,-1.0,-1.0,-0.7,-1.0,-0.7,-1.0,-1.0,-0.7,-1.0,
Ulti,0.0,0.0,-0.7,-0.7,-1.0,-0.7,-0.7,-1.0,-1.0,1.0,-1.0,-0.7,0.0,0.7,-0.7,-0.7,-1.0,0.7,1.0,-1.0,-0.7,1.0,-1.0,-1.0,-1.0,-0.7,-1.0,-1.0,-1.0,-1.0,0.0,1.0,-1.0,-0.7,-1.0,0.7,-1.0,0.0,0.0,-0.7,-0.7,-0.7,0.0,-0.7,-1.0,-1.0,-1.0,-0.7,-1.0,-0.7,-1.0,0.0,-0.7,0.7,-0.7,0.0,-1.0,-1.0,-0.7,-0.7,-0.7,-1.0,-1.0,-1.0,0.0,-1.0,-0.7,-0.7,-1.0,-1.0,-1.0,-0.7,-1.0,-1.0,-1.0,1.0,-1.0,-1.0,-1.0,-0.7,-1.0,-0.7,-0.7,0.0,-1.0,-1.0,0.0,0.0,-1.0,-1.0,0.0,-1.0,0.0,
Turco,-1.0,1.0,-1.0,-1.0,-1.0,-1.0,-1.0,-1.0,-1.0,-1.0,-1.0,-1.0,1.0,1.0,-1.0,-1.0,-1.0,-1.0,1.0,-1.0,1.0,1.0,-1.0,-1.0,-1.0,-1.0,-1.0,-1.0,-1.0,-1.0,-1.0,-1.0,-1.0,-1.0,-1.0,-1.0,-1.0,1.0,-1.0,-1.0,-1.0,-1.0,-1.0,-1.0,-1.0,-1.0,-1.0,-1.0,-1.0,-1.0,-1.0,-1.0,-1.0,-1.0,-1.0,-1.0,-1.0,-1.0,-1.0,-1.0,-1.0,-1.0,-1.0,-1.0,-1.0,-1.0,-1.0,-1.0,-1.0,-1.0,-1.0,-1.0,-1.0,-1.0,1.0,1.0,-1.0,-1.0,-1.0,-1.0,-1.0,-1.0,-1.0,-1.0,-1.0,-1.0,-1.0,-1.0,-1.0,-1.0,-1.0,-1.0,-1.0,
Turco,0.0,1.0,0.0,-0.7,-0.7,-0.7,-1.0,-0.7,-1.0,0.0,-0.7,-1.0,1.0,0.0,-1.0,0.0,-1.0,-0.7,0.0,-1.0,1.0,0.0,-0.7,-0.7,0.0,-0.7,0.0,-0.7,-0.7,-1.0,0.0,-0.7,-1.0,-0.7,-1.0,-0.7,0.0,1.0,0.0,-1.0,-0.7,-0.7,-1.0,-0.7,0.0,-1.0,-1.0,-0.7,-0.7,0.0,-1.0,0.0,-0.7,-1.0,0.0,-1.0,-0.7,-0.7,-0.7,-0.7,-0.7,-1.0,-0.7,0.0,-0.7,0.0,-0.7,-0.7,-0.7,-1.0,0.0,0.0,0.0,-0.7,0.0,0.7,-0.7,0.0,-0.7,-0.7,-1.0,0.0,-1.0,-1.0,-1.0,-0.7,-1.0,-0.7,-1.0,-0.7,-1.0,-1.0,0.0,
Turco,-1.0,1.0,0.0,-1.0,-1.0,-1.0,-1.0,-1.0,0.0,-1.0,-1.0,0.0,0.7,1.0,-0.7,-1.0,-0.7,-0.7,0.0,-1.0,0.7,1.0,-0.7,-1.0,-0.7,-0.7,0.0,0.0,-0.7,-1.0,-0.7,-0.7,-1.0,-0.7,-1.0,-1.0,-1.0,0.0,-1.0,-1.0,0.0,-0.7,-0.7,-1.0,-0.7,-1.0,-0.7,-0.7,-0.7,-0.7,-0.7,-0.7,-0.7,-1.0,0.0,-1.0,-0.7,-1.0,0.0,0.0,-1.0,-0.7,-1.0,-1.0,0.0,-1.0,-1.0,-0.7,0.0,-1.0,-1.0,-1.0,-1.0,-1.0,0.0,1.0,-0.7,0.0,-0.7,-1.0,-0.7,0.0,-1.0,-1.0,-1.0,-0.7,-1.0,-0.7,-0.7,-0.7,-0.7,-1.0,-0.7,
Tsurujo,1.0,1.0,-1.0,-1.0,-1.0,-1.0,-1.0,-1.0,-1.0,-1.0,-1.0,-1.0,-1.0,-1.0,-1.0,-1.0,-1.0,1.0,-1.0,-1.0,1.0,-1.0,-1.0,-1.0,-1.0,-1.0,-1.0,-1.0,-1.0,-1.0,-1.0,-1.0,-1.0,-1.0,-1.0,-1.0,-1.0,1.0,-1.0,-1.0,-1.0,-1.0,-1.0,-1.0,-1.0,-1.0,-1.0,-1.0,-1.0,-1.0,-1.0,-1.0,-1.0,-1.0,-1.0,-1.0,-1.0,-1.0,-1.0,-1.0,-1.0,-1.0,-1.0,-1.0,-1.0,-1.0,-1.0,-1.0,-1.0,-1.0,-1.0,-1.0,-1.0,-1.0,-1.0,1.0,-1.0,-1.0,-1.0,-1.0,-1.0,-1.0,-1.0,-1.0,-1.0,-1.0,-1.0,-1.0,-1.0,-1.0,-1.0,-1.0,-1.0,
Tsurujo,0.7,0.7,-1.0,-0.7,-0.7,-0.7,-1.0,-1.0,-0.7,-0.7,-0.7,-0.7,-1.0,-1.0,-0.7,-0.7,-0.7,0.0,-0.7,-1.0,0.7,-0.7,-1.0,0.0,-0.7,-0.7,0.0,-1.0,-1.0,-1.0,-1.0,-1.0,0.0,0.0,-0.7,-0.7,-1.0,0.7,-1.0,-1.0,-1.0,-0.7,-1.0,-1.0,-0.7,-0.7,-1.0,-1.0,0.0,-1.0,-0.7,-1.0,-0.7,-0.7,0.0,-1.0,-1.0,0.0,-0.7,0.0,-0.7,-0.7,0.0,-0.7,-0.7,-0.7,-0.7,-0.7,-0.7,-0.7,-0.7,-0.7,-1.0,-1.0,-1.0,0.7,0.0,-0.7,0.0,-1.0,-0.7,-1.0,-1.0,0.0,-1.0,-1.0,-1.0,-0.7,-0.7,-1.0,-1.0,-1.0,-1.0,
Tsurujo,0.0,0.0,0.0,0.0,0.0,0.0,0.0,0.0,-0.7,-1.0,-0.7,-0.7,-0.7,-0.7,-0.7,-1.0,-1.0,0.0,-0.7,-1.0,0.0,-1.0,-0.7,-1.0,0.0,-0.7,-0.7,0.0,0.0,-0.7,0.0,-0.7,-0.7,-0.7,-1.0,-1.0,0.0,1.0,-0.7,-1.0,-0.7,-1.0,0.0,0.0,0.0,-0.7,0.0,-0.7,-0.7,-1.0,0.0,-1.0,-0.7,-0.7,-0.7,-1.0,-0.7,-0.7,-1.0,-0.7,0.0,0.0,-0.7,-1.0,-0.7,-0.7,0.0,0.0,0.0,-0.7,-0.7,-1.0,-1.0,0.0,-0.7,0.7,-1.0,-1.0,-0.7,0.0,-1.0,-1.0,-0.7,-1.0,-1.0,-1.0,-0.7,-0.7,0.0,-0.7,-0.7,-1.0,-0.7,
Tsuru,1.0,-1.0,-1.0,-1.0,1.0,-1.0,-1.0,-1.0,-1.0,-1.0,-1.0,-1.0,1.0,-1.0,1.0,-1.0,-1.0,1.0,-1.0,-1.0,1.0,-1.0,-1.0,-1.0,-1.0,-1.0,-1.0,-1.0,-1.0,1.0,-1.0,-1.0,-1.0,-1.0,-1.0,-1.0,-1.0,1.0,1.0,1.0,-1.0,-1.0,-1.0,-1.0,-1.0,-1.0,-1.0,-1.0,-1.0,-1.0,-1.0,-1.0,-1.0,-1.0,-1.0,-1.0,-1.0,-1.0,-1.0,-1.0,-1.0,-1.0,-1.0,-1.0,-1.0,-1.0,-1.0,-1.0,-1.0,-1.0,-1.0,-1.0,-1.0,1.0,-1.0,-1.0,-1.0,-1.0,-1.0,-1.0,1.0,-1.0,-1.0,-1.0,-1.0,-1.0,-1.0,-1.0,-1.0,1.0,-1.0,-1.0,-1.0,
Tsuru,0.7,-1.0,-0.7,-1.0,0.7,-0.7,-0.7,0.0,0.0,0.0,0.0,-1.0,1.0,-1.0,1.0,-1.0,0.0,0.7,-0.7,-1.0,0.7,0.0,-1.0,0.0,-1.0,0.0,-1.0,-0.7,0.0,0.7,-0.7,-0.7,-1.0,-1.0,-1.0,-1.0,0.0,0.0,1.0,0.0,-1.0,-1.0,-0.7,-1.0,-1.0,-0.7,0.0,-0.7,-1.0,-1.0,-0.7,-0.7,0.0,0.0,0.0,-0.7,-0.7,-0.7,-0.7,-1.0,-0.7,-1.0,0.0,-1.0,0.0,-1.0,-0.7,-1.0,-0.7,-1.0,-0.7,-1.0,-0.7,0.0,-0.7,-1.0,-0.7,0.0,-0.7,-1.0,1.0,-0.7,-1.0,-0.7,-0.7,-1.0,-0.7,0.0,-1.0,1.0,-0.7,-1.0,0.0,
Tsuru,0.0,0.0,-0.7,-0.7,0.0,-1.0,-1.0,-1.0,0.0,-0.7,-0.7,-0.7,0.7,-1.0,0.7,-0.7,-0.7,0.7,-0.7,0.0,0.7,-0.7,-0.7,0.0,-0.7,-1.0,-1.0,-1.0,-1.0,0.7,0.0,-0.7,-1.0,-1.0,-0.7,-0.7,0.0,0.0,0.0,0.7,-0.7,-1.0,-1.0,-1.0,-1.0,-1.0,0.0,-0.7,0.0,0.0,0.0,0.0,-0.7,-0.7,-0.7,0.0,0.0,0.0,-0.7,-0.7,0.0,0.0,-0.7,-0.7,0.0,-0.7,0.0,-1.0,-0.7,-0.7,-0.7,-1.0,-1.0,0.0,-1.0,-1.0,-0.7,-0.7,0.0,-0.7,0.7,-0.7,0.0,-1.0,-1.0,0.0,-0.7,-0.7,-1.0,0.7,-1.0,-1.0,-0.7,
Trebol,-1.0,1.0,-1.0,-1.0,1.0,-1.0,-1.0,-1.0,-1.0,1.0,-1.0,-1.0,-1.0,1.0,1.0,-1.0,-1.0,1.0,1.0,-1.0,1.0,1.0,-1.0,-1.0,-1.0,-1.0,-1.0,-1.0,-1.0,-1.0,-1.0,-1.0,-1.0,1.0,-1.0,-1.0,-1.0,1.0,1.0,1.0,-1.0,-1.0,-1.0,-1.0,-1.0,-1.0,-1.0,-1.0,-1.0,-1.0,-1.0,-1.0,-1.0,-1.0,-1.0,-1.0,-1.0,-1.0,-1.0,-1.0,-1.0,-1.0,-1.0,-1.0,-1.0,-1.0,-1.0,-1.0,-1.0,-1.0,-1.0,-1.0,-1.0,-1.0,-1.0,-1.0,1.0,-1.0,-1.0,-1.0,-1.0,1.0,-1.0,-1.0,-1.0,-1.0,-1.0,-1.0,-1.0,-1.0,-1.0,-1.0,-1.0,
Trebol,0.0,1.0,-1.0,-1.0,0.7,-0.7,-1.0,0.0,-1.0,1.0,-1.0,-1.0,-1.0,1.0,0.7,-1.0,-1.0,1.0,1.0,-1.0,1.0,0.0,-0.7,-0.7,0.0,-0.7,-0.7,-0.7,-0.7,0.0,-1.0,-1.0,-1.0,0.0,-0.7,0.0,-0.7,0.7,0.7,0.7,-0.7,-1.0,-0.7,-1.0,-0.7,-0.7,0.0,0.0,-0.7,-1.0,0.0,-1.0,-0.7,-1.0,-1.0,-0.7,-1.0,0.0,-0.7,-0.7,-1.0,-1.0,-0.7,-0.7,-0.7,-0.7,-0.7,-0.7,-0.7,-0.7,0.0,-0.7,-1.0,-0.7,-0.7,-1.0,0.7,-0.7,-0.7,0.0,0.0,1.0,-0.7,-0.7,-1.0,-1.0,-1.0,-1.0,0.0,-1.0,-1.0,-1.0,-0.7,
Trebol,-1.0,1.0,-1.0,-1.0,1.0,-0.7,-1.0,-1.0,-1.0,0.0,-1.0,0.0,0.0,0.7,0.7,-0.7,-0.7,0.7,0.7,-1.0,0.7,0.7,-1.0,0.0,-1.0,0.0,-0.7,-0.7,0.0,0.0,-1.0,-0.7,-1.0,0.7,0.0,-1.0,-1.0,0.7,1.0,1.0,-0.7,-0.7,-0.7,-0.7,0.0,0.0,-0.7,-1.0,-1.0,0.0,-0.7,0.0,-0.7,0.0,-1.0,-0.7,-0.7,0.0,-0.7,-1.0,0.0,-0.7,-1.0,-0.7,-0.7,-0.7,0.0,-0.7,-0.7,-1.0,-0.7,-1.0,-1.0,-1.0,-1.0,-1.0,0.7,-1.0,-1.0,0.0,-0.7,0.7,-1.0,-0.7,-0.7,-0.7,-1.0,-0.7,0.0,0.0,-1.0,-0.7,-1.0,
Trafalgar D. Water Law,-1.0,1.0,1.0,1.0,-1.0,-1.0,-1.0,1.0,-1.0,-1.0,-1.0,1.0,-1.0,1.0,1.0,-1.0,-1.0,1.0,-1.0,-1.0,1.0,-1.0,-1.0,-1.0,-1.0,-1.0,-1.0,-1.0,-1.0,-1.0,-1.0,-1.0,-1.0,-1.0,-1.0,-1.0,-1.0,1.0,1.0,1.0,-1.0,-1.0,-1.0,-1.0,-1.0,-1.0,-1.0,-1.0,-1.0,-1.0,-1.0,-1.0,1.0,-1.0,-1.0,-1.0,-1.0,-1.0,-1.0,-1.0,-1.0,-1.0,-1.0,-1.0,-1.0,-1.0,-1.0,-1.0,-1.0,-1.0,-1.0,-1.0,-1.0,-1.0,-1.0,1.0,1.0,-1.0,-1.0,1.0,1.0,1.0,-1.0,-1.0,-1.0,-1.0,-1.0,1.0,-1.0,-1.0,-1.0,-1.0,-1.0,
Trafalgar D. Water Law,-0.7,0.7,0.7,0.7,-0.7,-0.7,-1.0,0.7,0.0,-1.0,-1.0,0.7,-0.7,0.7,0.7,0.0,0.0,1.0,-1.0,-0.7,1.0,-0.7,-0.7,0.0,0.0,-1.0,-0.7,-0.7,-1.0,-0.7,0.0,-0.7,0.0,-0.7,-0.7,-1.0,-1.0,0.7,0.7,0.7,-0.7,0.0,-1.0,-0.7,-0.7,-1.0,0.0,-0.7,-1.0,0.0,0.0,-0.7,0.7,0.0,-1.0,-0.7,-1.0,-0.7,0.0,-0.7,-0.7,-1.0,0.0,-1.0,-1.0,-0.7,-1.0,-1.0,0.0,-0.7,0.0,-0.7,-1.0,-1.0,0.0,1.0,0.7,-1.0,-0.7,1.0,1.0,0.7,-1.0,-0.7,-0.7,-0.7,-1.0,0.7,0.0,-0.7,-0.7,0.0,0.0,
Trafalgar D. Water Law,-1.0,0.0,1.0,0.0,-1.0,-0.7,0.0,1.0,-1.0,-0.7,-0.7,1.0,-0.7,0.7,1.0,-0.7,-1.0,1.0,-0.7,0.0,0.7,-1.0,-0.7,0.0,-0.7,-0.7,0.0,-0.7,0.0,-0.7,-1.0,-1.0,-0.7,-0.7,-0.7,-1.0,0.0,0.0,0.7,0.7,-1.0,-0.7,-0.7,-0.7,-0.7,-0.7,-1.0,-1.0,0.0,-1.0,-1.0,-0.7,1.0,-0.7,-0.7,-1.0,-1.0,-1.0,-0.7,0.0,-1.0,-0.7,-0.7,-1.0,-0.7,-0.7,-0.7,0.0,-1.0,-1.0,-0.7,-1.0,-1.0,0.0,-0.7,0.7,1.0,-1.0,-1.0,0.0,0.0,0.7,-1.0,-0.7,0.0,0.0,-0.7,0.7,-0.7,-1.0,-0.7,-0.7,-0.7,
Tonjit,-1.0,-1.0,1.0,-1.0,-1.0,-1.0,-1.0,-1.0,-1.0,-1.0,-1.0,-1.0,-1.0,-1.0,-1.0,-1.0,-1.0,1.0,-1.0,-1.0,1.0,-1.0,-1.0,-1.0,-1.0,-1.0,-1.0,-1.0,-1.0,1.0,-1.0,-1.0,-1.0,-1.0,-1.0,-1.0,-1.0,-1.0,-1.0,-1.0,-1.0,-1.0,-1.0,-1.0,-1.0,-1.0,-1.0,-1.0,-1.0,-1.0,-1.0,-1.0,-1.0,-1.0,-1.0,-1.0,-1.0,-1.0,-1.0,-1.0,-1.0,-1.0,-1.0,-1.0,-1.0,-1.0,-1.0,-1.0,-1.0,-1.0,-1.0,-1.0,1.0,-1.0,-1.0,-1.0,-1.0,-1.0,-1.0,-1.0,-1.0,-1.0,-1.0,-1.0,-1.0,-1.0,-1.0,-1.0,-1.0,-1.0,-1.0,-1.0,-1.0,
Tonjit,-0.7,-0.7,0.7,-1.0,0.0,-0.7,-0.7,-1.0,0.0,-0.7,-0.7,0.0,0.0,-0.7,-1.0,0.0,0.0,1.0,-0.7,-0.7,1.0,-1.0,-0.7,0.0,-1.0,0.0,0.0,0.0,-1.0,0.7,-0.7,0.0,-0.7,-1.0,-1.0,-0.7,0.0,-0.7,-0.7,-1.0,0.0,-0.7,0.0,-0.7,-0.7,-0.7,-1.0,-1.0,-1.0,-0.7,-0.7,-1.0,-0.7,-0.7,-0.7,-1.0,-0.7,-1.0,-1.0,-0.7,-1.0,0.0,0.0,-0.7,-1.0,-0.7,-0.7,-1.0,-1.0,-1.0,-1.0,-0.7,0.0,-1.0,-1.0,-1.0,-0.7,-1.0,-1.0,-1.0,-0.7,-0.7,0.0,-0.7,-1.0,-0.7,-1.0,-0.7,-1.0,-1.0,-0.7,-1.0,-1.0,
Tonjit,-1.0,-0.7,1.0,-0.7,-0.7,-1.0,0.0,0.0,0.0,-0.7,-1.0,-0.7,-1.0,-1.0,-1.0,-0.7,-1.0,0.7,-1.0,-0.7,0.7,-1.0,-1.0,-1.0,-1.0,-0.7,0.0,-0.7,0.0,0.0,-0.7,-1.0,0.0,-0.7,0.0,-0.7,-0.7,0.0,-0.7,-0.7,-0.7,0.0,-0.7,-1.0,-0.7,-0.7,-1.0,-1.0,-1.0,0.0,-1.0,-0.7,0.0,-1.0,-1.0,0.0,-0.7,-1.0,0.0,-0.7,0.0,-1.0,-0.7,-0.7,-1.0,-1.0,-1.0,-0.7,-1.0,-1.0,-0.7,-0.7,1.0,-0.7,-0.7,-0.7,-1.0,-1.0,-0.7,0.0,-1.0,-0.7,-1.0,-1.0,-1.0,0.0,-1.0,-1.0,-0.7,-1.0,-1.0,-1.0,0.0,
Tony Tony Chopper,-1.0,-1.0,1.0,-1.0,-1.0,-1.0,1.0,-1.0,-1.0,1.0,-1.0,1.0,-1.0,1.0,-1.0,-1.0,1.0,1.0,-1.0,-1.0,-1.0,1.0,-1.0,-1.0,-1.0,-1.0,-1.0,-1.0,-1.0,-1.0,-1.0,-1.0,-1.0,-1.0,-1.0,-1.0,-1.0,-1.0,1.0,-1.0,-1.0,1.0,-1.0,-1.0,-1.0,-1.0,-1.0,-1.0,-1.0,-1.0,-1.0,-1.0,-1.0,-1.0,-1.0,-1.0,-1.0,-1.0,-1.0,-1.0,-1.0,-1.0,-1.0,-1.0,-1.0,-1.0,-1.0,-1.0,-1.0,-1.0,-1.0,-1.0,-1.0,-1.0,-1.0,-1.0,-1.0,-1.0,1.0,-1.0,-1.0,-1.0,-1.0,-1.0,-1.0,-1.0,-1.0,-1.0,-1.0,-1.0,-1.0,-1.0,-1.0,
Tony Tony Chopper,-1.0,0.0,1.0,-1.0,0.0,-0.7,1.0,-0.7,-1.0,0.7,-0.7,1.0,0.0,0.7,-1.0,-1.0,0.0,1.0,-0.7,0.0,-0.7,0.7,-1.0,-0.7,-1.0,0.0,-1.0,-1.0,-1.0,-1.0,-1.0,0.0,0.0,-0.7,-1.0,-1.0,0.0,-1.0,0.7,-1.0,0.0,1.0,-1.0,-0.7,-1.0,-0.7,-1.0,-0.7,-1.0,-0.7,0.0,0.0,-0.7,-0.7,-0.7,-1.0,-0.7,-1.0,-1.0,-0.7,-0.7,-1.0,-0.7,0.0,-0.7,-0.7,-1.0,0.0,-1.0,0.0,0.0,-0.7,0.0,-0.7,0.0,-0.7,-1.0,-1.0,0.7,0.0,0.0,0.0,-1.0,-0.7,-0.7,-0.7,-1.0,-0.7,-0.7,-0.7,-0.7,-0.7,-1.0,
Tony Tony Chopper,0.0,-1.0,0.7,-1.0,-0.7,0.0,1.0,0.0,-1.0,1.0,0.0,0.7,-1.0,0.0,-0.7,-1.0,0.0,0.7,-1.0,0.0,-0.7,0.7,0.0,0.0,-1.0,0.0,-1.0,-0.7,0.0,-0.7,-1.0,-0.7,-0.7,-1.0,0.0,0.0,-0.7,-0.7,1.0,0.0,-1.0,1.0,0.0,0.0,-0.7,-1.0,-1.0,-0.7,-0.7,-0.7,-0.7,-0.7,-0.7,0.0,-0.7,0.0,0.0,-1.0,0.0,-1.0,0.0,-0.7,-0.7,-1.0,-1.0,-1.0,0.0,-0.7,-0.7,0.0,-1.0,-0.7,-0.7,-1.0,0.0,-0.7,-1.0,-0.7,0.0,-1.0,-0.7,0.0,0.0,-0.7,-1.0,-0.7,-0.7,-1.0,-0.7,-0.7,0.0,-1.0,-1.0,
Tom,-1.0,-1.0,-1.0,-1.0,-1.0,-1.0,-1.0,-1.0,-1.0,-1.0,-1.0,-1.0,-1.0,-1.0,-1.0,-1.0,-1.0,-1.0,-1.0,-1.0,1.0,-1.0,-1.0,-1.0,-1.0,-1.0,-1.0,-1.0,-1.0,-1.0,-1.0,-1.0,-1.0,-1.0,1.0,-1.0,-1.0,1.0,-1.0,-1.0,-1.0,-1.0,-1.0,-1.0,-1.0,-1.0,-1.0,-1.0,-1.0,-1.0,-1.0,-1.0,-1.0,-1.0,-1.0,-1.0,-1.0,-1.0,-1.0,-1.0,-1.0,-1.0,-1.0,-1.0,1.0,-1.0,-1.0,-1.0,-1.0,-1.0,-1.0,-1.0,1.0,-1.0,-1.0,-1.0,-1.0,-1.0,-1.0,-1.0,-1.0,-1.0,-1.0,-1.0,-1.0,-1.0,-1.0,-1.0,-1.0,-1.0,-1.0,-1.0,-1.0,
Tom,-0.7,-0.7,-0.7,-1.0,-1.0,-0.7,0.0,-0.7,-0.7,0.0,-0.7,-0.7,-1.0,0.0,-0.7,-1.0,-1.0,-1.0,-1.0,-1.0,0.0,-1.0,-0.7,-1.0,-0.7,-0.7,-1.0,0.0,-0.7,0.0,-1.0,-0.7,0.0,0.0,0.0,-0.7,-0.7,0.0,-1.0,-0.7,0.0,-1.0,-1.0,-1.0,0.0,-0.7,-0.7,0.0,-0.7,0.0,-1.0,-0.7,-1.0,-1.0,-1.0,-0.7,0.0,-0.7,-1.0,0.0,-1.0,0.0,0.0,-0.7,1.0,-0.7,0.0,-0.7,-1.0,0.0,-0.7,-1.0,0.0,0.0,-1.0,-1.0,-0.7,-1.0,-1.0,0.0,0.0,-1.0,-0.7,-1.0,-1.0,-1.0,-1.0,-0.7,0.0,-0.7,-0.7,-1.0,-0.7,
Tom,-1.0,-1.0,-1.0,-1.0,-0.7,-1.0,0.0,0.0,-1.0,-0.7,-0.7,0.0,-1.0,-0.7,-1.0,-0.7,-1.0,-1.0,-1.0,-1.0,1.0,-0.7,-0.7,-0.7,-1.0,-1.0,0.0,-1.0,0.0,0.0,-1.0,0.0,-0.7,-0.7,0.0,-0.7,-0.7,0.7,-0.7,-0.7,-1.0,-1.0,0.0,-1.0,-0.7,-1.0,-1.0,-1.0,-1.0,-0.7,0.0,-0.7,-0.7,-0.7,0.0,-0.7,-1.0,-0.7,0.0,-0.7,0.0,-1.0,0.0,-1.0,1.0,-0.7,-1.0,-0.7,0.0,0.0,-0.7,-0.7,0.0,-0.7,0.0,0.0,-1.0,-1.0,-0.7,0.0,0.0,-0.7,-1.0,-1.0,0.0,-0.7,-0.7,0.0,0.0,-0.7,-0.7,-0.7,-1.0,
Toko,1.0,-1.0,-1.0,-1.0,-1.0,1.0,-1.0,-1.0,-1.0,-1.0,-1.0,-1.0,-1.0,-1.0,-1.0,-1.0,-1.0,1.0,-1.0,-1.0,1.0,-1.0,-1.0,-1.0,-1.0,-1.0,-1.0,-1.0,-1.0,-1.0,-1.0,-1.0,-1.0,-1.0,-1.0,-1.0,-1.0,-1.0,-1.0,-1.0,-1.0,-1.0,-1.0,-1.0,-1.0,-1.0,-1.0,-1.0,-1.0,-1.0,-1.0,-1.0,-1.0,-1.0,-1.0,-1.0,-1.0,-1.0,-1.0,-1.0,-1.0,-1.0,-1.0,-1.0,-1.0,-1.0,-1.0,-1.0,-1.0,-1.0,-1.0,-1.0,-1.0,-1.0,-1.0,1.0,-1.0,-1.0,-1.0,-1.0,-1.0,-1.0,-1.0,-1.0,-1.0,-1.0,-1.0,-1.0,-1.0,-1.0,-1.0,-1.0,-1.0,
Toko,0.7,-1.0,0.0,0.0,0.0,1.0,-0.7,-1.0,-1.0,-0.7,-0.7,-1.0,-1.0,-0.7,-1.0,-1.0,-0.7,0.7,-0.7,-1.0,1.0,-1.0,-1.0,-1.0,0.0,-1.0,-1.0,-1.0,-0.7,-1.0,-1.0,-1.0,0.0,0.0,-0.7,-1.0,-1.0,-0.7,-1.0,-0.7,-0.7,-0.7,-0.7,-1.0,-0.7,-0.7,-0.7,-1.0,-0.7,0.0,-0.7,-0.7,-0.7,-0.7,0.0,-0.7,-0.7,-0.7,-1.0,-0.7,-1.0,-0.7,-0.7,-0.7,-1.0,-1.0,-1.0,-0.7,-0.7,0.0,-1.0,-1.0,0.0,-1.0,-0.7,0.7,-0.7,-0.7,-1.0,0.0,-1.0,-1.0,-0.7,-1.0,-0.7,-0.7,-1.0,-1.0,-1.0,-1.0,-1.0,0.0,-1.0,
Toko,1.0,-1.0,-0.7,-0.7,0.0,0.7,-1.0,-1.0,-1.0,-0.7,-0.7,-1.0,0.0,0.0,0.0,-1.0,-1.0,1.0,-0.7,-0.7,0.0,-1.0,-0.7,-0.7,-1.0,-1.0,-0.7,-0.7,0.0,0.0,0.0,-0.7,-1.0,0.0,0.0,-1.0,-1.0,-0.7,0.0,-1.0,-0.7,0.0,-0.7,-0.7,0.0,-1.0,-1.0,-1.0,-1.0,-1.0,-1.0,-0.7,-0.7,-0.7,-1.0,-1.0,-1.0,-1.0,-1.0,-1.0,-0.7,-1.0,-1.0,-1.0,0.0,-1.0,-1.0,-1.0,-0.7,-0.7,-1.0,-0.7,-0.7,-1.0,-1.0,0.0,-0.7,-0.7,-1.0,0.0,-1.0,-1.0,-0.7,-0.7,0.0,-1.0,-0.7,-1.0,-0.7,-1.0,-0.7,-1.0,-0.7,
Tilestone,-1.0,-1.0,-1.0,-1.0,-1.0,-1.0,-1.0,-1.0,-1.0,-1.0,-1.0,-1.0,-1.0,-1.0,-1.0,-1.0,-1.0,1.0,-1.0,-1.0,1.0,1.0,-1.0,-1.0,-1.0,-1.0,-1.0,-1.0,-1.0,-1.0,-1.0,-1.0,-1.0,-1.0,-1.0,-1.0,-1.0,1.0,-1.0,-1.0,-1.0,-1.0,-1.0,-1.0,-1.0,-1.0,-1.0,-1.0,-1.0,-1.0,-1.0,-1.0,-1.0,-1.0,-1.0,-1.0,-1.0,-1.0,-1.0,-1.0,-1.0,-1.0,-1.0,-1.0,-1.0,-1.0,-1.0,-1.0,-1.0,-1.0,-1.0,-1.0,1.0,-1.0,-1.0,-1.0,-1.0,-1.0,-1.0,-1.0,-1.0,-1.0,-1.0,-1.0,-1.0,-1.0,-1.0,-1.0,-1.0,-1.0,-1.0,-1.0,-1.0,
Tilestone,-0.7,-1.0,-0.7,-1.0,0.0,-0.7,0.0,-1.0,-1.0,-1.0,-1.0,-1.0,-1.0,0.0,-0.7,-0.7,-0.7,1.0,0.0,-0.7,1.0,0.0,-0.7,-0.7,0.0,0.0,0.0,-0.7,-0.7,-1.0,0.0,-1.0,-0.7,0.0,0.0,0.0,-1.0,1.0,0.0,-0.7,0.0,-0.7,0.0,-0.7,0.0,-1.0,0.0,-1.0,-1.0,-0.7,-0.7,-0.7,-1.0,-0.7,0.0,-0.7,-1.0,-0.7,0.0,0.0,-1.0,-1.0,-1.0,-0.7,-0.7,-0.7,-0.7,-1.0,-1.0,-1.0,-1.0,0.0,1.0,-0.7,-1.0,-0.7,-0.7,-1.0,-0.7,-1.0,-0.7,-0.7,-0.7,-0.7,-1.0,-1.0,-1.0,-1.0,-0.7,-0.7,-0.7,0.0,-0.7,
Tilestone,-0.7,-1.0,-0.7,-1.0,-0.7,0.0,-0.7,-1.0,0.0,-1.0,0.0,0.0,-0.7,-1.0,0.0,-0.7,-1.0,0.7,-0.7,-1.0,1.0,1.0,-1.0,-1.0,-1.0,-1.0,-1.0,0.0,-0.7,-0.7,-0.7,-1.0,0.0,-0.7,-0.7,0.0,-0.7,1.0,0.0,0.0,0.0,-1.0,0.0,-0.7,-0.7,-1.0,-1.0,-1.0,-0.7,-1.0,-1.0,0.0,-0.7,-0.7,-0.7,-0.7,-1.0,-0.7,-0.7,-1.0,-1.0,-1.0,-0.7,-1.0,-0.7,-1.0,-0.7,0.0,0.0,-0.7,-1.0,-0.7,0.7,-0.7,0.0,-1.0,-0.7,-1.0,-1.0,-0.7,-0.7,-0.7,-0.7,-0.7,0.0,-0.7,0.0,-0.7,-0.7,-0.7,-0.7,-0.7,-0.7,
Tashigi,1.0,-1.0,-1.0,-1.0,-1.0,-1.0,-1.0,1.0,-1.0,-1.0,-1.0,-1.0,1.0,-1.0,-1.0,1.0,-1.0,1.0,-1.0,-1.0,1.0,-1.0,-1.0,-1.0,-1.0,-1.0,-1.0,-1.0,-1.0,-1.0,-1.0,-1.0,-1.0,-1.0,-1.0,-1.0,-1.0,-1.0,-1.0,-1.0,-1.0,-1.0,-1.0,-1.0,-1.0,-1.0,-1.0,-1.0,-1.0,-1.0,-1.0,-1.0,-1.0,-1.0,-1.0,-1.0,-1.0,-1.0,-1.0,-1.0,-1.0,-1.0,-1.0,-1.0,-1.0,-1.0,-1.0,-1.0,-1.0,-1.0,-1.0,-1.0,-1.0,-1.0,-1.0,-1.0,-1.0,-1.0,-1.0,-1.0,-1.0,-1.0,-1.0,-1.0,-1.0,-1.0,-1.0,-1.0,-1.0,1.0,-1.0,-1.0,-1.0,-1.0
Tashigi,0.7,0.0,-1.0,-0.7,-0.7,-1.0,0.0,0.7,-1.0,-1.0,-0.7,-1.0,0.7,-1.0,0.0,0.7,-1.0,0.0,0.0,-0.7,1.0,-0.7,-1.0,-0.7,-1.0,-0.7,-1.0,-0.7,-1.0,-0.7,-0.7,-1.0,-0.7,-1.0,-0.7,-0.7,-0.7,-1.0,-1.0,-1.0,0.0,-0.7,0.0,0.0,0.0,-0.7,-1.0,0.0,-1.0,-0.7,0.0,-0.7,-1.0,-1.0,0.0,0.0,-0.7,0.0,-1.0,-1.0,-1.0,-1.0,-1.0,-1.0,-0.7,-1.0,-1.0,0.0,-1.0,-1.0,-1.0,0.0,-0.7,-0.7,-1.0,-0.7,-1.0,-1.0,-0.7,0.0,-1.0,-0.7,-1.0,-1.0,-1.0,0.0,-1.0,-0.7,-1.0,0.7,-0.7,-1.0,0.0,-0.7
Tashigi,1.0,-0.7,-1.0,-0.7,-0.7,-1.0,0.0,1.0,-1.0,-0.7,-1.0,-1.0,1.0,0.0,-1.0,1.0,-1.0,1.0,-0.7,-0.7,0.7,-0.7,-1.0,-0.7,-0.7,-0.7,0.0,0.0,-0.7,0.0,-0.7,-1.0,-0.7,-1.0,-1.0,-0.7,-1.0,-1.0,-0.7,-1.0,-1.0,-0.7,-1.0,0.0,0.0,-0.7,-1.0,-0.7,-1.0,-0.7,-0.7,-0.7,-0.7,-0.7,-0.7,-1.0,-0.7,-0.7,-0.7,-0.7,-1.0,-1.0,-0.7,-0.7,-1.0,-1.0,-0.7,0.0,-1.0,-0.7,0.0,-1.0,-1.0,0.0,-1.0,-0.7,-0.7,-1.0,-1.0,-0.7,-0.7,-1.0,-0.7,-0.7,-1.0,-0.7,-1.0,-0.7,-0.7,0.7,-1.0,-0.7,-0.7,-0.7
Tamago,-1.0,-1.0,-1.0,-1.0,-1.0,-1.0,-1.0,-1.0,-1.0,-1.0,-1.0,-1.0,1.0,1.0,-1.0,-1.0,-1.0,1.0,-1.0,-1.0,1.0,1.0,-1.0,-1.0,-1.0,-1.0,-1.0,-1.0,-1.0,1.0,-1.0,-1.0,-1.0,-1.0,-1.0,-1.0,-1.0,1.0,1.0,-1.0,-1.0,1.0,-1.0,-1.0,-1.0,-1.0,-1.0,-1.0,-1.0,-1.0,-1.0,-1.0,-1.0,-1.0,-1.0,-1.0,-1.0,-1.0,1.0,-1.0,-1.0,-1.0,-1.0,-1.0,-1.0,-1.0,-1.0,-1.0,-1.0,-1.0,-1.0,-1.0,-1.0,-1.0,1.0,-1.0,-1.0,-1.0,-1.0,-1.0,-1.0,-1.0,-1.0,-1.0,-1.0,-1.0,-1.0,-1.0,-1.0,-1.0,-1.0,-1.0,-1.0,
Tamago,0.0,0.0,-0.7,-1.0,-0.7,-1.0,-0.7,-0.7,0.0,0.0,-0.7,-0.7,0.7,1.0,0.0,-0.7,-0.7,1.0,-1.0,-0.7,1.0,1.0,-1.0,0.0,-0.7,-0.7,-1.0,-1.0,-1.0,0.7,0.0,-1.0,-1.0,-1.0,-0.7,0.0,-0.7,0.7,1.0,-0.7,-1.0,1.0,-1.0,-1.0,-1.0,-0.7,-1.0,0.0,0.0,-0.7,-1.0,-0.7,0.0,-1.0,0.0,-0.7,0.0,0.0,1.0,-0.7,-1.0,-1.0,-0.7,0.0,0.0,-1.0,-1.0,-0.7,-1.0,-1.0,0.0,0.0,0.0,-0.7,0.7,-0.7,-1.0,0.0,-1.0,-0.7,-0.7,-1.0,-0.7,-1.0,-0.7,-0.7,-0.7,0.0,-1.0,-0.7,0.0,-0.7,0.0,
Tamago,-0.7,-0.7,0.0,0.0,0.0,-1.0,-0.7,-1.0,-1.0,-0.7,0.0,-0.7,0.0,0.0,-1.0,-1.0,-1.0,0.7,-1.0,-0.7,1.0,1.0,-1.0,-0.7,0.0,0.0,0.0,-1.0,-0.7,0.7,-1.0,-0.7,-1.0,-1.0,-1.0,0.0,-0.7,1.0,0.0,0.0,0.0,0.7,-1.0,-0.7,-0.7,0.0,-0.7,-1.0,-0.7,-0.7,0.0,-1.0,-0.7,-1.0,-1.0,-0.7,-1.0,-0.7,1.0,0.0,0.0,-1.0,-0.7,-1.0,-0.7,-1.0,-1.0,0.0,-1.0,-0.7,-1.0,-0.7,-1.0,-1.0,1.0,-1.0,0.0,0.0,0.0,-1.0,-1.0,-0.7,0.0,-0.7,-1.0,0.0,-1.0,0.0,0.0,0.0,-1.0,-0.7,-0.7,
Tamanegi,-1.0,-1.0,-1.0,-1.0,-1.0,1.0,-1.0,-1.0,-1.0,-1.0,-1.0,-1.0,-1.0,-1.0,-1.0,-1.0,1.0,1.0,-1.0,-1.0,1.0,-1.0,-1.0,-1.0,-1.0,-1.0,-1.0,-1.0,-1.0,-1.0,-1.0,-1.0,-1.0,-1.0,-1.0,-1.0,-1.0,-1.0,-1.0,-1.0,-1.0,-1.0,-1.0,-1.0,-1.0,-1.0,-1.0,-1.0,-1.0,-1.0,-1.0,-1.0,-1.0,-1.0,-1.0,-1.0,-1.0,-1.0,-1.0,-1.0,-1.0,-1.0,-1.0,-1.0,-1.0,-1.0,-1.0,-1.0,-1.0,-1.0,-1.0,-1.0,-1.0,-1.0,-1.0,-1.0,-1.0,-1.0,-1.0,-1.0,-1.0,-1.0,-1.0,-1.0,-1.0,-1.0,-1.0,-1.0,-1.0,-1.0,-1.0,-1.0,-1.0,
Tamanegi,-1.0,-0.7,-0.7,-1.0,-1.0,1.0,0.0,0.0,-0.7,-1.0,-0.7,-1.0,-0.7,-0.7,0.0,-1.0,1.0,0.0,0.0,-0.7,1.0,-0.7,-0.7,0.0,-0.7,-1.0,-0.7,-1.0,-1.0,-1.0,-1.0,0.0,-0.7,-0.7,-0.7,0.0,0.0,0.0,-1.0,-1.0,-0.7,-0.7,-1.0,-1.0,-0.7,-0.7,-0.7,-0.7,-0.7,-1.0,-0.7,0.0,-1.0,-0.7,-1.0,-1.0,-0.7,-0.7,-0.7,-1.0,-0.7,-1.0,-1.0,-1.0,0.0,-1.0,-1.0,-1.0,-0.7,-0.7,-0.7,-0.7,-1.0,0.0,-0.7,-1.0,-0.7,-0.7,-1.0,0.0,-0.7,-0.7,-1.0,-1.0,0.0,-0.7,-0.7,-0.7,0.0,-0.7,-1.0,-0.7,-0.7,
Tamanegi,0.0,-0.7,-1.0,-1.0,-0.7,0.7,-1.0,-0.7,0.0,-1.0,-0.7,-1.0,-1.0,-1.0,-0.7,0.0,0.7,1.0,-1.0,-0.7,1.0,-0.7,-1.0,-1.0,-1.0,-0.7,-1.0,-1.0,-0.7,-0.7,0.0,-1.0,-1.0,-0.7,-1.0,-0.7,-1.0,0.0,-1.0,-0.7,0.0,0.0,-0.7,0.0,-0.7,-1.0,0.0,-0.7,-1.0,-0.7,-0.7,0.0,0.0,-1.0,-1.0,-0.7,-0.7,-1.0,-1.0,-1.0,-0.7,-1.0,-1.0,-0.7,-1.0,-1.0,0.0,-0.7,-1.0,0.0,-1.0,-0.7,-1.0,-0.7,-1.0,-1.0,-0.7,-0.7,-0.7,-0.7,-0.7,-0.7,-0.7,-1.0,0.0,0.0,0.0,-0.7,-0.7,0.0,-1.0,0.0,-1.0,
T Bone,-1.0,-1.0,-1.0,-1.0,-1.0,-1.0,-1.0,-1.0,-1.0,-1.0,-1.0,-1.0,-1.0,-1.0,-1.0,-1.0,-1.0,-1.0,-1.0,-1.0,1.0,-1.0,-1.0,-1.0,-1.0,-1.0,-1.0,-1.0,-1.0,-1.0,-1.0,-1.0,-1.0,-1.0,-1.0,-1.0,-1.0,1.0,-1.0,-1.0,-1.0,-1.0,-1.0,-1.0,-1.0,-1.0,-1.0,-1.0,-1.0,-1.0,-1.0,-1.0,-1.0,-1.0,-1.0,-1.0,-1.0,-1.0,-1.0,-1.0,-1.0,-1.0,-1.0,-1.0,-1.0,-1.0,-1.0,-1.0,-1.0,-1.0,-1.0,-1.0,1.0,-1.0,-1.0,-1.0,-1.0,-1.0,-1.0,-1.0,-1.0,-1.0,-1.0,-1.0,-1.0,-1.0,-1.0,-1.0,-1.0,-1.0,-1.0,-1.0,-1.0,
T Bone,-1.0,-1.0,-0.7,-1.0,-1.0,-0.7,-0.7,0.0,-1.0,-1.0,-1.0,-0.7,-1.0,-1.0,-0.7,0.0,-1.0,-0.7,-1.0,-1.0,1.0,-0.7,-0.7,0.0,0.0,-0.7,-1.0,0.0,-0.7,-0.7,-1.0,-0.7,0.0,-0.7,-0.7,-0.7,-0.7,0.0,-0.7,0.0,0.0,-0.7,-1.0,-1.0,0.0,-1.0,-1.0,-0.7,-1.0,-0.7,-0.7,-1.0,-0.7,-0.7,-0.7,-1.0,0.0,-0.7,-1.0,-0.7,0.0,-0.7,-0.7,-0.7,-1.0,-1.0,-1.0,-1.0,-0.7,-1.0,0.0,0.0,0.7,-0.7,-1.0,-0.7,-0.7,-1.0,-1.0,-0.7,-0.7,-0.7,0.0,-0.7,-1.0,-0.7,-0.7,-0.7,0.0,-1.0,-1.0,-0.7,-1.0,
T Bone,-0.7,-0.7,-1.0,-0.7,-0.7,-1.0,-0.7,-0.7,-0.7,-0.7,-0.7,-1.0,-0.7,-0.7,-0.7,-1.0,-1.0,0.0,-1.0,-0.7,0.7,-0.7,-1.0,-1.0,-1.0,-0.7,0.0,-1.0,-0.7,-1.0,0.0,-0.7,-1.0,-0.7,-0.7,-1.0,-1.0,1.0,-0.7,0.0,-1.0,-0.7,-1.0,-1.0,-0.7,-0.7,-1.0,-0.7,-1.0,-0.7,-0.7,-1.0,-0.7,-1.0,-1.0,-1.0,-1.0,-1.0,-0.7,-1.0,-1.0,0.0,-0.7,-1.0,-0.7,-0.7,-1.0,-1.0,0.0,-0.7,-0.7,-0.7,0.7,-0.7,-0.7,-0.7,-1.0,-0.7,-0.7,-1.0,-0.7,0.0,0.0,-0.7,-1.0,-1.0,-1.0,-0.7,-0.7,0.0,0.0,-1.0,-1.0,
Surume,-1.0,-1.0,-1.0,-1.0,-1.0,-1.0,1.0,-1.0,-1.0,-1.0,-1.0,-1.0,1.0,-1.0,-1.0,-1.0,-1.0,1.0,-1.0,-1.0,-1.0,-1.0,-1.0,-1.0,-1.0,-1.0,-1.0,-1.0,-1.0,-1.0,-1.0,-1.0,-1.0,-1.0,-1.0,-1.0,-1.0,-1.0,-1.0,-1.0,-1.0,-1.0,-1.0,-1.0,-1.0,-1.0,-1.0,-1.0,-1.0,-1.0,-1.0,-1.0,-1.0,-1.0,-1.0,-1.0,-1.0,-1.0,-1.0,-1.0,-1.0,-1.0,-1.0,-1.0,1.0,-1.0,-1.0,-1.0,-1.0,-1.0,-1.0,-1.0,-1.0,-1.0,1.0,-1.0,-1.0,-1.0,-1.0,-1.0,-1.0,-1.0,-1.0,-1.0,-1.0,-1.0,-1.0,-1.0,-1.0,-1.0,-1.0,-1.0,-1.0,
Surume,0.0,0.0,-0.7,-0.7,-0.7,-0.7,1.0,-0.7,-0.7,-1.0,0.0,-1.0,0.7,-0.7,-0.7,-1.0,-0.7,1.0,-1.0,-1.0,-1.0,0.0,-0.7,-1.0,0.0,-1.0,-1.0,-1.0,-0.7,-0.7,-1.0,-1.0,-0.7,-0.7,0.0,-0.7,-0.7,-0.7,-0.7,-1.0,-1.0,-0.7,-0.7,-1.0,-0.7,-1.0,-1.0,-1.0,-1.0,-0.7,-1.0,-0.7,-1.0,-0.7,-1.0,-1.0,-0.7,-0.7,-0.7,-1.0,-0.7,-1.0,-0.7,-1.0,0.7,-0.7,-0.7,0.0,0.0,-0.7,0.0,-1.0,-1.0,-0.7,0.0,-0.7,-1.0,-0.7,-1.0,-0.7,-1.0,-1.0,-1.0,-0.7,-0.7,-1.0,-0.7,-0.7,0.0,0.0,-1.0,-1.0,-1.0,
Surume,-0.7,-0.7,-1.0,0.0,-0.7,-0.7,0.7,-0.7,-0.7,0.0,-1.0,-0.7,1.0,-0.7,-0.7,-1.0,-1.0,1.0,-1.0,-0.7,0.0,-1.0,-1.0,-0.7,-1.0,-1.0,-0.7,0.0,0.0,-1.0,-1.0,-0.7,-1.0,-0.7,-0.7,-1.0,-1.0,0.0,-0.7,-0.7,-0.7,-0.7,-1.0,-0.7,-0.7,-1.0,-1.0,-0.7,-0.7,-0.7,-0.7,-0.7,-0.7,-0.7,-1.0,-1.0,-0.7,-0.7,0.0,-0.7,-0.7,-1.0,-0.7,-1.0,0.7,-1.0,-1.0,-0.7,-1.0,-0.7,-0.7,-0.7,-1.0,-1.0,0.7,-1.0,0.0,-1.0,-0.7,-1.0,-0.7,0.0,-0.7,-0.7,-1.0,0.0,-0.7,-1.0,-1.0,-1.0,-1.0,0.0,-1.0,
Suleiman,-1.0,-1.0,-1.0,-1.0,-1.0,-1.0,-1.0,1.0,-1.0,-1.0,-1.0,-1.0,1.0,1.0,-1.0,-1.0,-1.0,1.0,-1.0,-1.0,1.0,-1.0,-1.0,-1.0,-1.0,-1.0,-1.0,-1.0,-1.0,-1.0,-1.0,-1.0,-1.0,-1.0,-1.0,-1.0,-1.0,1.0,-1.0,-1.0,-1.0,-1.0,-1.0,-1.0,-1.0,-1.0,-1.0,-1.0,-1.0,-1.0,-1.0,-1.0,-1.0,-1.0,-1.0,-1.0,-1.0,-1.0,-1.0,-1.0,-1.0,-1.0,-1.0,-1.0,-1.0,-1.0,-1.0,-1.0,-1.0,-1.0,-1.0,-1.0,-1.0,-1.0,-1.0,-1.0,1.0,-1.0,-1.0,-1.0,-1.0,-1.0,-1.0,-1.0,-1.0,-1.0,-1.0,-1.0,-1.0,-1.0,-1.0,-1.0,-1.0,
Suleiman,-1.0,-0.7,-0.7,-1.0,-1.0,-1.0,-0.7,1.0,0.0,-0.7,-0.7,0.0,0.7,0.7,-1.0,-0.7,-1.0,0.7,-0.7,-0.7,0.0,-0.7,-1.0,-0.7,0.0,-0.7,-1.0,0.0,-1.0,0.0,-1.0,0.0,-1.0,-0.7,-0.7,-0.7,-0.7,0.7,-1.0,-1.0,-0.7,-0.7,-1.0,-1.0,-0.7,-0.7,0.0,-1.0,0.0,0.0,-1.0,-0.7,-0.7,-0.7,-0.7,-0.7,-1.0,-1.0,-1.0,-0.7,-1.0,0.0,-0.7,-0.7,0.0,-1.0,-1.0,0.0,-0.7,-1.0,-1.0,0.0,-0.7,-1.0,0.0,-0.7,0.0,-1.0,-0.7,-1.0,-0.7,-1.0,-1.0,-1.0,-1.0,0.0,-1.0,-0.7,-0.7,-0.7,-0.7,-0.7,0.0,
Suleiman,-0.7,0.0,-0.7,-0.7,-0.7,-1.0,-1.0,1.0,-1.0,-0.7,-1.0,-0.7,0.0,0.7,-1.0,-1.0,0.0,0.0,0.0,-1.0,1.0,0.0,-1.0,-1.0,-1.0,0.0,-0.7,0.0,-1.0,-0.7,-1.0,-1.0,-0.7,-0.7,-0.7,0.0,-1.0,1.0,-0.7,0.0,-0.7,-0.7,-0.7,-1.0,-1.0,-0.7,0.0,-0.7,-0.7,-0.7,-0.7,0.0,-0.7,-1.0,-0.7,-0.7,-0.7,0.0,-1.0,-0.7,-0.7,-1.0,0.0,-0.7,-0.7,0.0,-1.0,-0.7,-0.7,0.0,-0.7,-0.7,-1.0,0.0,-0.7,-0.7,1.0,-0.7,-1.0,0.0,0.0,-1.0,-0.7,-0.7,0.0,-0.7,0.0,-1.0,-1.0,-0.7,-0.7,-1.0,-1.0,
Sugar,1.0,-1.0,-1.0,-1.0,1.0,1.0,-1.0,-1.0,-1.0,-1.0,-1.0,-1.0,1.0,-1.0,-1.0,-1.0,-1.0,1.0,-1.0,-1.0,1.0,1.0,-1.0,-1.0,-1.0,-1.0,-1.0,-1.0,-1.0,1.0,-1.0,-1.0,-1.0,-1.0,-1.0,-1.0,-1.0,-1.0,1.0,1.0,-1.0,-1.0,-1.0,-1.0,-1.0,-1.0,-1.0,-1.0,-1.0,-1.0,-1.0,-1.0,-1.0,-1.0,-1.0,-1.0,-1.0,-1.0,-1.0,-1.0,-1.0,-1.0,-1.0,-1.0,-1.0,-1.0,-1.0,-1.0,-1.0,-1.0,-1.0,-1.0,-1.0,-1.0,-1.0,-1.0,-1.0,-1.0,-1.0,-1.0,-1.0,1.0,-1.0,-1.0,-1.0,-1.0,-1.0,-1.0,-1.0,-1.0,-1.0,-1.0,-1.0,
Sugar,0.0,-0.7,-1.0,0.0,1.0,1.0,-1.0,0.0,-0.7,-1.0,-1.0,-0.7,0.7,0.0,-0.7,-1.0,-0.7,1.0,0.0,-1.0,1.0,0.7,-1.0,-1.0,-0.7,-0.7,-0.7,0.0,-0.7,0.0,-1.0,-1.0,-0.7,-1.0,-1.0,0.0,-0.7,-1.0,0.7,1.0,-0.7,-1.0,-1.0,-1.0,0.0,-1.0,-0.7,-1.0,-1.0,-0.7,-0.7,-0.7,0.0,-1.0,-1.0,0.0,0.0,-0.7,-0.7,-1.0,-0.7,-1.0,0.0,-1.0,-1.0,-0.7,-1.0,-0.7,0.0,-0.7,0.0,-1.0,-1.0,0.0,-1.0,-0.7,-0.7,-0.7,-0.7,-0.7,0.0,1.0,-0.7,-1.0,-0.7,-1.0,-0.7,-1.0,-1.0,-0.7,-1.0,-0.7,-0.7,
Sugar,1.0,-1.0,0.0,0.0,1.0,1.0,-1.0,-0.7,-0.7,-1.0,-1.0,0.0,0.7,-0.7,-1.0,-0.7,-0.7,0.7,-0.7,-0.7,0.7,1.0,0.0,0.0,-0.7,-1.0,-1.0,0.0,0.0,1.0,-0.7,-0.7,-1.0,-0.7,-0.7,-1.0,-1.0,-1.0,0.0,0.7,-0.7,-0.7,0.0,-1.0,-1.0,-1.0,0.0,-0.7,-0.7,-1.0,-0.7,-1.0,-0.7,-1.0,-0.7,-0.7,0.0,-1.0,-0.7,0.0,-1.0,-0.7,-0.7,-1.0,-1.0,-1.0,-0.7,-1.0,-1.0,-0.7,-1.0,-1.0,-1.0,0.0,-1.0,-1.0,-1.0,-1.0,-0.7,0.0,-0.7,0.7,-1.0,-1.0,-1.0,-0.7,-0.7,-1.0,-1.0,-1.0,-0.7,-0.7,-0.7,
Stussy,1.0,-1.0,-1.0,-1.0,-1.0,-1.0,-1.0,-1.0,-1.0,-1.0,-1.0,-1.0,1.0,-1.0,-1.0,-1.0,-1.0,1.0,-1.0,-1.0,1.0,1.0,-1.0,-1.0,-1.0,-1.0,-1.0,-1.0,-1.0,-1.0,-1.0,-1.0,-1.0,-1.0,1.0,-1.0,1.0,-1.0,-1.0,-1.0,-1.0,-1.0,-1.0,-1.0,-1.0,-1.0,-1.0,-1.0,-1.0,-1.0,-1.0,-1.0,-1.0,-1.0,-1.0,-1.0,-1.0,-1.0,-1.0,-1.0,-1.0,-1.0,-1.0,-1.0,-1.0,-1.0,-1.0,-1.0,-1.0,-1.0,-1.0,-1.0,-1.0,-1.0,-1.0,-1.0,-1.0,1.0,-1.0,-1.0,-1.0,-1.0,-1.0,-1.0,-1.0,-1.0,-1.0,-1.0,-1.0,-1.0,-1.0,-1.0,-1.0,
Stussy,0.7,-1.0,0.0,-1.0,-1.0,0.0,-1.0,-0.7,0.0,-0.7,-1.0,-0.7,0.0,-0.7,-0.7,0.0,0.0,0.7,-1.0,-0.7,1.0,0.7,-1.0,-0.7,-1.0,0.0,-1.0,-1.0,-0.7,-0.7,-0.7,0.0,-0.7,-0.7,1.0,-0.7,1.0,-0.7,0.0,-0.7,0.0,-0.7,-0.7,-0.7,-0.7,-1.0,-1.0,-1.0,0.0,-1.0,-0.7,-0.7,-0.7,-0.7,-1.0,0.0,0.0,-0.7,0.0,-1.0,-1.0,-0.7,0.0,-1.0,-0.7,-1.0,0.0,-0.7,-1.0,0.0,-1.0,-0.7,-1.0,-1.0,-1.0,-1.0,0.0,0.7,-1.0,-0.7,-0.7,0.0,-0.7,-0.7,-1.0,-1.0,-0.7,-0.7,-0.7,-0.7,-0.7,0.0,0.0,
Stussy,0.7,-0.7,-0.7,-1.0,0.0,-1.0,-0.7,-1.0,-0.7,-1.0,0.0,-1.0,0.0,0.0,-0.7,-0.7,-1.0,0.0,-0.7,-1.0,0.7,1.0,-0.7,-1.0,-0.7,-0.7,-1.0,0.0,-0.7,-0.7,0.0,0.0,-0.7,-1.0,0.7,0.0,0.7,-0.7,0.0,-1.0,-1.0,0.0,-1.0,-1.0,0.0,-0.7,-0.7,-0.7,-1.0,-0.7,-0.7,-1.0,-0.7,-1.0,-1.0,-1.0,-0.7,0.0,-0.7,-1.0,-1.0,-0.7,-1.0,-1.0,-0.7,-0.7,0.0,0.0,-1.0,-0.7,-0.7,-1.0,-0.7,-1.0,-1.0,-1.0,0.0,0.0,-0.7,-1.0,-1.0,-0.7,-0.7,-0.7,-1.0,-0.7,0.0,-1.0,-0.7,-1.0,-1.0,0.0,-0.7,
Streusen,-1.0,-1.0,-1.0,-1.0,-1.0,-1.0,-1.0,-1.0,-1.0,-1.0,-1.0,-1.0,1.0,1.0,-1.0,-1.0,-1.0,1.0,-1.0,-1.0,1.0,-1.0,-1.0,-1.0,-1.0,-1.0,-1.0,-1.0,-1.0,1.0,-1.0,-1.0,-1.0,-1.0,-1.0,-1.0,-1.0,-1.0,1.0,1.0,-1.0,-1.0,-1.0,-1.0,-1.0,-1.0,-1.0,-1.0,-1.0,-1.0,-1.0,-1.0,-1.0,-1.0,-1.0,-1.0,-1.0,-1.0,-1.0,-1.0,-1.0,-1.0,-1.0,-1.0,-1.0,-1.0,-1.0,-1.0,-1.0,-1.0,-1.0,-1.0,-1.0,-1.0,-1.0,-1.0,-1.0,1.0,-1.0,-1.0,-1.0,-1.0,-1.0,-1.0,-1.0,-1.0,-1.0,-1.0,-1.0,-1.0,-1.0,-1.0,-1.0,
Streusen,-0.7,-1.0,0.0,-1.0,-1.0,0.0,0.0,-0.7,-0.7,-1.0,0.0,-0.7,1.0,1.0,-1.0,-1.0,-1.0,1.0,-1.0,-1.0,1.0,-1.0,-1.0,-1.0,-0.7,-0.7,-1.0,-1.0,0.0,0.7,-0.7,-0.7,-1.0,-0.7,-0.7,-1.0,-0.7,-0.7,1.0,1.0,-1.0,-1.0,-1.0,-1.0,-1.0,0.0,-0.7,-0.7,-1.0,-1.0,-0.7,-1.0,-1.0,0.0,-1.0,-1.0,0.0,-1.0,-0.7,0.0,-1.0,0.0,-0.7,0.0,-1.0,0.0,-0.7,-0.7,0.0,-0.7,-1.0,-1.0,-1.0,-0.7,0.0,-0.7,-0.7,0.7,-1.0,-0.7,-1.0,-1.0,-0.7,-1.0,-1.0,-0.7,-0.7,-0.7,0.0,-0.7,-0.7,-1.0,-0.7,
Streusen,-1.0,-0.7,-1.0,-1.0,-0.7,-0.7,-1.0,-0.7,-0.7,-0.7,-1.0,-0.7,1.0,1.0,-0.7,-1.0,-0.7,0.0,-0.7,-0.7,0.7,0.0,-1.0,-0.7,-0.7,0.0,-1.0,-1.0,0.0,1.0,-1.0,-0.7,-0.7,0.0,-0.7,-0.7,-1.0,-0.7,1.0,1.0,0.0,-1.0,-0.7,0.0,-1.0,-1.0,-0.7,-1.0,-0.7,-1.0,0.0,0.0,0.0,-1.0,-1.0,-1.0,-0.7,-1.0,0.0,-0.7,-0.7,-0.7,-0.7,-1.0,-1.0,-0.7,-0.7,-1.0,0.0,0.0,-1.0,-0.7,-1.0,-1.0,0.0,0.0,-0.7,0.0,-0.7,-0.7,-0.7,-1.0,-1.0,-0.7,-0.7,-0.7,-0.7,-1.0,-1.0,-0.7,-1.0,0.0,-0.7,
Sterry,-1.0,-1.0,-1.0,-1.0,-1.0,-1.0,-1.0,-1.0,-1.0,-1.0,-1.0,-1.0,-1.0,-1.0,-1.0,1.0,-1.0,1.0,-1.0,-1.0,1.0,-1.0,-1.0,-1.0,-1.0,-1.0,-1.0,-1.0,-1.0,-1.0,-1.0,-1.0,-1.0,-1.0,-1.0,-1.0,-1.0,1.0,-1.0,-1.0,-1.0,-1.0,-1.0,-1.0,-1.0,-1.0,-1.0,-1.0,-1.0,-1.0,-1.0,-1.0,-1.0,-1.0,-1.0,-1.0,-1.0,-1.0,-1.0,-1.0,-1.0,-1.0,-1.0,-1.0,-1.0,-1.0,-1.0,-1.0,-1.0,-1.0,-1.0,-1.0,-1.0,-1.0,-1.0,-1.0,-1.0,-1.0,-1.0,-1.0,1.0,-1.0,-1.0,-1.0,-1.0,-1.0,-1.0,-1.0,-1.0,-1.0,-1.0,-1.0,-1.0,
Sterry,-1.0,-0.7,-0.7,-0.7,0.0,-0.7,0.0,0.0,-1.0,-1.0,-0.7,-0.7,0.0,-0.7,-0.7,0.7,-0.7,1.0,-1.0,-0.7,0.7,-0.7,-1.0,-1.0,-0.7,0.0,0.0,-0.7,0.0,-1.0,0.0,-0.7,-0.7,-1.0,0.0,-0.7,-1.0,1.0,-1.0,-0.7,-1.0,-0.7,0.0,0.0,-1.0,-1.0,-1.0,-1.0,0.0,-0.7,-0.7,-1.0,-0.7,0.0,-0.7,0.0,-1.0,-1.0,0.0,-0.7,-1.0,-1.0,-0.7,-0.7,0.0,-1.0,-0.7,-0.7,-0.7,-0.7,-0.7,-1.0,-0.7,-1.0,-1.0,-1.0,-1.0,-0.7,-1.0,-0.7,0.0,-1.0,-1.0,-0.7,-1.0,-0.7,-1.0,-1.0,0.0,-1.0,-1.0,-1.0,-1.0,
Sterry,-1.0,-1.0,-0.7,-0.7,-0.7,-0.7,0.0,0.0,-0.7,0.0,-0.7,-0.7,-0.7,0.0,-0.7,0.7,-0.7,0.0,0.0,-1.0,0.7,-1.0,-1.0,0.0,-0.7,-1.0,-0.7,-0.7,-1.0,-1.0,-0.7,-1.0,-1.0,-1.0,0.0,-1.0,0.0,0.7,-1.0,-0.7,-0.7,0.0,0.0,-1.0,-0.7,-1.0,-1.0,-1.0,-0.7,-1.0,-0.7,0.0,-0.7,0.0,-1.0,-0.7,0.0,-1.0,-0.7,-1.0,-0.7,-0.7,0.0,-0.7,0.0,-1.0,-0.7,-0.7,-0.7,-0.7,0.0,-1.0,-1.0,0.0,-0.7,-0.7,-1.0,-1.0,-1.0,-1.0,0.7,-0.7,0.0,-1.0,-1.0,-0.7,-1.0,0.0,-0.7,0.0,-1.0,-1.0,-1.0,
Squard,-1.0,-1.0,-1.0,-1.0,-1.0,-1.0,-1.0,-1.0,-1.0,-1.0,-1.0,-1.0,1.0,1.0,1.0,-1.0,-1.0,1.0,-1.0,-1.0,1.0,1.0,-1.0,-1.0,-1.0,-1.0,-1.0,-1.0,-1.0,-1.0,-1.0,-1.0,-1.0,-1.0,-1.0,-1.0,-1.0,1.0,-1.0,-1.0,-1.0,-1.0,-1.0,-1.0,-1.0,-1.0,-1.0,-1.0,-1.0,-1.0,-1.0,-1.0,-1.0,-1.0,-1.0,-1.0,-1.0,-1.0,-1.0,-1.0,-1.0,-1.0,-1.0,-1.0,-1.0,-1.0,-1.0,-1.0,-1.0,-1.0,-1.0,-1.0,-1.0,-1.0,-1.0,-1.0,-1.0,-1.0,-1.0,-1.0,1.0,-1.0,-1.0,-1.0,-1.0,-1.0,-1.0,-1.0,-1.0,-1.0,-1.0,-1.0,-1.0,
Squard,-1.0,-0.7,0.0,-1.0,-1.0,-1.0,-0.7,-0.7,-0.7,-0.7,-0.7,-0.7,0.0,1.0,1.0,-1.0,-1.0,1.0,-1.0,-1.0,0.7,0.7,-1.0,-0.7,-0.7,-1.0,0.0,-1.0,-0.7,0.0,-0.7,-0.7,0.0,-1.0,-1.0,-0.7,0.0,0.7,0.0,-1.0,0.0,0.0,-0.7,0.0,-1.0,0.0,0.0,-1.0,-0.7,-0.7,-1.0,-1.0,-1.0,-0.7,-0.7,0.0,-1.0,-0.7,-1.0,-0.7,0.0,-1.0,-1.0,-0.7,-1.0,-0.7,-1.0,-1.0,-0.7,0.0,-0.7,-1.0,-1.0,0.0,0.0,-1.0,0.0,0.0,-1.0,-0.7,0.7,-1.0,-1.0,-1.0,0.0,0.0,-1.0,-0.7,-0.7,-0.7,-0.7,-0.7,-1.0,
Squard,-1.0,-0.7,-0.7,-0.7,-0.7,-0.7,-0.7,0.0,-1.0,0.0,-1.0,-0.7,0.7,1.0,0.0,-1.0,-0.7,0.0,-1.0,0.0,0.7,0.0,-0.7,-0.7,-1.0,-0.7,-1.0,-0.7,-1.0,-1.0,-1.0,0.0,-0.7,-0.7,0.0,-0.7,-1.0,0.7,0.0,-1.0,-0.7,-0.7,-1.0,0.0,-1.0,-1.0,0.0,-0.7,-1.0,-1.0,0.0,-1.0,-0.7,-1.0,0.0,-0.7,-0.7,-0.7,0.0,0.0,-0.7,0.0,-1.0,-1.0,0.0,-0.7,0.0,-1.0,-0.7,-0.7,-0.7,-1.0,0.0,-1.0,-0.7,-0.7,-0.7,-0.7,0.0,-1.0,0.7,-1.0,0.0,-0.7,-0.7,-0.7,-0.7,-1.0,0.0,-0.7,-0.7,-0.7,0.0,
Speed,1.0,1.0,-1.0,-1.0,-1.0,-1.0,1.0,1.0,-1.0,-1.0,-1.0,-1.0,1.0,-1.0,-1.0,-1.0,-1.0,1.0,-1.0,-1.0,-1.0,1.0,-1.0,-1.0,-1.0,-1.0,-1.0,-1.0,1.0,-1.0,-1.0,-1.0,-1.0,-1.0,-1.0,-1.0,-1.0,1.0,1.0,-1.0,-1.0,-1.0,-1.0,-1.0,1.0,-1.0,-1.0,-1.0,-1.0,-1.0,-1.0,-1.0,-1.0,1.0,-1.0,-1.0,-1.0,-1.0,-1.0,-1.0,-1.0,-1.0,-1.0,-1.0,-1.0,-1.0,-1.0,-1.0,-1.0,-1.0,-1.0,-1.0,-1.0,-1.0,-1.0,1.0,-1.0,-1.0,-1.0,-1.0,-1.0,-1.0,-1.0,-1.0,-1.0,-1.0,-1.0,-1.0,-1.0,-1.0,-1.0,-1.0,-1.0,
Speed,1.0,1.0,-1.0,-0.7,-1.0,-0.7,1.0,0.7,-0.7,-1.0,-1.0,0.0,0.7,0.0,-1.0,0.0,-0.7,1.0,-0.7,-0.7,-1.0,0.0,-0.7,-1.0,0.0,-0.7,-0.7,-0.7,0.7,-0.7,-1.0,-0.7,-0.7,-0.7,-0.7,-0.7,-0.7,0.7,1.0,-1.0,-0.7,-1.0,-1.0,-1.0,1.0,-1.0,-1.0,-1.0,-1.0,-1.0,-1.0,-0.7,-1.0,0.7,-1.0,-1.0,-0.7,-0.7,-1.0,-1.0,-1.0,-0.7,-1.0,-1.0,0.0,-1.0,-1.0,-1.0,-1.0,-1.0,0.0,0.0,-0.7,-0.7,-0.7,0.7,-0.7,-0.7,-1.0,-1.0,0.0,-1.0,0.0,-0.7,-0.7,-1.0,-1.0,-0.7,-0.7,-0.7,-0.7,-1.0,-0.7,
Speed,0.0,0.0,-0.7,-1.0,-1.0,-0.7,0.7,0.7,-0.7,0.0,-1.0,0.0,1.0,-1.0,0.0,0.0,-0.7,0.0,0.0,-0.7,-0.7,1.0,-1.0,-0.7,-0.7,-1.0,-0.7,0.0,0.7,0.0,0.0,-0.7,-1.0,-1.0,-0.7,-0.7,-1.0,0.0,0.7,-1.0,-0.7,-1.0,-1.0,-1.0,1.0,0.0,-0.7,-0.7,-0.7,-0.7,-0.7,0.0,-0.7,0.0,-0.7,-1.0,-0.7,0.0,0.0,-1.0,-1.0,-0.7,-1.0,-1.0,-1.0,-1.0,-1.0,0.0,-1.0,-0.7,-0.7,0.0,-1.0,-1.0,0.0,0.0,-0.7,-1.0,-1.0,-1.0,-1.0,-1.0,-1.0,-1.0,-0.7,-0.7,-1.0,0.0,-0.7,-1.0,-1.0,-1.0,-0.7,
Spandine,-1.0,-1.0,-1.0,-1.0,-1.0,-1.0,-1.0,-1.0,-1.0,-1.0,-1.0,-1.0,1.0,-1.0,-1.0,-1.0,-1.0,1.0,-1.0,-1.0,1.0,-1.0,-1.0,-1.0,-1.0,-1.0,-1.0,-1.0,-1.0,-1.0,-1.0,-1.0,-1.0,-1.0,-1.0,-1.0,-1.0,1.0,-1.0,-1.0,-1.0,-1.0,-1.0,-1.0,-1.0,-1.0,-1.0,-1.0,-1.0,-1.0,-1.0,-1.0,-1.0,-1.0,-1.0,-1.0,-1.0,-1.0,-1.0,-1.0,-1.0,-1.0,-1.0,-1.0,-1.0,-1.0,-1.0,-1.0,-1.0,-1.0,-1.0,-1.0,1.0,-1.0,-1.0,-1.0,-1.0,-1.0,-1.0,-1.0,-1.0,-1.0,-1.0,-1.0,-1.0,-1.0,-1.0,-1.0,-1.0,-1.0,-1.0,-1.0,-1.0,
Spandine,-1.0,-1.0,-0.7,-0.7,-1.0,-0.7,-1.0,-0.7,-1.0,-0.7,-0.7,-1.0,1.0,-1.0,-1.0,-1.0,-1.0,1.0,-1.0,0.0,0.0,-1.0,-0.7,0.0,-0.7,0.0,0.0,0.0,-1.0,-1.0,-1.0,-0.7,-0.7,-1.0,-1.0,-0.7,-1.0,0.7,-0.7,-0.7,-1.0,0.0,-1.0,0.0,0.0,-0.7,-0.7,-1.0,0.0,-1.0,-0.7,-1.0,0.0,0.0,-0.7,-0.7,-1.0,-0.7,-0.7,-0.7,-0.7,0.0,-1.0,0.0,-0.7,-1.0,-0.7,0.0,-0.7,-0.7,0.0,0.0,0.0,-1.0,-0.7,0.0,-0.7,-0.7,-0.7,-1.0,-1.0,-1.0,-0.7,-1.0,0.0,-1.0,-1.0,0.0,-0.7,-1.0,0.0,-0.7,-0.7,
Spandine,0.0,-1.0,-1.0,0.0,-1.0,0.0,-1.0,-1.0,-0.7,-0.7,-1.0,-1.0,0.0,0.0,-1.0,-0.7,-0.7,0.0,-0.7,0.0,0.0,-0.7,-1.0,-0.7,0.0,-0.7,0.0,0.0,-1.0,-0.7,-0.7,-1.0,-0.7,-1.0,0.0,0.0,-1.0,0.7,-0.7,-0.7,-0.7,-1.0,-1.0,-1.0,0.0,-0.7,0.0,-0.7,-0.7,-0.7,-0.7,-1.0,-1.0,-1.0,0.0,-0.7,-1.0,-1.0,-0.7,-0.7,-0.7,0.0,-0.7,-1.0,-1.0,-1.0,-1.0,-0.7,-1.0,-0.7,-0.7,-1.0,1.0,-0.7,0.0,-1.0,-0.7,-0.7,-0.7,-0.7,0.0,-1.0,-1.0,-0.7,0.0,-1.0,-0.7,-1.0,0.0,-0.7,-1.0,-0.7,-0.7,
Spandam,-1.0,-1.0,-1.0,-1.0,-1.0,-1.0,-1.0,-1.0,-1.0,-1.0,-1.0,-1.0,1.0,-1.0,-1.0,-1.0,-1.0,1.0,-1.0,-1.0,1.0,1.0,-1.0,-1.0,-1.0,-1.0,-1.0,-1.0,-1.0,-1.0,-1.0,-1.0,-1.0,-1.0,-1.0,-1.0,-1.0,1.0,-1.0,-1.0,-1.0,-1.0,-1.0,-1.0,-1.0,-1.0,-1.0,-1.0,-1.0,-1.0,-1.0,-1.0,-1.0,-1.0,-1.0,-1.0,-1.0,-1.0,-1.0,-1.0,-1.0,-1.0,-1.0,-1.0,-1.0,-1.0,-1.0,-1.0,-1.0,-1.0,-1.0,-1.0,1.0,-1.0,-1.0,-1.0,-1.0,-1.0,-1.0,-1.0,-1.0,-1.0,-1.0,-1.0,-1.0,-1.0,-1.0,-1.0,-1.0,-1.0,-1.0,-1.0,-1.0,
Spandam,-1.0,0.0,-1.0,-0.7,-0.7,0.0,-1.0,-0.7,-1.0,0.0,-1.0,-0.7,0.7,-1.0,-1.0,-1.0,0.0,0.7,0.0,-1.0,1.0,0.0,-0.7,-0.7,0.0,0.0,-1.0,-1.0,-1.0,0.0,-1.0,-0.7,0.0,-0.7,-1.0,-0.7,-1.0,0.7,-1.0,-1.0,0.0,0.0,0.0,-1.0,0.0,-0.7,0.0,0.0,0.0,-1.0,-0.7,-0.7,-1.0,-1.0,-1.0,0.0,0.0,-0.7,-0.7,-1.0,-0.7,-1.0,-0.7,0.0,-0.7,-0.7,-1.0,-1.0,-0.7,-1.0,-1.0,-1.0,0.7,-1.0,-0.7,-0.7,-1.0,-1.0,0.0,-0.7,-1.0,-0.7,-1.0,-1.0,-0.7,-1.0,-0.7,-1.0,-1.0,-1.0,-1.0,0.0,-1.0,
Spandam,0.0,0.0,-0.7,-0.7,0.0,-1.0,-1.0,-1.0,-0.7,-1.0,0.0,-0.7,0.0,-1.0,-0.7,-0.7,-1.0,0.0,-0.7,-1.0,0.0,0.7,-1.0,-1.0,-0.7,-0.7,-0.7,-0.7,-1.0,-1.0,-0.7,-0.7,-1.0,-1.0,0.0,0.0,-0.7,1.0,-0.7,-1.0,-0.7,-0.7,-0.7,-1.0,-0.7,0.0,-0.7,-0.7,-1.0,-0.7,-0.7,-1.0,-0.7,-0.7,-0.7,-1.0,-1.0,0.0,-0.7,-1.0,0.0,-1.0,-0.7,-1.0,0.0,-1.0,-0.7,-0.7,-1.0,-1.0,-1.0,0.0,0.0,0.0,-1.0,-1.0,-0.7,-0.7,-0.7,0.0,0.0,-1.0,-0.7,-0.7,-0.7,-0.7,0.0,-0.7,-1.0,-0.7,0.0,0.0,-1.0,
Smoker,-1.0,1.0,-1.0,-1.0,-1.0,-1.0,-1.0,1.0,-1.0,-1.0,-1.0,1.0,1.0,-1.0,1.0,-1.0,-1.0,1.0,-1.0,-1.0,1.0,-1.0,-1.0,-1.0,-1.0,-1.0,-1.0,-1.0,-1.0,-1.0,-1.0,-1.0,1.0,-1.0,-1.0,-1.0,-1.0,1.0,1.0,-1.0,1.0,-1.0,-1.0,-1.0,-1.0,-1.0,-1.0,-1.0,-1.0,-1.0,-1.0,-1.0,-1.0,-1.0,-1.0,-1.0,-1.0,-1.0,-1.0,-1.0,-1.0,-1.0,-1.0,-1.0,-1.0,-1.0,-1.0,-1.0,-1.0,-1.0,-1.0,-1.0,-1.0,-1.0,-1.0,-1.0,-1.0,-1.0,-1.0,-1.0,-1.0,-1.0,-1.0,-1.0,-1.0,-1.0,-1.0,-1.0,1.0,-1.0,-1.0,-1.0,-1.0,
Smoker,-0.7,1.0,-1.0,-0.7,-0.7,-1.0,-0.7,0.0,-0.7,-1.0,-1.0,1.0,1.0,0.0,0.7,-1.0,-1.0,0.0,-0.7,-0.7,0.7,-1.0,0.0,-1.0,-0.7,-1.0,-0.7,0.0,-0.7,-1.0,-0.7,-1.0,0.0,-0.7,-1.0,-1.0,-1.0,0.7,0.7,-1.0,0.0,-1.0,-1.0,-1.0,-1.0,-0.7,-0.7,-1.0,-1.0,-1.0,-1.0,-1.0,-1.0,-1.0,-0.7,-1.0,-0.7,-1.0,-0.7,-0.7,-0.7,-1.0,-1.0,0.0,-0.7,-1.0,0.0,-0.7,0.0,-1.0,-1.0,-0.7,-0.7,-1.0,-0.7,-0.7,-1.0,-0.7,-1.0,-0.7,-1.0,-0.7,-1.0,0.0,-0.7,-0.7,0.0,-1.0,0.7,-1.0,0.0,-0.7,-0.7,
Smoker,-1.0,1.0,-1.0,-0.7,-1.0,-1.0,-0.7,0.0,-1.0,0.0,-1.0,1.0,0.0,-0.7,0.0,-0.7,0.0,1.0,-0.7,0.0,1.0,-1.0,-1.0,0.0,-0.7,-0.7,-0.7,0.0,-0.7,0.0,-0.7,-0.7,1.0,-1.0,0.0,-1.0,-1.0,0.7,0.7,-1.0,0.7,-0.7,0.0,-0.7,-0.7,-1.0,-1.0,-1.0,-1.0,0.0,0.0,-0.7,-1.0,-1.0,-1.0,0.0,-0.7,0.0,-0.7,-0.7,-0.7,-1.0,-0.7,0.0,-0.7,-0.7,-0.7,-1.0,-0.7,-1.0,0.0,-1.0,-0.7,-1.0,-1.0,-0.7,0.0,-0.7,-1.0,-0.7,-1.0,-0.7,-1.0,-0.7,-1.0,-1.0,0.0,0.0,1.0,-1.0,-0.7,-0.7,0.0,
Smiley,-1.0,-1.0,-1.0,-1.0,-1.0,-1.0,1.0,-1.0,-1.0,-1.0,-1.0,-1.0,-1.0,-1.0,-1.0,-1.0,-1.0,-1.0,-1.0,-1.0,-1.0,-1.0,-1.0,-1.0,-1.0,-1.0,-1.0,-1.0,-1.0,-1.0,-1.0,-1.0,1.0,-1.0,-1.0,-1.0,-1.0,-1.0,1.0,-1.0,-1.0,1.0,-1.0,-1.0,-1.0,-1.0,-1.0,-1.0,-1.0,-1.0,-1.0,-1.0,-1.0,-1.0,-1.0,-1.0,-1.0,-1.0,-1.0,-1.0,-1.0,-1.0,-1.0,-1.0,-1.0,-1.0,-1.0,-1.0,-1.0,-1.0,-1.0,-1.0,-1.0,-1.0,-1.0,-1.0,-1.0,-1.0,-1.0,-1.0,-1.0,1.0,-1.0,-1.0,-1.0,-1.0,-1.0,-1.0,-1.0,-1.0,-1.0,-1.0,-1.0,
Smiley,-1.0,-1.0,-1.0,-0.7,-0.7,-0.7,0.0,-1.0,-0.7,0.0,0.0,-0.7,-0.7,-0.7,-0.7,-1.0,-0.7,-0.7,-1.0,-0.7,-0.7,-0.7,-0.7,-0.7,-0.7,-1.0,-1.0,-1.0,-1.0,-0.7,0.0,-1.0,0.0,-0.7,-1.0,-1.0,-0.7,-0.7,1.0,-1.0,0.0,1.0,0.0,-1.0,-0.7,-0.7,-0.7,-1.0,-1.0,-0.7,-1.0,-0.7,0.0,0.0,-1.0,-0.7,-0.7,-1.0,-1.0,-1.0,-0.7,0.0,0.0,-0.7,-0.7,0.0,-0.7,-0.7,0.0,-1.0,-1.0,-0.7,0.0,-1.0,-0.7,-0.7,-0.7,-1.0,0.0,0.0,-0.7,0.0,0.0,-0.7,0.0,0.0,-1.0,-1.0,-1.0,-0.7,-1.0,-1.0,0.0,
Smiley,-0.7,0.0,0.0,-1.0,-0.7,-1.0,0.7,-1.0,-1.0,-1.0,-0.7,0.0,-1.0,-0.7,-0.7,-0.7,0.0,-1.0,-1.0,-1.0,-0.7,-1.0,-1.0,0.0,-1.0,-0.7,0.0,-0.7,-0.7,-1.0,-0.7,-0.7,0.0,-0.7,-0.7,-1.0,-1.0,-0.7,1.0,0.0,-0.7,0.7,-0.7,-0.7,-0.7,-0.7,-0.7,0.0,0.0,-1.0,0.0,0.0,-0.7,-0.7,-0.7,-1.0,-1.0,0.0,-0.7,-1.0,-0.7,-1.0,0.0,-0.7,-0.7,-1.0,-0.7,0.0,-0.7,-0.7,0.0,-1.0,-1.0,-0.7,-1.0,-1.0,-0.7,-0.7,0.0,-1.0,0.0,1.0,-0.7,-1.0,-0.7,0.0,-0.7,-1.0,-0.7,-0.7,-1.0,0.0,-1.0,
Silvers Rayleigh,-1.0,1.0,-1.0,-1.0,-1.0,-1.0,-1.0,1.0,-1.0,-1.0,-1.0,-1.0,1.0,-1.0,-1.0,-1.0,1.0,1.0,-1.0,-1.0,1.0,1.0,-1.0,-1.0,-1.0,-1.0,-1.0,-1.0,-1.0,-1.0,-1.0,-1.0,-1.0,-1.0,-1.0,-1.0,-1.0,1.0,-1.0,-1.0,-1.0,-1.0,-1.0,-1.0,-1.0,-1.0,-1.0,-1.0,-1.0,-1.0,-1.0,-1.0,-1.0,-1.0,-1.0,-1.0,-1.0,-1.0,-1.0,-1.0,-1.0,-1.0,-1.0,-1.0,-1.0,-1.0,-1.0,-1.0,-1.0,-1.0,-1.0,-1.0,-1.0,-1.0,-1.0,-1.0,-1.0,-1.0,-1.0,-1.0,-1.0,-1.0,-1.0,-1.0,-1.0,-1.0,-1.0,-1.0,-1.0,-1.0,-1.0,-1.0,-1.0,
Silvers Rayleigh,-0.7,1.0,-1.0,0.0,-1.0,-1.0,-0.7,1.0,-0.7,-0.7,0.0,-0.7,0.0,-0.7,-1.0,-1.0,0.0,0.7,-1.0,0.0,1.0,0.7,-0.7,-0.7,-1.0,-0.7,-1.0,-0.7,-0.7,0.0,-1.0,0.0,-0.7,-0.7,-1.0,-1.0,-0.7,0.0,-0.7,0.0,-0.7,0.0,-1.0,-0.7,0.0,0.0,-0.7,-1.0,-0.7,-1.0,-1.0,-1.0,-1.0,-0.7,-0.7,-1.0,-0.7,-1.0,-1.0,-0.7,-1.0,-0.7,-1.0,-0.7,-1.0,-1.0,-1.0,-0.7,-1.0,-1.0,-1.0,-0.7,-1.0,-1.0,0.0,-1.0,-0.7,0.0,-1.0,-0.7,-1.0,0.0,0.0,-1.0,-1.0,-0.7,0.0,-1.0,0.0,0.0,-1.0,-0.7,-1.0,
Silvers Rayleigh,-0.7,1.0,-0.7,-0.7,-0.7,-0.7,-0.7,0.0,-0.7,-0.7,-1.0,-1.0,1.0,-0.7,-0.7,-0.7,0.0,1.0,-0.7,0.0,0.7,0.7,0.0,-0.7,-0.7,0.0,-0.7,-1.0,0.0,0.0,-1.0,-0.7,-0.7,0.0,-1.0,-0.7,-0.7,0.7,0.0,0.0,-1.0,-1.0,-1.0,-0.7,-0.7,-0.7,-1.0,-1.0,-1.0,-0.7,-0.7,-1.0,-1.0,-0.7,0.0,-1.0,-0.7,-1.0,-1.0,-0.7,-1.0,-0.7,0.0,-0.7,-0.7,-1.0,-1.0,-0.7,-1.0,-1.0,-1.0,-1.0,-0.7,0.0,0.0,-0.7,-1.0,-1.0,-1.0,-1.0,-0.7,0.0,-0.7,0.0,-0.7,-0.7,0.0,-0.7,-0.7,-1.0,-1.0,0.0,-1.0,
Shyarly,1.0,1.0,-1.0,-1.0,-1.0,1.0,-1.0,-1.0,-1.0,-1.0,-1.0,-1.0,1.0,-1.0,-1.0,-1.0,-1.0,1.0,-1.0,-1.0,-1.0,-1.0,-1.0,-1.0,-1.0,-1.0,-1.0,-1.0,-1.0,-1.0,-1.0,-1.0,1.0,-1.0,-1.0,-1.0,-1.0,1.0,-1.0,-1.0,-1.0,-1.0,-1.0,-1.0,-1.0,-1.0,-1.0,-1.0,-1.0,-1.0,-1.0,-1.0,-1.0,-1.0,-1.0,-1.0,-1.0,-1.0,-1.0,-1.0,-1.0,-1.0,-1.0,-1.0,-1.0,-1.0,-1.0,-1.0,-1.0,-1.0,-1.0,-1.0,-1.0,-1.0,1.0,-1.0,-1.0,-1.0,-1.0,-1.0,-1.0,-1.0,-1.0,-1.0,-1.0,-1.0,-1.0,-1.0,-1.0,-1.0,-1.0,-1.0,-1.0,
Shyarly,0.7,0.7,-0.7,-1.0,-1.0,0.7,-0.7,-1.0,0.0,-0.7,-0.7,-0.7,1.0,0.0,0.0,-0.7,-0.7,0.7,-0.7,-0.7,-0.7,-1.0,-0.7,-0.7,-1.0,-0.7,-0.7,-0.7,-1.0,-0.7,-0.7,-0.7,0.7,-0.7,-1.0,-1.0,-1.0,0.7,-0.7,-0.7,-1.0,-1.0,-1.0,-1.0,-0.7,-1.0,-0.7,0.0,-1.0,0.0,-0.7,0.0,-1.0,0.0,0.0,0.0,-0.7,-1.0,-1.0,0.0,-1.0,-1.0,-1.0,-0.7,-0.7,0.0,0.0,-0.7,-0.7,-0.7,-1.0,0.0,-0.7,-0.7,1.0,-0.7,-1.0,-1.0,0.0,-1.0,-0.7,-0.7,0.0,0.0,0.0,-1.0,0.0,-1.0,-1.0,-1.0,0.0,-0.7,-1.0,
Shyarly,1.0,1.0,-0.7,-1.0,-0.7,0.7,-0.7,0.0,-1.0,-1.0,-0.7,0.0,0.7,0.0,-0.7,-1.0,-0.7,1.0,-0.7,-1.0,-1.0,0.0,-1.0,-1.0,0.0,-0.7,-0.7,0.0,-0.7,-1.0,-0.7,-0.7,0.0,-1.0,-1.0,-1.0,-0.7,1.0,0.0,0.0,-0.7,0.0,-1.0,0.0,-0.7,-1.0,-1.0,-0.7,-0.7,0.0,-0.7,-0.7,-1.0,-0.7,-0.7,-1.0,0.0,-0.7,-0.7,-0.7,0.0,-1.0,-0.7,-1.0,-1.0,-1.0,-0.7,0.0,-0.7,-0.7,0.0,-0.7,-1.0,-1.0,1.0,-1.0,-1.0,-0.7,-1.0,-1.0,-1.0,-0.7,0.0,0.0,-0.7,-0.7,-0.7,-0.7,-0.7,-0.7,-0.7,0.0,-1.0,
Shura,-1.0,-1.0,-1.0,-1.0,-1.0,-1.0,-1.0,1.0,1.0,-1.0,-1.0,-1.0,1.0,-1.0,-1.0,-1.0,-1.0,-1.0,-1.0,-1.0,1.0,1.0,-1.0,-1.0,-1.0,-1.0,-1.0,-1.0,-1.0,-1.0,-1.0,-1.0,1.0,-1.0,-1.0,-1.0,-1.0,1.0,-1.0,-1.0,-1.0,-1.0,-1.0,-1.0,-1.0,-1.0,-1.0,-1.0,-1.0,-1.0,-1.0,-1.0,-1.0,-1.0,-1.0,-1.0,-1.0,-1.0,-1.0,1.0,-1.0,-1.0,-1.0,-1.0,-1.0,-1.0,-1.0,1.0,-1.0,1.0,-1.0,-1.0,-1.0,1.0,-1.0,-1.0,-1.0,-1.0,-1.0,-1.0,-1.0,-1.0,-1.0,-1.0,-1.0,-1.0,-1.0,-1.0,-1.0,-1.0,-1.0,-1.0,-1.0,
Shura,-0.7,-1.0,-0.7,-1.0,-0.7,-0.7,-0.7,0.7,0.7,-0.7,-0.7,0.0,0.7,-1.0,-0.7,-1.0,-1.0,-0.7,0.0,-1.0,0.7,1.0,0.0,-0.7,-0.7,-0.7,-1.0,0.0,-0.7,-0.7,-0.7,0.0,1.0,-1.0,0.0,-1.0,-0.7,0.7,-1.0,-0.7,0.0,-0.7,-1.0,-1.0,0.0,-1.0,-1.0,0.0,0.0,-0.7,-1.0,-1.0,-1.0,-0.7,-1.0,-1.0,-1.0,0.0,-0.7,0.7,-1.0,0.0,-0.7,-0.7,0.0,-1.0,-0.7,0.7,-1.0,1.0,0.0,-1.0,-0.7,0.7,-1.0,-0.7,-1.0,-1.0,0.0,0.0,-1.0,-1.0,-0.7,-1.0,-0.7,-1.0,0.0,-1.0,0.0,-0.7,-0.7,0.0,-1.0,
Shura,-0.7,-0.7,-0.7,-0.7,-1.0,-1.0,-0.7,1.0,0.0,-0.7,-0.7,-1.0,0.7,-1.0,-0.7,-1.0,-0.7,-0.7,-0.7,-1.0,1.0,1.0,-0.7,-1.0,-1.0,-1.0,-0.7,-0.7,0.0,-0.7,-1.0,-0.7,0.7,-0.7,0.0,-0.7,-0.7,0.7,-0.7,-0.7,-1.0,0.0,-1.0,-1.0,0.0,0.0,-1.0,-1.0,-0.7,-1.0,-1.0,0.0,-0.7,-0.7,-0.7,-0.7,0.0,-0.7,-0.7,0.7,0.0,-0.7,0.0,-1.0,-1.0,-1.0,-1.0,1.0,-1.0,0.0,-1.0,-0.7,0.0,1.0,-1.0,-1.0,-1.0,0.0,0.0,0.0,0.0,-1.0,-0.7,-0.7,0.0,-1.0,-0.7,-1.0,-1.0,-0.7,-1.0,-0.7,-0.7,
Shoujou,-1.0,-1.0,-1.0,-1.0,-1.0,1.0,1.0,-1.0,-1.0,-1.0,-1.0,-1.0,1.0,1.0,1.0,-1.0,-1.0,1.0,-1.0,-1.0,1.0,-1.0,-1.0,-1.0,-1.0,-1.0,-1.0,-1.0,-1.0,-1.0,-1.0,-1.0,-1.0,-1.0,-1.0,-1.0,-1.0,1.0,-1.0,-1.0,-1.0,-1.0,-1.0,-1.0,-1.0,-1.0,-1.0,-1.0,-1.0,-1.0,-1.0,-1.0,-1.0,-1.0,-1.0,-1.0,-1.0,-1.0,-1.0,-1.0,-1.0,-1.0,-1.0,-1.0,-1.0,-1.0,-1.0,-1.0,-1.0,-1.0,-1.0,-1.0,-1.0,1.0,-1.0,-1.0,-1.0,-1.0,-1.0,-1.0,-1.0,-1.0,-1.0,-1.0,-1.0,-1.0,-1.0,-1.0,-1.0,-1.0,-1.0,-1.0,-1.0,-1.0
Shoujou,-1.0,-1.0,0.0,-0.7,-0.7,0.0,1.0,-1.0,-1.0,-0.7,-0.7,-1.0,1.0,0.0,0.7,0.0,-1.0,0.7,0.0,0.0,1.0,-1.0,-1.0,-0.7,-0.7,-0.7,-1.0,-1.0,-1.0,0.0,-0.7,-0.7,-0.7,-1.0,-0.7,-1.0,-0.7,0.7,-1.0,-1.0,-1.0,-1.0,0.0,-0.7,-0.7,-0.7,-0.7,-1.0,-1.0,-0.7,-0.7,0.0,-1.0,-1.0,0.0,-0.7,0.0,-0.7,-0.7,-1.0,-1.0,-1.0,-1.0,-0.7,0.0,-1.0,-1.0,0.0,-1.0,-0.7,0.0,-1.0,0.0,0.7,-1.0,0.0,-0.7,-0.7,-0.7,-1.0,-1.0,-1.0,-1.0,-1.0,-1.0,-1.0,-1.0,-0.7,-1.0,-0.7,-0.7,0.0,-0.7,0.0
Shoujou,-0.7,-1.0,-1.0,-0.7,-0.7,0.7,0.7,-1.0,0.0,-0.7,-0.7,0.0,0.7,0.7,0.0,-0.7,-0.7,0.0,-1.0,-0.7,1.0,-0.7,-1.0,-0.7,-1.0,-1.0,0.0,-1.0,-1.0,-1.0,-0.7,-0.7,0.0,-1.0,-0.7,-0.7,-0.7,0.7,-0.7,-1.0,-1.0,-0.7,-0.7,-0.7,-0.7,-1.0,-0.7,-1.0,-0.7,-1.0,-0.7,-0.7,-0.7,-1.0,-1.0,-1.0,-1.0,-1.0,-0.7,0.0,-1.0,-1.0,0.0,-0.7,-0.7,0.0,-0.7,-0.7,-0.7,-1.0,-0.7,-1.0,-0.7,1.0,-1.0,-1.0,-1.0,-1.0,-0.7,-0.7,0.0,0.0,-1.0,-0.7,-0.7,-0.7,0.0,-0.7,-0.7,-0.7,-1.0,-0.7,-1.0,-1.0
Shishilian,-1.0,-1.0,-1.0,-1.0,-1.0,1.0,1.0,-1.0,-1.0,-1.0,-1.0,-1.0,1.0,-1.0,-1.0,-1.0,-1.0,1.0,-1.0,-1.0,-1.0,1.0,-1.0,-1.0,-1.0,-1.0,-1.0,-1.0,-1.0,1.0,-1.0,1.0,-1.0,-1.0,-1.0,-1.0,-1.0,1.0,-1.0,-1.0,-1.0,-1.0,-1.0,-1.0,-1.0,-1.0,-1.0,-1.0,-1.0,-1.0,-1.0,-1.0,-1.0,-1.0,-1.0,-1.0,-1.0,-1.0,-1.0,-1.0,-1.0,-1.0,-1.0,-1.0,-1.0,-1.0,-1.0,-1.0,-1.0,-1.0,-1.0,1.0,-1.0,-1.0,-1.0,-1.0,-1.0,-1.0,-1.0,-1.0,-1.0,-1.0,-1.0,-1.0,-1.0,-1.0,-1.0,1.0,-1.0,-1.0,-1.0,-1.0,-1.0,
Shishilian,-1.0,-0.7,0.0,-1.0,-0.7,1.0,1.0,0.0,-1.0,-1.0,-1.0,-1.0,1.0,-1.0,-0.7,-1.0,-0.7,0.0,-1.0,-0.7,-1.0,1.0,0.0,-0.7,-1.0,-1.0,-1.0,0.0,-0.7,1.0,-1.0,1.0,0.0,-0.7,-1.0,-1.0,-1.0,1.0,-0.7,-1.0,0.0,-0.7,-1.0,-0.7,-1.0,-1.0,0.0,-0.7,-1.0,-1.0,-1.0,-1.0,-1.0,-1.0,-0.7,0.0,-1.0,-0.7,-1.0,-1.0,-0.7,0.0,-1.0,-0.7,0.0,-0.7,-1.0,-1.0,0.0,-1.0,-0.7,1.0,-0.7,-1.0,-0.7,-1.0,-0.7,-1.0,-1.0,-0.7,0.0,0.0,-1.0,-0.7,-0.7,-0.7,-0.7,0.0,-1.0,-0.7,-1.0,0.0,-0.7,
Shishilian,-0.7,0.0,-0.7,-0.7,0.0,1.0,0.0,-1.0,-0.7,-1.0,-1.0,-0.7,1.0,0.0,-1.0,-1.0,0.0,0.7,-0.7,-1.0,-0.7,1.0,0.0,-0.7,0.0,-0.7,-0.7,-0.7,-0.7,1.0,-1.0,1.0,-0.7,-0.7,-0.7,0.0,-0.7,1.0,-1.0,-1.0,-1.0,-1.0,-0.7,-1.0,-1.0,0.0,0.0,-0.7,-1.0,0.0,-0.7,-1.0,-0.7,-1.0,0.0,0.0,-1.0,-0.7,-1.0,0.0,-1.0,-1.0,-1.0,-1.0,0.0,0.0,-1.0,-1.0,-0.7,-0.7,-1.0,0.7,-1.0,-1.0,-0.7,-0.7,-0.7,-0.7,-0.7,-1.0,-0.7,0.0,-0.7,-0.7,-1.0,-1.0,-1.0,0.7,-1.0,0.0,-0.7,-0.7,-0.7,
Shiryu,-1.0,1.0,-1.0,-1.0,-1.0,-1.0,-1.0,1.0,-1.0,-1.0,-1.0,-1.0,1.0,-1.0,-1.0,-1.0,-1.0,1.0,-1.0,-1.0,1.0,1.0,-1.0,-1.0,-1.0,-1.0,-1.0,-1.0,-1.0,-1.0,-1.0,-1.0,-1.0,-1.0,-1.0,-1.0,-1.0,1.0,1.0,1.0,-1.0,-1.0,-1.0,-1.0,-1.0,-1.0,-1.0,-1.0,1.0,-1.0,-1.0,-1.0,-1.0,-1.0,-1.0,-1.0,-1.0,-1.0,-1.0,-1.0,-1.0,-1.0,-1.0,-1.0,-1.0,-1.0,-1.0,-1.0,-1.0,-1.0,-1.0,-1.0,-1.0,-1.0,-1.0,-1.0,-1.0,-1.0,-1.0,-1.0,-1.0,-1.0,-1.0,-1.0,-1.0,1.0,-1.0,-1.0,-1.0,-1.0,-1.0,1.0,-1.0,
Shiryu,-0.7,0.7,-0.7,-1.0,-1.0,0.0,-0.7,0.7,-0.7,-0.7,-0.7,0.0,0.7,0.0,-0.7,0.0,-0.7,0.7,-1.0,-0.7,1.0,0.7,-0.7,-1.0,-0.7,-0.7,-0.7,-0.7,-0.7,-0.7,-0.7,0.0,-1.0,-0.7,-1.0,0.0,-0.7,0.7,1.0,0.0,0.0,-1.0,-0.7,0.0,-0.7,-0.7,-0.7,-0.7,0.7,-0.7,-0.7,0.0,0.0,-0.7,-0.7,-0.7,-1.0,-0.7,-0.7,-1.0,-0.7,0.0,0.0,-1.0,-0.7,-0.7,-0.7,0.0,-0.7,0.0,-0.7,-1.0,-0.7,-0.7,-0.7,-1.0,-1.0,-0.7,-1.0,0.0,-0.7,-1.0,-0.7,-0.7,-1.0,1.0,-1.0,-1.0,-0.7,-0.7,-1.0,0.7,0.0,
Shiryu,-0.7,0.7,-1.0,-1.0,-1.0,-0.7,-0.7,0.0,-0.7,-0.7,-0.7,-1.0,0.0,-1.0,-1.0,-1.0,0.0,0.7,-1.0,-1.0,1.0,1.0,-1.0,-0.7,-0.7,0.0,-1.0,0.0,-1.0,-1.0,-1.0,0.0,0.0,0.0,-1.0,0.0,-0.7,1.0,1.0,0.7,0.0,0.0,-0.7,-0.7,-0.7,-0.7,-1.0,-0.7,1.0,-1.0,-1.0,-0.7,-1.0,0.0,-0.7,0.0,-1.0,-0.7,0.0,-1.0,-1.0,-0.7,-1.0,-1.0,0.0,-0.7,-0.7,-1.0,-1.0,-1.0,-0.7,-0.7,-1.0,0.0,-0.7,-1.0,-0.7,-1.0,-0.7,-0.7,0.0,-1.0,-1.0,-1.0,-1.0,0.0,-0.7,0.0,-1.0,0.0,-1.0,0.0,-1.0,
Shirahoshi,1.0,1.0,-1.0,-1.0,-1.0,1.0,-1.0,-1.0,-1.0,-1.0,-1.0,-1.0,1.0,-1.0,-1.0,1.0,-1.0,1.0,-1.0,-1.0,-1.0,-1.0,-1.0,-1.0,-1.0,-1.0,-1.0,-1.0,1.0,1.0,-1.0,-1.0,-1.0,-1.0,-1.0,-1.0,1.0,1.0,-1.0,-1.0,-1.0,-1.0,-1.0,-1.0,-1.0,-1.0,-1.0,-1.0,-1.0,-1.0,-1.0,-1.0,-1.0,-1.0,-1.0,-1.0,-1.0,-1.0,-1.0,-1.0,-1.0,-1.0,-1.0,-1.0,1.0,1.0,-1.0,-1.0,-1.0,-1.0,-1.0,-1.0,-1.0,-1.0,1.0,-1.0,-1.0,-1.0,-1.0,-1.0,-1.0,-1.0,-1.0,-1.0,-1.0,-1.0,-1.0,-1.0,-1.0,-1.0,-1.0,-1.0,-1.0,
Shirahoshi,0.7,1.0,-1.0,-0.7,0.0,0.7,-1.0,-1.0,-1.0,0.0,-1.0,0.0,0.7,-0.7,0.0,0.7,-1.0,1.0,-1.0,-0.7,-1.0,-0.7,-1.0,0.0,-0.7,0.0,-1.0,-0.7,0.0,1.0,0.0,-1.0,-1.0,-0.7,-1.0,0.0,1.0,0.7,-0.7,-0.7,-1.0,-0.7,-1.0,-0.7,0.0,-1.0,-1.0,-0.7,-1.0,-1.0,-1.0,-0.7,-1.0,-0.7,-0.7,-0.7,0.0,-0.7,-1.0,-1.0,-0.7,0.0,-0.7,-1.0,0.0,0.7,-1.0,-0.7,-1.0,-0.7,-1.0,-1.0,-0.7,0.0,1.0,-1.0,-0.7,0.0,-1.0,0.0,0.0,-0.7,-1.0,-1.0,-1.0,-1.0,0.0,-1.0,-1.0,-0.7,0.0,-1.0,-0.7,
Shirahoshi,0.7,0.7,0.0,-1.0,-0.7,0.7,0.0,-1.0,-1.0,-1.0,0.0,0.0,0.7,-1.0,-1.0,0.7,0.0,0.0,-0.7,-0.7,0.0,0.0,-1.0,-0.7,-0.7,-0.7,0.0,-1.0,0.7,0.7,0.0,-1.0,-0.7,-1.0,-1.0,-1.0,0.7,0.0,-1.0,-1.0,-1.0,-0.7,-1.0,0.0,-0.7,0.0,-0.7,-0.7,0.0,0.0,-1.0,0.0,-0.7,-1.0,-0.7,-1.0,-0.7,0.0,-1.0,-1.0,0.0,-0.7,-1.0,0.0,0.0,1.0,-1.0,0.0,-1.0,-0.7,-1.0,-0.7,-1.0,-0.7,1.0,-1.0,-1.0,-1.0,0.0,0.0,-0.7,-0.7,-1.0,-1.0,-1.0,-0.7,-1.0,0.0,-0.7,0.0,-0.7,-0.7,-1.0,
Shinobu,1.0,1.0,-1.0,-1.0,-1.0,-1.0,-1.0,-1.0,1.0,-1.0,-1.0,-1.0,1.0,-1.0,-1.0,-1.0,-1.0,1.0,-1.0,-1.0,1.0,1.0,-1.0,-1.0,-1.0,-1.0,-1.0,-1.0,-1.0,-1.0,-1.0,-1.0,-1.0,-1.0,-1.0,-1.0,-1.0,1.0,1.0,1.0,-1.0,-1.0,-1.0,-1.0,-1.0,-1.0,-1.0,-1.0,-1.0,-1.0,-1.0,-1.0,-1.0,-1.0,-1.0,-1.0,-1.0,-1.0,-1.0,-1.0,-1.0,-1.0,-1.0,-1.0,-1.0,-1.0,-1.0,-1.0,-1.0,-1.0,-1.0,-1.0,-1.0,-1.0,-1.0,1.0,-1.0,-1.0,-1.0,-1.0,-1.0,-1.0,-1.0,-1.0,-1.0,-1.0,-1.0,-1.0,-1.0,-1.0,-1.0,-1.0,-1.0,
Shinobu,0.7,0.0,-1.0,-1.0,-1.0,0.0,-1.0,0.0,1.0,0.0,-0.7,-1.0,0.7,0.0,-0.7,-0.7,-1.0,0.0,-1.0,-1.0,1.0,1.0,-0.7,-0.7,-0.7,-1.0,-1.0,0.0,0.0,-1.0,-0.7,-1.0,0.0,0.0,-1.0,-0.7,-1.0,1.0,0.7,0.7,-0.7,-0.7,0.0,-0.7,-0.7,-0.7,-1.0,-0.7,0.0,-1.0,0.0,-0.7,-0.7,0.0,-0.7,-1.0,-0.7,0.0,-1.0,-1.0,-1.0,-1.0,0.0,-1.0,0.0,0.0,0.0,-1.0,-0.7,0.0,-1.0,-1.0,0.0,-0.7,-0.7,0.0,-0.7,-1.0,-0.7,-1.0,-1.0,-0.7,-1.0,0.0,-1.0,-0.7,-0.7,-0.7,-0.7,-0.7,0.0,-1.0,-0.7,
Shinobu,0.0,1.0,0.0,-0.7,-0.7,-1.0,0.0,-1.0,0.7,-0.7,0.0,-1.0,1.0,0.0,-0.7,-1.0,-1.0,0.7,-0.7,0.0,1.0,0.0,0.0,-0.7,-1.0,0.0,-1.0,-0.7,-0.7,0.0,-0.7,-0.7,0.0,0.0,-0.7,-0.7,0.0,0.0,1.0,0.7,-1.0,-0.7,0.0,-1.0,-1.0,-0.7,0.0,-0.7,-1.0,-1.0,-0.7,-0.7,-0.7,-0.7,-0.7,-0.7,0.0,0.0,-1.0,-0.7,-0.7,-1.0,-0.7,-0.7,-0.7,-1.0,-1.0,-1.0,-0.7,0.0,-0.7,-0.7,-1.0,-0.7,-0.7,1.0,-0.7,-1.0,-0.7,-0.7,0.0,-1.0,-1.0,0.0,-1.0,-0.7,-1.0,-0.7,-0.7,-0.7,-1.0,0.0,-0.7,
Shimotsuki Kuina,1.0,1.0,-1.0,-1.0,-1.0,-1.0,-1.0,1.0,-1.0,-1.0,-1.0,-1.0,-1.0,-1.0,-1.0,-1.0,1.0,-1.0,-1.0,-1.0,1.0,-1.0,-1.0,-1.0,-1.0,-1.0,-1.0,-1.0,-1.0,-1.0,-1.0,-1.0,-1.0,-1.0,-1.0,-1.0,-1.0,-1.0,-1.0,-1.0,-1.0,-1.0,-1.0,-1.0,-1.0,-1.0,-1.0,-1.0,-1.0,-1.0,-1.0,-1.0,-1.0,-1.0,-1.0,-1.0,-1.0,-1.0,-1.0,-1.0,-1.0,-1.0,-1.0,-1.0,-1.0,-1.0,-1.0,-1.0,-1.0,-1.0,-1.0,-1.0,-1.0,-1.0,-1.0,-1.0,-1.0,-1.0,-1.0,-1.0,-1.0,-1.0,-1.0,-1.0,-1.0,-1.0,-1.0,-1.0,-1.0,-1.0,-1.0,-1.0,-1.0,
Shimotsuki Kuina,0.7,0.7,0.0,0.0,-1.0,-0.7,-0.7,0.0,-1.0,-1.0,-0.7,-0.7,-1.0,-1.0,-0.7,-1.0,1.0,-0.7,0.0,-0.7,0.7,-1.0,0.0,-1.0,-1.0,-1.0,-0.7,-0.7,0.0,-1.0,0.0,-0.7,-1.0,-0.7,-0.7,-0.7,-1.0,0.0,-1.0,0.0,-0.7,-0.7,-1.0,-0.7,-0.7,-1.0,-1.0,-1.0,-1.0,-1.0,-1.0,-0.7,-0.7,0.0,-1.0,-0.7,-0.7,-0.7,-0.7,-0.7,-1.0,-1.0,-1.0,-1.0,-0.7,-0.7,-0.7,-1.0,-0.7,-1.0,-1.0,-0.7,-0.7,-0.7,-1.0,0.0,0.0,-0.7,0.0,-1.0,-0.7,0.0,-0.7,-0.7,-1.0,-1.0,-1.0,-0.7,-1.0,-1.0,-0.7,-0.7,-0.7,
Shimotsuki Kuina,0.0,0.7,-1.0,-0.7,-1.0,-0.7,-0.7,0.7,-1.0,-1.0,-0.7,-1.0,0.0,0.0,-0.7,0.0,0.7,-1.0,-0.7,-1.0,0.7,-1.0,0.0,-0.7,-1.0,0.0,0.0,0.0,-0.7,-0.7,-1.0,-1.0,-1.0,-1.0,-1.0,-0.7,-1.0,-1.0,-0.7,-1.0,-1.0,-0.7,-1.0,0.0,-0.7,-0.7,-1.0,-1.0,-0.7,0.0,-0.7,-0.7,-1.0,-0.7,-1.0,-1.0,-0.7,-1.0,-0.7,0.0,-1.0,-1.0,-1.0,-1.0,-0.7,-1.0,-0.7,-0.7,-1.0,-0.7,0.0,-1.0,-0.7,-0.7,-0.7,-1.0,0.0,-0.7,-0.7,-0.7,0.0,0.0,0.0,-1.0,-1.0,-0.7,-1.0,-0.7,-1.0,-0.7,-0.7,-0.7,-1.0,
Shimotsuki Koushirou,-1.0,1.0,-1.0,-1.0,-1.0,-1.0,-1.0,1.0,-1.0,-1.0,-1.0,-1.0,-1.0,-1.0,-1.0,-1.0,1.0,1.0,-1.0,-1.0,1.0,-1.0,-1.0,-1.0,-1.0,-1.0,-1.0,-1.0,-1.0,-1.0,-1.0,-1.0,-1.0,-1.0,-1.0,-1.0,-1.0,1.0,-1.0,-1.0,-1.0,-1.0,-1.0,-1.0,-1.0,-1.0,-1.0,-1.0,-1.0,-1.0,-1.0,-1.0,-1.0,-1.0,-1.0,-1.0,-1.0,-1.0,-1.0,-1.0,-1.0,-1.0,-1.0,-1.0,-1.0,-1.0,-1.0,-1.0,-1.0,-1.0,-1.0,-1.0,-1.0,-1.0,-1.0,-1.0,-1.0,-1.0,-1.0,-1.0,-1.0,-1.0,-1.0,-1.0,-1.0,-1.0,-1.0,-1.0,-1.0,-1.0,-1.0,-1.0,-1.0,
Shimotsuki Koushirou,0.0,0.7,-0.7,-0.7,-0.7,-1.0,-1.0,0.0,-1.0,-0.7,-1.0,-0.7,-1.0,-0.7,0.0,-0.7,0.7,0.7,-0.7,-1.0,1.0,-0.7,0.0,-0.7,-0.7,-0.7,0.0,-0.7,-0.7,-1.0,-1.0,-1.0,0.0,-0.7,-0.7,0.0,0.0,0.7,-1.0,-1.0,-1.0,-0.7,-0.7,-1.0,-0.7,-1.0,-0.7,-0.7,-0.7,0.0,-0.7,-1.0,-1.0,-0.7,0.0,0.0,0.0,-0.7,-0.7,-0.7,-0.7,-1.0,-1.0,-0.7,-1.0,0.0,-0.7,-0.7,-1.0,-0.7,-0.7,-0.7,-0.7,0.0,-0.7,-0.7,-1.0,-0.7,0.0,0.0,-1.0,-0.7,-1.0,-0.7,0.0,-0.7,-0.7,-1.0,-1.0,0.0,0.0,0.0,-1.0,
Shimotsuki Koushirou,-0.7,1.0,-1.0,-0.7,-0.7,-1.0,-1.0,0.7,-1.0,-1.0,-0.7,-1.0,-0.7,0.0,-1.0,0.0,1.0,1.0,-0.7,-0.7,0.7,-1.0,-0.7,0.0,0.0,-0.7,-0.7,0.0,-0.7,0.0,0.0,-0.7,-1.0,-0.7,0.0,-1.0,-1.0,1.0,0.0,-0.7,-1.0,-1.0,-0.7,-0.7,-1.0,0.0,-0.7,-0.7,0.0,-1.0,-0.7,-0.7,0.0,-1.0,-0.7,-0.7,0.0,0.0,-1.0,-1.0,-1.0,-0.7,0.0,-1.0,-0.7,0.0,0.0,-0.7,0.0,-1.0,-1.0,-1.0,-0.7,-0.7,-1.0,-1.0,-1.0,-1.0,0.0,0.0,-1.0,-1.0,0.0,-1.0,0.0,-1.0,-0.7,-0.7,-1.0,-1.0,0.0,0.0,-0.7,
Shiki,-1.0,1.0,-1.0,-1.0,-1.0,-1.0,-1.0,1.0,-1.0,-1.0,-1.0,-1.0,-1.0,-1.0,-1.0,-1.0,-1.0,-1.0,-1.0,-1.0,1.0,-1.0,-1.0,-1.0,-1.0,-1.0,-1.0,-1.0,-1.0,-1.0,-1.0,-1.0,-1.0,-1.0,-1.0,-1.0,-1.0,-1.0,1.0,1.0,-1.0,-1.0,-1.0,-1.0,-1.0,-1.0,-1.0,-1.0,-1.0,-1.0,-1.0,-1.0,-1.0,-1.0,-1.0,-1.0,-1.0,-1.0,-1.0,-1.0,-1.0,-1.0,-1.0,-1.0,-1.0,-1.0,-1.0,-1.0,-1.0,-1.0,-1.0,-1.0,-1.0,-1.0,-1.0,-1.0,-1.0,-1.0,-1.0,-1.0,-1.0,-1.0,-1.0,-1.0,-1.0,-1.0,-1.0,-1.0,-1.0,-1.0,-1.0,1.0,-1.0,
Shiki,0.0,0.0,-1.0,-1.0,-1.0,-1.0,-0.7,1.0,-1.0,-1.0,-1.0,-1.0,-1.0,0.0,-0.7,0.0,0.0,0.0,-1.0,0.0,0.7,-1.0,-0.7,-1.0,-1.0,-1.0,-0.7,0.0,-1.0,-0.7,-1.0,-1.0,-1.0,0.0,0.0,-1.0,0.0,-0.7,1.0,0.7,0.0,-0.7,-0.7,-0.7,-1.0,-1.0,-0.7,-0.7,-0.7,-0.7,-1.0,-1.0,0.0,-0.7,-0.7,-1.0,-1.0,-1.0,-0.7,-0.7,-0.7,0.0,-1.0,-1.0,-1.0,-0.7,0.0,0.0,-0.7,-0.7,0.0,-0.7,-1.0,-0.7,-0.7,-0.7,-1.0,-1.0,-0.7,-1.0,-0.7,-1.0,-0.7,-1.0,0.0,-1.0,-0.7,-1.0,-1.0,-0.7,-1.0,0.7,-1.0,
Shiki,-0.7,0.7,0.0,-0.7,0.0,0.0,-1.0,0.0,-0.7,-1.0,0.0,-1.0,-0.7,-0.7,-0.7,-0.7,-1.0,-1.0,-1.0,-1.0,0.0,-0.7,-0.7,-1.0,-0.7,-1.0,-0.7,-1.0,-0.7,-0.7,0.0,-1.0,-1.0,0.0,-0.7,-0.7,-0.7,-1.0,1.0,1.0,-0.7,0.0,-0.7,-0.7,-1.0,-0.7,0.0,0.0,-1.0,-1.0,-0.7,-0.7,-0.7,-0.7,-1.0,-1.0,-1.0,-1.0,-1.0,-1.0,-1.0,-1.0,-1.0,-0.7,0.0,-1.0,-1.0,-1.0,0.0,-1.0,-1.0,0.0,-1.0,0.0,0.0,-0.7,-0.7,-1.0,-0.7,-1.0,-0.7,-1.0,-1.0,-0.7,-0.7,-1.0,-0.7,-0.7,-0.7,-0.7,-0.7,0.0,-0.7,
Sheepshead,-1.0,-1.0,-1.0,-1.0,-1.0,1.0,-1.0,-1.0,-1.0,-1.0,-1.0,-1.0,-1.0,-1.0,-1.0,-1.0,-1.0,-1.0,-1.0,-1.0,1.0,-1.0,-1.0,-1.0,-1.0,-1.0,-1.0,-1.0,-1.0,-1.0,-1.0,-1.0,-1.0,-1.0,-1.0,-1.0,-1.0,1.0,1.0,-1.0,-1.0,-1.0,-1.0,-1.0,1.0,-1.0,-1.0,-1.0,-1.0,-1.0,-1.0,-1.0,-1.0,-1.0,-1.0,-1.0,-1.0,-1.0,-1.0,-1.0,-1.0,-1.0,-1.0,-1.0,-1.0,-1.0,-1.0,-1.0,-1.0,-1.0,-1.0,-1.0,-1.0,-1.0,-1.0,-1.0,1.0,-1.0,-1.0,-1.0,-1.0,-1.0,-1.0,-1.0,-1.0,-1.0,-1.0,-1.0,-1.0,-1.0,-1.0,-1.0,-1.0,
Sheepshead,0.0,-1.0,-1.0,-0.7,-1.0,0.0,-1.0,-0.7,-0.7,-1.0,-0.7,-0.7,0.0,-0.7,-0.7,0.0,-1.0,-1.0,-1.0,0.0,1.0,-0.7,-0.7,-1.0,0.0,-0.7,-0.7,-1.0,-1.0,-0.7,-1.0,-0.7,-1.0,0.0,-0.7,-0.7,-1.0,0.7,1.0,-1.0,-1.0,0.0,0.0,-0.7,0.7,-0.7,-1.0,0.0,-0.7,-0.7,0.0,0.0,-1.0,-0.7,0.0,-0.7,0.0,-1.0,-1.0,-1.0,-1.0,0.0,-0.7,0.0,-1.0,-1.0,-1.0,-1.0,-0.7,-1.0,-1.0,-0.7,-1.0,-1.0,-0.7,-0.7,0.0,-0.7,0.0,-1.0,-1.0,0.0,0.0,-0.7,-0.7,-1.0,-1.0,-1.0,-1.0,-0.7,-1.0,-1.0,0.0,
Sheepshead,-0.7,-1.0,-0.7,0.0,-1.0,0.0,-1.0,-0.7,-1.0,-0.7,-0.7,-0.7,-0.7,0.0,-1.0,-0.7,-1.0,-0.7,-0.7,-1.0,1.0,0.0,-1.0,-1.0,-0.7,-1.0,-1.0,-0.7,-1.0,0.0,0.0,-0.7,-1.0,-0.7,-1.0,-1.0,-1.0,0.7,1.0,-0.7,-1.0,-0.7,-1.0,0.0,0.7,-1.0,-1.0,-1.0,-0.7,-1.0,-0.7,-1.0,-0.7,-0.7,0.0,0.0,0.0,-1.0,-0.7,-0.7,-0.7,0.0,-1.0,-0.7,-0.7,-1.0,0.0,-1.0,-0.7,0.0,-0.7,0.0,-1.0,-0.7,-0.7,-0.7,1.0,-0.7,-1.0,-1.0,-0.7,-0.7,0.0,-0.7,-0.7,-1.0,-1.0,-0.7,-1.0,-0.7,-1.0,-1.0,-0.7,
Shanks,-1.0,1.0,-1.0,-1.0,-1.0,-1.0,-1.0,1.0,-1.0,-1.0,-1.0,-1.0,-1.0,-1.0,-1.0,-1.0,1.0,1.0,-1.0,-1.0,1.0,-1.0,-1.0,-1.0,-1.0,-1.0,-1.0,-1.0,-1.0,1.0,-1.0,-1.0,-1.0,-1.0,-1.0,-1.0,-1.0,1.0,-1.0,-1.0,-1.0,-1.0,-1.0,-1.0,-1.0,-1.0,-1.0,-1.0,-1.0,-1.0,1.0,-1.0,-1.0,-1.0,-1.0,-1.0,-1.0,-1.0,-1.0,-1.0,-1.0,-1.0,-1.0,-1.0,-1.0,-1.0,-1.0,-1.0,-1.0,-1.0,-1.0,-1.0,-1.0,-1.0,-1.0,-1.0,-1.0,-1.0,-1.0,-1.0,-1.0,-1.0,-1.0,-1.0,-1.0,-1.0,-1.0,-1.0,-1.0,-1.0,-1.0,-1.0,-1.0,
Shanks,0.0,1.0,-1.0,0.0,-0.7,0.0,-1.0,0.7,-1.0,-1.0,-1.0,-1.0,0.0,-0.7,-0.7,0.0,1.0,1.0,-1.0,0.0,0.7,-0.7,0.0,-1.0,-1.0,-0.7,-0.7,-1.0,-1.0,0.7,-1.0,-0.7,-0.7,-0.7,0.0,-0.7,-1.0,0.7,-1.0,0.0,-0.7,-0.7,0.0,-0.7,0.0,-1.0,-1.0,-0.7,-1.0,-0.7,0.7,-0.7,0.0,-0.7,0.0,-0.7,-0.7,-0.7,0.0,-1.0,-0.7,-1.0,-1.0,0.0,-1.0,-0.7,-0.7,0.0,-0.7,-1.0,-0.7,-1.0,-0.7,-0.7,-1.0,0.0,-1.0,-1.0,-1.0,-1.0,-0.7,-1.0,0.0,0.0,-0.7,-0.7,0.0,-0.7,-1.0,-0.7,-1.0,-0.7,-0.7,
Shanks,-0.7,1.0,-1.0,0.0,0.0,-0.7,-0.7,0.7,-0.7,-1.0,-0.7,0.0,0.0,-0.7,-1.0,0.0,0.7,0.7,-1.0,-0.7,1.0,-0.7,-0.7,-0.7,-0.7,-0.7,-1.0,-0.7,-1.0,1.0,-0.7,-0.7,-0.7,-0.7,-1.0,-1.0,-1.0,1.0,-0.7,-1.0,-0.7,0.0,-0.7,-0.7,0.0,-1.0,-0.7,-1.0,-1.0,-1.0,1.0,-0.7,-1.0,0.0,0.0,0.0,0.0,0.0,-1.0,-0.7,-1.0,-0.7,-0.7,-0.7,-1.0,-0.7,-1.0,-0.7,-0.7,0.0,0.0,-1.0,0.0,0.0,-0.7,0.0,-1.0,0.0,-0.7,0.0,-1.0,-0.7,-0.7,-1.0,0.0,-0.7,0.0,-0.7,0.0,-0.7,-1.0,-0.7,-1.0,
Shandia Chief,-1.0,-1.0,-1.0,-1.0,-1.0,-1.0,-1.0,-1.0,-1.0,-1.0,-1.0,-1.0,-1.0,-1.0,-1.0,-1.0,-1.0,1.0,-1.0,-1.0,1.0,-1.0,-1.0,-1.0,-1.0,-1.0,-1.0,-1.0,-1.0,-1.0,-1.0,-1.0,-1.0,-1.0,-1.0,-1.0,-1.0,-1.0,-1.0,-1.0,-1.0,-1.0,-1.0,-1.0,-1.0,-1.0,-1.0,-1.0,-1.0,-1.0,-1.0,-1.0,-1.0,-1.0,-1.0,-1.0,-1.0,-1.0,-1.0,-1.0,-1.0,-1.0,-1.0,-1.0,-1.0,-1.0,-1.0,1.0,-1.0,-1.0,-1.0,-1.0,-1.0,1.0,-1.0,-1.0,-1.0,-1.0,-1.0,-1.0,-1.0,-1.0,-1.0,-1.0,-1.0,-1.0,-1.0,-1.0,-1.0,-1.0,-1.0,-1.0,-1.0,
Shandia Chief,0.0,-1.0,-0.7,-0.7,-0.7,-0.7,0.0,-1.0,-0.7,-1.0,-0.7,-1.0,-0.7,-1.0,0.0,-1.0,-1.0,0.7,-1.0,-1.0,0.7,-0.7,-1.0,-1.0,-0.7,-0.7,-1.0,-1.0,-1.0,0.0,-0.7,-1.0,-0.7,0.0,-1.0,-0.7,0.0,-1.0,0.0,-0.7,-0.7,0.0,-1.0,-0.7,0.0,-0.7,-1.0,-0.7,-1.0,-0.7,-0.7,-0.7,-0.7,-1.0,-1.0,0.0,-1.0,-1.0,0.0,-0.7,-0.7,-1.0,-1.0,-0.7,-0.7,0.0,-0.7,1.0,-1.0,-1.0,-1.0,-0.7,-1.0,1.0,0.0,-0.7,-1.0,-1.0,0.0,0.0,-0.7,-0.7,-0.7,0.0,-1.0,0.0,0.0,-1.0,-1.0,-0.7,-1.0,-1.0,0.0,
Shandia Chief,-0.7,-0.7,-1.0,-0.7,-0.7,-1.0,-1.0,-1.0,-1.0,0.0,-1.0,-1.0,-0.7,-0.7,-1.0,-0.7,-1.0,1.0,-1.0,-1.0,1.0,-0.7,-1.0,-1.0,-0.7,-0.7,-1.0,-1.0,-0.7,-1.0,-0.7,-1.0,0.0,-0.7,-0.7,-1.0,-0.7,-0.7,-1.0,0.0,0.0,-1.0,0.0,-0.7,-0.7,-1.0,-1.0,0.0,-0.7,-0.7,-0.7,-0.7,-1.0,-1.0,0.0,0.0,0.0,-1.0,-0.7,-0.7,-0.7,-0.7,-1.0,-1.0,-1.0,-1.0,-1.0,0.0,-1.0,-0.7,0.0,-0.7,-1.0,1.0,-0.7,-1.0,0.0,-0.7,-0.7,-0.7,0.0,-0.7,-0.7,0.0,0.0,-1.0,-1.0,-1.0,-1.0,0.0,-1.0,-1.0,-1.0,
Shimotsuki Ryuma,-1.0,1.0,-1.0,-1.0,-1.0,1.0,1.0,-1.0,-1.0,-1.0,-1.0,-1.0,-1.0,-1.0,-1.0,-1.0,-1.0,-1.0,-1.0,-1.0,1.0,-1.0,-1.0,-1.0,-1.0,-1.0,-1.0,-1.0,-1.0,-1.0,-1.0,-1.0,-1.0,-1.0,-1.0,-1.0,-1.0,-1.0,-1.0,-1.0,-1.0,-1.0,-1.0,-1.0,-1.0,-1.0,-1.0,-1.0,-1.0,-1.0,-1.0,-1.0,-1.0,-1.0,-1.0,-1.0,-1.0,-1.0,-1.0,-1.0,-1.0,-1.0,-1.0,-1.0,-1.0,-1.0,-1.0,-1.0,-1.0,-1.0,-1.0,-1.0,-1.0,-1.0,-1.0,-1.0,-1.0,-1.0,-1.0,-1.0,-1.0,-1.0,-1.0,-1.0,1.0,-1.0,-1.0,-1.0,-1.0,-1.0,-1.0,-1.0,-1.0,
Shimotsuki Ryuma,0.0,0.0,-0.7,-0.7,-0.7,0.7,1.0,-0.7,-0.7,-0.7,-0.7,0.0,-0.7,-0.7,0.0,-1.0,-1.0,-0.7,-0.7,-1.0,0.7,0.0,-0.7,-0.7,-1.0,0.0,-0.7,-0.7,-0.7,-1.0,-1.0,-1.0,-1.0,-0.7,-0.7,-1.0,-0.7,-1.0,-0.7,-1.0,-0.7,-0.7,-1.0,-0.7,-0.7,-0.7,-1.0,-1.0,-0.7,0.0,-0.7,-1.0,-0.7,-1.0,0.0,0.0,-0.7,0.0,-1.0,-1.0,-1.0,-0.7,-0.7,-1.0,-1.0,0.0,-1.0,-1.0,-1.0,-1.0,-1.0,-0.7,-0.7,-0.7,-0.7,0.0,-1.0,-1.0,-1.0,-0.7,-1.0,-0.7,-0.7,-0.7,1.0,-0.7,0.0,-1.0,-1.0,-1.0,-0.7,0.0,-1.0,
Shimotsuki Ryuma,-0.7,0.0,-0.7,-1.0,0.0,1.0,1.0,0.0,-1.0,0.0,-1.0,0.0,-0.7,-0.7,-0.7,-1.0,-1.0,-0.7,0.0,-0.7,0.0,0.0,-0.7,0.0,-1.0,-0.7,-0.7,-1.0,0.0,-1.0,-0.7,-1.0,-0.7,-0.7,-0.7,-0.7,-0.7,-0.7,-1.0,-0.7,0.0,-0.7,-0.7,-1.0,-1.0,0.0,0.0,-1.0,-0.7,-0.7,-0.7,-0.7,-0.7,0.0,0.0,0.0,-0.7,-1.0,-0.7,-0.7,0.0,0.0,-0.7,-1.0,-1.0,-0.7,-1.0,0.0,-0.7,0.0,-1.0,-1.0,-0.7,0.0,-1.0,0.0,-0.7,0.0,-1.0,-0.7,-1.0,-1.0,-0.7,-1.0,0.7,-0.7,-1.0,0.0,0.0,0.0,-0.7,-0.7,-1.0,
Sham,-1.0,1.0,-1.0,-1.0,-1.0,-1.0,-1.0,-1.0,-1.0,-1.0,-1.0,-1.0,-1.0,-1.0,-1.0,-1.0,1.0,1.0,-1.0,-1.0,1.0,-1.0,-1.0,-1.0,-1.0,-1.0,-1.0,-1.0,-1.0,-1.0,-1.0,-1.0,-1.0,-1.0,-1.0,-1.0,-1.0,1.0,-1.0,-1.0,-1.0,-1.0,-1.0,-1.0,-1.0,-1.0,-1.0,-1.0,-1.0,-1.0,-1.0,-1.0,-1.0,-1.0,-1.0,-1.0,-1.0,-1.0,-1.0,-1.0,-1.0,-1.0,-1.0,-1.0,-1.0,-1.0,-1.0,-1.0,-1.0,-1.0,-1.0,-1.0,-1.0,-1.0,-1.0,-1.0,-1.0,-1.0,-1.0,-1.0,-1.0,-1.0,-1.0,-1.0,-1.0,-1.0,-1.0,-1.0,-1.0,-1.0,-1.0,-1.0,-1.0,
Sham,-1.0,0.7,-0.7,-0.7,-0.7,-1.0,-0.7,-1.0,-0.7,-1.0,-1.0,0.0,-1.0,-0.7,0.0,-1.0,0.7,1.0,-1.0,-0.7,0.7,-1.0,-0.7,-1.0,0.0,-0.7,-1.0,0.0,-1.0,-1.0,-1.0,-0.7,-1.0,-1.0,-0.7,0.0,-0.7,0.7,0.0,-1.0,-1.0,0.0,-0.7,-1.0,-0.7,0.0,-1.0,-1.0,-1.0,-0.7,-0.7,-1.0,-0.7,-0.7,-1.0,-0.7,-0.7,-0.7,0.0,-1.0,-1.0,-0.7,-0.7,0.0,-1.0,-1.0,-0.7,0.0,-0.7,-0.7,-1.0,-0.7,-1.0,0.0,-1.0,-0.7,-1.0,0.0,-0.7,0.0,-1.0,-1.0,-1.0,-0.7,-1.0,-0.7,-1.0,-0.7,-1.0,-0.7,-0.7,-1.0,0.0,
Sham,-0.7,0.7,-0.7,-1.0,-0.7,-0.7,-1.0,0.0,-1.0,-1.0,-0.7,-0.7,-1.0,-0.7,-1.0,-0.7,0.7,0.0,-1.0,0.0,0.7,0.0,0.0,-0.7,-1.0,-0.7,-1.0,-1.0,0.0,-1.0,-1.0,-0.7,0.0,0.0,-0.7,-1.0,-0.7,0.7,-1.0,0.0,-1.0,-1.0,-1.0,0.0,-1.0,-0.7,0.0,-1.0,-1.0,-1.0,-0.7,-0.7,-0.7,-1.0,-0.7,0.0,0.0,-0.7,0.0,0.0,-0.7,-1.0,0.0,0.0,-1.0,0.0,-1.0,-1.0,-1.0,-1.0,-0.7,-0.7,-0.7,-0.7,-0.7,-1.0,0.0,-0.7,-0.7,-0.7,0.0,-1.0,-1.0,0.0,-0.7,-1.0,-0.7,-0.7,-0.7,-0.7,0.0,0.0,0.0,
Shalria,1.0,-1.0,-1.0,-1.0,-1.0,-1.0,-1.0,-1.0,-1.0,-1.0,-1.0,-1.0,-1.0,-1.0,1.0,-1.0,1.0,1.0,-1.0,-1.0,1.0,-1.0,-1.0,-1.0,-1.0,-1.0,-1.0,-1.0,-1.0,-1.0,-1.0,-1.0,-1.0,-1.0,-1.0,-1.0,-1.0,-1.0,-1.0,-1.0,-1.0,-1.0,-1.0,-1.0,-1.0,-1.0,-1.0,-1.0,-1.0,-1.0,-1.0,-1.0,-1.0,-1.0,-1.0,-1.0,-1.0,-1.0,-1.0,-1.0,-1.0,-1.0,-1.0,1.0,-1.0,-1.0,-1.0,-1.0,-1.0,-1.0,-1.0,-1.0,-1.0,-1.0,-1.0,-1.0,-1.0,-1.0,-1.0,1.0,-1.0,-1.0,-1.0,-1.0,-1.0,-1.0,-1.0,-1.0,-1.0,-1.0,-1.0,-1.0,-1.0,
Shalria,0.7,-1.0,-0.7,-0.7,-1.0,-0.7,-0.7,0.0,-1.0,-0.7,-0.7,-1.0,-1.0,-1.0,1.0,-1.0,0.0,1.0,0.0,0.0,0.7,-1.0,-0.7,-1.0,-1.0,-0.7,-1.0,-0.7,-0.7,0.0,-1.0,-1.0,-0.7,0.0,0.0,-0.7,-0.7,-0.7,-1.0,-0.7,-0.7,-1.0,0.0,0.0,-1.0,0.0,-1.0,-1.0,0.0,-0.7,0.0,-1.0,0.0,0.0,-0.7,-0.7,0.0,-0.7,-0.7,-0.7,-1.0,0.0,-1.0,0.7,-0.7,-0.7,-1.0,-0.7,0.0,-0.7,-1.0,-0.7,-0.7,-0.7,-1.0,-1.0,-0.7,-0.7,-0.7,1.0,-1.0,-0.7,-0.7,-1.0,-1.0,-1.0,-0.7,-0.7,-1.0,-0.7,-1.0,-1.0,0.0,
Shalria,0.7,-0.7,-1.0,-1.0,-0.7,-0.7,-0.7,-0.7,-1.0,-0.7,0.0,-0.7,-1.0,-0.7,0.7,-1.0,0.7,0.0,-1.0,-1.0,0.7,-1.0,-1.0,-1.0,-1.0,0.0,-0.7,-1.0,0.0,-0.7,-0.7,-1.0,-0.7,-1.0,-1.0,-1.0,-1.0,-0.7,-1.0,-0.7,-1.0,-0.7,-1.0,-0.7,-1.0,-1.0,-1.0,-0.7,-1.0,-0.7,-1.0,0.0,-0.7,-1.0,-1.0,-1.0,0.0,-1.0,-0.7,-0.7,0.0,0.0,0.0,1.0,-0.7,-1.0,-1.0,-0.7,-0.7,-0.7,0.0,0.0,-1.0,-0.7,-1.0,-0.7,-0.7,-0.7,0.0,1.0,0.0,-0.7,-1.0,-1.0,-0.7,-1.0,-1.0,-0.7,-1.0,0.0,0.0,-0.7,-1.0,
Shakuyaku,1.0,1.0,-1.0,-1.0,-1.0,-1.0,-1.0,-1.0,-1.0,-1.0,-1.0,-1.0,1.0,1.0,-1.0,-1.0,1.0,1.0,-1.0,-1.0,1.0,-1.0,-1.0,-1.0,-1.0,-1.0,-1.0,-1.0,-1.0,-1.0,-1.0,-1.0,-1.0,-1.0,-1.0,-1.0,-1.0,1.0,-1.0,-1.0,-1.0,-1.0,-1.0,-1.0,-1.0,-1.0,-1.0,-1.0,-1.0,-1.0,-1.0,-1.0,-1.0,-1.0,-1.0,-1.0,-1.0,-1.0,-1.0,-1.0,-1.0,-1.0,-1.0,-1.0,-1.0,-1.0,-1.0,-1.0,-1.0,-1.0,-1.0,-1.0,-1.0,-1.0,-1.0,-1.0,-1.0,-1.0,-1.0,1.0,-1.0,-1.0,-1.0,-1.0,-1.0,-1.0,-1.0,-1.0,-1.0,-1.0,-1.0,-1.0,-1.0,
Shakuyaku,0.7,0.7,0.0,-1.0,-0.7,-0.7,-1.0,-1.0,-0.7,-1.0,0.0,0.0,0.7,0.7,-1.0,0.0,0.7,0.7,0.0,-1.0,0.7,-0.7,-1.0,-1.0,-0.7,-0.7,-1.0,0.0,-1.0,-0.7,-1.0,-1.0,-0.7,-0.7,-0.7,-0.7,-1.0,0.7,-1.0,-1.0,0.0,-0.7,-1.0,-0.7,0.0,-0.7,-0.7,-0.7,-0.7,-0.7,-0.7,-0.7,-1.0,-1.0,0.0,0.0,-0.7,-1.0,-1.0,-1.0,-0.7,-1.0,-0.7,-0.7,-0.7,0.0,0.0,-0.7,-1.0,0.0,-1.0,-1.0,0.0,-1.0,-0.7,-0.7,-0.7,0.0,0.0,1.0,-1.0,0.0,-0.7,-1.0,-0.7,-1.0,-1.0,-0.7,-0.7,-1.0,-0.7,0.0,-0.7,
Shakuyaku,0.7,0.7,-0.7,-0.7,-1.0,-1.0,-0.7,-1.0,-0.7,-1.0,-1.0,-0.7,0.0,0.7,-1.0,0.0,0.7,1.0,-0.7,-1.0,1.0,0.0,-0.7,-0.7,-1.0,-1.0,0.0,-1.0,-0.7,-0.7,-1.0,0.0,-1.0,-0.7,0.0,-0.7,0.0,0.7,-0.7,0.0,0.0,-0.7,-0.7,-0.7,-1.0,-1.0,-1.0,0.0,-0.7,0.0,-0.7,-1.0,-1.0,-0.7,0.0,0.0,-0.7,-0.7,-0.7,-1.0,-1.0,-0.7,-1.0,-0.7,-1.0,-1.0,-0.7,-0.7,-1.0,0.0,-0.7,-0.7,0.0,-1.0,0.0,-0.7,-1.0,-0.7,0.0,0.7,-0.7,-1.0,-1.0,-0.7,-0.7,0.0,-0.7,-1.0,-1.0,-1.0,-1.0,-0.7,-1.0,
Shachi,-1.0,-1.0,-1.0,-1.0,-1.0,-1.0,-1.0,-1.0,-1.0,-1.0,-1.0,-1.0,1.0,-1.0,-1.0,-1.0,-1.0,-1.0,-1.0,-1.0,1.0,-1.0,-1.0,-1.0,-1.0,-1.0,-1.0,-1.0,-1.0,-1.0,-1.0,-1.0,-1.0,-1.0,-1.0,-1.0,-1.0,-1.0,-1.0,-1.0,-1.0,-1.0,-1.0,-1.0,-1.0,-1.0,-1.0,-1.0,-1.0,-1.0,-1.0,-1.0,-1.0,-1.0,-1.0,-1.0,-1.0,-1.0,-1.0,-1.0,-1.0,-1.0,-1.0,-1.0,-1.0,-1.0,-1.0,-1.0,-1.0,-1.0,-1.0,-1.0,-1.0,-1.0,-1.0,-1.0,-1.0,-1.0,-1.0,1.0,-1.0,-1.0,-1.0,-1.0,-1.0,-1.0,-1.0,-1.0,-1.0,-1.0,-1.0,-1.0,-1.0,
Shachi,0.0,-0.7,0.0,-0.7,-0.7,-0.7,0.0,-0.7,-0.7,-0.7,-1.0,-0.7,0.0,-1.0,-0.7,-0.7,0.0,-1.0,-1.0,-1.0,1.0,-0.7,-1.0,-0.7,0.0,-1.0,-1.0,0.0,-0.7,-1.0,-1.0,0.0,-1.0,-0.7,-1.0,-1.0,0.0,-1.0,-1.0,-0.7,-0.7,-1.0,-0.7,-1.0,-1.0,-1.0,0.0,-1.0,-0.7,-1.0,-1.0,-1.0,-0.7,-1.0,-0.7,0.0,-1.0,-0.7,-1.0,-1.0,-1.0,-0.7,-1.0,-0.7,-1.0,-0.7,-0.7,-1.0,-0.7,-1.0,-1.0,0.0,-1.0,0.0,-1.0,-1.0,-1.0,-0.7,-1.0,1.0,-0.7,-1.0,0.0,-0.7,-0.7,0.0,-1.0,-1.0,-1.0,-1.0,-1.0,-0.7,-0.7,
Shachi,-1.0,-1.0,-1.0,-1.0,-0.7,-0.7,-1.0,-0.7,-0.7,-0.7,-1.0,-1.0,0.7,0.0,-0.7,-1.0,-1.0,-0.7,-0.7,-1.0,0.7,-0.7,-0.7,-0.7,-0.7,-1.0,-0.7,0.0,0.0,-1.0,-0.7,0.0,-0.7,-1.0,0.0,-1.0,-1.0,-0.7,-1.0,-1.0,-0.7,-0.7,0.0,-0.7,0.0,-0.7,-1.0,-0.7,-0.7,-0.7,-1.0,-1.0,-0.7,-1.0,0.0,-0.7,-0.7,-1.0,-0.7,0.0,-1.0,-1.0,-1.0,-1.0,-0.7,-1.0,-0.7,-0.7,-1.0,0.0,-1.0,-0.7,-1.0,0.0,0.0,-1.0,-1.0,-0.7,-1.0,0.7,0.0,-0.7,0.0,-1.0,0.0,-1.0,-1.0,0.0,-0.7,-0.7,0.0,-0.7,-1.0,
Sentomaru,-1.0,1.0,-1.0,-1.0,-1.0,-1.0,-1.0,-1.0,-1.0,-1.0,-1.0,-1.0,-1.0,-1.0,-1.0,-1.0,1.0,1.0,-1.0,-1.0,1.0,-1.0,-1.0,-1.0,-1.0,-1.0,-1.0,-1.0,-1.0,-1.0,-1.0,-1.0,-1.0,-1.0,-1.0,-1.0,-1.0,1.0,-1.0,-1.0,-1.0,-1.0,-1.0,-1.0,-1.0,-1.0,-1.0,-1.0,-1.0,-1.0,-1.0,-1.0,-1.0,-1.0,-1.0,-1.0,-1.0,-1.0,-1.0,-1.0,-1.0,-1.0,-1.0,-1.0,-1.0,-1.0,-1.0,-1.0,-1.0,-1.0,-1.0,-1.0,-1.0,-1.0,-1.0,-1.0,-1.0,-1.0,-1.0,1.0,-1.0,-1.0,-1.0,-1.0,-1.0,-1.0,-1.0,-1.0,-1.0,-1.0,-1.0,-1.0,-1.0,
Sentomaru,-0.7,1.0,-1.0,-0.7,0.0,-0.7,-1.0,0.0,0.0,-1.0,-1.0,-1.0,-0.7,-1.0,-0.7,-0.7,0.7,0.0,-0.7,-1.0,0.7,0.0,-1.0,-1.0,-0.7,-1.0,-0.7,-0.7,-0.7,-0.7,-1.0,-1.0,-1.0,0.0,-0.7,-0.7,-1.0,0.7,-1.0,-1.0,-1.0,-0.7,-0.7,-0.7,0.0,-0.7,-0.7,0.0,-0.7,-0.7,-0.7,-1.0,0.0,0.0,-0.7,-0.7,-0.7,0.0,0.0,-1.0,-0.7,-0.7,-1.0,-0.7,-1.0,0.0,-1.0,0.0,0.0,-1.0,-0.7,-0.7,0.0,-0.7,-0.7,0.0,-1.0,-1.0,0.0,1.0,0.0,-0.7,-0.7,-1.0,-1.0,-1.0,-0.7,0.0,-0.7,-0.7,-1.0,-1.0,0.0,
Sentomaru,-1.0,1.0,-0.7,-0.7,-1.0,0.0,-0.7,-1.0,0.0,-1.0,-0.7,0.0,0.0,-1.0,-1.0,-0.7,0.0,0.7,-0.7,-1.0,0.7,0.0,-1.0,-1.0,-0.7,-1.0,-0.7,-1.0,-1.0,0.0,-0.7,0.0,-0.7,-1.0,-1.0,-0.7,-1.0,0.0,-1.0,-1.0,-1.0,-0.7,0.0,-1.0,-0.7,-1.0,-0.7,-1.0,-0.7,-0.7,-1.0,-0.7,-0.7,-0.7,-0.7,-0.7,-0.7,0.0,0.0,-0.7,0.0,0.0,-1.0,0.0,-1.0,-1.0,0.0,-1.0,-0.7,0.0,-1.0,-1.0,-0.7,-0.7,0.0,0.0,-1.0,-1.0,-0.7,0.7,-1.0,-1.0,-1.0,0.0,0.0,-1.0,-1.0,-1.0,0.0,0.0,-0.7,-1.0,-1.0,
Senor Pink,-1.0,1.0,-1.0,-1.0,-1.0,-1.0,-1.0,-1.0,-1.0,-1.0,-1.0,-1.0,-1.0,-1.0,-1.0,-1.0,1.0,1.0,-1.0,-1.0,1.0,-1.0,-1.0,-1.0,-1.0,-1.0,-1.0,-1.0,-1.0,-1.0,-1.0,-1.0,-1.0,-1.0,-1.0,-1.0,-1.0,1.0,1.0,1.0,-1.0,-1.0,-1.0,-1.0,-1.0,-1.0,-1.0,-1.0,-1.0,-1.0,-1.0,-1.0,-1.0,-1.0,-1.0,-1.0,-1.0,-1.0,-1.0,-1.0,-1.0,-1.0,-1.0,-1.0,-1.0,-1.0,-1.0,-1.0,-1.0,-1.0,-1.0,-1.0,-1.0,-1.0,-1.0,1.0,-1.0,-1.0,-1.0,-1.0,-1.0,-1.0,-1.0,-1.0,-1.0,-1.0,-1.0,-1.0,-1.0,-1.0,-1.0,-1.0,,
Senor Pink,-0.7,0.0,-1.0,-0.7,-1.0,-0.7,-0.7,-0.7,-0.7,0.0,-1.0,-1.0,0.0,-1.0,-0.7,0.0,0.0,0.0,-1.0,0.0,0.0,-0.7,-1.0,-0.7,-0.7,0.0,-1.0,-1.0,-0.7,-0.7,-0.7,-0.7,-0.7,-1.0,-1.0,-0.7,-1.0,0.7,0.7,0.7,0.0,-1.0,-1.0,-1.0,-0.7,-0.7,-1.0,-1.0,0.0,-0.7,-0.7,0.0,0.0,-1.0,-0.7,-0.7,0.0,-1.0,-0.7,-0.7,0.0,0.0,-0.7,-0.7,0.0,-0.7,0.0,0.0,0.0,-1.0,-1.0,-0.7,-0.7,-1.0,-1.0,0.7,0.0,-0.7,-1.0,-1.0,-1.0,0.0,0.0,-0.7,-0.7,-0.7,-1.0,-1.0,-0.7,0.0,-0.7,-1.0,,
Senor Pink,0.0,0.7,0.0,-1.0,-1.0,-1.0,0.0,-1.0,-0.7,-0.7,-0.7,-0.7,-1.0,-1.0,-1.0,-1.0,1.0,0.7,-1.0,-1.0,0.7,-1.0,0.0,-0.7,0.0,-1.0,-1.0,-0.7,-1.0,-0.7,-0.7,-0.7,0.0,-1.0,-0.7,-0.7,-0.7,1.0,0.7,0.7,0.0,-0.7,-1.0,-0.7,-0.7,-0.7,-1.0,-1.0,-1.0,-1.0,-0.7,-0.7,-1.0,-0.7,-1.0,-1.0,-0.7,0.0,-0.7,-0.7,-1.0,-1.0,-0.7,-1.0,-0.7,-1.0,-0.7,-0.7,0.0,0.0,-1.0,-1.0,0.0,-0.7,-0.7,1.0,-0.7,-1.0,0.0,-1.0,-1.0,-1.0,-0.7,0.0,-1.0,-1.0,-0.7,-0.7,0.0,-1.0,-0.7,-1.0,,
Sengoku,-1.0,1.0,-1.0,-1.0,-1.0,-1.0,-1.0,-1.0,-1.0,-1.0,-1.0,1.0,-1.0,-1.0,-1.0,-1.0,1.0,1.0,-1.0,-1.0,1.0,-1.0,-1.0,-1.0,-1.0,-1.0,-1.0,-1.0,-1.0,-1.0,-1.0,-1.0,-1.0,-1.0,-1.0,-1.0,1.0,1.0,-1.0,-1.0,-1.0,-1.0,1.0,-1.0,-1.0,-1.0,-1.0,-1.0,-1.0,-1.0,-1.0,-1.0,-1.0,-1.0,-1.0,-1.0,-1.0,-1.0,-1.0,-1.0,-1.0,-1.0,-1.0,-1.0,-1.0,-1.0,-1.0,-1.0,-1.0,-1.0,-1.0,-1.0,1.0,-1.0,-1.0,-1.0,-1.0,-1.0,-1.0,-1.0,-1.0,-1.0,-1.0,-1.0,-1.0,-1.0,-1.0,-1.0,-1.0,-1.0,-1.0,-1.0,-1.0,
Sengoku,-1.0,1.0,0.0,0.0,-1.0,0.0,-1.0,-1.0,-0.7,0.0,-0.7,0.0,0.0,-1.0,-1.0,-1.0,0.7,0.7,-1.0,-0.7,0.7,-0.7,-0.7,-1.0,-0.7,-1.0,-0.7,-0.7,-0.7,-1.0,-0.7,0.0,-0.7,0.0,-1.0,-1.0,0.7,0.7,-1.0,-1.0,-0.7,-0.7,1.0,0.0,-0.7,-0.7,0.0,-1.0,-0.7,0.0,-1.0,-0.7,0.0,-1.0,-1.0,-1.0,-0.7,-1.0,-1.0,0.0,-0.7,-1.0,0.0,-0.7,-1.0,-0.7,-0.7,-0.7,-1.0,-1.0,-1.0,-1.0,0.7,-0.7,-1.0,0.0,-0.7,-0.7,0.0,0.0,-1.0,-0.7,0.0,-1.0,-1.0,-1.0,-1.0,0.0,-0.7,-1.0,-0.7,-1.0,-1.0,
Sengoku,-1.0,1.0,-1.0,-0.7,-1.0,0.0,-1.0,-0.7,0.0,-1.0,-0.7,0.7,-1.0,-1.0,-0.7,-1.0,1.0,0.7,0.0,-1.0,0.7,0.0,-1.0,-0.7,-1.0,0.0,-1.0,-1.0,-0.7,-0.7,-1.0,-0.7,0.0,0.0,-0.7,0.0,0.0,0.7,0.0,0.0,-0.7,-0.7,1.0,-1.0,-0.7,-0.7,-0.7,0.0,-0.7,-1.0,-0.7,-1.0,-0.7,-0.7,-0.7,-1.0,-1.0,-1.0,-0.7,-0.7,-0.7,-1.0,0.0,0.0,-1.0,-0.7,-1.0,-0.7,-0.7,-0.7,-1.0,0.0,1.0,0.0,-1.0,-1.0,-0.7,0.0,-0.7,-1.0,0.0,-0.7,-1.0,-0.7,-0.7,-0.7,-0.7,0.0,0.0,-0.7,-1.0,-0.7,0.0,
Yeti Cool Brothers,-1.0,-1.0,-1.0,-1.0,-1.0,-1.0,-1.0,-1.0,-1.0,-1.0,-1.0,-1.0,-1.0,-1.0,-1.0,-1.0,-1.0,-1.0,-1.0,-1.0,1.0,-1.0,-1.0,-1.0,-1.0,-1.0,-1.0,-1.0,-1.0,-1.0,-1.0,-1.0,-1.0,-1.0,-1.0,-1.0,1.0,-1.0,-1.0,-1.0,-1.0,-1.0,-1.0,-1.0,-1.0,-1.0,-1.0,-1.0,-1.0,-1.0,-1.0,-1.0,-1.0,-1.0,-1.0,-1.0,-1.0,-1.0,-1.0,-1.0,-1.0,-1.0,-1.0,-1.0,-1.0,-1.0,-1.0,-1.0,-1.0,-1.0,-1.0,-1.0,-1.0,-1.0,-1.0,-1.0,-1.0,-1.0,-1.0,-1.0,-1.0,1.0,-1.0,-1.0,-1.0,-1.0,-1.0,-1.0,-1.0,-1.0,-1.0,-1.0,-1.0,
Yeti Cool Brothers,-1.0,-0.7,-0.7,-0.7,0.0,-0.7,-0.7,-1.0,0.0,-1.0,0.0,-1.0,-1.0,-0.7,-0.7,-0.7,-1.0,-0.7,0.0,0.0,1.0,-0.7,-0.7,-0.7,-1.0,-0.7,-0.7,-1.0,-1.0,-1.0,0.0,0.0,-1.0,-0.7,-1.0,-0.7,0.7,-0.7,0.0,-0.7,-1.0,-1.0,0.0,-1.0,-0.7,-0.7,-1.0,-0.7,0.0,-1.0,-1.0,0.0,-0.7,-0.7,-0.7,-0.7,-1.0,-0.7,-1.0,-0.7,-0.7,0.0,0.0,0.0,-0.7,-1.0,-1.0,-0.7,-0.7,-1.0,0.0,-1.0,-0.7,-0.7,-0.7,-0.7,-1.0,0.0,0.0,-0.7,-1.0,1.0,-1.0,-0.7,-0.7,-0.7,-0.7,0.0,-1.0,-0.7,-0.7,0.0,-0.7,
Yeti Cool Brothers,-0.7,-0.7,0.0,0.0,-1.0,-0.7,-0.7,-0.7,-0.7,-1.0,-0.7,-0.7,-1.0,0.0,-1.0,-0.7,0.0,-0.7,-0.7,-1.0,0.7,0.0,0.0,-0.7,-0.7,-1.0,-0.7,-1.0,0.0,-1.0,-1.0,-1.0,-0.7,-0.7,-1.0,-0.7,0.7,-1.0,-1.0,0.0,-1.0,-0.7,-0.7,-0.7,-0.7,-1.0,0.0,-1.0,-1.0,-0.7,0.0,-1.0,-0.7,-0.7,-1.0,-0.7,-0.7,-0.7,-1.0,0.0,-1.0,-0.7,0.0,-1.0,-1.0,-1.0,-0.7,-0.7,0.0,-1.0,0.0,-1.0,0.0,-1.0,-1.0,-1.0,-1.0,-1.0,-1.0,-1.0,-0.7,1.0,-0.7,0.0,-1.0,-1.0,-1.0,-0.7,-1.0,-1.0,-0.7,-1.0,-0.7,
Scratchmen Apoo,-1.0,1.0,-1.0,-1.0,-1.0,-1.0,-1.0,-1.0,-1.0,-1.0,-1.0,-1.0,-1.0,1.0,-1.0,-1.0,1.0,1.0,-1.0,-1.0,1.0,-1.0,-1.0,-1.0,-1.0,-1.0,-1.0,-1.0,-1.0,-1.0,-1.0,-1.0,-1.0,-1.0,-1.0,-1.0,1.0,1.0,1.0,-1.0,-1.0,-1.0,-1.0,-1.0,-1.0,-1.0,-1.0,-1.0,-1.0,-1.0,-1.0,-1.0,-1.0,-1.0,-1.0,-1.0,-1.0,-1.0,-1.0,-1.0,-1.0,-1.0,-1.0,-1.0,-1.0,-1.0,-1.0,-1.0,-1.0,-1.0,-1.0,-1.0,-1.0,-1.0,-1.0,-1.0,-1.0,-1.0,1.0,-1.0,-1.0,-1.0,-1.0,-1.0,-1.0,-1.0,-1.0,-1.0,-1.0,-1.0,-1.0,-1.0,-1.0,
Scratchmen Apoo,-1.0,1.0,-1.0,-0.7,0.0,-1.0,-1.0,-1.0,-1.0,-0.7,0.0,-1.0,-0.7,0.0,-0.7,-0.7,0.7,1.0,-1.0,-1.0,1.0,-0.7,-0.7,-0.7,-1.0,0.0,-1.0,-1.0,-0.7,0.0,-0.7,-0.7,-0.7,-0.7,-1.0,-0.7,0.7,0.7,1.0,-0.7,-0.7,-1.0,-0.7,-0.7,-0.7,-1.0,0.0,0.0,-1.0,0.0,-0.7,-0.7,0.0,0.0,-1.0,-1.0,0.0,-0.7,-1.0,0.0,-1.0,-0.7,-0.7,-0.7,-1.0,-1.0,-1.0,-0.7,-0.7,-0.7,-0.7,-1.0,0.0,-1.0,-1.0,-0.7,-1.0,-1.0,0.0,-1.0,-0.7,0.0,0.0,-1.0,-1.0,-0.7,-1.0,-0.7,-0.7,-0.7,-0.7,0.0,-1.0,
Scratchmen Apoo,-0.7,1.0,-1.0,-1.0,-0.7,0.0,-0.7,-1.0,-0.7,-1.0,-0.7,0.0,-1.0,1.0,-1.0,-1.0,0.7,1.0,-1.0,-0.7,0.0,-0.7,-1.0,-1.0,-1.0,-1.0,0.0,-1.0,-1.0,-1.0,0.0,-0.7,-0.7,-0.7,0.0,-1.0,1.0,0.7,0.7,-0.7,-0.7,-0.7,0.0,0.0,-1.0,-0.7,-0.7,-1.0,-1.0,-0.7,0.0,-1.0,0.0,-1.0,-0.7,-1.0,-1.0,0.0,0.0,-1.0,-0.7,-0.7,-1.0,-1.0,-0.7,-1.0,-1.0,0.0,-1.0,-1.0,0.0,-0.7,-0.7,-1.0,0.0,-1.0,-1.0,-1.0,0.7,0.0,-1.0,-1.0,-0.7,0.0,-1.0,-0.7,-0.7,0.0,-0.7,-1.0,-0.7,-1.0,-0.7,
Satori,-1.0,-1.0,-1.0,-1.0,-1.0,1.0,-1.0,-1.0,-1.0,-1.0,-1.0,-1.0,-1.0,-1.0,-1.0,-1.0,-1.0,-1.0,-1.0,-1.0,1.0,-1.0,-1.0,-1.0,-1.0,-1.0,-1.0,-1.0,-1.0,-1.0,-1.0,-1.0,-1.0,-1.0,-1.0,-1.0,-1.0,-1.0,-1.0,-1.0,-1.0,-1.0,-1.0,-1.0,-1.0,-1.0,-1.0,-1.0,-1.0,-1.0,-1.0,-1.0,-1.0,-1.0,-1.0,-1.0,-1.0,-1.0,1.0,-1.0,-1.0,-1.0,-1.0,-1.0,-1.0,-1.0,-1.0,1.0,-1.0,-1.0,-1.0,1.0,-1.0,-1.0,-1.0,-1.0,-1.0,-1.0,-1.0,-1.0,-1.0,-1.0,-1.0,-1.0,-1.0,-1.0,-1.0,-1.0,-1.0,-1.0,-1.0,-1.0,-1.0,
Satori,-1.0,-1.0,-1.0,0.0,-0.7,1.0,-1.0,-1.0,-1.0,-0.7,-0.7,0.0,0.0,-1.0,0.0,-0.7,-0.7,0.0,0.0,0.0,1.0,-1.0,0.0,-1.0,-0.7,-0.7,-0.7,-1.0,-0.7,0.0,-0.7,-0.7,-0.7,-1.0,-1.0,-0.7,-1.0,-1.0,0.0,-0.7,0.0,-1.0,-0.7,-1.0,-1.0,0.0,-1.0,-1.0,0.0,0.0,0.0,-1.0,-1.0,-0.7,-0.7,-1.0,-1.0,-0.7,0.7,-1.0,0.0,-1.0,0.0,0.0,-0.7,-0.7,-1.0,0.0,-1.0,-0.7,-0.7,1.0,0.0,0.0,-1.0,-0.7,-1.0,0.0,-1.0,0.0,-1.0,-1.0,-0.7,-1.0,0.0,-1.0,0.0,0.0,0.0,-0.7,-0.7,-0.7,0.0,
Satori,-1.0,-1.0,0.0,-1.0,-1.0,0.7,0.0,-1.0,0.0,-1.0,0.0,-1.0,-1.0,0.0,-0.7,-1.0,-0.7,-0.7,-1.0,-1.0,0.7,-1.0,-0.7,0.0,-0.7,-0.7,-0.7,-1.0,0.0,-0.7,-1.0,-1.0,-0.7,-0.7,-1.0,-0.7,-0.7,-1.0,-0.7,-1.0,-1.0,-1.0,-0.7,-1.0,-0.7,-0.7,-0.7,0.0,0.0,-0.7,-0.7,-1.0,0.0,0.0,-0.7,-1.0,-0.7,-1.0,1.0,-0.7,0.0,-1.0,-1.0,-1.0,0.0,-0.7,-0.7,0.7,-0.7,-1.0,-1.0,0.7,-0.7,-1.0,-0.7,-1.0,-0.7,-1.0,-0.7,-1.0,-0.7,-0.7,-0.7,-1.0,-1.0,0.0,-1.0,-0.7,0.0,-1.0,-1.0,-1.0,-1.0,
Sarutobi,-1.0,-1.0,-1.0,-1.0,-1.0,-1.0,-1.0,-1.0,-1.0,-1.0,-1.0,1.0,-1.0,-1.0,-1.0,1.0,1.0,-1.0,-1.0,1.0,-1.0,-1.0,-1.0,-1.0,-1.0,-1.0,-1.0,-1.0,-1.0,-1.0,-1.0,-1.0,-1.0,-1.0,-1.0,-1.0,1.0,-1.0,-1.0,-1.0,-1.0,-1.0,-1.0,-1.0,-1.0,-1.0,-1.0,-1.0,-1.0,-1.0,-1.0,-1.0,-1.0,-1.0,-1.0,-1.0,-1.0,-1.0,-1.0,-1.0,-1.0,-1.0,-1.0,-1.0,-1.0,-1.0,-1.0,-1.0,-1.0,-1.0,-1.0,-1.0,-1.0,-1.0,1.0,-1.0,-1.0,-1.0,-1.0,-1.0,-1.0,-1.0,-1.0,-1.0,-1.0,-1.0,-1.0,-1.0,-1.0,-1.0,-1.0,-1.0,-1.0,
Sarutobi,-0.7,-0.7,-0.7,0.0,-0.7,-0.7,-1.0,-1.0,-1.0,-0.7,0.0,0.0,-1.0,-1.0,-1.0,1.0,1.0,-1.0,-1.0,1.0,-1.0,-0.7,-0.7,0.0,-0.7,-0.7,-1.0,-1.0,-0.7,-1.0,-0.7,-0.7,-0.7,-0.7,-0.7,-0.7,0.7,-0.7,-1.0,-1.0,-0.7,-1.0,0.0,-1.0,-1.0,-0.7,0.0,-1.0,-1.0,-0.7,-0.7,-0.7,-0.7,-0.7,-1.0,-1.0,0.0,-1.0,-1.0,-0.7,-0.7,-0.7,-1.0,-1.0,-0.7,-1.0,-0.7,-0.7,0.0,0.0,0.0,-1.0,0.0,-0.7,0.0,-1.0,-1.0,-0.7,0.0,-0.7,0.0,-1.0,-1.0,-0.7,-0.7,-0.7,0.0,0.0,-1.0,0.0,-1.0,-0.7,-1.0,
Sarutobi,-1.0,-0.7,-1.0,-1.0,-0.7,-0.7,-1.0,-1.0,-1.0,-1.0,-1.0,1.0,0.0,-1.0,-1.0,0.7,1.0,-1.0,-0.7,0.7,-1.0,-0.7,-1.0,-1.0,-1.0,0.0,-0.7,0.0,-1.0,-0.7,-1.0,0.0,-1.0,-1.0,-1.0,-1.0,0.7,-1.0,-0.7,-0.7,-0.7,0.0,-1.0,-1.0,-1.0,-1.0,0.0,-0.7,-0.7,-0.7,0.0,-1.0,-1.0,0.0,-1.0,-0.7,-0.7,0.0,-1.0,0.0,-1.0,-1.0,-1.0,-1.0,0.0,-0.7,-0.7,-1.0,-0.7,-1.0,-1.0,-0.7,-0.7,-0.7,0.7,-0.7,-1.0,0.0,0.0,-0.7,-1.0,-0.7,-1.0,-0.7,-1.0,-1.0,0.0,-0.7,-0.7,-0.7,-1.0,-1.0,-0.7,
Sarquiss,-1.0,1.0,-1.0,-1.0,-1.0,-1.0,-1.0,-1.0,-1.0,-1.0,-1.0,-1.0,-1.0,-1.0,-1.0,-1.0,-1.0,-1.0,-1.0,-1.0,1.0,-1.0,-1.0,-1.0,-1.0,-1.0,-1.0,-1.0,-1.0,-1.0,-1.0,-1.0,-1.0,-1.0,-1.0,-1.0,1.0,-1.0,-1.0,-1.0,-1.0,-1.0,-1.0,-1.0,-1.0,-1.0,-1.0,-1.0,-1.0,-1.0,-1.0,-1.0,-1.0,-1.0,-1.0,-1.0,-1.0,-1.0,-1.0,-1.0,-1.0,-1.0,-1.0,-1.0,-1.0,-1.0,-1.0,-1.0,-1.0,-1.0,-1.0,-1.0,1.0,-1.0,-1.0,-1.0,-1.0,-1.0,-1.0,-1.0,-1.0,-1.0,-1.0,-1.0,-1.0,-1.0,-1.0,-1.0,-1.0,-1.0,-1.0,-1.0,-1.0,
Sarquiss,-0.7,1.0,-1.0,-0.7,0.0,0.0,-0.7,0.0,-1.0,-1.0,-1.0,0.0,0.0,-1.0,-0.7,-1.0,-0.7,-1.0,0.0,-1.0,0.7,-1.0,-1.0,-0.7,-0.7,-1.0,-0.7,-0.7,-1.0,-0.7,-0.7,-1.0,-0.7,0.0,0.0,-1.0,0.7,-0.7,-1.0,-0.7,-1.0,-1.0,-0.7,-1.0,-1.0,-1.0,-1.0,-0.7,0.0,-1.0,-0.7,-1.0,-1.0,0.0,-0.7,-1.0,-0.7,-1.0,0.0,-1.0,0.0,-1.0,-0.7,0.0,-1.0,-1.0,-0.7,-1.0,-0.7,-0.7,-1.0,-0.7,1.0,0.0,-1.0,-0.7,-1.0,-0.7,-1.0,-1.0,-1.0,-0.7,-0.7,-1.0,0.0,-1.0,-0.7,-0.7,-1.0,-1.0,-0.7,-1.0,0.0,
Sarquiss,0.0,1.0,-1.0,-1.0,-0.7,-1.0,0.0,-0.7,0.0,-1.0,-1.0,-0.7,-0.7,-0.7,0.0,-0.7,-1.0,-1.0,-0.7,-0.7,0.7,-1.0,0.0,-0.7,-1.0,-1.0,-0.7,-0.7,-1.0,-0.7,-1.0,-0.7,-1.0,-1.0,-0.7,-1.0,1.0,-0.7,0.0,-0.7,-1.0,-1.0,-0.7,-1.0,-1.0,-1.0,-0.7,-0.7,-0.7,0.0,-1.0,0.0,-0.7,-1.0,0.0,-0.7,-1.0,-1.0,-1.0,0.0,-1.0,0.0,-1.0,-1.0,-1.0,-0.7,-1.0,-0.7,-1.0,0.0,0.0,-1.0,0.7,0.0,-0.7,-1.0,-0.7,-0.7,-1.0,-1.0,-1.0,-1.0,-1.0,-1.0,-1.0,-1.0,-1.0,-0.7,0.0,-1.0,-1.0,-1.0,0.0,
Sanji,-1.0,1.0,-1.0,-1.0,-1.0,-1.0,-1.0,-1.0,-1.0,1.0,-1.0,-1.0,-1.0,-1.0,-1.0,-1.0,1.0,1.0,-1.0,-1.0,-1.0,1.0,-1.0,-1.0,-1.0,-1.0,-1.0,-1.0,1.0,-1.0,-1.0,-1.0,-1.0,-1.0,-1.0,-1.0,-1.0,-1.0,-1.0,-1.0,-1.0,-1.0,-1.0,-1.0,-1.0,-1.0,-1.0,-1.0,-1.0,-1.0,-1.0,-1.0,-1.0,-1.0,-1.0,-1.0,-1.0,-1.0,-1.0,-1.0,-1.0,-1.0,-1.0,-1.0,-1.0,-1.0,-1.0,-1.0,-1.0,-1.0,-1.0,-1.0,-1.0,-1.0,-1.0,-1.0,-1.0,-1.0,-1.0,-1.0,-1.0,-1.0,1.0,-1.0,-1.0,-1.0,-1.0,-1.0,-1.0,-1.0,-1.0,-1.0,-1.0,
Sanji,-0.7,1.0,-0.7,-1.0,-1.0,-1.0,-1.0,-0.7,-0.7,0.7,-0.7,-0.7,-0.7,-0.7,-1.0,-0.7,0.0,0.7,-0.7,-1.0,0.0,0.0,0.0,-1.0,0.0,-1.0,-0.7,-0.7,0.0,-0.7,-0.7,0.0,-0.7,-0.7,-1.0,-0.7,-1.0,0.0,0.0,-1.0,-0.7,-1.0,-1.0,-0.7,-1.0,-1.0,-0.7,-1.0,-0.7,-1.0,0.0,-0.7,-0.7,-1.0,-1.0,0.0,-0.7,-1.0,0.0,-1.0,-0.7,-1.0,-1.0,-1.0,-1.0,-0.7,-0.7,0.0,-0.7,-1.0,-0.7,-0.7,-1.0,-1.0,-0.7,-0.7,0.0,0.0,-0.7,-0.7,-0.7,-1.0,0.7,0.0,0.0,-0.7,-1.0,-1.0,-1.0,0.0,-0.7,-0.7,-0.7,
Sanji,-0.7,0.7,-0.7,-0.7,0.0,-1.0,0.0,0.0,-0.7,1.0,-1.0,-1.0,0.0,0.0,-1.0,-1.0,0.0,1.0,0.0,-0.7,0.0,0.7,-1.0,-1.0,0.0,-1.0,-0.7,-0.7,0.0,-1.0,-0.7,-1.0,-0.7,-0.7,-1.0,0.0,-1.0,-0.7,-0.7,-0.7,-1.0,0.0,-1.0,-0.7,-1.0,-0.7,0.0,-1.0,-1.0,-1.0,0.0,-1.0,0.0,-1.0,-0.7,-0.7,-1.0,-0.7,-0.7,-0.7,-0.7,0.0,-0.7,-1.0,-0.7,-1.0,-1.0,-0.7,-0.7,-0.7,-0.7,-1.0,-0.7,-0.7,-1.0,0.0,-1.0,-0.7,0.0,-0.7,-1.0,-1.0,1.0,-0.7,-1.0,-1.0,-0.7,-1.0,-0.7,-0.7,-1.0,-0.7,-1.0,
Sanjuan Wolf,-1.0,-1.0,-1.0,-1.0,-1.0,1.0,-1.0,-1.0,-1.0,-1.0,-1.0,-1.0,1.0,-1.0,-1.0,-1.0,1.0,1.0,-1.0,-1.0,1.0,-1.0,-1.0,-1.0,-1.0,-1.0,-1.0,-1.0,-1.0,-1.0,-1.0,-1.0,-1.0,-1.0,-1.0,-1.0,1.0,1.0,1.0,-1.0,-1.0,-1.0,-1.0,-1.0,-1.0,-1.0,-1.0,-1.0,-1.0,-1.0,-1.0,-1.0,-1.0,-1.0,-1.0,-1.0,-1.0,-1.0,-1.0,-1.0,-1.0,-1.0,-1.0,-1.0,-1.0,-1.0,-1.0,-1.0,-1.0,-1.0,-1.0,-1.0,-1.0,-1.0,-1.0,-1.0,-1.0,-1.0,-1.0,-1.0,1.0,-1.0,-1.0,-1.0,-1.0,-1.0,-1.0,-1.0,-1.0,-1.0,-1.0,1.0,-1.0,
Sanjuan Wolf,0.0,-1.0,-1.0,-0.7,-1.0,0.7,-1.0,-1.0,-1.0,-1.0,-1.0,-0.7,0.0,-1.0,-1.0,-0.7,1.0,1.0,-0.7,-0.7,1.0,-0.7,-0.7,-0.7,-0.7,-0.7,-1.0,-1.0,-1.0,0.0,-0.7,-0.7,0.0,-0.7,-0.7,-0.7,1.0,0.0,0.7,-1.0,-1.0,0.0,-1.0,-1.0,-0.7,0.0,-0.7,0.0,0.0,0.0,-0.7,-0.7,-1.0,-1.0,-0.7,-1.0,-0.7,-1.0,-1.0,0.0,-0.7,-0.7,-0.7,-0.7,-1.0,-0.7,-0.7,-1.0,-1.0,-0.7,-1.0,0.0,0.0,-1.0,-0.7,0.0,0.0,-1.0,-1.0,-1.0,0.7,-1.0,-0.7,-0.7,0.0,-1.0,-1.0,0.0,-1.0,0.0,-1.0,0.0,-0.7,
Sanjuan Wolf,-1.0,-0.7,0.0,-1.0,-1.0,0.7,0.0,-1.0,-1.0,-1.0,-1.0,-1.0,0.7,-0.7,-0.7,-0.7,1.0,0.7,-0.7,0.0,0.7,-1.0,-0.7,-1.0,0.0,-0.7,-0.7,-0.7,-1.0,-0.7,-0.7,-1.0,-0.7,0.0,-1.0,-1.0,0.0,1.0,1.0,-0.7,-0.7,0.0,-1.0,0.0,-1.0,-0.7,-1.0,-0.7,0.0,-1.0,-1.0,-0.7,-0.7,-1.0,0.0,-0.7,-1.0,0.0,-1.0,0.0,-1.0,-1.0,-0.7,-0.7,-0.7,-1.0,-1.0,-0.7,0.0,-0.7,-1.0,-0.7,-0.7,-1.0,-0.7,-0.7,-1.0,-0.7,-0.7,0.0,0.7,-0.7,-1.0,-0.7,-1.0,-1.0,-1.0,-0.7,-0.7,-0.7,-0.7,0.7,-1.0,
Sasaki,-1.0,1.0,1.0,-1.0,-1.0,-1.0,-1.0,-1.0,-1.0,-1.0,-1.0,-1.0,-1.0,1.0,-1.0,-1.0,1.0,1.0,-1.0,-1.0,1.0,-1.0,-1.0,-1.0,-1.0,-1.0,-1.0,-1.0,-1.0,-1.0,-1.0,-1.0,-1.0,-1.0,-1.0,-1.0,1.0,1.0,-1.0,-1.0,-1.0,1.0,-1.0,-1.0,-1.0,-1.0,-1.0,-1.0,-1.0,-1.0,-1.0,-1.0,-1.0,1.0,-1.0,-1.0,-1.0,-1.0,-1.0,-1.0,-1.0,-1.0,-1.0,-1.0,-1.0,-1.0,-1.0,-1.0,-1.0,-1.0,-1.0,-1.0,-1.0,-1.0,-1.0,1.0,-1.0,-1.0,-1.0,-1.0,-1.0,-1.0,-1.0,-1.0,-1.0,-1.0,-1.0,-1.0,-1.0,-1.0,-1.0,-1.0,-1.0,
Sasaki,-0.7,1.0,0.7,-1.0,-0.7,-0.7,-0.7,-1.0,-0.7,-0.7,-1.0,-1.0,-1.0,0.7,-1.0,-1.0,1.0,0.7,-1.0,0.0,1.0,-1.0,-0.7,0.0,0.0,-1.0,-1.0,-0.7,-1.0,-0.7,-0.7,-0.7,0.0,-1.0,-0.7,-0.7,0.7,0.7,0.0,0.0,-0.7,0.7,-0.7,-0.7,-1.0,-0.7,-0.7,-0.7,-1.0,-0.7,-0.7,-1.0,-0.7,0.7,0.0,-1.0,-1.0,-1.0,0.0,-0.7,-0.7,-1.0,-0.7,-0.7,0.0,-1.0,0.0,-1.0,-1.0,0.0,-0.7,0.0,0.0,-0.7,-1.0,0.7,-0.7,-0.7,-0.7,0.0,0.0,-0.7,-0.7,-0.7,-0.7,0.0,-0.7,0.0,-0.7,-0.7,-0.7,-0.7,-0.7,
Sasaki,-1.0,1.0,0.7,-1.0,-0.7,0.0,0.0,-0.7,-1.0,-0.7,-0.7,-1.0,-1.0,1.0,-0.7,-1.0,1.0,0.0,-0.7,-1.0,1.0,-0.7,-1.0,-0.7,-1.0,-1.0,-1.0,-1.0,0.0,-0.7,0.0,-0.7,-0.7,-1.0,-0.7,0.0,1.0,0.7,-1.0,0.0,-0.7,0.0,-1.0,0.0,-1.0,-1.0,-1.0,-1.0,-1.0,-0.7,-0.7,0.0,-0.7,1.0,-1.0,-0.7,-0.7,-0.7,-0.7,-1.0,-0.7,-0.7,-0.7,-1.0,-1.0,0.0,-0.7,-0.7,-1.0,-0.7,-1.0,-1.0,-0.7,-0.7,-1.0,1.0,-0.7,-1.0,-1.0,-0.7,-0.7,0.0,-0.7,-1.0,0.0,-1.0,-0.7,-1.0,-0.7,0.0,-0.7,-0.7,0.0,
Sakazuki,-1.0,1.0,-1.0,-1.0,-1.0,-1.0,-1.0,-1.0,-1.0,-1.0,1.0,-1.0,-1.0,-1.0,-1.0,-1.0,1.0,1.0,-1.0,-1.0,1.0,-1.0,-1.0,-1.0,-1.0,-1.0,-1.0,-1.0,-1.0,-1.0,-1.0,-1.0,-1.0,-1.0,-1.0,-1.0,1.0,1.0,-1.0,1.0,-1.0,-1.0,-1.0,-1.0,-1.0,-1.0,-1.0,-1.0,-1.0,-1.0,-1.0,-1.0,-1.0,-1.0,-1.0,-1.0,-1.0,-1.0,-1.0,-1.0,-1.0,-1.0,-1.0,-1.0,-1.0,-1.0,-1.0,-1.0,-1.0,-1.0,-1.0,1.0,-1.0,-1.0,-1.0,-1.0,-1.0,-1.0,-1.0,-1.0,-1.0,-1.0,-1.0,-1.0,-1.0,-1.0,-1.0,-1.0,-1.0,-1.0,-1.0,-1.0,-1.0,
Sakazuki,-1.0,1.0,0.0,-0.7,-0.7,-0.7,-1.0,-1.0,-1.0,-1.0,0.7,-1.0,-0.7,-1.0,-1.0,-1.0,0.7,1.0,-0.7,-1.0,1.0,0.0,-1.0,0.0,0.0,-0.7,-0.7,-0.7,0.0,-0.7,-1.0,-1.0,-1.0,-1.0,-1.0,-0.7,0.7,0.7,-1.0,1.0,-0.7,-0.7,-0.7,-1.0,-0.7,-0.7,-0.7,-1.0,0.0,-1.0,-1.0,-0.7,-0.7,-1.0,-0.7,-0.7,-0.7,-0.7,-1.0,-0.7,-1.0,-0.7,-1.0,-0.7,-0.7,0.0,-1.0,-1.0,-1.0,-1.0,-0.7,0.0,-1.0,-0.7,-0.7,-1.0,-1.0,0.0,-1.0,-0.7,-1.0,-0.7,-1.0,-1.0,-1.0,-1.0,0.0,-0.7,-0.7,0.0,-1.0,0.0,-0.7,
Sakazuki,-0.7,0.0,-1.0,-1.0,-1.0,0.0,-1.0,0.0,-1.0,-0.7,0.7,0.0,-1.0,-1.0,0.0,0.0,1.0,0.7,-1.0,-0.7,0.7,-0.7,-0.7,-1.0,-0.7,-0.7,0.0,-0.7,-1.0,-1.0,-0.7,-0.7,-0.7,-1.0,-1.0,0.0,0.0,0.7,-0.7,0.0,-1.0,0.0,-1.0,0.0,-0.7,-0.7,-0.7,-1.0,-1.0,-0.7,-0.7,-1.0,-1.0,-1.0,-0.7,0.0,-1.0,-1.0,-0.7,-0.7,-0.7,-1.0,-0.7,-1.0,-1.0,-0.7,-0.7,-1.0,-0.7,-1.0,-0.7,1.0,-1.0,0.0,-0.7,-0.7,0.0,-0.7,-0.7,-1.0,0.0,-1.0,0.0,-0.7,-0.7,-1.0,-1.0,-0.7,-0.7,-0.7,-0.7,0.0,0.0,
Sadi,1.0,1.0,-1.0,-1.0,-1.0,-1.0,-1.0,-1.0,-1.0,-1.0,-1.0,1.0,-1.0,-1.0,-1.0,-1.0,1.0,1.0,-1.0,-1.0,1.0,-1.0,-1.0,-1.0,-1.0,-1.0,-1.0,-1.0,1.0,-1.0,-1.0,-1.0,-1.0,-1.0,-1.0,-1.0,1.0,-1.0,-1.0,-1.0,-1.0,-1.0,-1.0,-1.0,-1.0,-1.0,-1.0,-1.0,-1.0,-1.0,-1.0,-1.0,-1.0,-1.0,-1.0,-1.0,-1.0,-1.0,-1.0,-1.0,-1.0,-1.0,-1.0,-1.0,-1.0,-1.0,-1.0,-1.0,-1.0,-1.0,-1.0,-1.0,-1.0,-1.0,-1.0,-1.0,-1.0,-1.0,-1.0,-1.0,-1.0,-1.0,-1.0,-1.0,-1.0,1.0,-1.0,-1.0,-1.0,-1.0,-1.0,-1.0,-1.0,
Sadi,0.7,1.0,-0.7,0.0,-0.7,-1.0,-0.7,-0.7,0.0,-0.7,0.0,1.0,0.0,-1.0,0.0,0.0,0.7,0.7,0.0,-1.0,0.7,0.0,-0.7,0.0,-0.7,-0.7,-1.0,-1.0,0.7,-0.7,-1.0,0.0,-0.7,-1.0,-0.7,-0.7,0.0,-0.7,-0.7,-0.7,0.0,-0.7,-1.0,-0.7,-1.0,0.0,-0.7,-1.0,-1.0,-1.0,-0.7,-0.7,-0.7,0.0,0.0,-1.0,-1.0,-0.7,-0.7,-1.0,-1.0,-1.0,-1.0,0.0,-0.7,-1.0,-1.0,-1.0,-0.7,-0.7,-1.0,0.0,-0.7,0.0,-1.0,-1.0,-0.7,-0.7,-1.0,0.0,0.0,-1.0,0.0,-0.7,-1.0,1.0,-1.0,-1.0,-1.0,-0.7,-1.0,-1.0,-1.0,
Sadi,1.0,0.7,-1.0,-0.7,-1.0,-1.0,0.0,-0.7,-0.7,-1.0,-0.7,0.0,-1.0,-1.0,-0.7,-1.0,0.0,0.7,-1.0,-1.0,1.0,-1.0,-0.7,-1.0,-1.0,-1.0,-0.7,-1.0,1.0,-1.0,-1.0,0.0,-0.7,-1.0,0.0,-1.0,0.7,-0.7,-0.7,-0.7,0.0,-0.7,-1.0,-1.0,-1.0,-0.7,-1.0,-1.0,-0.7,-0.7,-1.0,-1.0,-1.0,-1.0,-0.7,-1.0,-0.7,-1.0,-1.0,0.0,-0.7,-1.0,0.0,-1.0,0.0,-1.0,0.0,-1.0,0.0,-0.7,-1.0,0.0,-1.0,-0.7,-0.7,-0.7,-1.0,0.0,-0.7,-1.0,-1.0,-0.7,0.0,-0.7,-1.0,1.0,-0.7,-1.0,-1.0,-0.7,-1.0,-1.0,-1.0,
Saldeath,-1.0,1.0,-1.0,-1.0,-1.0,-1.0,-1.0,-1.0,-1.0,-1.0,-1.0,1.0,-1.0,-1.0,-1.0,-1.0,1.0,1.0,-1.0,-1.0,1.0,-1.0,-1.0,-1.0,-1.0,-1.0,-1.0,-1.0,-1.0,-1.0,-1.0,-1.0,-1.0,-1.0,-1.0,-1.0,1.0,-1.0,-1.0,-1.0,-1.0,-1.0,-1.0,-1.0,-1.0,-1.0,-1.0,-1.0,-1.0,-1.0,-1.0,-1.0,-1.0,-1.0,-1.0,-1.0,-1.0,-1.0,-1.0,-1.0,-1.0,-1.0,-1.0,-1.0,-1.0,-1.0,-1.0,-1.0,-1.0,-1.0,-1.0,-1.0,-1.0,-1.0,-1.0,-1.0,-1.0,-1.0,-1.0,-1.0,-1.0,-1.0,-1.0,-1.0,-1.0,1.0,-1.0,-1.0,-1.0,-1.0,-1.0,-1.0,-1.0,
Saldeath,-0.7,0.7,-0.7,-0.7,-1.0,0.0,-0.7,0.0,0.0,-0.7,0.0,1.0,-1.0,-1.0,-0.7,-0.7,0.0,0.7,-0.7,0.0,0.7,-1.0,0.0,-0.7,-0.7,-0.7,-1.0,-1.0,-1.0,-1.0,0.0,-0.7,-1.0,-1.0,-0.7,-1.0,1.0,-1.0,-0.7,0.0,0.0,-0.7,-0.7,-0.7,-1.0,-1.0,-1.0,-1.0,-1.0,-0.7,-1.0,-1.0,-0.7,-0.7,-1.0,-0.7,-0.7,-1.0,0.0,-1.0,-0.7,-1.0,-1.0,-1.0,-0.7,-0.7,0.0,-0.7,0.0,-1.0,-1.0,-1.0,0.0,-1.0,0.0,-1.0,0.0,-0.7,-0.7,0.0,0.0,0.0,-0.7,0.0,-0.7,0.0,-0.7,-0.7,-0.7,-0.7,-0.7,-0.7,-1.0,
Saldeath,-0.7,0.7,0.0,-0.7,-0.7,-1.0,0.0,-1.0,0.0,-0.7,-1.0,0.0,-1.0,-1.0,-1.0,0.0,0.7,0.0,-1.0,-1.0,0.7,-0.7,-0.7,-0.7,-1.0,-1.0,-0.7,-1.0,0.0,0.0,0.0,-1.0,-1.0,-0.7,-0.7,0.0,0.0,-1.0,0.0,-1.0,0.0,-0.7,-0.7,-0.7,0.0,-0.7,0.0,-1.0,0.0,0.0,-0.7,0.0,-1.0,0.0,-1.0,-0.7,-0.7,-0.7,-0.7,-1.0,0.0,-1.0,-0.7,0.0,0.0,-0.7,-0.7,-0.7,-0.7,-0.7,-0.7,-0.7,-0.7,-0.7,-0.7,-1.0,0.0,0.0,-1.0,-0.7,-0.7,-1.0,-1.0,-1.0,-0.7,1.0,-1.0,-1.0,-1.0,-0.7,-0.7,-1.0,-0.7,
Sai,-1.0,1.0,-1.0,-1.0,-1.0,-1.0,-1.0,-1.0,-1.0,-1.0,-1.0,-1.0,-1.0,-1.0,-1.0,-1.0,1.0,1.0,-1.0,-1.0,1.0,-1.0,-1.0,-1.0,-1.0,-1.0,-1.0,-1.0,-1.0,-1.0,-1.0,-1.0,-1.0,-1.0,-1.0,-1.0,1.0,-1.0,-1.0,-1.0,-1.0,-1.0,-1.0,-1.0,-1.0,-1.0,-1.0,-1.0,-1.0,-1.0,-1.0,-1.0,-1.0,-1.0,-1.0,-1.0,-1.0,-1.0,-1.0,-1.0,-1.0,-1.0,-1.0,-1.0,-1.0,-1.0,-1.0,-1.0,-1.0,-1.0,-1.0,-1.0,-1.0,-1.0,-1.0,-1.0,1.0,-1.0,-1.0,-1.0,-1.0,-1.0,-1.0,-1.0,-1.0,-1.0,-1.0,-1.0,-1.0,-1.0,-1.0,-1.0,-1.0,
Sai,-1.0,0.7,-1.0,-0.7,-1.0,-0.7,-0.7,-1.0,-0.7,-0.7,-0.7,-1.0,-0.7,-1.0,-0.7,-1.0,0.7,1.0,0.0,0.0,0.0,0.0,0.0,0.0,-1.0,-0.7,-1.0,-0.7,-0.7,0.0,0.0,-1.0,-0.7,-0.7,-0.7,-0.7,0.0,0.0,-1.0,-1.0,-0.7,-0.7,-0.7,0.0,-1.0,-0.7,0.0,-0.7,-0.7,-1.0,-1.0,-1.0,-0.7,-0.7,0.0,-1.0,-1.0,-1.0,-0.7,0.0,0.0,-0.7,-1.0,-1.0,0.0,-0.7,-1.0,-0.7,-1.0,-0.7,0.0,-1.0,-0.7,-1.0,0.0,-1.0,0.7,-1.0,0.0,-1.0,-0.7,-1.0,-0.7,-1.0,-1.0,-0.7,0.0,-0.7,-1.0,-0.7,-0.7,-0.7,-1.0,
Sai,0.0,1.0,-1.0,-1.0,0.0,0.0,0.0,-1.0,-0.7,-1.0,0.0,-0.7,-0.7,-1.0,-0.7,-0.7,0.7,0.7,-0.7,-0.7,0.0,-1.0,-1.0,-0.7,-1.0,-1.0,-1.0,-0.7,-1.0,-0.7,0.0,-0.7,-0.7,-1.0,-1.0,-1.0,0.0,-0.7,-1.0,-0.7,-1.0,-0.7,-1.0,-1.0,-1.0,-1.0,-0.7,-0.7,-1.0,-0.7,-1.0,-0.7,-1.0,-1.0,-1.0,-0.7,0.0,-1.0,-1.0,-1.0,-1.0,-1.0,-1.0,0.0,-1.0,-0.7,-1.0,-1.0,-0.7,-0.7,-1.0,-1.0,-1.0,-1.0,0.0,-0.7,0.0,-1.0,-0.7,-1.0,0.0,-1.0,-0.7,-1.0,-0.7,-0.7,-0.7,-1.0,-0.7,-0.7,-1.0,-0.7,0.0,
Sabo,-1.0,1.0,-1.0,-1.0,-1.0,-1.0,-1.0,-1.0,-1.0,-1.0,-1.0,-1.0,1.0,-1.0,1.0,-1.0,1.0,1.0,-1.0,-1.0,1.0,-1.0,-1.0,-1.0,-1.0,-1.0,-1.0,-1.0,1.0,1.0,-1.0,1.0,-1.0,-1.0,-1.0,-1.0,-1.0,1.0,-1.0,1.0,-1.0,-1.0,-1.0,-1.0,-1.0,-1.0,-1.0,-1.0,1.0,-1.0,-1.0,-1.0,-1.0,-1.0,-1.0,-1.0,-1.0,-1.0,-1.0,-1.0,-1.0,-1.0,-1.0,-1.0,-1.0,-1.0,-1.0,-1.0,-1.0,-1.0,-1.0,-1.0,-1.0,-1.0,-1.0,-1.0,-1.0,-1.0,-1.0,-1.0,1.0,-1.0,-1.0,-1.0,-1.0,-1.0,-1.0,-1.0,-1.0,-1.0,-1.0,-1.0,-1.0,
Sabo,0.0,1.0,0.0,0.0,-1.0,-0.7,0.0,-0.7,-1.0,-0.7,-1.0,-1.0,0.0,-1.0,0.0,-1.0,0.7,0.7,-0.7,0.0,0.0,-0.7,-1.0,-0.7,-1.0,-1.0,-1.0,-1.0,1.0,1.0,-0.7,1.0,-1.0,-0.7,-1.0,-1.0,-0.7,0.7,0.0,1.0,-0.7,-1.0,-1.0,-1.0,-0.7,-1.0,-0.7,0.0,1.0,-1.0,-0.7,-1.0,0.0,0.0,-1.0,-0.7,-0.7,-0.7,-1.0,-1.0,-0.7,-0.7,0.0,-0.7,-0.7,0.0,-1.0,-1.0,-0.7,-1.0,0.0,-0.7,-1.0,-1.0,-0.7,-1.0,-1.0,-0.7,-1.0,-1.0,0.7,-1.0,0.0,-1.0,-0.7,-1.0,-1.0,0.0,-0.7,-1.0,-1.0,-1.0,-0.7,
Sabo,-0.7,1.0,-1.0,-0.7,-0.7,-1.0,-1.0,0.0,-0.7,-1.0,-1.0,0.0,0.7,-0.7,1.0,0.0,0.7,1.0,-1.0,-1.0,0.7,-0.7,-0.7,-0.7,-0.7,-1.0,-1.0,-1.0,1.0,0.0,-1.0,0.7,0.0,-0.7,-0.7,-1.0,-1.0,0.7,-1.0,1.0,-0.7,0.0,-1.0,-1.0,-1.0,-0.7,-0.7,-1.0,0.0,-0.7,-0.7,-1.0,-1.0,0.0,0.0,-0.7,-0.7,-1.0,0.0,-0.7,-1.0,0.0,-1.0,-1.0,-0.7,-0.7,-0.7,-0.7,-1.0,-1.0,-0.7,-1.0,-0.7,-0.7,0.0,-1.0,-0.7,0.0,-1.0,-0.7,1.0,0.0,-0.7,0.0,-1.0,-0.7,-0.7,-0.7,-1.0,-1.0,-1.0,-1.0,-0.7,
Ryuboshi,-1.0,-1.0,-1.0,-1.0,-1.0,1.0,-1.0,-1.0,-1.0,-1.0,-1.0,-1.0,-1.0,-1.0,-1.0,-1.0,-1.0,1.0,-1.0,-1.0,1.0,-1.0,-1.0,-1.0,-1.0,-1.0,-1.0,-1.0,-1.0,-1.0,-1.0,-1.0,-1.0,-1.0,-1.0,-1.0,1.0,-1.0,-1.0,-1.0,-1.0,-1.0,-1.0,-1.0,-1.0,-1.0,-1.0,-1.0,-1.0,-1.0,-1.0,-1.0,-1.0,-1.0,-1.0,-1.0,-1.0,-1.0,-1.0,-1.0,-1.0,-1.0,-1.0,-1.0,-1.0,1.0,-1.0,-1.0,-1.0,-1.0,-1.0,-1.0,-1.0,-1.0,1.0,-1.0,-1.0,-1.0,-1.0,-1.0,-1.0,-1.0,-1.0,-1.0,-1.0,-1.0,-1.0,-1.0,-1.0,-1.0,-1.0,-1.0,-1.0,
Ryuboshi,-1.0,-0.7,-0.7,-1.0,-1.0,1.0,-0.7,-0.7,-0.7,0.0,-1.0,-0.7,-0.7,-1.0,0.0,0.0,-1.0,0.7,0.0,-0.7,0.7,-1.0,-1.0,-1.0,-0.7,0.0,-0.7,-0.7,-1.0,-1.0,-0.7,-0.7,0.0,-0.7,-0.7,0.0,1.0,-1.0,-0.7,-0.7,-0.7,-1.0,0.0,-0.7,-1.0,-1.0,0.0,-1.0,-0.7,-1.0,-1.0,-0.7,-0.7,-1.0,0.0,-1.0,-0.7,-1.0,0.0,0.0,-1.0,-0.7,-1.0,-0.7,0.0,1.0,-1.0,-1.0,-1.0,-1.0,-1.0,-1.0,0.0,-1.0,1.0,-1.0,0.0,-0.7,-1.0,-0.7,-0.7,0.0,0.0,-1.0,-0.7,-0.7,0.0,-1.0,-1.0,-0.7,-0.7,-0.7,-1.0,
Ryuboshi,0.0,0.0,-0.7,-0.7,0.0,1.0,-1.0,0.0,-0.7,-1.0,0.0,0.0,0.0,-1.0,-1.0,-0.7,-0.7,0.0,0.0,0.0,1.0,-0.7,0.0,-1.0,-1.0,-0.7,-1.0,0.0,-1.0,-0.7,0.0,0.0,-0.7,0.0,0.0,0.0,0.7,-0.7,-0.7,-0.7,0.0,-0.7,0.0,-1.0,-0.7,-1.0,-0.7,-0.7,0.0,-1.0,-1.0,0.0,0.0,-1.0,-1.0,-1.0,-0.7,-0.7,-0.7,-0.7,-0.7,-1.0,-0.7,-0.7,0.0,0.0,-0.7,-1.0,-1.0,-0.7,-1.0,-1.0,-1.0,0.0,1.0,-1.0,0.0,-0.7,-1.0,0.0,-1.0,0.0,-0.7,-1.0,-0.7,-0.7,-0.7,0.0,-1.0,-1.0,0.0,-0.7,-0.7,
Rosward,-1.0,-1.0,-1.0,-1.0,-1.0,-1.0,-1.0,-1.0,-1.0,-1.0,-1.0,-1.0,-1.0,-1.0,1.0,-1.0,1.0,1.0,-1.0,-1.0,1.0,-1.0,-1.0,-1.0,-1.0,-1.0,-1.0,-1.0,-1.0,-1.0,-1.0,-1.0,-1.0,-1.0,-1.0,-1.0,1.0,-1.0,-1.0,-1.0,-1.0,-1.0,-1.0,-1.0,-1.0,-1.0,-1.0,-1.0,-1.0,-1.0,-1.0,-1.0,-1.0,-1.0,-1.0,-1.0,-1.0,-1.0,-1.0,-1.0,-1.0,-1.0,-1.0,1.0,-1.0,-1.0,-1.0,-1.0,-1.0,-1.0,-1.0,-1.0,-1.0,-1.0,-1.0,-1.0,-1.0,-1.0,-1.0,1.0,-1.0,-1.0,-1.0,-1.0,-1.0,-1.0,-1.0,-1.0,-1.0,-1.0,-1.0,-1.0,-1.0,
Rosward,-1.0,-0.7,-0.7,-1.0,-1.0,-0.7,-1.0,-0.7,-0.7,-1.0,-0.7,-1.0,0.0,0.0,0.7,-1.0,0.0,0.0,-0.7,-0.7,1.0,-1.0,-0.7,-0.7,-1.0,-1.0,-0.7,-0.7,-0.7,-0.7,-0.7,-1.0,-0.7,-1.0,0.0,-1.0,1.0,-0.7,-0.7,-0.7,-1.0,-0.7,-1.0,-0.7,-1.0,0.0,0.0,0.0,0.0,-1.0,-0.7,-1.0,-1.0,-1.0,-0.7,-0.7,0.0,-0.7,-0.7,-0.7,0.0,0.0,-0.7,1.0,-1.0,-0.7,-1.0,-0.7,-0.7,-0.7,0.0,-0.7,-0.7,-1.0,-0.7,-0.7,0.0,-0.7,-0.7,0.7,-1.0,-0.7,-1.0,-1.0,-1.0,-0.7,0.0,0.0,-1.0,-1.0,-0.7,-1.0,-1.0,
Rosward,-0.7,-1.0,-1.0,-0.7,-0.7,-0.7,-1.0,-1.0,-1.0,-1.0,-1.0,-1.0,-0.7,-0.7,1.0,-1.0,0.7,0.7,-1.0,-1.0,0.7,-1.0,-0.7,-0.7,-0.7,-1.0,0.0,0.0,-1.0,-1.0,-0.7,-0.7,-0.7,0.0,-1.0,-0.7,1.0,-1.0,-1.0,-0.7,-0.7,-1.0,-0.7,-0.7,-1.0,-1.0,-1.0,-0.7,-0.7,-0.7,-1.0,0.0,-0.7,-0.7,-1.0,-0.7,-0.7,-0.7,-0.7,-1.0,-1.0,0.0,-1.0,1.0,-1.0,-1.0,-1.0,-0.7,-0.7,-1.0,0.0,-0.7,-0.7,-0.7,-0.7,-1.0,-0.7,0.0,-1.0,0.7,-0.7,-1.0,0.0,-1.0,-1.0,0.0,-0.7,-0.7,-0.7,-1.0,-1.0,0.0,-1.0,
Roronoa Zoro,-1.0,1.0,1.0,-1.0,-1.0,-1.0,-1.0,-1.0,-1.0,-1.0,-1.0,-1.0,1.0,-1.0,-1.0,1.0,1.0,1.0,-1.0,-1.0,1.0,-1.0,-1.0,-1.0,-1.0,-1.0,-1.0,-1.0,-1.0,-1.0,-1.0,-1.0,-1.0,-1.0,-1.0,-1.0,-1.0,-1.0,-1.0,-1.0,-1.0,-1.0,-1.0,-1.0,-1.0,-1.0,-1.0,-1.0,-1.0,-1.0,-1.0,-1.0,-1.0,-1.0,-1.0,-1.0,-1.0,-1.0,-1.0,-1.0,-1.0,-1.0,-1.0,-1.0,-1.0,-1.0,-1.0,-1.0,-1.0,-1.0,-1.0,-1.0,-1.0,-1.0,-1.0,-1.0,-1.0,-1.0,-1.0,-1.0,-1.0,-1.0,-1.0,-1.0,-1.0,-1.0,-1.0,-1.0,-1.0,-1.0,-1.0,-1.0,-1.0,
Roronoa Zoro,-0.7,1.0,0.0,0.0,-1.0,-0.7,0.0,0.0,-0.7,-1.0,-1.0,-0.7,0.0,-0.7,-1.0,1.0,0.0,0.7,-0.7,-0.7,0.0,-1.0,-0.7,0.0,-0.7,-1.0,-1.0,-1.0,0.0,-1.0,0.0,-1.0,-1.0,0.0,0.0,-1.0,-1.0,-0.7,-1.0,0.0,-1.0,-0.7,-1.0,-1.0,-0.7,-1.0,-0.7,-0.7,-1.0,-0.7,0.0,-0.7,0.0,-1.0,-1.0,-1.0,0.0,-1.0,-1.0,0.0,0.0,0.0,-0.7,-0.7,-1.0,-0.7,-1.0,-0.7,-1.0,0.0,-1.0,-0.7,-0.7,-1.0,-1.0,-1.0,0.0,0.0,-1.0,-1.0,-0.7,-0.7,-1.0,0.0,0.0,-1.0,-0.7,-1.0,-0.7,0.0,-0.7,-0.7,0.0,
Roronoa Zoro,-0.7,1.0,1.0,-0.7,-1.0,-1.0,0.0,-1.0,-0.7,-1.0,0.0,0.0,0.0,-1.0,-0.7,0.7,0.0,1.0,-1.0,-1.0,0.7,-0.7,-0.7,-1.0,-0.7,-0.7,-0.7,-0.7,-0.7,-1.0,0.0,-1.0,0.0,-0.7,-0.7,-1.0,0.0,-1.0,-0.7,0.0,-1.0,0.0,-0.7,-0.7,0.0,-0.7,-0.7,-0.7,-0.7,-1.0,-1.0,-1.0,-1.0,-0.7,-1.0,-1.0,-0.7,0.0,-1.0,-0.7,-0.7,-1.0,-1.0,-0.7,-1.0,-0.7,-0.7,-0.7,-1.0,-0.7,-1.0,-0.7,-1.0,-0.7,0.0,-0.7,-1.0,0.0,-1.0,-0.7,-1.0,-1.0,-0.7,-1.0,0.0,-1.0,-1.0,-1.0,-0.7,0.0,-0.7,-1.0,-0.7,
Rob Lucci,-1.0,1.0,-1.0,-1.0,-1.0,-1.0,-1.0,-1.0,-1.0,-1.0,-1.0,1.0,-1.0,-1.0,-1.0,-1.0,1.0,1.0,-1.0,-1.0,1.0,-1.0,-1.0,-1.0,-1.0,-1.0,-1.0,-1.0,-1.0,-1.0,-1.0,-1.0,-1.0,-1.0,-1.0,-1.0,1.0,1.0,-1.0,-1.0,1.0,-1.0,-1.0,-1.0,-1.0,-1.0,-1.0,-1.0,-1.0,-1.0,-1.0,-1.0,-1.0,-1.0,-1.0,-1.0,-1.0,-1.0,-1.0,-1.0,-1.0,-1.0,-1.0,-1.0,-1.0,-1.0,-1.0,-1.0,-1.0,-1.0,-1.0,-1.0,1.0,-1.0,-1.0,-1.0,-1.0,-1.0,-1.0,-1.0,-1.0,-1.0,-1.0,-1.0,-1.0,-1.0,-1.0,-1.0,-1.0,-1.0,-1.0,-1.0,-1.0,
Rob Lucci,0.0,1.0,-1.0,-0.7,0.0,-0.7,-1.0,-1.0,-1.0,0.0,0.0,0.7,-0.7,-0.7,-1.0,-0.7,0.0,1.0,-1.0,-1.0,1.0,-0.7,-1.0,-0.7,-0.7,0.0,0.0,-0.7,-1.0,-1.0,-0.7,-1.0,0.0,-0.7,0.0,-0.7,0.0,0.0,-1.0,-0.7,1.0,0.0,-0.7,-1.0,0.0,-1.0,-0.7,-0.7,0.0,0.0,-0.7,-1.0,-1.0,-1.0,-1.0,-0.7,-0.7,-0.7,-1.0,-1.0,-1.0,-0.7,-0.7,-0.7,-1.0,-0.7,-0.7,-1.0,-0.7,-0.7,-1.0,-1.0,1.0,-1.0,-1.0,-1.0,-1.0,0.0,-1.0,-1.0,-1.0,0.0,-0.7,-0.7,-0.7,-1.0,0.0,-1.0,-0.7,-1.0,-0.7,-1.0,-0.7,
Rob Lucci,-1.0,0.7,-1.0,0.0,-1.0,-0.7,-0.7,0.0,0.0,0.0,-1.0,1.0,-1.0,-0.7,-1.0,-0.7,1.0,1.0,-0.7,0.0,0.7,-1.0,0.0,-0.7,-0.7,-1.0,-0.7,-1.0,0.0,-0.7,-0.7,-0.7,-1.0,-0.7,-0.7,-0.7,1.0,0.0,-0.7,-1.0,0.7,0.0,-0.7,-1.0,-0.7,-1.0,-0.7,-0.7,-1.0,-1.0,-1.0,-1.0,-1.0,0.0,-0.7,-0.7,-1.0,-1.0,-1.0,-0.7,-0.7,-0.7,-1.0,-1.0,-0.7,-1.0,-1.0,-1.0,-0.7,0.0,-1.0,-0.7,0.7,0.0,-0.7,0.0,-0.7,-0.7,-0.7,0.0,-0.7,-0.7,-1.0,-0.7,-0.7,-0.7,-0.7,-1.0,-0.7,-1.0,-1.0,0.0,-1.0,
Riku Doldo III,-1.0,-1.0,-1.0,-1.0,-1.0,-1.0,-1.0,-1.0,-1.0,-1.0,-1.0,-1.0,-1.0,-1.0,1.0,-1.0,1.0,1.0,-1.0,-1.0,1.0,-1.0,-1.0,-1.0,-1.0,-1.0,-1.0,-1.0,-1.0,-1.0,-1.0,-1.0,-1.0,-1.0,-1.0,-1.0,1.0,-1.0,-1.0,-1.0,-1.0,-1.0,-1.0,-1.0,-1.0,-1.0,-1.0,-1.0,-1.0,-1.0,-1.0,-1.0,-1.0,-1.0,-1.0,-1.0,-1.0,-1.0,-1.0,-1.0,-1.0,-1.0,-1.0,-1.0,-1.0,-1.0,-1.0,-1.0,-1.0,-1.0,-1.0,-1.0,-1.0,-1.0,-1.0,-1.0,1.0,-1.0,-1.0,-1.0,-1.0,-1.0,-1.0,-1.0,-1.0,-1.0,-1.0,-1.0,-1.0,-1.0,-1.0,-1.0,-1.0,
Riku Doldo III,-0.7,0.0,-1.0,-1.0,-0.7,-1.0,0.0,-1.0,0.0,-1.0,0.0,0.0,-0.7,-0.7,1.0,-1.0,1.0,0.7,0.0,-0.7,0.7,-0.7,0.0,-0.7,0.0,-1.0,-1.0,0.0,-0.7,-1.0,0.0,0.0,-1.0,0.0,-0.7,-1.0,0.7,0.0,-0.7,0.0,-1.0,-0.7,-1.0,-1.0,-0.7,-0.7,-0.7,0.0,-0.7,-1.0,0.0,-1.0,-0.7,-1.0,0.0,-1.0,-0.7,-0.7,-1.0,-0.7,-1.0,0.0,0.0,0.0,-0.7,-1.0,-1.0,-0.7,-0.7,0.0,-0.7,0.0,-0.7,-0.7,-1.0,-1.0,0.7,-0.7,-1.0,-1.0,-1.0,-1.0,-0.7,-1.0,-1.0,-0.7,-0.7,-0.7,-0.7,-0.7,0.0,-0.7,-0.7,
Riku Doldo III,0.0,-1.0,-0.7,-0.7,0.0,-0.7,-1.0,-1.0,0.0,-0.7,-1.0,-0.7,-1.0,-1.0,0.7,-0.7,0.0,0.7,0.0,0.0,1.0,0.0,0.0,0.0,-1.0,0.0,-1.0,-0.7,-0.7,0.0,-0.7,-0.7,-0.7,-1.0,-0.7,-0.7,0.7,-1.0,-1.0,-1.0,0.0,-1.0,-0.7,-1.0,-0.7,-1.0,-1.0,-1.0,-0.7,0.0,-1.0,0.0,-1.0,-1.0,-1.0,0.0,-0.7,-1.0,-1.0,-0.7,-1.0,-1.0,0.0,-1.0,-0.7,-1.0,-1.0,0.0,0.0,-0.7,-0.7,-0.7,-0.7,-0.7,-0.7,0.0,0.7,0.0,-1.0,-1.0,-0.7,-1.0,-0.7,-0.7,-0.7,-1.0,0.0,-1.0,0.0,-1.0,-0.7,0.0,0.0,
Rebecca,1.0,1.0,-1.0,-1.0,-1.0,-1.0,-1.0,-1.0,-1.0,-1.0,-1.0,-1.0,-1.0,-1.0,-1.0,-1.0,1.0,1.0,-1.0,-1.0,1.0,-1.0,-1.0,-1.0,-1.0,-1.0,-1.0,-1.0,-1.0,-1.0,-1.0,-1.0,-1.0,-1.0,-1.0,-1.0,-1.0,-1.0,-1.0,-1.0,-1.0,-1.0,-1.0,-1.0,-1.0,-1.0,-1.0,-1.0,-1.0,-1.0,-1.0,-1.0,-1.0,-1.0,-1.0,-1.0,-1.0,-1.0,-1.0,-1.0,-1.0,-1.0,-1.0,-1.0,-1.0,-1.0,-1.0,-1.0,-1.0,-1.0,-1.0,-1.0,-1.0,-1.0,-1.0,-1.0,1.0,-1.0,-1.0,-1.0,-1.0,-1.0,-1.0,-1.0,-1.0,-1.0,-1.0,-1.0,-1.0,-1.0,-1.0,-1.0,-1.0,
Rebecca,0.0,0.0,-0.7,-0.7,-0.7,0.0,0.0,-0.7,-0.7,-0.7,0.0,-1.0,-1.0,0.0,-0.7,-0.7,0.0,0.0,-1.0,-1.0,0.7,-0.7,-1.0,0.0,-0.7,-0.7,0.0,-0.7,-1.0,-1.0,-1.0,0.0,-1.0,-0.7,-0.7,-1.0,-0.7,-1.0,-1.0,0.0,-1.0,-0.7,0.0,-1.0,-1.0,-0.7,-0.7,-1.0,-0.7,0.0,-1.0,-1.0,-1.0,-0.7,0.0,0.0,-1.0,0.0,0.0,-0.7,-0.7,0.0,0.0,0.0,-1.0,-0.7,0.0,-1.0,-1.0,-0.7,-1.0,-1.0,-1.0,-1.0,0.0,0.0,1.0,-1.0,-1.0,-0.7,-1.0,0.0,0.0,0.0,0.0,-0.7,-0.7,0.0,-0.7,-0.7,-0.7,-1.0,0.0,
Rebecca,1.0,0.7,-1.0,0.0,0.0,-0.7,0.0,-1.0,-1.0,-1.0,-1.0,-0.7,-0.7,-1.0,-1.0,-1.0,1.0,1.0,-1.0,-0.7,0.0,-1.0,0.0,-0.7,-0.7,0.0,-1.0,0.0,-1.0,-0.7,-1.0,-0.7,-0.7,0.0,-0.7,-0.7,0.0,-0.7,-0.7,0.0,0.0,0.0,-1.0,-0.7,-1.0,0.0,0.0,-1.0,-1.0,-1.0,-0.7,-1.0,-0.7,-1.0,0.0,-0.7,-0.7,-1.0,-1.0,-0.7,-0.7,0.0,-1.0,-0.7,-1.0,0.0,-1.0,-1.0,-0.7,0.0,-1.0,-1.0,0.0,-0.7,0.0,-1.0,0.0,-0.7,0.0,-1.0,0.0,-0.7,-0.7,-1.0,-0.7,-0.7,-0.7,-0.7,-0.7,-1.0,0.0,0.0,-1.0,
Raki,1.0,1.0,-1.0,-1.0,-1.0,-1.0,-1.0,-1.0,-1.0,-1.0,-1.0,-1.0,-1.0,-1.0,-1.0,-1.0,1.0,1.0,-1.0,-1.0,1.0,-1.0,-1.0,-1.0,-1.0,-1.0,-1.0,-1.0,-1.0,-1.0,-1.0,-1.0,-1.0,-1.0,-1.0,-1.0,-1.0,-1.0,-1.0,-1.0,-1.0,-1.0,-1.0,-1.0,-1.0,-1.0,-1.0,-1.0,-1.0,-1.0,-1.0,-1.0,-1.0,-1.0,-1.0,-1.0,-1.0,-1.0,-1.0,-1.0,1.0,-1.0,-1.0,-1.0,-1.0,-1.0,-1.0,1.0,-1.0,-1.0,-1.0,-1.0,-1.0,1.0,-1.0,-1.0,-1.0,-1.0,-1.0,-1.0,-1.0,-1.0,-1.0,-1.0,-1.0,-1.0,-1.0,-1.0,-1.0,-1.0,-1.0,-1.0,-1.0,
Raki,0.7,1.0,0.0,-1.0,0.0,-0.7,-1.0,0.0,-0.7,-0.7,-1.0,-1.0,0.0,-0.7,-1.0,-1.0,0.7,1.0,-1.0,-1.0,0.7,-1.0,-1.0,-1.0,-0.7,-0.7,0.0,-0.7,-0.7,-0.7,-0.7,-1.0,-1.0,-1.0,-0.7,0.0,-1.0,-0.7,-0.7,-0.7,-1.0,-1.0,-1.0,0.0,-1.0,-0.7,0.0,-0.7,-0.7,-1.0,-0.7,-0.7,-0.7,-0.7,-0.7,0.0,0.0,-0.7,-0.7,-0.7,0.0,-1.0,-0.7,-1.0,-0.7,0.0,-1.0,1.0,-1.0,-1.0,-1.0,-0.7,-0.7,0.0,-1.0,-0.7,-1.0,-1.0,0.0,-1.0,-1.0,-1.0,0.0,-1.0,-1.0,-0.7,-1.0,-1.0,-1.0,-0.7,-0.7,-0.7,-1.0,
Raki,0.7,0.7,-1.0,-0.7,-0.7,0.0,-0.7,0.0,0.0,0.0,-0.7,-1.0,-1.0,-0.7,-0.7,-1.0,0.7,0.0,-1.0,-0.7,0.7,-1.0,-1.0,0.0,0.0,0.0,-1.0,-1.0,0.0,0.0,0.0,-1.0,-0.7,-0.7,-0.7,-0.7,-0.7,-0.7,-1.0,-1.0,-0.7,-1.0,0.0,0.0,0.0,-1.0,-1.0,-1.0,-0.7,-1.0,-1.0,-1.0,-0.7,-0.7,-0.7,-1.0,0.0,-0.7,-1.0,-1.0,1.0,-1.0,-0.7,0.0,-1.0,-0.7,0.0,1.0,-1.0,-0.7,0.0,-1.0,-0.7,0.7,-0.7,-0.7,-0.7,-0.7,-0.7,-1.0,-0.7,-1.0,0.0,-1.0,-1.0,-1.0,0.0,-0.7,-0.7,0.0,0.0,-0.7,-0.7,
Raizo,-1.0,1.0,-1.0,-1.0,-1.0,-1.0,-1.0,-1.0,-1.0,-1.0,-1.0,-1.0,-1.0,-1.0,-1.0,-1.0,1.0,1.0,-1.0,-1.0,1.0,-1.0,-1.0,-1.0,-1.0,-1.0,-1.0,-1.0,-1.0,-1.0,-1.0,-1.0,-1.0,-1.0,-1.0,-1.0,1.0,1.0,1.0,-1.0,-1.0,-1.0,-1.0,-1.0,-1.0,-1.0,-1.0,-1.0,-1.0,-1.0,-1.0,-1.0,-1.0,-1.0,-1.0,-1.0,-1.0,-1.0,-1.0,-1.0,-1.0,-1.0,-1.0,-1.0,-1.0,-1.0,-1.0,-1.0,-1.0,-1.0,-1.0,-1.0,-1.0,-1.0,-1.0,-1.0,-1.0,-1.0,-1.0,-1.0,-1.0,-1.0,-1.0,-1.0,-1.0,-1.0,-1.0,1.0,-1.0,-1.0,-1.0,-1.0,-1.0,
Raizo,0.0,1.0,-0.7,-0.7,-0.7,-1.0,-1.0,0.0,-1.0,0.0,-1.0,-0.7,-0.7,-1.0,-1.0,-1.0,0.7,0.7,-0.7,-1.0,1.0,-0.7,-1.0,-1.0,-0.7,-0.7,-1.0,-1.0,-0.7,0.0,-1.0,-1.0,0.0,0.0,-1.0,-0.7,0.7,1.0,0.7,-0.7,-1.0,-1.0,0.0,0.0,-1.0,-0.7,-1.0,-0.7,0.0,-1.0,-1.0,-0.7,-0.7,-0.7,0.0,0.0,-0.7,-1.0,-0.7,-0.7,-1.0,-1.0,-1.0,-1.0,-0.7,-1.0,-0.7,-1.0,0.0,-0.7,-1.0,-0.7,-0.7,-0.7,0.0,-0.7,0.0,-1.0,-0.7,-1.0,0.0,-1.0,-1.0,0.0,-1.0,-1.0,-0.7,0.0,-0.7,-1.0,-0.7,-0.7,0.0,
Raizo,-0.7,0.7,-0.7,-0.7,-0.7,-1.0,-1.0,-1.0,-0.7,-1.0,-1.0,0.0,-1.0,0.0,0.0,-0.7,1.0,1.0,0.0,0.0,0.0,0.0,-1.0,-0.7,0.0,-1.0,-0.7,-1.0,-1.0,-1.0,-1.0,-0.7,-0.7,-1.0,0.0,0.0,1.0,1.0,1.0,-0.7,-0.7,-0.7,-1.0,-1.0,0.0,-1.0,-0.7,-1.0,-1.0,-0.7,-0.7,-1.0,-1.0,-0.7,-1.0,-0.7,0.0,-0.7,-1.0,0.0,-0.7,0.0,-0.7,-0.7,-0.7,-1.0,-1.0,-0.7,-0.7,-0.7,-0.7,-1.0,-1.0,-1.0,-0.7,-1.0,-1.0,-1.0,-0.7,-0.7,-1.0,-0.7,-0.7,-0.7,-1.0,-0.7,-1.0,0.7,-0.7,-0.7,-1.0,-0.7,-1.0,
Raijin,-1.0,-1.0,-1.0,-1.0,-1.0,-1.0,-1.0,-1.0,-1.0,-1.0,-1.0,-1.0,1.0,-1.0,-1.0,-1.0,1.0,1.0,-1.0,-1.0,1.0,-1.0,-1.0,-1.0,-1.0,-1.0,-1.0,-1.0,-1.0,-1.0,-1.0,-1.0,-1.0,-1.0,-1.0,-1.0,1.0,-1.0,-1.0,-1.0,-1.0,-1.0,-1.0,-1.0,-1.0,-1.0,-1.0,-1.0,-1.0,-1.0,-1.0,-1.0,-1.0,-1.0,-1.0,-1.0,-1.0,-1.0,-1.0,-1.0,-1.0,-1.0,-1.0,-1.0,-1.0,-1.0,-1.0,-1.0,-1.0,-1.0,-1.0,-1.0,-1.0,-1.0,-1.0,1.0,-1.0,-1.0,-1.0,-1.0,-1.0,-1.0,-1.0,-1.0,-1.0,-1.0,-1.0,-1.0,-1.0,-1.0,-1.0,-1.0,-1.0,
Raijin,0.0,-0.7,-0.7,-0.7,-1.0,0.0,0.0,-0.7,-0.7,-0.7,0.0,-1.0,1.0,-0.7,-0.7,-0.7,1.0,0.0,-0.7,-0.7,0.7,-1.0,-0.7,0.0,0.0,-1.0,0.0,-0.7,-1.0,-0.7,-1.0,0.0,-1.0,-0.7,-1.0,-1.0,1.0,-0.7,-1.0,-1.0,-1.0,-0.7,0.0,0.0,-0.7,-0.7,0.0,0.0,-1.0,-0.7,0.0,0.0,-0.7,-0.7,-0.7,0.0,-1.0,-0.7,-0.7,0.0,-1.0,-0.7,-1.0,0.0,-0.7,0.0,-1.0,-0.7,-1.0,-0.7,-1.0,-0.7,-1.0,-0.7,-1.0,0.7,-0.7,-0.7,-1.0,-1.0,-0.7,0.0,-0.7,0.0,0.0,-0.7,-0.7,-1.0,0.0,-0.7,-0.7,-1.0,-0.7,
Raijin,-0.7,-1.0,-1.0,-0.7,-1.0,-0.7,-0.7,-1.0,-1.0,0.0,-1.0,-1.0,1.0,-1.0,-0.7,-1.0,0.7,0.7,-0.7,-0.7,0.0,0.0,-0.7,-1.0,-0.7,-0.7,-1.0,-1.0,0.0,-0.7,-1.0,-0.7,-1.0,-1.0,-1.0,-0.7,0.0,-0.7,-1.0,-1.0,-0.7,-1.0,0.0,-1.0,-1.0,-0.7,-1.0,-0.7,0.0,-0.7,0.0,-0.7,-1.0,-1.0,-0.7,-0.7,-0.7,-1.0,-0.7,-0.7,-1.0,-0.7,0.0,-1.0,-0.7,0.0,-0.7,0.0,-1.0,-1.0,-1.0,0.0,-1.0,0.0,-1.0,1.0,-1.0,-0.7,-1.0,0.0,0.0,-1.0,-0.7,-0.7,0.0,-1.0,-0.7,-1.0,-0.7,-1.0,-0.7,0.0,-0.7,
Queen,-1.0,1.0,1.0,-1.0,-1.0,-1.0,-1.0,-1.0,-1.0,-1.0,-1.0,-1.0,-1.0,-1.0,-1.0,-1.0,1.0,1.0,-1.0,-1.0,1.0,-1.0,-1.0,-1.0,-1.0,-1.0,-1.0,-1.0,-1.0,-1.0,-1.0,-1.0,-1.0,1.0,1.0,-1.0,1.0,1.0,1.0,-1.0,-1.0,-1.0,1.0,-1.0,-1.0,-1.0,-1.0,-1.0,-1.0,-1.0,-1.0,-1.0,-1.0,1.0,-1.0,-1.0,-1.0,-1.0,-1.0,-1.0,-1.0,-1.0,-1.0,-1.0,-1.0,-1.0,-1.0,-1.0,-1.0,-1.0,-1.0,-1.0,-1.0,-1.0,1.0,-1.0,-1.0,-1.0,-1.0,-1.0,-1.0,-1.0,-1.0,-1.0,-1.0,-1.0,-1.0,-1.0,-1.0,-1.0,-1.0,-1.0,,
Queen,-0.7,0.7,0.7,-0.7,-0.7,0.0,-1.0,-1.0,-1.0,-0.7,-1.0,0.0,-0.7,0.0,-1.0,-1.0,1.0,0.7,-1.0,-0.7,0.7,-0.7,0.0,-0.7,-0.7,-0.7,-1.0,-0.7,-0.7,-0.7,-1.0,-1.0,-0.7,0.7,0.0,-1.0,0.7,0.7,1.0,-0.7,-1.0,-0.7,0.7,-0.7,-1.0,0.0,0.0,0.0,-1.0,-0.7,-1.0,-1.0,-1.0,0.7,-1.0,-0.7,-0.7,0.0,0.0,-0.7,0.0,-1.0,-1.0,-0.7,-0.7,-0.7,-0.7,0.0,0.0,-1.0,-0.7,0.0,-0.7,-1.0,1.0,-0.7,-0.7,-1.0,0.0,0.0,-0.7,0.0,-1.0,-0.7,-1.0,0.0,0.0,-1.0,-0.7,-1.0,-1.0,-0.7,,
Queen,-0.7,1.0,1.0,-1.0,-1.0,-0.7,-1.0,-0.7,-0.7,-0.7,0.0,-0.7,-1.0,-1.0,0.0,-1.0,1.0,0.0,-1.0,-0.7,0.7,0.0,0.0,-0.7,0.0,-1.0,-1.0,-1.0,-1.0,-0.7,-1.0,-0.7,-0.7,1.0,0.7,-0.7,0.7,0.7,1.0,0.0,-1.0,-0.7,0.0,-1.0,-1.0,-0.7,-0.7,-1.0,0.0,-1.0,0.0,-1.0,-0.7,1.0,-1.0,-1.0,-0.7,0.0,-0.7,-0.7,-1.0,0.0,0.0,-0.7,-0.7,-1.0,-1.0,-1.0,-0.7,-0.7,0.0,-1.0,-0.7,-1.0,0.7,-1.0,-0.7,-0.7,-0.7,-1.0,-1.0,-1.0,-0.7,-1.0,-1.0,0.0,-1.0,-0.7,-1.0,-0.7,-1.0,-0.7,,
Pound,-1.0,-1.0,-1.0,-1.0,-1.0,-1.0,-1.0,-1.0,-1.0,-1.0,-1.0,-1.0,-1.0,-1.0,-1.0,-1.0,-1.0,1.0,-1.0,-1.0,1.0,-1.0,-1.0,-1.0,-1.0,-1.0,-1.0,-1.0,-1.0,-1.0,-1.0,-1.0,-1.0,-1.0,-1.0,-1.0,-1.0,1.0,-1.0,-1.0,-1.0,-1.0,-1.0,-1.0,-1.0,-1.0,-1.0,-1.0,-1.0,-1.0,-1.0,-1.0,-1.0,-1.0,-1.0,-1.0,-1.0,-1.0,-1.0,-1.0,-1.0,-1.0,-1.0,-1.0,-1.0,-1.0,-1.0,-1.0,-1.0,-1.0,-1.0,-1.0,-1.0,-1.0,-1.0,-1.0,-1.0,1.0,-1.0,-1.0,-1.0,-1.0,-1.0,-1.0,-1.0,-1.0,-1.0,-1.0,-1.0,-1.0,-1.0,-1.0,-1.0,
Pound,-0.7,0.0,-1.0,-0.7,-1.0,-0.7,-1.0,-0.7,-1.0,-0.7,-0.7,-0.7,-1.0,-1.0,-0.7,-1.0,-1.0,0.7,0.0,-0.7,0.7,0.0,-1.0,-0.7,-1.0,-0.7,-0.7,0.0,-0.7,-0.7,-0.7,-1.0,-0.7,-0.7,-1.0,0.0,0.0,1.0,-0.7,-1.0,-0.7,-0.7,0.0,-1.0,0.0,0.0,-0.7,-0.7,-0.7,-0.7,0.0,-1.0,-1.0,-0.7,-0.7,-0.7,-1.0,-0.7,-0.7,-0.7,-0.7,0.0,0.0,-1.0,-0.7,-0.7,-1.0,0.0,-0.7,-0.7,-0.7,-0.7,0.0,-1.0,-0.7,-1.0,-1.0,1.0,-1.0,-0.7,-0.7,-1.0,-1.0,-1.0,-0.7,-1.0,-1.0,0.0,0.0,-1.0,-1.0,-0.7,0.0,
Pound,-1.0,0.0,-1.0,-0.7,-1.0,0.0,-1.0,-0.7,-1.0,-1.0,-0.7,0.0,0.0,0.0,0.0,0.0,-1.0,1.0,-1.0,-0.7,0.0,-0.7,-0.7,0.0,0.0,-0.7,0.0,-1.0,-0.7,-1.0,-1.0,-1.0,0.0,-0.7,-0.7,-1.0,0.0,0.7,-1.0,-1.0,0.0,0.0,-0.7,-0.7,0.0,-0.7,0.0,-0.7,0.0,-0.7,-0.7,-1.0,-0.7,-0.7,-0.7,-0.7,-1.0,0.0,-0.7,-1.0,-1.0,-0.7,-0.7,-1.0,-1.0,0.0,0.0,-1.0,-1.0,-1.0,0.0,-1.0,-1.0,-1.0,0.0,-0.7,-0.7,0.7,-0.7,-0.7,-1.0,-0.7,-0.7,-0.7,-1.0,-1.0,0.0,-0.7,-0.7,-0.7,-1.0,-1.0,-0.7,
Portgas D. Ace,-1.0,1.0,-1.0,-1.0,-1.0,-1.0,-1.0,1.0,-1.0,-1.0,-1.0,-1.0,-1.0,1.0,1.0,-1.0,1.0,-1.0,1.0,-1.0,1.0,-1.0,-1.0,-1.0,-1.0,-1.0,-1.0,-1.0,-1.0,1.0,-1.0,-1.0,1.0,-1.0,-1.0,-1.0,-1.0,1.0,1.0,-1.0,1.0,-1.0,-1.0,-1.0,-1.0,-1.0,-1.0,-1.0,-1.0,1.0,-1.0,1.0,-1.0,-1.0,-1.0,-1.0,-1.0,-1.0,-1.0,-1.0,-1.0,-1.0,-1.0,-1.0,-1.0,-1.0,-1.0,-1.0,-1.0,-1.0,-1.0,-1.0,-1.0,-1.0,-1.0,-1.0,1.0,-1.0,1.0,-1.0,1.0,-1.0,-1.0,-1.0,-1.0,-1.0,-1.0,-1.0,-1.0,-1.0,-1.0,1.0,1.0,
Portgas D. Ace,-0.7,0.0,-1.0,-1.0,-1.0,-1.0,-1.0,1.0,-1.0,-1.0,-1.0,-0.7,-0.7,1.0,0.7,0.0,1.0,0.0,1.0,-1.0,1.0,-1.0,-0.7,-1.0,0.0,-0.7,-0.7,-0.7,-0.7,1.0,-1.0,-1.0,1.0,-1.0,-0.7,-0.7,-1.0,1.0,1.0,-1.0,0.7,-1.0,-1.0,-1.0,-1.0,-1.0,-1.0,-0.7,-1.0,0.0,-0.7,1.0,-1.0,-1.0,-1.0,-1.0,-0.7,-1.0,0.0,0.0,-0.7,0.0,-1.0,-0.7,-1.0,0.0,-0.7,-1.0,-0.7,-1.0,-1.0,0.0,-1.0,-0.7,-1.0,-1.0,0.7,0.0,1.0,-1.0,0.7,-0.7,-0.7,0.0,-0.7,-0.7,-1.0,-1.0,-0.7,0.0,-0.7,0.7,0.7,
Portgas D. Ace,-1.0,1.0,-1.0,0.0,0.0,-0.7,-1.0,0.7,-1.0,-0.7,-0.7,-1.0,-1.0,0.7,0.7,-1.0,0.0,0.0,0.7,-0.7,1.0,0.0,-1.0,-1.0,-0.7,-1.0,0.0,-0.7,-1.0,0.0,-0.7,-0.7,1.0,0.0,-1.0,-1.0,-0.7,0.0,1.0,-1.0,0.7,-0.7,-0.7,0.0,-1.0,-1.0,-0.7,-1.0,-1.0,1.0,-1.0,0.7,-0.7,-0.7,-1.0,-0.7,0.0,-0.7,-0.7,-1.0,-1.0,-1.0,-0.7,-0.7,-0.7,-0.7,0.0,-1.0,0.0,-0.7,-1.0,-0.7,-0.7,-1.0,-1.0,-0.7,1.0,-1.0,0.0,-0.7,1.0,-0.7,0.0,-1.0,-1.0,-0.7,-1.0,-0.7,-0.7,-0.7,-0.7,0.0,0.0,
Porchemy,-1.0,-1.0,-1.0,-1.0,-1.0,-1.0,-1.0,-1.0,-1.0,-1.0,-1.0,-1.0,-1.0,1.0,-1.0,-1.0,-1.0,-1.0,1.0,-1.0,1.0,-1.0,-1.0,-1.0,-1.0,-1.0,-1.0,-1.0,-1.0,-1.0,-1.0,-1.0,-1.0,-1.0,-1.0,-1.0,-1.0,1.0,-1.0,-1.0,-1.0,-1.0,-1.0,-1.0,-1.0,-1.0,-1.0,-1.0,-1.0,-1.0,-1.0,-1.0,-1.0,-1.0,-1.0,-1.0,-1.0,-1.0,-1.0,-1.0,-1.0,-1.0,-1.0,-1.0,-1.0,-1.0,-1.0,-1.0,-1.0,-1.0,-1.0,-1.0,-1.0,-1.0,-1.0,-1.0,-1.0,-1.0,-1.0,-1.0,1.0,-1.0,-1.0,-1.0,-1.0,-1.0,1.0,-1.0,-1.0,-1.0,-1.0,-1.0,-1.0,
Porchemy,-1.0,-1.0,-0.7,-0.7,-0.7,0.0,-1.0,-1.0,-1.0,-0.7,-0.7,-1.0,-0.7,1.0,-1.0,-1.0,0.0,0.0,1.0,-1.0,0.7,-0.7,-0.7,-0.7,-0.7,0.0,-0.7,-1.0,-0.7,-1.0,-0.7,-0.7,-0.7,-1.0,0.0,-0.7,-1.0,1.0,-1.0,-0.7,-1.0,-1.0,-1.0,-0.7,-0.7,-1.0,0.0,0.0,-1.0,-0.7,-0.7,-0.7,-0.7,-0.7,-0.7,-0.7,-0.7,0.0,-1.0,0.0,0.0,0.0,-1.0,-1.0,0.0,0.0,-1.0,-0.7,-1.0,-1.0,-1.0,-1.0,-0.7,-1.0,0.0,-0.7,-1.0,0.0,-0.7,-1.0,0.7,-0.7,-0.7,-0.7,-1.0,-0.7,0.7,-0.7,-1.0,0.0,-0.7,-0.7,-0.7,
Porchemy,-1.0,-0.7,-0.7,-0.7,-0.7,-0.7,-0.7,-0.7,-0.7,-1.0,-0.7,-0.7,-0.7,0.7,0.0,-1.0,-1.0,-0.7,1.0,0.0,1.0,-1.0,0.0,-1.0,-0.7,-1.0,0.0,-1.0,-1.0,0.0,-1.0,-0.7,-1.0,-1.0,0.0,-1.0,-1.0,0.7,-0.7,-0.7,-1.0,-0.7,-1.0,0.0,-0.7,-0.7,-1.0,-1.0,0.0,0.0,-1.0,-0.7,-1.0,-0.7,0.0,0.0,-1.0,-1.0,-1.0,-0.7,-1.0,-1.0,-1.0,-1.0,0.0,-0.7,-1.0,-0.7,0.0,-0.7,-0.7,0.0,-0.7,-0.7,-0.7,0.0,-0.7,0.0,-0.7,-0.7,1.0,0.0,-0.7,-1.0,-1.0,-0.7,1.0,-0.7,-1.0,-0.7,-1.0,-1.0,-0.7,
Pound,-1.0,-1.0,-1.0,-1.0,-1.0,-1.0,-1.0,-1.0,-1.0,-1.0,-1.0,-1.0,-1.0,-1.0,-1.0,-1.0,-1.0,1.0,-1.0,-1.0,1.0,-1.0,-1.0,-1.0,-1.0,-1.0,-1.0,-1.0,-1.0,-1.0,-1.0,-1.0,-1.0,-1.0,-1.0,-1.0,-1.0,1.0,-1.0,-1.0,-1.0,-1.0,-1.0,-1.0,-1.0,-1.0,-1.0,-1.0,-1.0,-1.0,-1.0,-1.0,-1.0,-1.0,-1.0,-1.0,-1.0,-1.0,-1.0,-1.0,-1.0,-1.0,-1.0,-1.0,-1.0,-1.0,-1.0,-1.0,-1.0,-1.0,-1.0,-1.0,-1.0,-1.0,-1.0,-1.0,-1.0,1.0,-1.0,-1.0,-1.0,-1.0,-1.0,-1.0,-1.0,-1.0,-1.0,-1.0,-1.0,-1.0,-1.0,-1.0,-1.0,
Pound,-0.7,-1.0,-1.0,-1.0,0.0,-0.7,-0.7,0.0,-0.7,0.0,-0.7,-1.0,-0.7,-1.0,-1.0,-0.7,-1.0,1.0,-1.0,0.0,1.0,-1.0,0.0,-1.0,0.0,-1.0,-0.7,-1.0,-1.0,0.0,0.0,-0.7,-0.7,-1.0,-0.7,-0.7,-0.7,0.7,-1.0,-0.7,-1.0,-0.7,-1.0,-0.7,-1.0,-1.0,-1.0,-1.0,-1.0,-1.0,-1.0,-1.0,0.0,-1.0,-0.7,-0.7,-0.7,-1.0,-1.0,-0.7,-0.7,-0.7,-0.7,-0.7,0.0,-0.7,-1.0,0.0,-0.7,-0.7,0.0,-0.7,-0.7,-0.7,-0.7,-0.7,-1.0,0.7,-1.0,-1.0,-0.7,-1.0,-1.0,0.0,-1.0,-0.7,-0.7,-1.0,-0.7,-0.7,-1.0,-1.0,-1.0,
Pound,0.0,-1.0,-1.0,-1.0,0.0,-0.7,0.0,0.0,0.0,-0.7,-0.7,0.0,-1.0,-1.0,-1.0,-0.7,-1.0,0.7,0.0,-1.0,1.0,-1.0,-1.0,-0.7,-0.7,0.0,-1.0,-0.7,-0.7,-0.7,-1.0,-0.7,-1.0,-1.0,-1.0,-0.7,-1.0,0.0,0.0,-0.7,-1.0,-0.7,-1.0,-0.7,-0.7,-1.0,-1.0,-0.7,-0.7,-1.0,-1.0,-1.0,-0.7,-0.7,0.0,-0.7,-0.7,-1.0,-1.0,-0.7,-1.0,0.0,-0.7,-1.0,0.0,-1.0,-1.0,-1.0,-0.7,-0.7,-1.0,-0.7,-1.0,0.0,0.0,-0.7,-0.7,1.0,-1.0,-0.7,-0.7,-0.7,-1.0,-0.7,-0.7,-1.0,-0.7,-0.7,-1.0,-1.0,-1.0,-1.0,-0.7,
Portgas D. Ace,-1.0,1.0,-1.0,-1.0,-1.0,-1.0,-1.0,1.0,-1.0,-1.0,-1.0,-1.0,-1.0,1.0,1.0,-1.0,1.0,-1.0,1.0,-1.0,1.0,-1.0,-1.0,-1.0,-1.0,-1.0,-1.0,-1.0,-1.0,1.0,-1.0,-1.0,1.0,-1.0,-1.0,-1.0,-1.0,1.0,1.0,-1.0,1.0,-1.0,-1.0,-1.0,-1.0,-1.0,-1.0,-1.0,-1.0,1.0,-1.0,1.0,-1.0,-1.0,-1.0,-1.0,-1.0,-1.0,-1.0,-1.0,-1.0,-1.0,-1.0,-1.0,-1.0,-1.0,-1.0,-1.0,-1.0,-1.0,-1.0,-1.0,-1.0,-1.0,-1.0,-1.0,1.0,-1.0,1.0,-1.0,1.0,-1.0,-1.0,-1.0,-1.0,-1.0,-1.0,-1.0,-1.0,-1.0,-1.0,1.0,1.0,
Portgas D. Ace,0.0,0.0,-1.0,0.0,0.0,-1.0,0.0,0.0,-0.7,-1.0,-0.7,-1.0,0.0,1.0,0.0,-1.0,1.0,0.0,0.0,-1.0,0.0,0.0,0.0,-0.7,0.0,0.0,0.0,-1.0,-0.7,0.0,-0.7,0.0,0.0,0.0,-1.0,-1.0,-1.0,0.7,1.0,-1.0,1.0,0.0,-1.0,-1.0,-0.7,-1.0,-1.0,-1.0,-0.7,1.0,0.0,1.0,0.0,-0.7,0.0,-1.0,-0.7,0.0,-0.7,-0.7,-1.0,-0.7,-1.0,0.0,-0.7,-1.0,-0.7,-0.7,-1.0,-0.7,-1.0,-0.7,-0.7,-1.0,-1.0,0.0,1.0,-0.7,0.0,-1.0,1.0,0.0,-0.7,0.0,-1.0,0.0,-1.0,0.0,0.0,-0.7,-0.7,1.0,1.0,
Portgas D. Ace,-0.7,0.7,0.0,0.0,-0.7,-0.7,-1.0,0.7,-0.7,0.0,-1.0,-1.0,-1.0,0.7,1.0,0.0,0.7,-1.0,0.7,-0.7,0.7,-0.7,-0.7,0.0,0.0,-0.7,0.0,-1.0,0.0,1.0,-1.0,0.0,0.7,-0.7,-1.0,-1.0,-1.0,1.0,0.7,-0.7,0.7,-1.0,0.0,-1.0,-1.0,0.0,-0.7,0.0,-1.0,0.7,-1.0,0.0,-1.0,-1.0,-1.0,-0.7,-1.0,0.0,0.0,0.0,0.0,0.0,0.0,0.0,0.0,-1.0,-1.0,-0.7,-1.0,-1.0,-0.7,-0.7,-0.7,0.0,-0.7,-0.7,1.0,-1.0,1.0,-1.0,1.0,0.0,-0.7,-0.7,0.0,-1.0,-0.7,-1.0,0.0,-0.7,-1.0,1.0,0.0,
Porchemy,-1.0,-1.0,-1.0,-1.0,-1.0,-1.0,-1.0,-1.0,-1.0,-1.0,-1.0,-1.0,-1.0,1.0,-1.0,-1.0,-1.0,-1.0,1.0,-1.0,1.0,-1.0,-1.0,-1.0,-1.0,-1.0,-1.0,-1.0,-1.0,-1.0,-1.0,-1.0,-1.0,-1.0,-1.0,-1.0,-1.0,1.0,-1.0,-1.0,-1.0,-1.0,-1.0,-1.0,-1.0,-1.0,-1.0,-1.0,-1.0,-1.0,-1.0,-1.0,-1.0,-1.0,-1.0,-1.0,-1.0,-1.0,-1.0,-1.0,-1.0,-1.0,-1.0,-1.0,-1.0,-1.0,-1.0,-1.0,-1.0,-1.0,-1.0,-1.0,-1.0,-1.0,-1.0,-1.0,-1.0,-1.0,-1.0,-1.0,1.0,-1.0,-1.0,-1.0,-1.0,-1.0,1.0,-1.0,-1.0,-1.0,-1.0,-1.0,-1.0,
Porchemy,-1.0,0.0,-1.0,-1.0,-1.0,-0.7,-0.7,-0.7,-0.7,-0.7,-1.0,-1.0,-0.7,0.7,-1.0,-0.7,-0.7,-1.0,0.7,0.0,1.0,0.0,-0.7,-0.7,-0.7,-0.7,-1.0,0.0,-0.7,-0.7,-0.7,-0.7,0.0,-1.0,0.0,-1.0,-0.7,1.0,-0.7,-1.0,-0.7,0.0,-0.7,-1.0,-1.0,-0.7,-1.0,-1.0,-0.7,-1.0,-1.0,-0.7,-1.0,-1.0,-0.7,-1.0,-1.0,-0.7,-0.7,-1.0,-0.7,0.0,0.0,-0.7,-1.0,-0.7,-1.0,-0.7,0.0,-0.7,-0.7,-1.0,-1.0,0.0,-1.0,-1.0,-0.7,-0.7,-1.0,-0.7,1.0,-0.7,-1.0,-0.7,-1.0,0.0,0.7,0.0,-0.7,-1.0,-0.7,-0.7,-1.0,
Porchemy,-0.7,-1.0,-0.7,0.0,-1.0,-0.7,-1.0,-1.0,-0.7,-1.0,-0.7,-0.7,-1.0,1.0,-1.0,0.0,-0.7,0.0,0.7,-1.0,0.7,-0.7,-0.7,-1.0,-0.7,-0.7,-1.0,0.0,-0.7,-0.7,-0.7,-1.0,0.0,-1.0,-1.0,0.0,-1.0,0.0,-1.0,-0.7,-1.0,-0.7,-1.0,0.0,-1.0,-0.7,-1.0,0.0,0.0,-0.7,0.0,0.0,-0.7,-1.0,-0.7,-1.0,-0.7,0.0,-1.0,0.0,0.0,0.0,-0.7,-0.7,0.0,-1.0,-0.7,-0.7,-1.0,-0.7,-1.0,0.0,-0.7,-0.7,-0.7,-1.0,-0.7,-0.7,-1.0,-1.0,0.0,-0.7,-0.7,-1.0,-0.7,-0.7,0.7,-1.0,-1.0,-0.7,-0.7,-1.0,-0.7,
Piiman,-1.0,1.0,-1.0,-1.0,-1.0,1.0,-1.0,-1.0,-1.0,-1.0,-1.0,-1.0,-1.0,-1.0,-1.0,-1.0,1.0,1.0,-1.0,-1.0,1.0,-1.0,-1.0,-1.0,-1.0,-1.0,-1.0,-1.0,-1.0,-1.0,-1.0,-1.0,-1.0,-1.0,-1.0,-1.0,-1.0,-1.0,-1.0,-1.0,-1.0,-1.0,-1.0,-1.0,-1.0,-1.0,-1.0,-1.0,-1.0,-1.0,-1.0,-1.0,-1.0,-1.0,-1.0,-1.0,-1.0,-1.0,-1.0,-1.0,-1.0,-1.0,-1.0,-1.0,-1.0,-1.0,-1.0,-1.0,-1.0,-1.0,-1.0,-1.0,-1.0,-1.0,-1.0,-1.0,-1.0,-1.0,-1.0,-1.0,-1.0,-1.0,-1.0,-1.0,-1.0,-1.0,1.0,-1.0,-1.0,-1.0,-1.0,-1.0,-1.0,
Piiman,-0.7,1.0,-1.0,-0.7,-0.7,0.7,-0.7,-0.7,0.0,0.0,-0.7,-0.7,0.0,-1.0,-1.0,0.0,0.0,0.0,0.0,-0.7,0.0,-1.0,0.0,-0.7,-1.0,-0.7,-1.0,-1.0,-1.0,-1.0,-0.7,-0.7,0.0,-0.7,0.0,0.0,-1.0,-1.0,-1.0,0.0,0.0,-1.0,-1.0,0.0,-0.7,-1.0,0.0,0.0,-1.0,-1.0,0.0,-0.7,0.0,0.0,-1.0,-0.7,-0.7,-1.0,-1.0,-0.7,-0.7,-0.7,-1.0,-0.7,-1.0,0.0,-1.0,0.0,-1.0,-0.7,-1.0,0.0,0.0,0.0,-0.7,-1.0,-0.7,0.0,-0.7,0.0,-1.0,0.0,-0.7,0.0,-0.7,-0.7,0.7,0.0,-0.7,0.0,-1.0,-1.0,-0.7,
Piiman,0.0,1.0,-0.7,-0.7,-1.0,1.0,-1.0,-0.7,-0.7,-1.0,0.0,0.0,-0.7,-0.7,-1.0,-0.7,0.0,0.0,-1.0,-1.0,0.0,-1.0,-0.7,-1.0,0.0,-1.0,-0.7,-1.0,-1.0,-0.7,-1.0,-1.0,-1.0,-1.0,0.0,-0.7,0.0,-1.0,-1.0,-0.7,-1.0,-0.7,-1.0,-0.7,0.0,0.0,-0.7,-0.7,-1.0,-0.7,0.0,-0.7,-0.7,-0.7,-0.7,-0.7,-1.0,-0.7,-1.0,-0.7,-1.0,0.0,0.0,-0.7,-1.0,0.0,0.0,-0.7,0.0,-1.0,-0.7,-0.7,-1.0,-0.7,-0.7,-1.0,-0.7,-1.0,-0.7,-0.7,-1.0,-0.7,-0.7,-0.7,-0.7,-1.0,1.0,0.0,-1.0,-1.0,-1.0,-1.0,-1.0,
Pierre,-1.0,-1.0,-1.0,-1.0,-1.0,-1.0,1.0,-1.0,-1.0,-1.0,-1.0,-1.0,-1.0,-1.0,-1.0,-1.0,-1.0,1.0,-1.0,-1.0,-1.0,-1.0,-1.0,-1.0,-1.0,-1.0,-1.0,-1.0,-1.0,-1.0,-1.0,-1.0,-1.0,-1.0,-1.0,-1.0,-1.0,-1.0,1.0,-1.0,-1.0,1.0,-1.0,-1.0,-1.0,-1.0,-1.0,-1.0,-1.0,-1.0,-1.0,-1.0,-1.0,-1.0,-1.0,-1.0,-1.0,-1.0,-1.0,-1.0,-1.0,-1.0,-1.0,-1.0,-1.0,-1.0,-1.0,-1.0,-1.0,-1.0,-1.0,-1.0,-1.0,1.0,-1.0,-1.0,-1.0,-1.0,-1.0,-1.0,-1.0,-1.0,-1.0,-1.0,-1.0,-1.0,-1.0,-1.0,-1.0,-1.0,-1.0,-1.0,-1.0,
Pierre,-1.0,-1.0,-1.0,-1.0,-1.0,-0.7,0.7,-0.7,-0.7,-0.7,-0.7,0.0,-0.7,-1.0,-0.7,-0.7,-0.7,0.7,-0.7,-1.0,-0.7,0.0,-0.7,-1.0,-0.7,0.0,0.0,-1.0,-0.7,-0.7,-0.7,-0.7,-1.0,0.0,0.0,-0.7,-1.0,-0.7,1.0,-0.7,-1.0,1.0,0.0,-0.7,-1.0,-0.7,-0.7,-1.0,0.0,-1.0,0.0,-1.0,-0.7,-0.7,0.0,-0.7,-1.0,0.0,-1.0,0.0,-1.0,-0.7,-0.7,-1.0,0.0,-0.7,-1.0,-1.0,-1.0,-0.7,-1.0,-1.0,0.0,1.0,0.0,0.0,0.0,-1.0,0.0,-1.0,-1.0,0.0,-0.7,-0.7,-1.0,-1.0,-0.7,0.0,-1.0,-1.0,-1.0,-1.0,-1.0,
Pierre,-1.0,-0.7,-1.0,-0.7,-1.0,0.0,1.0,-1.0,0.0,-0.7,0.0,-1.0,-0.7,-0.7,-0.7,-0.7,-0.7,0.7,-0.7,-0.7,-0.7,-0.7,-0.7,-1.0,-0.7,0.0,-0.7,-0.7,-0.7,-0.7,0.0,-1.0,-1.0,0.0,-0.7,-0.7,-0.7,-0.7,0.7,-0.7,-0.7,0.7,0.0,-1.0,-1.0,-1.0,-0.7,-1.0,-1.0,-1.0,0.0,-0.7,-1.0,-0.7,-1.0,-1.0,-0.7,-0.7,-0.7,-0.7,-1.0,0.0,-1.0,-0.7,0.0,-1.0,-1.0,-0.7,-1.0,0.0,-1.0,-1.0,0.0,1.0,0.0,-1.0,0.0,-1.0,-1.0,-0.7,-1.0,-1.0,-1.0,-0.7,0.0,0.0,-0.7,-1.0,-0.7,-1.0,-1.0,-0.7,-0.7,
Pica,-1.0,1.0,-1.0,-1.0,-1.0,-1.0,-1.0,1.0,-1.0,1.0,-1.0,-1.0,-1.0,1.0,1.0,-1.0,-1.0,1.0,-1.0,-1.0,1.0,-1.0,-1.0,-1.0,-1.0,-1.0,-1.0,-1.0,-1.0,-1.0,-1.0,-1.0,-1.0,-1.0,-1.0,-1.0,-1.0,1.0,1.0,1.0,-1.0,-1.0,-1.0,-1.0,-1.0,-1.0,-1.0,-1.0,-1.0,-1.0,-1.0,-1.0,-1.0,-1.0,-1.0,-1.0,-1.0,-1.0,-1.0,-1.0,-1.0,-1.0,-1.0,-1.0,-1.0,-1.0,-1.0,-1.0,-1.0,-1.0,-1.0,-1.0,-1.0,-1.0,-1.0,-1.0,-1.0,-1.0,1.0,-1.0,-1.0,-1.0,-1.0,-1.0,-1.0,-1.0,-1.0,-1.0,-1.0,-1.0,-1.0,1.0,-1.0,
Pica,0.0,0.0,-0.7,0.0,-0.7,0.0,-1.0,1.0,-0.7,1.0,-1.0,-1.0,-0.7,0.0,1.0,0.0,0.0,1.0,-0.7,0.0,0.0,-1.0,-1.0,0.0,-0.7,-1.0,-1.0,-0.7,-1.0,-0.7,-0.7,-1.0,-1.0,0.0,-0.7,-0.7,-0.7,1.0,0.7,0.7,-1.0,-1.0,-0.7,-0.7,0.0,-1.0,-1.0,0.0,-0.7,-0.7,-0.7,-1.0,0.0,-1.0,-1.0,-1.0,-0.7,-1.0,-1.0,-1.0,-1.0,-1.0,-1.0,-1.0,-1.0,-0.7,-0.7,-1.0,-0.7,0.0,0.0,-0.7,-0.7,-0.7,-0.7,-1.0,-0.7,0.0,0.7,-1.0,0.0,-1.0,-1.0,-0.7,-0.7,-1.0,-0.7,-1.0,-0.7,-1.0,-0.7,1.0,-1.0,
Pica,-1.0,0.0,-0.7,-0.7,-0.7,0.0,-1.0,0.7,-0.7,0.7,0.0,-0.7,0.0,1.0,1.0,-0.7,0.0,0.7,-0.7,-1.0,0.0,-1.0,-0.7,-0.7,-0.7,-0.7,-1.0,0.0,-1.0,-0.7,-1.0,-1.0,-1.0,-0.7,-0.7,-0.7,0.0,0.7,1.0,1.0,-1.0,-1.0,-1.0,-0.7,0.0,-0.7,-0.7,-1.0,-1.0,-1.0,-0.7,-0.7,-1.0,-1.0,-0.7,-0.7,-1.0,-1.0,-0.7,-0.7,0.0,-1.0,-0.7,-1.0,-0.7,-1.0,-1.0,-0.7,-0.7,-0.7,-0.7,-1.0,-0.7,-1.0,-0.7,-0.7,-0.7,-1.0,1.0,-1.0,-1.0,0.0,0.0,-0.7,-1.0,0.0,-0.7,-1.0,-0.7,-0.7,-1.0,1.0,-0.7,
Perona,1.0,1.0,-1.0,-1.0,-1.0,-1.0,-1.0,1.0,-1.0,1.0,-1.0,-1.0,-1.0,1.0,1.0,-1.0,-1.0,1.0,-1.0,-1.0,1.0,-1.0,-1.0,-1.0,-1.0,-1.0,-1.0,-1.0,-1.0,1.0,1.0,1.0,-1.0,-1.0,-1.0,-1.0,-1.0,-1.0,1.0,1.0,-1.0,-1.0,-1.0,-1.0,-1.0,-1.0,-1.0,-1.0,-1.0,-1.0,-1.0,-1.0,-1.0,-1.0,-1.0,-1.0,-1.0,-1.0,-1.0,-1.0,-1.0,-1.0,-1.0,-1.0,-1.0,-1.0,-1.0,-1.0,-1.0,-1.0,-1.0,-1.0,-1.0,-1.0,-1.0,-1.0,-1.0,-1.0,-1.0,1.0,-1.0,-1.0,-1.0,-1.0,1.0,-1.0,-1.0,-1.0,-1.0,-1.0,-1.0,-1.0,-1.0,
Perona,1.0,1.0,-1.0,0.0,-0.7,-0.7,-0.7,0.7,-0.7,1.0,-0.7,-1.0,-0.7,0.0,1.0,-0.7,-1.0,0.0,-0.7,0.0,0.7,-1.0,0.0,-0.7,-0.7,-0.7,-1.0,-0.7,-1.0,0.0,1.0,0.7,0.0,-1.0,-1.0,-1.0,-0.7,-1.0,0.0,0.7,-0.7,0.0,-1.0,-0.7,-0.7,-1.0,0.0,-0.7,0.0,0.0,-0.7,0.0,-0.7,0.0,-1.0,-1.0,-1.0,-1.0,-0.7,-1.0,-1.0,-1.0,-0.7,-1.0,-0.7,-1.0,-0.7,-1.0,-1.0,-1.0,0.0,-0.7,0.0,-0.7,-1.0,0.0,-1.0,-1.0,0.0,1.0,-0.7,-1.0,-1.0,-0.7,1.0,0.0,-0.7,-1.0,-0.7,-0.7,-0.7,-1.0,0.0,
Perona,0.0,1.0,0.0,-0.7,0.0,-0.7,-0.7,1.0,-0.7,0.7,-0.7,-0.7,-0.7,0.7,0.0,0.0,-1.0,0.0,-0.7,-1.0,1.0,0.0,-0.7,-1.0,-0.7,-1.0,0.0,-0.7,-0.7,0.7,1.0,1.0,-0.7,0.0,-1.0,0.0,-0.7,-1.0,1.0,1.0,-1.0,-1.0,-1.0,-0.7,-0.7,-0.7,-1.0,-1.0,-0.7,-1.0,-0.7,-0.7,0.0,-1.0,-1.0,-0.7,-1.0,-0.7,-1.0,-0.7,-1.0,0.0,-1.0,-0.7,-1.0,-1.0,-0.7,-0.7,-0.7,-0.7,0.0,-1.0,-1.0,0.0,0.0,-0.7,-1.0,-1.0,-0.7,0.7,-1.0,-0.7,-1.0,0.0,0.7,0.0,-0.7,-0.7,-1.0,-0.7,-1.0,0.0,-1.0,
Penguin,-1.0,-1.0,-1.0,-1.0,-1.0,-1.0,-1.0,-1.0,-1.0,-1.0,-1.0,-1.0,-1.0,1.0,-1.0,-1.0,-1.0,-1.0,-1.0,-1.0,1.0,1.0,-1.0,-1.0,-1.0,-1.0,-1.0,-1.0,-1.0,-1.0,-1.0,-1.0,-1.0,-1.0,-1.0,-1.0,-1.0,-1.0,-1.0,-1.0,-1.0,-1.0,-1.0,-1.0,-1.0,-1.0,-1.0,-1.0,-1.0,-1.0,-1.0,-1.0,-1.0,-1.0,-1.0,-1.0,-1.0,-1.0,-1.0,-1.0,-1.0,-1.0,-1.0,-1.0,-1.0,-1.0,-1.0,-1.0,-1.0,-1.0,-1.0,-1.0,-1.0,-1.0,-1.0,-1.0,-1.0,-1.0,-1.0,1.0,-1.0,1.0,-1.0,-1.0,-1.0,-1.0,-1.0,-1.0,-1.0,-1.0,-1.0,-1.0,-1.0,-1.0
Penguin,0.0,-1.0,-1.0,-1.0,-0.7,-0.7,-1.0,-1.0,-1.0,-1.0,0.0,-0.7,-1.0,1.0,-1.0,-0.7,0.0,-0.7,-0.7,-1.0,0.0,1.0,0.0,-1.0,-1.0,-0.7,-1.0,-1.0,-1.0,-0.7,-0.7,-1.0,-1.0,-0.7,-0.7,-0.7,0.0,-0.7,-1.0,-0.7,0.0,-0.7,-0.7,-0.7,-0.7,-1.0,-1.0,-0.7,-1.0,0.0,-1.0,-1.0,-1.0,-0.7,-0.7,-0.7,-1.0,-0.7,-0.7,-0.7,-0.7,-1.0,0.0,-0.7,0.0,-0.7,-1.0,-1.0,-0.7,-0.7,-0.7,-1.0,-1.0,-1.0,0.0,-1.0,-1.0,-0.7,-0.7,0.0,-1.0,1.0,-1.0,-0.7,-1.0,-1.0,0.0,0.0,0.0,-0.7,-1.0,-1.0,-0.7,-0.7
Penguin,-0.7,-0.7,0.0,-0.7,-1.0,-1.0,-0.7,-0.7,-1.0,-1.0,0.0,-0.7,-1.0,1.0,0.0,0.0,-0.7,-0.7,0.0,-1.0,0.7,1.0,-0.7,-1.0,0.0,-1.0,0.0,-0.7,-1.0,0.0,-0.7,-0.7,-1.0,-0.7,-1.0,-1.0,-1.0,-1.0,-0.7,-0.7,-1.0,-0.7,-0.7,-1.0,-1.0,-0.7,-0.7,-1.0,-1.0,-1.0,-0.7,0.0,-0.7,-1.0,-0.7,0.0,0.0,0.0,-0.7,-0.7,0.0,0.0,-1.0,-0.7,0.0,0.0,-0.7,-0.7,-0.7,-0.7,-1.0,-1.0,-0.7,-0.7,-0.7,-1.0,-0.7,-0.7,0.0,0.7,-0.7,1.0,-1.0,-1.0,0.0,-0.7,-0.7,-0.7,-1.0,-1.0,-1.0,-1.0,-1.0,0.0
Pekoms,-1.0,-1.0,-1.0,-1.0,-1.0,-1.0,1.0,-1.0,-1.0,-1.0,-1.0,-1.0,-1.0,1.0,-1.0,-1.0,-1.0,-1.0,-1.0,-1.0,-1.0,-1.0,-1.0,-1.0,-1.0,-1.0,-1.0,-1.0,-1.0,-1.0,-1.0,-1.0,-1.0,-1.0,-1.0,-1.0,-1.0,1.0,1.0,-1.0,-1.0,1.0,-1.0,-1.0,-1.0,-1.0,-1.0,-1.0,-1.0,-1.0,-1.0,-1.0,-1.0,-1.0,-1.0,-1.0,-1.0,-1.0,1.0,-1.0,-1.0,-1.0,-1.0,-1.0,-1.0,-1.0,-1.0,-1.0,-1.0,-1.0,-1.0,-1.0,-1.0,-1.0,1.0,-1.0,-1.0,-1.0,-1.0,-1.0,-1.0,-1.0,-1.0,-1.0,-1.0,-1.0,-1.0,-1.0,-1.0,-1.0,-1.0,-1.0,-1.0,
Pekoms,-0.7,-0.7,-0.7,-1.0,0.0,0.0,0.7,-1.0,0.0,-1.0,-0.7,-0.7,-1.0,0.0,0.0,0.0,-1.0,-1.0,0.0,-1.0,-0.7,-0.7,-1.0,0.0,-1.0,-0.7,-1.0,-0.7,-1.0,-0.7,0.0,0.0,-0.7,-0.7,0.0,-0.7,-0.7,0.0,0.7,-1.0,-0.7,1.0,0.0,-0.7,0.0,-1.0,0.0,-0.7,0.0,-0.7,-1.0,-1.0,-1.0,-0.7,-1.0,-0.7,-0.7,-0.7,1.0,-0.7,0.0,-0.7,-1.0,-0.7,-0.7,-1.0,-1.0,-0.7,-1.0,-1.0,-0.7,-1.0,-1.0,-0.7,0.7,0.0,0.0,0.0,-1.0,-0.7,-0.7,0.0,-0.7,-1.0,-0.7,-1.0,0.0,-0.7,-0.7,-1.0,-0.7,-0.7,-0.7,
Pekoms,0.0,-0.7,-0.7,0.0,-1.0,-0.7,0.7,-0.7,-1.0,-1.0,-0.7,-1.0,-1.0,1.0,-0.7,-1.0,0.0,-0.7,-1.0,-0.7,-1.0,0.0,-1.0,-1.0,-0.7,-1.0,-0.7,0.0,-0.7,-1.0,0.0,-1.0,-0.7,-0.7,-1.0,-0.7,-0.7,0.0,1.0,-1.0,-0.7,0.7,-0.7,-1.0,-1.0,-1.0,-0.7,0.0,-1.0,-0.7,-0.7,-0.7,-0.7,-0.7,-0.7,0.0,-0.7,-1.0,0.0,-1.0,-0.7,-0.7,-0.7,-0.7,-1.0,-1.0,-0.7,-0.7,0.0,-0.7,-1.0,-1.0,-0.7,0.0,0.7,-0.7,0.0,-1.0,-1.0,-0.7,-1.0,-0.7,-1.0,-1.0,-0.7,-0.7,-1.0,-1.0,-1.0,-1.0,-0.7,-1.0,-1.0,
Pell,-1.0,-1.0,1.0,-1.0,-1.0,-1.0,-1.0,1.0,-1.0,-1.0,-1.0,-1.0,1.0,-1.0,-1.0,-1.0,-1.0,1.0,-1.0,-1.0,1.0,1.0,-1.0,-1.0,-1.0,-1.0,-1.0,-1.0,-1.0,-1.0,-1.0,-1.0,-1.0,-1.0,-1.0,-1.0,-1.0,1.0,1.0,-1.0,-1.0,1.0,-1.0,-1.0,-1.0,-1.0,-1.0,-1.0,-1.0,-1.0,-1.0,-1.0,-1.0,-1.0,-1.0,-1.0,-1.0,-1.0,-1.0,-1.0,-1.0,-1.0,-1.0,-1.0,-1.0,-1.0,-1.0,-1.0,-1.0,-1.0,-1.0,-1.0,-1.0,-1.0,-1.0,-1.0,-1.0,-1.0,-1.0,-1.0,-1.0,-1.0,-1.0,1.0,-1.0,-1.0,-1.0,-1.0,-1.0,-1.0,-1.0,-1.0,-1.0,
Pell,-0.7,-1.0,0.0,-0.7,-1.0,-1.0,0.0,0.7,-0.7,-0.7,-0.7,-1.0,1.0,-0.7,0.0,-1.0,-0.7,0.0,-1.0,-1.0,1.0,1.0,-0.7,-1.0,-1.0,-0.7,-0.7,0.0,0.0,0.0,-1.0,-1.0,-1.0,-1.0,-1.0,-0.7,-0.7,1.0,0.7,-1.0,-0.7,1.0,0.0,0.0,-1.0,0.0,-0.7,-0.7,-0.7,-0.7,-1.0,-1.0,-0.7,-0.7,-0.7,-0.7,-1.0,0.0,0.0,-1.0,-1.0,-0.7,-1.0,-0.7,-1.0,-0.7,-1.0,-0.7,-0.7,0.0,-0.7,-1.0,-1.0,-0.7,-0.7,-0.7,-0.7,0.0,-1.0,-0.7,-0.7,0.0,0.0,1.0,-0.7,-1.0,-1.0,-1.0,0.0,-1.0,-1.0,-0.7,-0.7,
Pell,-0.7,-1.0,0.7,-1.0,0.0,0.0,-1.0,0.7,0.0,-1.0,-0.7,-1.0,1.0,0.0,-0.7,0.0,-0.7,1.0,-1.0,0.0,1.0,1.0,-1.0,-1.0,-1.0,0.0,-1.0,0.0,-1.0,-0.7,-0.7,-0.7,-0.7,-0.7,-0.7,-1.0,-0.7,0.7,1.0,-0.7,-0.7,0.7,-1.0,-0.7,-0.7,-0.7,-0.7,0.0,0.0,0.0,-1.0,-0.7,-1.0,-0.7,-0.7,-0.7,-0.7,0.0,-0.7,0.0,0.0,-0.7,-1.0,-1.0,-1.0,-1.0,-0.7,-1.0,0.0,-0.7,-0.7,-1.0,-1.0,-1.0,-1.0,0.0,-0.7,-1.0,-1.0,-0.7,-0.7,-0.7,-1.0,0.0,-0.7,-1.0,-1.0,-1.0,-0.7,-0.7,-0.7,0.0,-0.7,
Peepley Lulu,-1.0,-1.0,-1.0,-1.0,-1.0,-1.0,-1.0,-1.0,-1.0,-1.0,-1.0,-1.0,-1.0,-1.0,-1.0,-1.0,-1.0,1.0,-1.0,-1.0,1.0,-1.0,-1.0,-1.0,-1.0,-1.0,-1.0,-1.0,-1.0,-1.0,-1.0,-1.0,-1.0,-1.0,-1.0,-1.0,-1.0,1.0,-1.0,-1.0,-1.0,-1.0,-1.0,-1.0,-1.0,-1.0,-1.0,-1.0,-1.0,-1.0,-1.0,-1.0,-1.0,-1.0,-1.0,-1.0,-1.0,-1.0,-1.0,-1.0,-1.0,-1.0,-1.0,-1.0,-1.0,-1.0,-1.0,-1.0,-1.0,-1.0,-1.0,-1.0,1.0,-1.0,-1.0,-1.0,-1.0,-1.0,-1.0,-1.0,-1.0,-1.0,-1.0,-1.0,-1.0,-1.0,-1.0,-1.0,-1.0,-1.0,-1.0,-1.0,-1.0,
Peepley Lulu,0.0,-0.7,-1.0,-1.0,0.0,-1.0,-1.0,0.0,0.0,0.0,-0.7,-1.0,-1.0,-0.7,-0.7,-1.0,-0.7,0.7,-0.7,-0.7,1.0,-0.7,-0.7,-1.0,0.0,-1.0,-0.7,-0.7,-1.0,-0.7,-0.7,-0.7,0.0,0.0,0.0,-0.7,-0.7,1.0,-1.0,-1.0,-0.7,-0.7,-1.0,0.0,-0.7,-1.0,-1.0,-1.0,-1.0,0.0,-0.7,-1.0,-1.0,-0.7,0.0,-1.0,-0.7,0.0,-0.7,0.0,-1.0,-0.7,-1.0,-0.7,-1.0,-0.7,-1.0,-0.7,-0.7,0.0,-0.7,-0.7,0.7,-1.0,-0.7,-0.7,-1.0,0.0,-1.0,-1.0,-1.0,-1.0,-1.0,-1.0,-0.7,-0.7,-1.0,-0.7,-1.0,0.0,0.0,-0.7,-0.7,
Peepley Lulu,-0.7,-1.0,-1.0,-0.7,-0.7,0.0,0.0,-1.0,-0.7,-0.7,0.0,-0.7,-0.7,-0.7,-1.0,0.0,-1.0,1.0,-0.7,-1.0,0.7,-1.0,-0.7,-1.0,-1.0,-0.7,0.0,-0.7,-1.0,-0.7,0.0,-0.7,-0.7,0.0,-1.0,-0.7,-1.0,0.0,-1.0,0.0,-0.7,-1.0,-0.7,0.0,-1.0,0.0,-1.0,-1.0,-1.0,0.0,0.0,0.0,-0.7,0.0,-0.7,-1.0,-1.0,0.0,-0.7,-1.0,-0.7,-0.7,-1.0,-1.0,-1.0,-1.0,-0.7,-1.0,-0.7,-0.7,-0.7,-1.0,1.0,-0.7,-1.0,-0.7,-0.7,-1.0,-0.7,-1.0,-0.7,-0.7,-0.7,-0.7,-0.7,-0.7,-1.0,0.0,-1.0,-1.0,-0.7,0.0,-1.0,
Pearl,-1.0,1.0,-1.0,-1.0,-1.0,-1.0,-1.0,1.0,-1.0,1.0,-1.0,-1.0,-1.0,1.0,-1.0,-1.0,-1.0,1.0,-1.0,-1.0,1.0,-1.0,-1.0,-1.0,-1.0,-1.0,-1.0,-1.0,-1.0,-1.0,-1.0,-1.0,-1.0,-1.0,-1.0,-1.0,-1.0,1.0,-1.0,-1.0,-1.0,-1.0,-1.0,-1.0,-1.0,-1.0,-1.0,-1.0,-1.0,-1.0,-1.0,-1.0,-1.0,-1.0,-1.0,-1.0,-1.0,-1.0,-1.0,-1.0,-1.0,-1.0,-1.0,-1.0,-1.0,-1.0,-1.0,-1.0,-1.0,-1.0,-1.0,-1.0,-1.0,-1.0,-1.0,-1.0,-1.0,-1.0,-1.0,-1.0,-1.0,-1.0,1.0,-1.0,-1.0,-1.0,-1.0,-1.0,-1.0,-1.0,-1.0,-1.0,-1.0,
Pearl,-0.7,1.0,-1.0,-1.0,0.0,-1.0,-1.0,0.7,-0.7,1.0,-1.0,0.0,-0.7,1.0,-1.0,-1.0,-1.0,0.0,0.0,-1.0,0.7,-0.7,-0.7,-0.7,-1.0,-1.0,-1.0,0.0,-0.7,-1.0,-1.0,-0.7,-0.7,0.0,-0.7,0.0,-0.7,0.0,-0.7,-1.0,-1.0,-1.0,-1.0,-0.7,-0.7,-1.0,-1.0,-0.7,-1.0,-0.7,-1.0,0.0,-0.7,-1.0,-0.7,-0.7,-1.0,0.0,-0.7,-1.0,-0.7,-1.0,0.0,-0.7,-0.7,-0.7,-1.0,-0.7,-1.0,-0.7,-1.0,-1.0,-0.7,0.0,-0.7,-1.0,-0.7,-0.7,-0.7,-1.0,-0.7,-1.0,1.0,0.0,-0.7,-0.7,-1.0,-0.7,-1.0,-0.7,-1.0,-1.0,0.0,
Pearl,-1.0,0.7,-1.0,-0.7,-1.0,-0.7,-1.0,0.0,-0.7,1.0,-0.7,-0.7,0.0,0.7,-0.7,-0.7,0.0,0.7,-0.7,-0.7,0.0,0.0,0.0,-1.0,-1.0,-1.0,0.0,0.0,-0.7,-1.0,-1.0,-0.7,-1.0,-0.7,-0.7,-1.0,0.0,1.0,0.0,-0.7,-1.0,0.0,-0.7,0.0,-0.7,-0.7,0.0,-1.0,-1.0,-1.0,0.0,-0.7,-1.0,-1.0,-0.7,0.0,0.0,0.0,-0.7,-1.0,-0.7,-0.7,-0.7,-0.7,-0.7,-1.0,0.0,-1.0,-0.7,-1.0,-1.0,0.0,-1.0,-1.0,-1.0,-0.7,-0.7,-1.0,-0.7,0.0,-1.0,-0.7,0.7,-1.0,-0.7,-1.0,0.0,-1.0,-0.7,-1.0,0.0,-0.7,0.0,
Pedro,-1.0,-1.0,-1.0,-1.0,-1.0,-1.0,1.0,1.0,-1.0,-1.0,-1.0,-1.0,-1.0,-1.0,1.0,-1.0,-1.0,-1.0,-1.0,-1.0,-1.0,-1.0,-1.0,-1.0,-1.0,-1.0,-1.0,-1.0,-1.0,-1.0,-1.0,-1.0,-1.0,-1.0,-1.0,-1.0,-1.0,1.0,-1.0,-1.0,-1.0,-1.0,-1.0,-1.0,-1.0,-1.0,-1.0,-1.0,-1.0,-1.0,-1.0,-1.0,-1.0,-1.0,-1.0,-1.0,-1.0,-1.0,-1.0,-1.0,-1.0,-1.0,-1.0,-1.0,-1.0,-1.0,-1.0,-1.0,-1.0,-1.0,-1.0,1.0,-1.0,-1.0,-1.0,-1.0,-1.0,-1.0,-1.0,-1.0,-1.0,-1.0,-1.0,-1.0,-1.0,-1.0,-1.0,1.0,-1.0,-1.0,-1.0,-1.0,-1.0,
Pedro,0.0,-1.0,0.0,-0.7,-1.0,-1.0,0.0,0.7,-0.7,0.0,0.0,-1.0,-1.0,0.0,0.0,-0.7,-1.0,-0.7,-0.7,-1.0,-0.7,-1.0,-0.7,-1.0,-1.0,-0.7,-1.0,-1.0,-1.0,-0.7,-1.0,-1.0,0.0,-1.0,-1.0,-1.0,0.0,0.7,-1.0,-0.7,-0.7,0.0,-0.7,-1.0,-0.7,-1.0,-0.7,-0.7,-0.7,-1.0,-0.7,-0.7,0.0,-1.0,0.0,-1.0,-1.0,-1.0,-0.7,-0.7,-0.7,-0.7,-1.0,-0.7,-0.7,-0.7,-0.7,-1.0,0.0,0.0,-0.7,0.7,-0.7,-1.0,-1.0,0.0,-0.7,-0.7,0.0,0.0,-0.7,-1.0,-1.0,0.0,0.0,-0.7,-1.0,0.7,-1.0,-1.0,0.0,-1.0,-0.7,
Pedro,-0.7,0.0,-0.7,-1.0,-0.7,-1.0,0.7,0.7,-1.0,-1.0,-1.0,-1.0,-0.7,-0.7,1.0,0.0,-0.7,-0.7,-0.7,0.0,0.0,-0.7,-0.7,-0.7,-1.0,-1.0,-1.0,-1.0,-0.7,0.0,-0.7,0.0,-1.0,0.0,-1.0,0.0,-0.7,0.0,0.0,-1.0,-1.0,0.0,-0.7,0.0,-1.0,-1.0,-1.0,-0.7,-1.0,-0.7,-0.7,-0.7,0.0,-1.0,-0.7,-0.7,0.0,-1.0,-0.7,0.0,-0.7,0.0,0.0,0.0,-0.7,-0.7,-1.0,-1.0,-1.0,-1.0,-1.0,1.0,-1.0,-1.0,-1.0,-0.7,0.0,0.0,0.0,-0.7,-1.0,-0.7,-0.7,-0.7,0.0,-1.0,-0.7,0.7,0.0,-1.0,-1.0,-0.7,0.0,
Paulie,-1.0,-1.0,-1.0,-1.0,-1.0,-1.0,-1.0,1.0,-1.0,1.0,-1.0,-1.0,-1.0,-1.0,-1.0,-1.0,-1.0,1.0,-1.0,-1.0,1.0,1.0,-1.0,-1.0,-1.0,-1.0,-1.0,-1.0,-1.0,-1.0,-1.0,-1.0,-1.0,-1.0,-1.0,-1.0,-1.0,1.0,-1.0,-1.0,-1.0,-1.0,-1.0,-1.0,-1.0,-1.0,-1.0,-1.0,-1.0,-1.0,-1.0,-1.0,-1.0,-1.0,-1.0,-1.0,-1.0,-1.0,-1.0,-1.0,-1.0,-1.0,-1.0,-1.0,-1.0,-1.0,-1.0,-1.0,-1.0,-1.0,-1.0,-1.0,1.0,-1.0,-1.0,-1.0,-1.0,-1.0,-1.0,-1.0,-1.0,-1.0,-1.0,-1.0,-1.0,-1.0,-1.0,-1.0,-1.0,-1.0,-1.0,-1.0,-1.0,
Paulie,-1.0,-0.7,-1.0,-1.0,-1.0,-0.7,0.0,0.7,-0.7,1.0,-1.0,-0.7,-1.0,-1.0,-0.7,0.0,-1.0,0.7,-1.0,-1.0,0.0,0.7,-1.0,0.0,-0.7,-0.7,-0.7,-1.0,-0.7,-1.0,-1.0,-0.7,-1.0,-1.0,-0.7,-0.7,-0.7,0.0,0.0,0.0,-0.7,-0.7,-1.0,-0.7,-0.7,-0.7,-1.0,-0.7,0.0,-1.0,-1.0,-0.7,-1.0,0.0,-0.7,-1.0,-0.7,-1.0,-0.7,-1.0,-0.7,-1.0,0.0,-0.7,0.0,-0.7,-0.7,-0.7,-0.7,-1.0,0.0,-0.7,0.0,-0.7,-1.0,-1.0,-0.7,-1.0,-1.0,-1.0,-1.0,-1.0,0.0,-0.7,-1.0,-0.7,-1.0,-0.7,-0.7,-1.0,-1.0,-0.7,-1.0,
Paulie,0.0,0.0,-0.7,-1.0,-1.0,-1.0,-1.0,0.0,-1.0,1.0,0.0,-1.0,-0.7,0.0,-1.0,-0.7,-1.0,0.7,-1.0,-0.7,0.7,1.0,-0.7,-1.0,0.0,-0.7,-0.7,-1.0,0.0,-0.7,-1.0,0.0,-0.7,-1.0,-1.0,0.0,-1.0,0.7,-1.0,-0.7,-1.0,-1.0,-0.7,0.0,-0.7,-1.0,-1.0,-1.0,-0.7,-0.7,-0.7,-0.7,-0.7,-0.7,-1.0,-0.7,-0.7,-0.7,-1.0,-1.0,-1.0,-1.0,-0.7,-0.7,-0.7,-0.7,-1.0,-0.7,0.0,-0.7,-0.7,-1.0,0.7,-0.7,0.0,-0.7,-1.0,-0.7,0.0,-0.7,-1.0,-1.0,-1.0,0.0,-0.7,0.0,-1.0,0.0,-1.0,-1.0,-1.0,-1.0,0.0,
Patty,-1.0,-1.0,-1.0,-1.0,-1.0,-1.0,-1.0,-1.0,-1.0,1.0,-1.0,-1.0,-1.0,-1.0,-1.0,-1.0,-1.0,1.0,-1.0,-1.0,1.0,-1.0,-1.0,-1.0,-1.0,-1.0,-1.0,-1.0,-1.0,-1.0,-1.0,-1.0,-1.0,-1.0,-1.0,-1.0,-1.0,1.0,-1.0,-1.0,-1.0,-1.0,-1.0,-1.0,-1.0,-1.0,-1.0,-1.0,-1.0,-1.0,-1.0,-1.0,-1.0,-1.0,-1.0,-1.0,-1.0,-1.0,-1.0,-1.0,-1.0,-1.0,-1.0,-1.0,-1.0,-1.0,-1.0,-1.0,-1.0,-1.0,-1.0,-1.0,-1.0,-1.0,-1.0,-1.0,-1.0,-1.0,-1.0,-1.0,-1.0,-1.0,1.0,-1.0,-1.0,-1.0,-1.0,-1.0,-1.0,-1.0,-1.0,-1.0,-1.0,
Patty,-1.0,-1.0,0.0,-0.7,-0.7,-1.0,-0.7,-0.7,-1.0,1.0,-0.7,-0.7,0.0,-0.7,-0.7,-0.7,-0.7,0.7,0.0,-0.7,0.7,-0.7,-1.0,-0.7,0.0,-1.0,-0.7,-1.0,-0.7,-0.7,-0.7,-1.0,0.0,-1.0,-0.7,-0.7,-0.7,1.0,-0.7,-0.7,-0.7,-0.7,-1.0,0.0,-0.7,-0.7,0.0,-1.0,-0.7,-0.7,0.0,-0.7,-0.7,-1.0,-1.0,-0.7,-1.0,-1.0,0.0,0.0,-1.0,-0.7,0.0,-0.7,-1.0,-1.0,-1.0,-0.7,-1.0,-0.7,-0.7,-1.0,-1.0,-1.0,0.0,0.0,-1.0,-1.0,-0.7,-1.0,-0.7,-0.7,0.7,-1.0,0.0,-1.0,-1.0,-1.0,0.0,-1.0,0.0,-1.0,-1.0,
Patty,-0.7,0.0,-0.7,-1.0,0.0,-1.0,-1.0,-0.7,-1.0,0.7,-0.7,0.0,-0.7,-1.0,-0.7,-1.0,-0.7,1.0,-1.0,-0.7,0.7,-1.0,-0.7,0.0,-1.0,-0.7,-1.0,-0.7,-0.7,-1.0,-1.0,-0.7,0.0,-1.0,-1.0,0.0,-1.0,1.0,-1.0,-1.0,-0.7,-0.7,-1.0,-0.7,-1.0,-0.7,0.0,-0.7,-1.0,-1.0,-0.7,0.0,-1.0,0.0,-1.0,-1.0,0.0,-1.0,-0.7,-1.0,-1.0,-0.7,0.0,-0.7,-1.0,-0.7,-1.0,-0.7,-0.7,-1.0,-0.7,-1.0,-0.7,0.0,-1.0,-1.0,-0.7,-0.7,-1.0,-1.0,-0.7,-1.0,0.7,-1.0,-0.7,-0.7,-0.7,-1.0,-0.7,-1.0,-1.0,-1.0,-1.0,
Pappag,-1.0,-1.0,-1.0,-1.0,-1.0,-1.0,1.0,-1.0,-1.0,-1.0,-1.0,-1.0,-1.0,-1.0,-1.0,-1.0,-1.0,1.0,-1.0,-1.0,-1.0,-1.0,-1.0,-1.0,-1.0,-1.0,-1.0,-1.0,-1.0,-1.0,-1.0,-1.0,-1.0,-1.0,-1.0,-1.0,-1.0,-1.0,-1.0,-1.0,-1.0,-1.0,-1.0,-1.0,-1.0,-1.0,-1.0,-1.0,-1.0,-1.0,-1.0,-1.0,-1.0,-1.0,-1.0,-1.0,-1.0,-1.0,-1.0,-1.0,-1.0,-1.0,-1.0,-1.0,1.0,-1.0,-1.0,-1.0,-1.0,-1.0,-1.0,-1.0,-1.0,-1.0,-1.0,-1.0,-1.0,-1.0,-1.0,-1.0,-1.0,-1.0,-1.0,1.0,-1.0,-1.0,-1.0,-1.0,-1.0,-1.0,-1.0,-1.0,-1.0,
Pappag,0.0,-0.7,0.0,-1.0,-0.7,-1.0,1.0,-0.7,-0.7,-1.0,-1.0,-1.0,-1.0,-0.7,-1.0,-0.7,-0.7,1.0,-1.0,-0.7,-1.0,-0.7,-1.0,0.0,-1.0,-0.7,0.0,0.0,-0.7,-1.0,-0.7,-1.0,-0.7,-0.7,-0.7,-0.7,-0.7,-1.0,-0.7,-0.7,-0.7,0.0,-0.7,-0.7,-1.0,-0.7,-1.0,-1.0,-0.7,-0.7,0.0,-0.7,0.0,-1.0,-0.7,0.0,-0.7,-0.7,-0.7,0.0,0.0,-0.7,-0.7,0.0,1.0,-0.7,0.0,-1.0,-0.7,-0.7,-1.0,0.0,-0.7,-0.7,-0.7,-0.7,-1.0,-0.7,-1.0,-0.7,-1.0,0.0,-0.7,1.0,-0.7,-1.0,-0.7,-0.7,-1.0,-1.0,-1.0,0.0,-0.7,
Pappag,-1.0,-1.0,-0.7,-0.7,-1.0,-1.0,0.7,0.0,-1.0,-1.0,-1.0,-0.7,-1.0,-1.0,-0.7,-1.0,-1.0,0.7,-0.7,0.0,-1.0,-1.0,-1.0,-0.7,-1.0,-1.0,-1.0,0.0,0.0,-0.7,-1.0,-0.7,-0.7,-0.7,0.0,-1.0,0.0,0.0,-0.7,-0.7,-0.7,-0.7,-0.7,-1.0,-1.0,-0.7,0.0,-1.0,-1.0,0.0,-1.0,0.0,-0.7,0.0,0.0,-0.7,-1.0,-0.7,-1.0,0.0,-0.7,-1.0,-1.0,-1.0,0.7,-0.7,-1.0,-0.7,-1.0,-1.0,-1.0,0.0,-1.0,-0.7,-0.7,-0.7,-1.0,-1.0,-1.0,-1.0,-0.7,-1.0,-0.7,1.0,-0.7,0.0,-1.0,-1.0,-1.0,-1.0,-1.0,-1.0,0.0,
Pandaman,-1.0,-1.0,-1.0,-1.0,-1.0,-1.0,-1.0,-1.0,-1.0,-1.0,-1.0,-1.0,-1.0,-1.0,-1.0,-1.0,-1.0,1.0,-1.0,-1.0,1.0,-1.0,-1.0,-1.0,-1.0,-1.0,-1.0,-1.0,-1.0,-1.0,-1.0,-1.0,-1.0,-1.0,-1.0,-1.0,-1.0,1.0,-1.0,-1.0,-1.0,-1.0,-1.0,-1.0,-1.0,-1.0,-1.0,-1.0,-1.0,-1.0,-1.0,-1.0,-1.0,-1.0,-1.0,-1.0,-1.0,-1.0,-1.0,-1.0,-1.0,-1.0,-1.0,-1.0,-1.0,-1.0,-1.0,-1.0,-1.0,-1.0,-1.0,-1.0,-1.0,-1.0,-1.0,-1.0,-1.0,-1.0,-1.0,-1.0,-1.0,-1.0,1.0,-1.0,-1.0,-1.0,-1.0,-1.0,-1.0,-1.0,-1.0,-1.0,-1.0,
Pandaman,-0.7,0.0,-0.7,0.0,0.0,0.0,-1.0,-0.7,-0.7,-0.7,-0.7,-0.7,0.0,0.0,0.0,-0.7,-0.7,0.7,-1.0,0.0,0.0,-0.7,0.0,-1.0,-0.7,0.0,-1.0,-1.0,-1.0,-1.0,-1.0,-1.0,0.0,0.0,-0.7,-0.7,-1.0,0.7,-0.7,-0.7,-0.7,-1.0,0.0,-0.7,-0.7,-1.0,-0.7,-1.0,0.0,0.0,-1.0,-0.7,-1.0,0.0,-1.0,-1.0,-1.0,-0.7,-1.0,-0.7,-0.7,-0.7,-0.7,-1.0,0.0,-1.0,0.0,-0.7,-0.7,-1.0,-1.0,-0.7,-1.0,-0.7,-0.7,-1.0,-1.0,0.0,-0.7,0.0,-1.0,-1.0,0.7,0.0,-0.7,-0.7,-1.0,0.0,-0.7,-1.0,-0.7,-1.0,-0.7,
Pandaman,-0.7,-1.0,-1.0,-0.7,-0.7,-0.7,-0.7,-1.0,-0.7,0.0,-0.7,-1.0,-0.7,-1.0,-1.0,-0.7,-1.0,0.0,-1.0,-0.7,1.0,-0.7,-1.0,-1.0,0.0,0.0,0.0,-1.0,-0.7,0.0,-1.0,-0.7,-0.7,-0.7,0.0,-0.7,-1.0,1.0,-0.7,-1.0,-1.0,-0.7,-0.7,-1.0,0.0,-0.7,-0.7,-0.7,-0.7,-0.7,0.0,-1.0,0.0,-0.7,-0.7,-1.0,-0.7,-0.7,-1.0,-0.7,-0.7,-0.7,-0.7,-0.7,-0.7,-0.7,0.0,-1.0,-1.0,-0.7,-0.7,0.0,-1.0,-0.7,-1.0,-0.7,-0.7,0.0,0.0,-0.7,-0.7,-0.7,0.7,0.0,-1.0,-0.7,-0.7,-0.7,-0.7,-1.0,-1.0,0.0,-1.0,
Page One,-1.0,-1.0,1.0,-1.0,-1.0,-1.0,-1.0,1.0,-1.0,1.0,-1.0,-1.0,-1.0,-1.0,-1.0,-1.0,-1.0,1.0,-1.0,-1.0,1.0,-1.0,-1.0,-1.0,-1.0,-1.0,-1.0,-1.0,-1.0,-1.0,-1.0,-1.0,-1.0,-1.0,-1.0,-1.0,-1.0,-1.0,1.0,-1.0,-1.0,-1.0,1.0,-1.0,-1.0,-1.0,-1.0,-1.0,-1.0,-1.0,-1.0,-1.0,-1.0,1.0,-1.0,-1.0,-1.0,-1.0,-1.0,-1.0,-1.0,-1.0,-1.0,-1.0,-1.0,-1.0,-1.0,-1.0,-1.0,-1.0,-1.0,-1.0,-1.0,-1.0,-1.0,1.0,-1.0,-1.0,-1.0,-1.0,-1.0,-1.0,-1.0,-1.0,-1.0,-1.0,-1.0,-1.0,-1.0,-1.0,-1.0,-1.0,-1.0,
Page One,-1.0,-1.0,0.0,-1.0,-0.7,-0.7,-0.7,1.0,-0.7,0.0,-0.7,-1.0,-1.0,-1.0,-1.0,-0.7,-1.0,0.0,-0.7,-0.7,0.7,-1.0,-0.7,-1.0,-0.7,-0.7,-1.0,-1.0,-1.0,-0.7,-1.0,0.0,-0.7,-1.0,0.0,0.0,-1.0,-1.0,0.7,0.0,0.0,-1.0,0.7,-0.7,-0.7,-0.7,-1.0,-0.7,-0.7,-0.7,-0.7,-1.0,-0.7,1.0,-1.0,-0.7,-0.7,-0.7,0.0,-1.0,-1.0,-0.7,-0.7,-0.7,-0.7,-1.0,-0.7,-0.7,-1.0,-0.7,-1.0,-0.7,-1.0,-1.0,-1.0,0.7,0.0,-0.7,0.0,0.0,-1.0,-1.0,-1.0,-1.0,-0.7,-1.0,-0.7,-0.7,-0.7,-0.7,0.0,-0.7,0.0,
Page One,-0.7,-0.7,1.0,-1.0,-1.0,-1.0,-1.0,0.7,-1.0,1.0,-1.0,-0.7,-0.7,0.0,-0.7,-1.0,-1.0,1.0,-1.0,-0.7,1.0,-1.0,-0.7,-1.0,0.0,0.0,-0.7,-1.0,-1.0,-1.0,-1.0,-1.0,-1.0,-0.7,-1.0,-0.7,-0.7,0.0,0.7,-1.0,-0.7,-0.7,0.0,-0.7,-1.0,-1.0,-0.7,0.0,0.0,-1.0,0.0,-0.7,-0.7,1.0,-0.7,-0.7,-1.0,-0.7,-1.0,-0.7,-1.0,-1.0,-1.0,-0.7,0.0,-0.7,-1.0,-1.0,-0.7,-0.7,-1.0,-0.7,-1.0,-0.7,-1.0,0.7,0.0,-1.0,-0.7,-1.0,0.0,-1.0,-0.7,-1.0,-1.0,-0.7,-0.7,-0.7,-1.0,-0.7,-0.7,-0.7,-0.7,
Pagaya,-1.0,-1.0,-1.0,-1.0,-1.0,-1.0,-1.0,-1.0,-1.0,-1.0,-1.0,-1.0,-1.0,-1.0,-1.0,-1.0,-1.0,1.0,-1.0,-1.0,1.0,-1.0,-1.0,-1.0,-1.0,-1.0,-1.0,-1.0,-1.0,-1.0,-1.0,-1.0,-1.0,-1.0,-1.0,-1.0,-1.0,-1.0,-1.0,-1.0,-1.0,-1.0,-1.0,-1.0,-1.0,-1.0,-1.0,-1.0,-1.0,-1.0,-1.0,-1.0,-1.0,-1.0,-1.0,-1.0,-1.0,-1.0,-1.0,-1.0,-1.0,-1.0,-1.0,-1.0,-1.0,-1.0,-1.0,-1.0,1.0,-1.0,-1.0,-1.0,-1.0,1.0,-1.0,-1.0,-1.0,-1.0,-1.0,-1.0,-1.0,-1.0,-1.0,-1.0,-1.0,-1.0,-1.0,-1.0,-1.0,-1.0,-1.0,-1.0,-1.0,
Pagaya,-1.0,0.0,0.0,-1.0,-0.7,-0.7,-0.7,-1.0,-0.7,0.0,-1.0,0.0,0.0,-0.7,-1.0,-1.0,-0.7,0.7,-0.7,0.0,0.0,-0.7,0.0,-0.7,-1.0,-1.0,-1.0,-0.7,-1.0,-1.0,0.0,0.0,-1.0,-1.0,-0.7,-1.0,-0.7,-0.7,-1.0,-0.7,-1.0,0.0,-0.7,0.0,-1.0,-1.0,-1.0,0.0,-0.7,0.0,-1.0,-1.0,-1.0,-0.7,0.0,-0.7,-1.0,-0.7,-1.0,-0.7,-1.0,0.0,0.0,-0.7,-1.0,-1.0,-1.0,-0.7,1.0,0.0,0.0,-1.0,-0.7,0.7,-1.0,-1.0,-1.0,-0.7,-1.0,-0.7,0.0,-0.7,0.0,-0.7,-1.0,0.0,-1.0,0.0,-0.7,0.0,-1.0,-1.0,-1.0,
Pagaya,-1.0,-0.7,-1.0,-0.7,-0.7,-0.7,0.0,-1.0,-1.0,-1.0,-1.0,-1.0,0.0,-1.0,-0.7,0.0,0.0,0.0,0.0,-0.7,1.0,-0.7,-1.0,-1.0,0.0,-0.7,-0.7,-0.7,-0.7,-0.7,0.0,0.0,-1.0,-1.0,-0.7,-0.7,-0.7,-0.7,-0.7,0.0,-0.7,-1.0,0.0,-1.0,0.0,0.0,-1.0,-0.7,-0.7,0.0,-0.7,-1.0,-1.0,-0.7,-0.7,-1.0,-0.7,-0.7,0.0,-1.0,-0.7,-1.0,-0.7,0.0,-0.7,-0.7,-0.7,-1.0,1.0,-1.0,-0.7,-0.7,-0.7,0.0,-1.0,-1.0,-1.0,-1.0,0.0,0.0,-1.0,-1.0,-0.7,-1.0,-0.7,0.0,0.0,-0.7,-1.0,-1.0,0.0,-1.0,-0.7,
Otohime,1.0,-1.0,-1.0,-1.0,-1.0,-1.0,1.0,-1.0,-1.0,-1.0,-1.0,-1.0,-1.0,-1.0,-1.0,1.0,-1.0,-1.0,-1.0,-1.0,-1.0,-1.0,-1.0,-1.0,-1.0,-1.0,-1.0,-1.0,-1.0,-1.0,-1.0,-1.0,-1.0,-1.0,-1.0,-1.0,-1.0,1.0,-1.0,-1.0,-1.0,-1.0,-1.0,-1.0,-1.0,-1.0,-1.0,-1.0,-1.0,-1.0,-1.0,-1.0,-1.0,-1.0,-1.0,-1.0,-1.0,-1.0,-1.0,-1.0,-1.0,-1.0,-1.0,-1.0,1.0,-1.0,-1.0,-1.0,-1.0,-1.0,-1.0,-1.0,-1.0,1.0,-1.0,-1.0,-1.0,-1.0,-1.0,-1.0,-1.0,-1.0,-1.0,-1.0,-1.0,-1.0,-1.0,-1.0,-1.0,-1.0,-1.0,-1.0,,
Otohime,1.0,-1.0,-1.0,-1.0,0.0,-1.0,0.7,0.0,0.0,-0.7,-1.0,-1.0,-0.7,0.0,-1.0,0.7,-1.0,-1.0,-0.7,-1.0,-0.7,-0.7,-1.0,-0.7,-1.0,-0.7,-0.7,0.0,-1.0,-0.7,-1.0,-1.0,-1.0,-1.0,-0.7,-1.0,0.0,0.0,-1.0,-0.7,-1.0,0.0,-0.7,-1.0,-0.7,-0.7,-0.7,-0.7,-0.7,-1.0,-1.0,-0.7,-0.7,-1.0,-1.0,-1.0,-0.7,-1.0,-0.7,-0.7,-1.0,0.0,-0.7,-0.7,1.0,-0.7,-1.0,-0.7,-1.0,-1.0,-1.0,-0.7,-0.7,1.0,-1.0,-0.7,-1.0,-0.7,-1.0,-1.0,-0.7,0.0,-0.7,-0.7,-0.7,-0.7,0.0,-0.7,0.0,-1.0,-1.0,-1.0,,
Otohime,0.7,-0.7,-1.0,-0.7,-0.7,-0.7,1.0,0.0,-1.0,0.0,-1.0,-1.0,-0.7,-0.7,-1.0,1.0,0.0,0.0,-1.0,-0.7,-1.0,-0.7,-1.0,-1.0,-0.7,-1.0,-0.7,0.0,-0.7,-1.0,-1.0,-0.7,0.0,0.0,-0.7,-0.7,-0.7,1.0,0.0,-1.0,-0.7,-0.7,-1.0,-1.0,-0.7,-1.0,-1.0,-0.7,0.0,-1.0,-0.7,-1.0,-0.7,0.0,-1.0,0.0,0.0,-0.7,-0.7,0.0,0.0,-1.0,0.0,-1.0,0.0,-1.0,-0.7,-0.7,-0.7,-0.7,0.0,-1.0,-1.0,0.7,-0.7,-1.0,-0.7,0.0,-1.0,-0.7,-0.7,-1.0,0.0,-1.0,-0.7,-1.0,-1.0,-1.0,-1.0,0.0,-0.7,-0.7,,
Orlumbus,-1.0,-1.0,-1.0,-1.0,-1.0,-1.0,-1.0,-1.0,-1.0,-1.0,-1.0,-1.0,-1.0,1.0,-1.0,-1.0,-1.0,1.0,-1.0,-1.0,1.0,-1.0,-1.0,-1.0,-1.0,-1.0,-1.0,-1.0,-1.0,-1.0,-1.0,-1.0,-1.0,-1.0,-1.0,-1.0,-1.0,1.0,-1.0,-1.0,-1.0,-1.0,-1.0,-1.0,-1.0,-1.0,-1.0,-1.0,-1.0,-1.0,-1.0,-1.0,-1.0,-1.0,-1.0,-1.0,-1.0,-1.0,-1.0,-1.0,-1.0,-1.0,-1.0,-1.0,-1.0,-1.0,-1.0,-1.0,-1.0,-1.0,-1.0,-1.0,-1.0,-1.0,-1.0,-1.0,1.0,-1.0,-1.0,-1.0,-1.0,-1.0,-1.0,-1.0,-1.0,-1.0,-1.0,-1.0,-1.0,-1.0,-1.0,-1.0,-1.0,
Orlumbus,0.0,-1.0,0.0,-1.0,-1.0,-0.7,0.0,-1.0,-0.7,-1.0,-0.7,-0.7,-0.7,0.0,0.0,-1.0,-0.7,0.7,0.0,-0.7,1.0,0.0,-1.0,-0.7,-1.0,-0.7,-1.0,-0.7,-0.7,-0.7,-1.0,-1.0,-0.7,-1.0,-0.7,0.0,-0.7,1.0,-0.7,-0.7,-0.7,-1.0,-1.0,-1.0,-0.7,-0.7,-0.7,-0.7,-0.7,-1.0,-0.7,0.0,-0.7,-1.0,-1.0,-0.7,-1.0,-0.7,-0.7,0.0,-0.7,-0.7,-1.0,-1.0,-1.0,-1.0,-0.7,-0.7,-0.7,-1.0,-1.0,-0.7,-0.7,-1.0,0.0,-0.7,1.0,-1.0,-0.7,-0.7,0.0,-1.0,-0.7,-0.7,-0.7,-1.0,-0.7,-1.0,0.0,-0.7,-0.7,-0.7,0.0,
Orlumbus,-0.7,-1.0,0.0,0.0,-1.0,-1.0,0.0,-0.7,-0.7,-1.0,-1.0,-0.7,-1.0,1.0,-1.0,-1.0,-1.0,0.0,-1.0,-0.7,1.0,-0.7,-0.7,-0.7,0.0,-1.0,-0.7,0.0,-0.7,0.0,-1.0,0.0,-0.7,-1.0,-0.7,-0.7,-1.0,0.7,-1.0,0.0,-0.7,-1.0,-1.0,0.0,-1.0,-1.0,-0.7,-1.0,-1.0,-0.7,-1.0,-1.0,-0.7,0.0,0.0,-0.7,-0.7,0.0,-0.7,-0.7,0.0,-0.7,0.0,0.0,-0.7,0.0,-1.0,-0.7,-1.0,0.0,-1.0,0.0,-1.0,-0.7,-1.0,-0.7,0.7,0.0,-0.7,-0.7,-1.0,-1.0,0.0,-1.0,0.0,-1.0,-1.0,0.0,0.0,-1.0,-0.7,0.0,-1.0,
Onimaru,-1.0,-1.0,-1.0,-1.0,-1.0,-1.0,1.0,-1.0,-1.0,-1.0,-1.0,-1.0,-1.0,-1.0,-1.0,-1.0,-1.0,1.0,-1.0,-1.0,1.0,-1.0,-1.0,-1.0,-1.0,-1.0,-1.0,-1.0,-1.0,-1.0,-1.0,-1.0,-1.0,-1.0,-1.0,-1.0,-1.0,1.0,-1.0,-1.0,-1.0,-1.0,-1.0,1.0,-1.0,-1.0,-1.0,-1.0,-1.0,-1.0,-1.0,-1.0,-1.0,-1.0,-1.0,-1.0,-1.0,-1.0,-1.0,-1.0,-1.0,-1.0,-1.0,-1.0,-1.0,-1.0,-1.0,-1.0,-1.0,-1.0,-1.0,-1.0,-1.0,-1.0,-1.0,1.0,-1.0,-1.0,-1.0,-1.0,-1.0,-1.0,-1.0,-1.0,-1.0,-1.0,-1.0,-1.0,-1.0,-1.0,-1.0,-1.0,-1.0,
Onimaru,-1.0,-0.7,-1.0,-0.7,-0.7,0.0,0.0,-0.7,-0.7,-0.7,-1.0,0.0,-1.0,-1.0,-0.7,-1.0,-1.0,1.0,-0.7,0.0,0.7,-1.0,-1.0,-0.7,-0.7,-0.7,0.0,-1.0,-0.7,-0.7,0.0,-1.0,-1.0,-1.0,-0.7,-0.7,0.0,0.0,-1.0,-0.7,-1.0,0.0,-1.0,0.0,-0.7,-1.0,-0.7,-1.0,-1.0,-0.7,-0.7,0.0,-0.7,-0.7,0.0,0.0,-1.0,-1.0,-1.0,-0.7,0.0,0.0,0.0,-1.0,-1.0,-1.0,-0.7,-1.0,-1.0,-1.0,-1.0,-1.0,0.0,-1.0,0.0,0.0,-0.7,0.0,-1.0,0.0,0.0,0.0,-1.0,0.0,0.0,0.0,-1.0,-1.0,-1.0,-0.7,-1.0,0.0,-0.7,
Onimaru,-1.0,-0.7,-0.7,-1.0,-1.0,-0.7,0.7,-0.7,-1.0,-1.0,-0.7,-0.7,-0.7,-0.7,-1.0,-1.0,-1.0,0.7,-0.7,-1.0,1.0,-1.0,0.0,-0.7,-0.7,0.0,-1.0,-0.7,-0.7,0.0,0.0,-0.7,-0.7,0.0,0.0,0.0,-1.0,0.7,-0.7,-1.0,-0.7,-1.0,-0.7,0.0,-0.7,-0.7,-0.7,-0.7,-0.7,-0.7,0.0,-1.0,-0.7,-1.0,-0.7,0.0,-1.0,-0.7,0.0,-1.0,-0.7,-1.0,-1.0,-0.7,0.0,-0.7,0.0,-0.7,0.0,0.0,-1.0,-0.7,-1.0,-0.7,-0.7,0.7,-0.7,-1.0,-1.0,-1.0,-1.0,-0.7,-0.7,-1.0,0.0,-0.7,-1.0,-0.7,0.0,-1.0,-1.0,0.0,-1.0,
Oimo,-1.0,-1.0,-1.0,-1.0,-1.0,-1.0,-1.0,-1.0,-1.0,-1.0,-1.0,-1.0,-1.0,1.0,-1.0,-1.0,-1.0,1.0,-1.0,-1.0,1.0,-1.0,-1.0,-1.0,-1.0,-1.0,-1.0,-1.0,-1.0,-1.0,-1.0,-1.0,-1.0,-1.0,-1.0,-1.0,-1.0,1.0,-1.0,-1.0,-1.0,-1.0,-1.0,-1.0,-1.0,-1.0,-1.0,-1.0,-1.0,-1.0,-1.0,-1.0,-1.0,-1.0,-1.0,-1.0,-1.0,-1.0,-1.0,-1.0,-1.0,-1.0,-1.0,-1.0,-1.0,-1.0,1.0,-1.0,-1.0,-1.0,-1.0,-1.0,1.0,-1.0,-1.0,-1.0,-1.0,-1.0,-1.0,-1.0,-1.0,-1.0,-1.0,-1.0,-1.0,-1.0,-1.0,-1.0,-1.0,-1.0,-1.0,-1.0,-1.0,
Oimo,-1.0,-0.7,-0.7,-1.0,-1.0,-0.7,0.0,-0.7,0.0,-1.0,-1.0,-0.7,-1.0,1.0,-1.0,-1.0,-0.7,0.0,-1.0,-0.7,0.0,-1.0,0.0,0.0,-1.0,0.0,0.0,-1.0,0.0,-0.7,0.0,-0.7,-1.0,-0.7,-0.7,-0.7,0.0,0.7,0.0,-0.7,0.0,-1.0,-1.0,-1.0,-0.7,0.0,-1.0,-0.7,-1.0,0.0,-1.0,-0.7,-1.0,-1.0,-1.0,0.0,-1.0,0.0,-1.0,-1.0,-0.7,-1.0,-0.7,-1.0,-0.7,-1.0,0.0,-0.7,-0.7,0.0,-0.7,-0.7,0.0,-1.0,-0.7,-1.0,-1.0,-1.0,0.0,-0.7,-1.0,-1.0,-0.7,-0.7,-0.7,-0.7,-0.7,0.0,-1.0,0.0,-1.0,-1.0,-1.0,
Oimo,-1.0,0.0,-1.0,-0.7,-0.7,-0.7,-1.0,-0.7,-0.7,0.0,-0.7,0.0,-0.7,1.0,-1.0,-0.7,-0.7,1.0,-1.0,-1.0,0.7,0.0,-0.7,-0.7,-0.7,-0.7,-1.0,0.0,-1.0,-1.0,-1.0,-1.0,-0.7,-1.0,-0.7,-0.7,-0.7,1.0,0.0,-0.7,-1.0,0.0,-1.0,-0.7,-0.7,-1.0,0.0,-1.0,-0.7,-1.0,-0.7,0.0,-0.7,-1.0,-0.7,-0.7,-0.7,0.0,0.0,-1.0,-0.7,0.0,-1.0,-1.0,-1.0,-1.0,0.0,-1.0,-1.0,-1.0,-1.0,-0.7,0.7,-0.7,-1.0,0.0,0.0,-0.7,-1.0,-1.0,-1.0,-0.7,-0.7,-1.0,-1.0,-0.7,-1.0,0.0,-0.7,-0.7,-1.0,0.0,-0.7,
Ohm,-1.0,-1.0,-1.0,-1.0,-1.0,-1.0,-1.0,-1.0,-1.0,-1.0,-1.0,-1.0,-1.0,-1.0,-1.0,-1.0,-1.0,-1.0,-1.0,-1.0,1.0,-1.0,-1.0,-1.0,-1.0,-1.0,-1.0,-1.0,-1.0,-1.0,-1.0,-1.0,-1.0,-1.0,-1.0,-1.0,-1.0,1.0,-1.0,-1.0,-1.0,-1.0,-1.0,-1.0,-1.0,-1.0,-1.0,-1.0,-1.0,-1.0,-1.0,-1.0,-1.0,-1.0,-1.0,-1.0,-1.0,-1.0,-1.0,-1.0,-1.0,-1.0,-1.0,-1.0,-1.0,-1.0,-1.0,-1.0,-1.0,1.0,-1.0,-1.0,-1.0,1.0,-1.0,-1.0,-1.0,-1.0,-1.0,-1.0,-1.0,-1.0,-1.0,-1.0,-1.0,-1.0,-1.0,-1.0,-1.0,-1.0,-1.0,-1.0,-1.0,
Ohm,-0.7,-1.0,-1.0,-0.7,-0.7,-1.0,-1.0,-1.0,-0.7,-1.0,-0.7,-0.7,-0.7,-1.0,-1.0,-1.0,-1.0,-0.7,-0.7,0.0,0.7,-1.0,-0.7,0.0,0.0,0.0,0.0,-1.0,-1.0,-0.7,-0.7,-1.0,-1.0,0.0,0.0,-1.0,-1.0,0.0,-0.7,-0.7,-1.0,-0.7,-1.0,0.0,-1.0,-0.7,-0.7,-0.7,-1.0,-0.7,-1.0,0.0,-1.0,0.0,-0.7,-1.0,-1.0,0.0,-1.0,-0.7,-1.0,0.0,-0.7,0.0,0.0,-0.7,-1.0,-1.0,-1.0,1.0,-0.7,0.0,-1.0,1.0,-0.7,0.0,-1.0,-1.0,-1.0,-1.0,-0.7,-0.7,0.0,0.0,0.0,-0.7,-1.0,-1.0,-0.7,0.0,-0.7,0.0,-1.0,
Ohm,-1.0,-0.7,0.0,-0.7,-1.0,-1.0,-1.0,-0.7,-1.0,-0.7,-0.7,-0.7,-0.7,-0.7,-1.0,-1.0,-1.0,-1.0,-1.0,-1.0,1.0,-0.7,0.0,0.0,0.0,-0.7,0.0,-0.7,-0.7,-0.7,-1.0,-1.0,-1.0,-0.7,-0.7,0.0,0.0,1.0,0.0,-0.7,-1.0,-0.7,-1.0,-1.0,-0.7,-0.7,-1.0,0.0,-0.7,-1.0,-0.7,-0.7,-0.7,0.0,-1.0,-0.7,-0.7,-0.7,-1.0,-0.7,0.0,-0.7,0.0,-1.0,-1.0,-1.0,-0.7,0.0,0.0,1.0,-0.7,0.0,-1.0,0.7,0.0,0.0,-1.0,-1.0,-0.7,0.0,-0.7,-0.7,0.0,-0.7,-0.7,-1.0,-1.0,-1.0,-1.0,0.0,-1.0,-1.0,-0.7,
Oars,-1.0,-1.0,-1.0,-1.0,-1.0,-1.0,-1.0,-1.0,-1.0,-1.0,-1.0,-1.0,-1.0,-1.0,-1.0,-1.0,-1.0,-1.0,-1.0,-1.0,1.0,-1.0,-1.0,-1.0,-1.0,-1.0,-1.0,-1.0,-1.0,-1.0,-1.0,-1.0,-1.0,-1.0,-1.0,-1.0,-1.0,-1.0,-1.0,-1.0,-1.0,-1.0,-1.0,-1.0,-1.0,-1.0,-1.0,-1.0,-1.0,-1.0,-1.0,-1.0,-1.0,-1.0,-1.0,-1.0,-1.0,-1.0,-1.0,-1.0,-1.0,-1.0,-1.0,-1.0,-1.0,-1.0,-1.0,-1.0,-1.0,-1.0,-1.0,-1.0,-1.0,-1.0,-1.0,-1.0,-1.0,-1.0,-1.0,-1.0,-1.0,-1.0,-1.0,-1.0,1.0,-1.0,-1.0,-1.0,-1.0,-1.0,-1.0,-1.0,-1.0,
Oars,-0.7,-0.7,-0.7,-1.0,-1.0,-1.0,0.0,-0.7,-1.0,-0.7,-0.7,-1.0,-0.7,-1.0,-1.0,0.0,-1.0,-0.7,-1.0,-0.7,1.0,-1.0,-1.0,0.0,0.0,-1.0,-1.0,-0.7,-0.7,-0.7,-0.7,-0.7,-1.0,-1.0,0.0,-0.7,0.0,-0.7,-0.7,-0.7,-1.0,-1.0,0.0,-1.0,-1.0,-0.7,-0.7,-1.0,-0.7,-1.0,0.0,0.0,0.0,0.0,-0.7,0.0,-1.0,-1.0,-0.7,0.0,-0.7,-1.0,0.0,-0.7,-0.7,-0.7,-0.7,-1.0,-1.0,0.0,-1.0,-0.7,-0.7,0.0,-0.7,-0.7,-1.0,-1.0,-0.7,-1.0,-0.7,-0.7,0.0,-1.0,0.7,-0.7,-1.0,-0.7,-1.0,-1.0,-1.0,-1.0,0.0,
Oars,-0.7,-1.0,-1.0,-0.7,-0.7,-1.0,-1.0,0.0,-1.0,-1.0,-1.0,-0.7,-0.7,-0.7,-1.0,-0.7,-1.0,-0.7,-0.7,0.0,0.7,-0.7,-0.7,-1.0,-0.7,-1.0,-0.7,-1.0,-1.0,-0.7,-0.7,-0.7,-0.7,-1.0,0.0,-1.0,-1.0,-1.0,-0.7,-1.0,-1.0,-0.7,-0.7,-0.7,-0.7,0.0,0.0,-1.0,-0.7,-0.7,-1.0,-1.0,-0.7,-0.7,-0.7,-1.0,0.0,-0.7,0.0,-1.0,-0.7,-0.7,-1.0,-1.0,-1.0,0.0,-0.7,-1.0,-0.7,-0.7,-1.0,0.0,0.0,-0.7,-0.7,-0.7,-1.0,0.0,0.0,-0.7,-1.0,-1.0,-1.0,-1.0,0.0,0.0,-1.0,-0.7,-1.0,-1.0,-1.0,-0.7,-1.0,
Nora Gitsune,-1.0,-1.0,-1.0,-1.0,-1.0,-1.0,1.0,-1.0,-1.0,-1.0,-1.0,-1.0,-1.0,-1.0,-1.0,-1.0,-1.0,1.0,-1.0,-1.0,1.0,-1.0,-1.0,-1.0,-1.0,-1.0,-1.0,-1.0,-1.0,-1.0,-1.0,-1.0,-1.0,-1.0,-1.0,-1.0,-1.0,-1.0,-1.0,-1.0,-1.0,-1.0,-1.0,-1.0,-1.0,-1.0,-1.0,-1.0,-1.0,-1.0,-1.0,-1.0,-1.0,-1.0,-1.0,-1.0,-1.0,-1.0,-1.0,-1.0,-1.0,-1.0,-1.0,-1.0,-1.0,-1.0,-1.0,-1.0,-1.0,-1.0,-1.0,-1.0,-1.0,-1.0,1.0,-1.0,-1.0,-1.0,-1.0,-1.0,-1.0,-1.0,-1.0,-1.0,-1.0,-1.0,-1.0,-1.0,-1.0,-1.0,-1.0,-1.0,-1.0,
Nora Gitsune,-1.0,-0.7,-1.0,-0.7,0.0,-1.0,0.7,-1.0,-0.7,-1.0,-0.7,-0.7,-1.0,-1.0,-0.7,-0.7,-1.0,0.7,-1.0,-1.0,0.7,-0.7,-0.7,0.0,0.0,-1.0,-0.7,-0.7,0.0,0.0,-0.7,-0.7,-1.0,-1.0,-0.7,-1.0,-1.0,0.0,0.0,-1.0,0.0,0.0,-0.7,-0.7,0.0,-1.0,0.0,-1.0,-0.7,-1.0,-0.7,0.0,-1.0,-0.7,0.0,0.0,0.0,-0.7,-0.7,-0.7,-0.7,-1.0,-1.0,-1.0,-0.7,-1.0,-1.0,-1.0,-1.0,0.0,-0.7,-0.7,-1.0,-0.7,0.7,-1.0,0.0,0.0,0.0,-1.0,0.0,-1.0,-0.7,0.0,-1.0,-1.0,-1.0,-0.7,-0.7,-0.7,-0.7,0.0,0.0,
Nora Gitsune,-1.0,-0.7,0.0,-0.7,-0.7,0.0,0.7,-0.7,-1.0,0.0,-1.0,-1.0,0.0,-0.7,-0.7,-0.7,-1.0,0.7,-0.7,-1.0,0.7,-1.0,-0.7,-0.7,-0.7,0.0,-1.0,-0.7,-1.0,-0.7,-0.7,-0.7,-1.0,0.0,-0.7,-0.7,-0.7,-0.7,0.0,-0.7,-1.0,0.0,-1.0,-0.7,-0.7,-1.0,0.0,-1.0,-0.7,-1.0,0.0,-1.0,-1.0,-1.0,-0.7,-0.7,-1.0,-1.0,-1.0,-0.7,-1.0,-0.7,-1.0,0.0,-1.0,-0.7,0.0,0.0,-0.7,-0.7,-1.0,-1.0,0.0,-0.7,0.7,-0.7,0.0,-0.7,-1.0,-0.7,-1.0,-0.7,0.0,0.0,-1.0,-1.0,-0.7,-0.7,-1.0,-0.7,-1.0,-0.7,0.0,
Nojiko,1.0,1.0,-1.0,-1.0,-1.0,-1.0,-1.0,-1.0,-1.0,-1.0,-1.0,-1.0,-1.0,-1.0,-1.0,-1.0,-1.0,1.0,-1.0,-1.0,1.0,-1.0,-1.0,-1.0,-1.0,-1.0,-1.0,-1.0,-1.0,-1.0,-1.0,-1.0,-1.0,-1.0,-1.0,-1.0,-1.0,-1.0,-1.0,-1.0,-1.0,-1.0,-1.0,-1.0,-1.0,-1.0,-1.0,-1.0,-1.0,-1.0,-1.0,-1.0,-1.0,-1.0,-1.0,-1.0,-1.0,-1.0,-1.0,-1.0,-1.0,-1.0,-1.0,-1.0,-1.0,-1.0,-1.0,-1.0,-1.0,-1.0,-1.0,-1.0,-1.0,-1.0,-1.0,-1.0,-1.0,-1.0,-1.0,-1.0,-1.0,-1.0,-1.0,-1.0,-1.0,-1.0,1.0,-1.0,-1.0,-1.0,-1.0,-1.0,-1.0,
Nojiko,0.7,1.0,0.0,-1.0,-1.0,-1.0,-1.0,-1.0,-0.7,-0.7,-0.7,0.0,0.0,-1.0,-1.0,-0.7,-0.7,1.0,-0.7,-0.7,0.0,-0.7,-0.7,-0.7,-1.0,-0.7,-0.7,-1.0,-0.7,-1.0,-0.7,-1.0,-1.0,-1.0,-0.7,-0.7,-1.0,-1.0,0.0,0.0,-0.7,-0.7,-0.7,-1.0,0.0,-0.7,-1.0,-1.0,-0.7,-1.0,-1.0,-0.7,-1.0,-0.7,0.0,-1.0,-1.0,0.0,-1.0,-1.0,0.0,-1.0,-1.0,-1.0,0.0,-0.7,-0.7,-0.7,-1.0,0.0,-0.7,-1.0,0.0,0.0,-0.7,0.0,-1.0,-0.7,-1.0,-0.7,0.0,-0.7,-0.7,-1.0,-0.7,-1.0,1.0,-0.7,-0.7,-1.0,-0.7,-0.7,-0.7,
Nojiko,1.0,0.7,-0.7,-0.7,0.0,-0.7,0.0,0.0,-0.7,-1.0,-1.0,0.0,-1.0,-1.0,0.0,-0.7,-1.0,0.0,-0.7,-0.7,1.0,-0.7,-0.7,-0.7,-1.0,-0.7,-0.7,0.0,-0.7,-1.0,-1.0,-0.7,-0.7,-1.0,-1.0,-1.0,-1.0,-1.0,0.0,-0.7,0.0,0.0,-0.7,-0.7,0.0,-1.0,-1.0,-0.7,-1.0,-1.0,-1.0,-1.0,-0.7,-0.7,-0.7,-1.0,-1.0,-1.0,-0.7,0.0,-1.0,-1.0,-0.7,-1.0,-1.0,-1.0,-1.0,0.0,0.0,-0.7,0.0,-1.0,-1.0,-1.0,-0.7,0.0,-1.0,-1.0,0.0,-0.7,-0.7,-0.7,-1.0,-0.7,-0.7,-1.0,0.0,-1.0,-0.7,-1.0,-1.0,-1.0,-1.0,
Ninjin,-1.0,1.0,-1.0,-1.0,-1.0,1.0,-1.0,-1.0,-1.0,-1.0,-1.0,-1.0,-1.0,-1.0,-1.0,-1.0,1.0,1.0,-1.0,-1.0,1.0,-1.0,-1.0,-1.0,-1.0,-1.0,-1.0,-1.0,-1.0,-1.0,-1.0,-1.0,-1.0,-1.0,-1.0,-1.0,-1.0,-1.0,-1.0,-1.0,-1.0,-1.0,-1.0,-1.0,-1.0,-1.0,-1.0,-1.0,-1.0,-1.0,-1.0,-1.0,-1.0,-1.0,-1.0,-1.0,-1.0,-1.0,-1.0,-1.0,-1.0,-1.0,-1.0,-1.0,-1.0,-1.0,-1.0,-1.0,-1.0,-1.0,-1.0,-1.0,-1.0,-1.0,-1.0,-1.0,-1.0,-1.0,-1.0,-1.0,-1.0,-1.0,-1.0,-1.0,-1.0,-1.0,-1.0,-1.0,-1.0,-1.0,-1.0,-1.0,-1.0,
Ninjin,-0.7,1.0,0.0,-1.0,-0.7,1.0,-1.0,-1.0,0.0,-1.0,-1.0,-1.0,-0.7,0.0,-1.0,-0.7,0.7,0.0,-0.7,-1.0,1.0,-0.7,-0.7,-1.0,-0.7,-0.7,-0.7,-0.7,0.0,-1.0,-0.7,-1.0,-1.0,0.0,-0.7,-0.7,-1.0,-1.0,-1.0,-0.7,-0.7,-1.0,-0.7,-0.7,0.0,-0.7,-0.7,-0.7,-0.7,-1.0,-0.7,-0.7,-0.7,-1.0,-1.0,-0.7,-0.7,-1.0,-0.7,-0.7,-0.7,-0.7,0.0,-0.7,-0.7,0.0,-1.0,-1.0,-1.0,0.0,-0.7,-0.7,-1.0,-0.7,-1.0,0.0,-1.0,-1.0,0.0,-0.7,-0.7,-1.0,0.0,-1.0,-1.0,-1.0,-0.7,0.0,0.0,0.0,-0.7,-0.7,-0.7,
Ninjin,-0.7,0.0,0.0,-1.0,0.0,0.0,-0.7,0.0,-0.7,-0.7,-0.7,-0.7,-1.0,0.0,0.0,0.0,1.0,1.0,-0.7,0.0,0.7,-0.7,-0.7,-1.0,-0.7,-1.0,-1.0,-0.7,-0.7,-1.0,-0.7,-1.0,-1.0,-1.0,-1.0,-1.0,-1.0,-1.0,-0.7,-0.7,0.0,0.0,0.0,-0.7,-1.0,-0.7,-0.7,-0.7,-0.7,-0.7,0.0,0.0,0.0,-1.0,0.0,-0.7,-0.7,-1.0,-0.7,-0.7,-1.0,-1.0,-0.7,-0.7,-1.0,-0.7,-1.0,-0.7,-1.0,0.0,-1.0,-0.7,-1.0,-1.0,-1.0,0.0,-1.0,-0.7,-0.7,-0.7,-0.7,-1.0,-0.7,0.0,0.0,-0.7,-0.7,-1.0,-0.7,-1.0,-1.0,-0.7,-1.0,
Nico Robin,1.0,1.0,-1.0,-1.0,-1.0,-1.0,-1.0,1.0,-1.0,1.0,-1.0,-1.0,-1.0,-1.0,-1.0,1.0,-1.0,1.0,-1.0,-1.0,1.0,-1.0,-1.0,-1.0,-1.0,-1.0,-1.0,-1.0,-1.0,-1.0,-1.0,-1.0,-1.0,-1.0,-1.0,-1.0,-1.0,1.0,1.0,1.0,-1.0,-1.0,-1.0,-1.0,-1.0,-1.0,-1.0,-1.0,-1.0,-1.0,-1.0,-1.0,-1.0,-1.0,-1.0,-1.0,-1.0,-1.0,-1.0,-1.0,-1.0,-1.0,-1.0,-1.0,-1.0,-1.0,-1.0,-1.0,-1.0,-1.0,-1.0,-1.0,-1.0,-1.0,-1.0,-1.0,-1.0,-1.0,1.0,-1.0,-1.0,-1.0,-1.0,-1.0,-1.0,-1.0,-1.0,-1.0,-1.0,-1.0,-1.0,-1.0,-1.0,
Nico Robin,1.0,1.0,0.0,0.0,-0.7,-1.0,-0.7,0.7,-1.0,0.0,-0.7,0.0,-0.7,-0.7,-0.7,1.0,0.0,0.7,-0.7,-1.0,0.7,-0.7,-0.7,0.0,0.0,-1.0,-1.0,-0.7,-1.0,-0.7,-0.7,-1.0,0.0,-0.7,-1.0,-1.0,0.0,1.0,0.0,0.7,-1.0,-0.7,-1.0,0.0,-0.7,0.0,-0.7,-1.0,-0.7,-0.7,0.0,-0.7,-0.7,-1.0,-1.0,-0.7,-0.7,-0.7,-0.7,-1.0,-0.7,-1.0,-0.7,-1.0,-0.7,-1.0,0.0,-0.7,-0.7,0.0,-1.0,-0.7,0.0,-0.7,-1.0,-1.0,-1.0,-0.7,1.0,-0.7,-0.7,-0.7,-0.7,0.0,-0.7,-0.7,-1.0,-1.0,0.0,-0.7,0.0,-0.7,-0.7,
Nico Robin,0.7,0.7,-1.0,-1.0,0.0,-0.7,-0.7,1.0,0.0,0.0,-0.7,-0.7,-0.7,-0.7,0.0,0.0,-1.0,1.0,-1.0,-0.7,0.7,-1.0,-1.0,-0.7,-1.0,-1.0,-0.7,0.0,-1.0,-0.7,0.0,-1.0,-0.7,0.0,-1.0,0.0,-1.0,1.0,0.0,0.7,-0.7,-0.7,-0.7,-1.0,-1.0,-0.7,-1.0,-0.7,0.0,-1.0,0.0,-1.0,0.0,0.0,-0.7,-0.7,-0.7,0.0,-1.0,-1.0,-0.7,0.0,-1.0,-0.7,-1.0,0.0,-1.0,0.0,-1.0,-1.0,-0.7,-1.0,-0.7,0.0,-0.7,0.0,-0.7,0.0,1.0,0.0,-1.0,-0.7,-0.7,0.0,-0.7,-0.7,0.0,0.0,-1.0,0.0,-0.7,0.0,-1.0,
Nico Olvia,1.0,1.0,-1.0,-1.0,-1.0,-1.0,-1.0,-1.0,-1.0,-1.0,-1.0,-1.0,-1.0,-1.0,-1.0,-1.0,-1.0,-1.0,-1.0,-1.0,1.0,-1.0,-1.0,-1.0,-1.0,-1.0,-1.0,-1.0,-1.0,-1.0,-1.0,-1.0,-1.0,-1.0,-1.0,-1.0,-1.0,1.0,-1.0,-1.0,-1.0,-1.0,-1.0,-1.0,-1.0,-1.0,-1.0,-1.0,-1.0,-1.0,-1.0,-1.0,-1.0,-1.0,-1.0,-1.0,-1.0,-1.0,-1.0,-1.0,-1.0,-1.0,-1.0,-1.0,-1.0,-1.0,-1.0,-1.0,-1.0,-1.0,-1.0,-1.0,1.0,-1.0,-1.0,-1.0,-1.0,-1.0,-1.0,-1.0,-1.0,-1.0,-1.0,-1.0,-1.0,-1.0,-1.0,-1.0,-1.0,-1.0,-1.0,-1.0,-1.0,
Nico Olvia,1.0,0.7,-1.0,-0.7,-0.7,-0.7,-0.7,-0.7,-1.0,-1.0,0.0,0.0,-1.0,0.0,-1.0,-1.0,-0.7,-0.7,-1.0,0.0,0.0,0.0,-1.0,0.0,-0.7,-0.7,0.0,-0.7,-0.7,-0.7,-0.7,0.0,0.0,-0.7,-1.0,-1.0,-1.0,1.0,-0.7,0.0,-1.0,0.0,-0.7,-0.7,-0.7,-0.7,-0.7,-0.7,-1.0,-1.0,0.0,-1.0,-0.7,0.0,0.0,-1.0,0.0,-0.7,-1.0,-0.7,0.0,-1.0,0.0,-1.0,-0.7,-1.0,-0.7,-1.0,-1.0,-1.0,0.0,-1.0,0.7,-0.7,-1.0,-0.7,-0.7,-0.7,0.0,-1.0,0.0,0.0,-1.0,-0.7,-0.7,-0.7,-0.7,-1.0,-0.7,-1.0,-0.7,0.0,-1.0,
Nico Olvia,0.7,0.7,-1.0,-0.7,-1.0,-0.7,-0.7,-0.7,-1.0,-1.0,-0.7,-1.0,-1.0,0.0,-1.0,-0.7,-0.7,-1.0,-1.0,-0.7,1.0,-1.0,-1.0,-1.0,0.0,-1.0,-0.7,-0.7,-0.7,-0.7,-0.7,0.0,-1.0,-1.0,0.0,0.0,-1.0,0.0,-0.7,-0.7,0.0,-0.7,0.0,-0.7,-0.7,-1.0,-0.7,-0.7,-0.7,-0.7,-1.0,0.0,-0.7,-0.7,-0.7,-0.7,-0.7,0.0,0.0,-1.0,-0.7,-0.7,-0.7,0.0,0.0,-0.7,-0.7,0.0,0.0,-1.0,-0.7,0.0,1.0,-1.0,-1.0,-1.0,0.0,-1.0,-0.7,0.0,0.0,-0.7,-0.7,-1.0,-1.0,-1.0,-1.0,-0.7,-1.0,-0.7,0.0,-0.7,-0.7,
Nero,-1.0,-1.0,-1.0,-1.0,-1.0,-1.0,-1.0,-1.0,-1.0,-1.0,-1.0,-1.0,1.0,-1.0,-1.0,-1.0,-1.0,-1.0,-1.0,-1.0,1.0,-1.0,-1.0,-1.0,-1.0,-1.0,-1.0,-1.0,-1.0,-1.0,-1.0,-1.0,-1.0,-1.0,-1.0,-1.0,-1.0,1.0,-1.0,-1.0,-1.0,-1.0,-1.0,-1.0,-1.0,-1.0,-1.0,-1.0,-1.0,-1.0,-1.0,-1.0,-1.0,-1.0,-1.0,-1.0,-1.0,-1.0,-1.0,-1.0,-1.0,-1.0,-1.0,-1.0,-1.0,-1.0,-1.0,-1.0,-1.0,-1.0,-1.0,-1.0,1.0,-1.0,-1.0,-1.0,-1.0,-1.0,-1.0,-1.0,-1.0,-1.0,-1.0,-1.0,-1.0,-1.0,-1.0,-1.0,-1.0,-1.0,-1.0,-1.0,-1.0,
Nero,0.0,-1.0,-0.7,-1.0,-1.0,-1.0,-1.0,-1.0,0.0,-0.7,-0.7,-0.7,0.0,-1.0,-0.7,0.0,-0.7,-0.7,0.0,-0.7,0.0,-1.0,0.0,-0.7,-1.0,0.0,0.0,-1.0,0.0,-1.0,-1.0,-1.0,0.0,-0.7,-1.0,-0.7,-1.0,0.7,-0.7,-1.0,0.0,-0.7,-0.7,-0.7,-0.7,-0.7,-1.0,-1.0,-0.7,-0.7,0.0,-0.7,0.0,-0.7,-0.7,-1.0,-0.7,-0.7,-0.7,-1.0,-1.0,-1.0,-1.0,-1.0,0.0,0.0,0.0,-0.7,-0.7,0.0,-0.7,-1.0,0.7,-0.7,-0.7,-1.0,-0.7,-0.7,-1.0,-0.7,-0.7,-1.0,-1.0,-0.7,0.0,-0.7,-1.0,-0.7,-1.0,-0.7,-0.7,-0.7,-1.0,
Nero,-1.0,-1.0,0.0,-1.0,-1.0,0.0,-1.0,-1.0,-1.0,-1.0,-0.7,-1.0,1.0,0.0,-1.0,-0.7,0.0,0.0,-0.7,0.0,0.7,-0.7,-0.7,-1.0,-0.7,-0.7,-1.0,-0.7,-1.0,-0.7,-1.0,-1.0,-0.7,-1.0,-0.7,-0.7,-1.0,1.0,-1.0,-0.7,0.0,-1.0,-1.0,-1.0,-1.0,0.0,-1.0,-1.0,-0.7,-0.7,-0.7,-0.7,-0.7,-0.7,-0.7,-1.0,0.0,-1.0,-0.7,-0.7,-0.7,-0.7,-0.7,0.0,-1.0,-0.7,-0.7,-0.7,0.0,-0.7,-0.7,0.0,0.7,-0.7,-0.7,-1.0,-0.7,-1.0,0.0,-0.7,-1.0,-1.0,-1.0,0.0,-1.0,-0.7,-1.0,0.0,-0.7,-0.7,-1.0,-1.0,-1.0,
Nezumi,-1.0,-1.0,-1.0,-1.0,-1.0,-1.0,-1.0,-1.0,-1.0,-1.0,-1.0,-1.0,-1.0,-1.0,-1.0,-1.0,-1.0,1.0,-1.0,-1.0,1.0,-1.0,-1.0,-1.0,-1.0,-1.0,-1.0,-1.0,-1.0,-1.0,-1.0,-1.0,-1.0,-1.0,-1.0,-1.0,-1.0,1.0,-1.0,-1.0,-1.0,-1.0,-1.0,-1.0,-1.0,-1.0,-1.0,-1.0,-1.0,-1.0,-1.0,-1.0,-1.0,-1.0,-1.0,-1.0,-1.0,-1.0,-1.0,-1.0,-1.0,-1.0,-1.0,-1.0,-1.0,-1.0,-1.0,-1.0,-1.0,-1.0,-1.0,-1.0,-1.0,-1.0,-1.0,-1.0,-1.0,-1.0,-1.0,-1.0,-1.0,-1.0,-1.0,-1.0,-1.0,-1.0,1.0,-1.0,-1.0,-1.0,-1.0,-1.0,-1.0,
Nezumi,-0.7,0.0,-1.0,-0.7,-1.0,-0.7,-0.7,-0.7,-0.7,0.0,-1.0,0.0,-0.7,-1.0,-1.0,0.0,-0.7,0.7,-1.0,-1.0,0.0,0.0,-0.7,-0.7,-0.7,-0.7,-0.7,0.0,-0.7,-0.7,-1.0,0.0,-0.7,0.0,-0.7,-1.0,-0.7,0.0,-1.0,0.0,-0.7,-1.0,-1.0,-1.0,-1.0,0.0,-0.7,-1.0,-1.0,-1.0,0.0,-0.7,-1.0,-0.7,0.0,-0.7,-0.7,0.0,-0.7,-1.0,0.0,0.0,-0.7,-0.7,-1.0,0.0,-0.7,-0.7,-1.0,-1.0,0.0,-0.7,0.0,0.0,0.0,0.0,-0.7,0.0,-1.0,-0.7,0.0,0.0,-0.7,-0.7,-0.7,-0.7,0.7,0.0,0.0,-1.0,-0.7,-1.0,-0.7,
Nezumi,-1.0,0.0,-0.7,-1.0,-0.7,-1.0,-1.0,-0.7,-1.0,-1.0,-0.7,-1.0,-0.7,-1.0,-0.7,-0.7,0.0,1.0,0.0,-1.0,0.0,-1.0,0.0,0.0,-1.0,-1.0,-0.7,-0.7,-0.7,-0.7,-0.7,-1.0,-1.0,-1.0,-1.0,-0.7,-0.7,0.0,-1.0,-0.7,-1.0,0.0,-0.7,-0.7,-0.7,-1.0,-1.0,-0.7,0.0,-1.0,-0.7,-0.7,-0.7,-0.7,-1.0,-0.7,-1.0,-0.7,-1.0,-1.0,-1.0,0.0,-1.0,-1.0,-1.0,-1.0,-0.7,-0.7,0.0,0.0,-1.0,-1.0,-0.7,0.0,-1.0,-0.7,-0.7,-1.0,-0.7,-1.0,-0.7,-1.0,-1.0,-1.0,0.0,0.0,0.0,-1.0,-1.0,-1.0,-0.7,-1.0,-1.0,
Neptune,-1.0,-1.0,-1.0,-1.0,-1.0,-1.0,1.0,-1.0,-1.0,-1.0,-1.0,-1.0,-1.0,-1.0,-1.0,1.0,-1.0,1.0,-1.0,-1.0,1.0,-1.0,-1.0,-1.0,-1.0,-1.0,-1.0,-1.0,-1.0,-1.0,-1.0,-1.0,-1.0,-1.0,-1.0,-1.0,-1.0,1.0,-1.0,-1.0,-1.0,-1.0,-1.0,-1.0,-1.0,-1.0,-1.0,-1.0,-1.0,-1.0,-1.0,-1.0,-1.0,-1.0,-1.0,-1.0,-1.0,-1.0,-1.0,-1.0,-1.0,-1.0,-1.0,-1.0,-1.0,1.0,-1.0,-1.0,-1.0,-1.0,-1.0,-1.0,-1.0,-1.0,1.0,-1.0,-1.0,-1.0,-1.0,-1.0,-1.0,-1.0,-1.0,-1.0,-1.0,-1.0,-1.0,-1.0,-1.0,-1.0,-1.0,-1.0,-1.0,
Neptune,-1.0,-0.7,-1.0,0.0,-0.7,-1.0,1.0,-1.0,-1.0,-1.0,-0.7,-0.7,-1.0,-0.7,0.0,0.7,0.0,1.0,-0.7,-0.7,0.0,-1.0,0.0,-0.7,-1.0,-1.0,-1.0,-1.0,-0.7,-0.7,-0.7,-0.7,0.0,-1.0,-1.0,-0.7,-1.0,1.0,-0.7,-0.7,0.0,0.0,-0.7,0.0,-1.0,0.0,-1.0,0.0,-1.0,-0.7,-0.7,-1.0,-1.0,-0.7,-1.0,-0.7,-1.0,-0.7,-1.0,-0.7,0.0,0.0,-1.0,-1.0,-1.0,0.0,-1.0,-1.0,-1.0,0.0,0.0,-0.7,0.0,-0.7,0.7,-0.7,-1.0,-1.0,-0.7,-1.0,-0.7,-0.7,-0.7,0.0,-0.7,-1.0,-1.0,-1.0,-1.0,-1.0,-1.0,-1.0,-1.0,
Neptune,-0.7,-0.7,-1.0,-0.7,-1.0,0.0,1.0,0.0,-1.0,0.0,0.0,-1.0,-0.7,-1.0,-1.0,1.0,-0.7,1.0,-0.7,-0.7,1.0,-1.0,-0.7,-1.0,-1.0,-0.7,-1.0,-1.0,0.0,0.0,0.0,-1.0,-1.0,-0.7,0.0,-1.0,0.0,0.7,0.0,-1.0,-1.0,-0.7,-0.7,-0.7,0.0,0.0,-1.0,-0.7,-0.7,0.0,-0.7,-0.7,-1.0,-0.7,-1.0,-0.7,0.0,-1.0,-0.7,0.0,-1.0,-1.0,-0.7,0.0,-0.7,0.7,-1.0,0.0,-1.0,-1.0,-0.7,-0.7,-0.7,-0.7,0.0,-1.0,-0.7,-0.7,-1.0,0.0,-1.0,-1.0,-1.0,-1.0,-1.0,-1.0,-0.7,-1.0,0.0,-1.0,-0.7,-1.0,-1.0,
Nekomamushi,-1.0,-1.0,-1.0,-1.0,-1.0,-1.0,1.0,1.0,-1.0,-1.0,-1.0,-1.0,-1.0,-1.0,1.0,-1.0,-1.0,1.0,-1.0,-1.0,1.0,1.0,-1.0,-1.0,-1.0,-1.0,-1.0,-1.0,-1.0,-1.0,-1.0,-1.0,-1.0,-1.0,-1.0,-1.0,-1.0,1.0,-1.0,-1.0,-1.0,-1.0,-1.0,-1.0,-1.0,-1.0,-1.0,-1.0,-1.0,-1.0,-1.0,-1.0,-1.0,-1.0,-1.0,-1.0,-1.0,-1.0,-1.0,-1.0,-1.0,-1.0,-1.0,-1.0,-1.0,-1.0,-1.0,-1.0,-1.0,-1.0,-1.0,1.0,-1.0,-1.0,-1.0,-1.0,-1.0,-1.0,-1.0,-1.0,-1.0,-1.0,-1.0,-1.0,-1.0,-1.0,-1.0,1.0,-1.0,-1.0,-1.0,-1.0,-1.0,
Nekomamushi,-1.0,-1.0,-0.7,-0.7,-1.0,-0.7,1.0,1.0,-1.0,-0.7,0.0,-0.7,-0.7,-1.0,0.7,-1.0,-0.7,0.0,-0.7,-0.7,0.7,0.7,-1.0,-0.7,-0.7,-0.7,-1.0,-1.0,0.0,-1.0,0.0,0.0,0.0,-1.0,0.0,-0.7,-1.0,1.0,-1.0,-1.0,-1.0,0.0,0.0,-0.7,-1.0,-1.0,-0.7,-0.7,0.0,0.0,0.0,-1.0,-1.0,-1.0,-1.0,-0.7,0.0,-1.0,0.0,-1.0,-0.7,-0.7,-1.0,-0.7,-1.0,-0.7,-0.7,-1.0,0.0,0.0,-1.0,0.7,-0.7,-0.7,-0.7,-1.0,0.0,-1.0,-1.0,-0.7,-0.7,0.0,-0.7,-1.0,0.0,-1.0,0.0,1.0,-1.0,-0.7,-1.0,-1.0,-0.7,
Nekomamushi,-1.0,-1.0,-0.7,0.0,-1.0,-0.7,1.0,1.0,-1.0,-0.7,-1.0,-0.7,-0.7,0.0,0.0,-1.0,-0.7,0.7,0.0,-1.0,0.7,0.0,-1.0,-1.0,-0.7,0.0,-0.7,-0.7,-1.0,-0.7,-1.0,-1.0,-0.7,-1.0,-1.0,-0.7,-0.7,0.7,0.0,-1.0,-1.0,-0.7,-1.0,0.0,-0.7,-1.0,-0.7,-1.0,-1.0,-0.7,-0.7,-0.7,-0.7,-0.7,-1.0,0.0,-1.0,-1.0,-0.7,0.0,-1.0,-0.7,-0.7,-0.7,-1.0,-0.7,-1.0,-1.0,-0.7,-0.7,0.0,1.0,-1.0,-1.0,-1.0,-0.7,-0.7,-1.0,-0.7,-0.7,-0.7,0.0,-1.0,-1.0,-0.7,-0.7,-0.7,1.0,0.0,-0.7,-0.7,-0.7,-0.7,
Nefertari Vivi,1.0,-1.0,-1.0,-1.0,-1.0,-1.0,-1.0,-1.0,-1.0,-1.0,-1.0,-1.0,-1.0,-1.0,-1.0,1.0,-1.0,1.0,-1.0,-1.0,1.0,-1.0,-1.0,-1.0,-1.0,-1.0,-1.0,-1.0,-1.0,-1.0,-1.0,-1.0,-1.0,-1.0,-1.0,-1.0,-1.0,-1.0,-1.0,-1.0,-1.0,-1.0,-1.0,-1.0,-1.0,-1.0,-1.0,-1.0,-1.0,-1.0,-1.0,-1.0,-1.0,-1.0,-1.0,-1.0,-1.0,1.0,-1.0,-1.0,-1.0,-1.0,-1.0,-1.0,-1.0,-1.0,-1.0,-1.0,-1.0,-1.0,-1.0,-1.0,-1.0,-1.0,-1.0,-1.0,-1.0,-1.0,1.0,-1.0,-1.0,-1.0,-1.0,-1.0,-1.0,-1.0,-1.0,-1.0,-1.0,-1.0,-1.0,-1.0,-1.0,
Nefertari Vivi,0.0,-0.7,-1.0,0.0,-0.7,-1.0,-0.7,-1.0,-0.7,0.0,-0.7,-1.0,0.0,0.0,-1.0,0.7,0.0,1.0,-1.0,-0.7,1.0,-1.0,-0.7,-1.0,-0.7,-1.0,-1.0,-0.7,-0.7,0.0,-1.0,-1.0,-1.0,-0.7,-0.7,0.0,0.0,-1.0,0.0,-1.0,-0.7,-0.7,-1.0,-1.0,-0.7,-0.7,-1.0,-0.7,-1.0,-0.7,-0.7,0.0,0.0,0.0,-1.0,-0.7,-0.7,0.0,-1.0,-0.7,-0.7,-1.0,-0.7,-1.0,-1.0,-1.0,-1.0,-1.0,-0.7,0.0,-0.7,-1.0,-1.0,-0.7,0.0,-1.0,-0.7,-0.7,0.0,-0.7,-0.7,-1.0,-1.0,-0.7,-0.7,0.0,-0.7,-1.0,-0.7,-0.7,-0.7,0.0,-1.0,
Nefertari Vivi,0.7,-1.0,-1.0,-1.0,-0.7,0.0,-1.0,0.0,-1.0,-0.7,-0.7,-0.7,-1.0,0.0,-0.7,0.0,0.0,0.0,-1.0,0.0,0.0,-1.0,0.0,-0.7,-0.7,-1.0,-1.0,-0.7,-1.0,-1.0,-1.0,0.0,-0.7,-0.7,0.0,-1.0,-1.0,-1.0,0.0,-0.7,-0.7,-0.7,-1.0,-0.7,-1.0,-1.0,-1.0,-1.0,-1.0,-1.0,0.0,-1.0,-0.7,-1.0,-1.0,-0.7,-0.7,1.0,-0.7,-1.0,-1.0,-0.7,-0.7,-1.0,-0.7,-0.7,-0.7,-1.0,0.0,-1.0,-0.7,-0.7,-1.0,0.0,-0.7,-0.7,-1.0,-1.0,0.0,-1.0,-1.0,-1.0,-1.0,-1.0,0.0,-0.7,-0.7,0.0,-1.0,0.0,-1.0,-1.0,-1.0,
Nefertari Cobra,-1.0,-1.0,-1.0,-1.0,-1.0,-1.0,-1.0,-1.0,-1.0,-1.0,-1.0,-1.0,-1.0,-1.0,-1.0,1.0,-1.0,-1.0,-1.0,-1.0,1.0,-1.0,-1.0,-1.0,-1.0,-1.0,-1.0,-1.0,-1.0,-1.0,-1.0,-1.0,-1.0,-1.0,-1.0,-1.0,-1.0,1.0,-1.0,-1.0,-1.0,-1.0,-1.0,-1.0,-1.0,-1.0,-1.0,-1.0,-1.0,-1.0,-1.0,-1.0,-1.0,-1.0,-1.0,-1.0,-1.0,-1.0,-1.0,-1.0,-1.0,-1.0,-1.0,-1.0,-1.0,-1.0,-1.0,-1.0,-1.0,-1.0,-1.0,-1.0,-1.0,-1.0,-1.0,-1.0,-1.0,-1.0,1.0,-1.0,-1.0,-1.0,-1.0,-1.0,-1.0,-1.0,-1.0,-1.0,-1.0,-1.0,-1.0,-1.0,-1.0,
Nefertari Cobra,-0.7,-1.0,-0.7,-1.0,-0.7,-0.7,0.0,0.0,-0.7,0.0,-0.7,-0.7,-1.0,-1.0,-1.0,0.7,-0.7,-1.0,-1.0,-1.0,1.0,-0.7,-1.0,-0.7,-1.0,-1.0,-1.0,-1.0,-1.0,-1.0,-1.0,-0.7,-1.0,-0.7,-0.7,-0.7,-0.7,0.7,-1.0,-1.0,-0.7,-0.7,-0.7,0.0,-0.7,-1.0,-0.7,0.0,-0.7,0.0,-1.0,-1.0,-1.0,-0.7,-1.0,-0.7,-1.0,-0.7,0.0,-1.0,-1.0,-1.0,-1.0,-0.7,-0.7,-0.7,-1.0,-1.0,-1.0,-1.0,-1.0,-1.0,-1.0,-0.7,-0.7,-1.0,0.0,-1.0,0.7,-0.7,-1.0,-0.7,0.0,-1.0,-0.7,-1.0,-1.0,-1.0,-0.7,-1.0,-1.0,-1.0,-1.0,
Nefertari Cobra,-1.0,-0.7,0.0,-0.7,-0.7,0.0,-0.7,-1.0,0.0,0.0,-1.0,-0.7,-0.7,-0.7,0.0,0.7,-0.7,0.0,-1.0,-0.7,0.7,0.0,0.0,-0.7,-0.7,-0.7,-0.7,-0.7,-1.0,-0.7,-1.0,-1.0,-0.7,0.0,0.0,-0.7,-0.7,0.7,-1.0,-1.0,-0.7,-1.0,-0.7,-0.7,0.0,-0.7,0.0,-0.7,0.0,0.0,-1.0,0.0,-1.0,-0.7,0.0,-1.0,0.0,0.0,0.0,0.0,-1.0,-0.7,-0.7,-1.0,0.0,-1.0,-0.7,-1.0,-1.0,-0.7,-0.7,-1.0,-1.0,-0.7,0.0,-1.0,-0.7,-1.0,0.0,-1.0,-1.0,-1.0,-0.7,0.0,0.0,-0.7,-1.0,-1.0,0.0,-0.7,-0.7,-0.7,-1.0,
Nami,1.0,1.0,-1.0,-1.0,-1.0,-1.0,-1.0,1.0,-1.0,1.0,-1.0,-1.0,-1.0,1.0,-1.0,1.0,1.0,1.0,-1.0,-1.0,1.0,-1.0,-1.0,-1.0,-1.0,-1.0,-1.0,-1.0,-1.0,1.0,-1.0,-1.0,-1.0,-1.0,-1.0,-1.0,-1.0,-1.0,-1.0,-1.0,-1.0,-1.0,-1.0,-1.0,-1.0,-1.0,-1.0,-1.0,-1.0,-1.0,-1.0,-1.0,-1.0,-1.0,-1.0,-1.0,-1.0,-1.0,-1.0,-1.0,-1.0,-1.0,-1.0,-1.0,-1.0,-1.0,-1.0,-1.0,-1.0,-1.0,-1.0,-1.0,-1.0,-1.0,-1.0,-1.0,-1.0,-1.0,-1.0,-1.0,-1.0,-1.0,-1.0,-1.0,-1.0,-1.0,-1.0,-1.0,-1.0,-1.0,-1.0,-1.0,-1.0,-1.0
Nami,0.0,0.7,-0.7,-0.7,0.0,-1.0,-1.0,1.0,-1.0,0.7,-0.7,0.0,-0.7,0.7,0.0,0.0,0.7,1.0,-1.0,-1.0,0.0,-0.7,-0.7,0.0,-0.7,-1.0,-1.0,0.0,-0.7,0.7,-1.0,-1.0,-1.0,-0.7,-0.7,0.0,0.0,-0.7,0.0,0.0,-0.7,-0.7,-1.0,-1.0,0.0,0.0,-1.0,-1.0,-0.7,-0.7,-1.0,-0.7,-1.0,-1.0,0.0,-0.7,-0.7,0.0,0.0,-1.0,-1.0,-1.0,0.0,0.0,-1.0,-0.7,-0.7,-1.0,-0.7,-1.0,-1.0,-1.0,0.0,0.0,0.0,0.0,-1.0,0.0,-1.0,0.0,-0.7,-1.0,-1.0,-0.7,-0.7,-0.7,0.0,-1.0,-0.7,-0.7,-1.0,-1.0,0.0,-0.7
Nami,0.7,1.0,-1.0,-1.0,-1.0,-1.0,-1.0,1.0,0.0,1.0,-0.7,-1.0,-0.7,1.0,-1.0,0.0,0.7,1.0,-1.0,-0.7,0.7,-1.0,-0.7,-1.0,-0.7,-0.7,-1.0,-0.7,-1.0,1.0,0.0,-1.0,-0.7,-1.0,-1.0,-0.7,-0.7,-0.7,-0.7,-0.7,-0.7,-0.7,0.0,-0.7,-1.0,-0.7,-0.7,-1.0,-1.0,-0.7,0.0,-1.0,-1.0,-0.7,-1.0,0.0,-0.7,-0.7,-1.0,-1.0,-1.0,-0.7,0.0,-0.7,-0.7,0.0,0.0,-0.7,-1.0,-1.0,-1.0,-1.0,-1.0,0.0,-0.7,-0.7,-0.7,-1.0,-1.0,-0.7,-1.0,-1.0,-1.0,-1.0,-1.0,-1.0,0.0,-0.7,-0.7,-0.7,-0.7,-0.7,0.0,-1.0
Mounblutain,-1.0,-1.0,-1.0,-1.0,-1.0,-1.0,-1.0,-1.0,-1.0,-1.0,-1.0,-1.0,-1.0,1.0,-1.0,-1.0,-1.0,-1.0,-1.0,-1.0,1.0,-1.0,-1.0,-1.0,-1.0,-1.0,-1.0,-1.0,-1.0,-1.0,-1.0,-1.0,-1.0,-1.0,-1.0,-1.0,-1.0,1.0,-1.0,-1.0,-1.0,-1.0,-1.0,-1.0,-1.0,-1.0,-1.0,-1.0,-1.0,-1.0,-1.0,-1.0,-1.0,-1.0,-1.0,-1.0,-1.0,-1.0,-1.0,-1.0,-1.0,-1.0,-1.0,-1.0,-1.0,-1.0,-1.0,-1.0,-1.0,-1.0,-1.0,-1.0,-1.0,-1.0,1.0,-1.0,-1.0,-1.0,-1.0,-1.0,-1.0,-1.0,-1.0,-1.0,-1.0,-1.0,-1.0,-1.0,-1.0,-1.0,-1.0,-1.0,-1.0,
Mounblutain,-0.7,0.0,-1.0,-1.0,-0.7,0.0,-1.0,-0.7,0.0,-1.0,-1.0,0.0,0.0,0.7,-1.0,0.0,0.0,-0.7,-1.0,-0.7,1.0,-1.0,-0.7,-1.0,-1.0,-0.7,-1.0,-1.0,-1.0,-0.7,-1.0,-0.7,-1.0,-1.0,0.0,-1.0,-0.7,0.7,-1.0,-1.0,0.0,-0.7,-0.7,-0.7,-1.0,-0.7,-0.7,-0.7,-0.7,-0.7,-1.0,-0.7,-0.7,-0.7,-0.7,-1.0,-0.7,0.0,-0.7,-0.7,0.0,-1.0,-0.7,-0.7,-0.7,-1.0,-0.7,-1.0,0.0,0.0,-1.0,-0.7,0.0,-1.0,1.0,-0.7,-0.7,-0.7,0.0,0.0,0.0,-1.0,-1.0,0.0,-0.7,-1.0,-0.7,0.0,-1.0,0.0,-0.7,-0.7,-1.0,
Mounblutain,-0.7,-0.7,-0.7,-0.7,-0.7,-1.0,0.0,0.0,-1.0,0.0,-0.7,-0.7,-1.0,1.0,-0.7,-0.7,-0.7,-1.0,-0.7,-0.7,0.0,-1.0,-1.0,-0.7,-1.0,-0.7,-1.0,-0.7,-0.7,-0.7,-1.0,-0.7,0.0,-1.0,0.0,-1.0,-0.7,1.0,-0.7,-1.0,-0.7,0.0,-0.7,0.0,-0.7,-1.0,-1.0,-1.0,-0.7,-0.7,-0.7,-0.7,-1.0,-1.0,-0.7,-0.7,0.0,-1.0,-0.7,0.0,-1.0,0.0,-1.0,0.0,-1.0,-0.7,-0.7,-1.0,-1.0,-1.0,-1.0,-0.7,0.0,-1.0,1.0,-1.0,-1.0,0.0,-1.0,-0.7,-1.0,-1.0,-1.0,-1.0,-1.0,-0.7,-0.7,-0.7,-1.0,-1.0,-1.0,-1.0,-1.0,
Morley,1.0,-1.0,-1.0,-1.0,-1.0,-1.0,1.0,-1.0,-1.0,-1.0,-1.0,-1.0,-1.0,-1.0,-1.0,-1.0,-1.0,1.0,-1.0,-1.0,1.0,-1.0,-1.0,-1.0,-1.0,-1.0,-1.0,-1.0,-1.0,-1.0,-1.0,-1.0,-1.0,-1.0,-1.0,-1.0,-1.0,1.0,1.0,1.0,-1.0,-1.0,-1.0,-1.0,-1.0,-1.0,-1.0,-1.0,-1.0,-1.0,-1.0,-1.0,-1.0,-1.0,-1.0,-1.0,-1.0,-1.0,-1.0,-1.0,-1.0,-1.0,-1.0,-1.0,-1.0,-1.0,-1.0,-1.0,-1.0,-1.0,-1.0,-1.0,-1.0,-1.0,-1.0,-1.0,-1.0,-1.0,-1.0,-1.0,-1.0,-1.0,-1.0,-1.0,-1.0,-1.0,-1.0,-1.0,-1.0,1.0,-1.0,-1.0,-1.0,
Morley,0.0,-1.0,-1.0,-0.7,-0.7,-0.7,1.0,-0.7,-0.7,-1.0,0.0,-0.7,-0.7,-0.7,0.0,-0.7,0.0,1.0,0.0,-0.7,0.7,-1.0,-1.0,0.0,-1.0,-0.7,0.0,-1.0,-0.7,-1.0,-1.0,-0.7,-1.0,-0.7,0.0,-1.0,0.0,1.0,1.0,1.0,-1.0,-0.7,-0.7,-0.7,-1.0,-0.7,-1.0,-0.7,-1.0,-0.7,-0.7,0.0,0.0,-0.7,0.0,-0.7,-0.7,-0.7,0.0,-0.7,0.0,-1.0,0.0,-1.0,-0.7,-0.7,0.0,-1.0,0.0,-1.0,-1.0,0.0,0.0,-0.7,0.0,-1.0,-1.0,0.0,-0.7,0.0,0.0,-0.7,-0.7,-1.0,-1.0,-0.7,0.0,-0.7,-1.0,1.0,-1.0,-0.7,-0.7,
Morley,0.7,-0.7,-1.0,0.0,-1.0,-0.7,1.0,-1.0,-1.0,0.0,-1.0,-1.0,-1.0,0.0,-1.0,-0.7,-1.0,0.0,0.0,-0.7,0.7,-1.0,-1.0,-0.7,-1.0,-1.0,0.0,-1.0,-1.0,-0.7,-1.0,-0.7,-1.0,-1.0,-0.7,-1.0,-0.7,0.0,0.7,0.7,-1.0,0.0,0.0,-0.7,-1.0,-0.7,-1.0,0.0,-0.7,-0.7,-1.0,-1.0,-0.7,-0.7,-1.0,-1.0,-1.0,-1.0,0.0,-0.7,0.0,-0.7,0.0,-1.0,-0.7,-1.0,-0.7,-0.7,-0.7,0.0,-0.7,0.0,-0.7,-0.7,-0.7,-0.7,-0.7,-1.0,0.0,-0.7,-0.7,-1.0,-1.0,-1.0,-0.7,-1.0,0.0,0.0,-0.7,1.0,-1.0,-0.7,-1.0,
Morgans,-1.0,-1.0,-1.0,-1.0,-1.0,-1.0,1.0,-1.0,-1.0,-1.0,-1.0,-1.0,-1.0,-1.0,-1.0,-1.0,-1.0,1.0,-1.0,-1.0,1.0,-1.0,-1.0,-1.0,-1.0,-1.0,-1.0,-1.0,-1.0,-1.0,-1.0,-1.0,-1.0,-1.0,-1.0,-1.0,-1.0,1.0,1.0,-1.0,-1.0,1.0,-1.0,-1.0,-1.0,-1.0,-1.0,-1.0,-1.0,-1.0,-1.0,-1.0,-1.0,-1.0,-1.0,-1.0,-1.0,-1.0,-1.0,-1.0,-1.0,-1.0,-1.0,-1.0,-1.0,-1.0,-1.0,-1.0,-1.0,-1.0,-1.0,-1.0,-1.0,-1.0,-1.0,-1.0,-1.0,1.0,-1.0,-1.0,-1.0,-1.0,-1.0,-1.0,-1.0,-1.0,-1.0,-1.0,-1.0,-1.0,-1.0,-1.0,-1.0,
Morgans,-0.7,0.0,-0.7,-0.7,0.0,-1.0,0.7,-0.7,0.0,0.0,-0.7,-0.7,-1.0,-0.7,-1.0,-0.7,-0.7,0.7,-0.7,-1.0,0.7,-1.0,-1.0,-1.0,-0.7,-0.7,-1.0,0.0,-0.7,-0.7,-0.7,0.0,-1.0,-0.7,-1.0,-1.0,0.0,0.7,1.0,-0.7,0.0,1.0,-1.0,0.0,-0.7,0.0,-0.7,-0.7,-1.0,-1.0,-0.7,-1.0,-0.7,-1.0,-0.7,-1.0,-0.7,-0.7,-0.7,-0.7,-1.0,-1.0,-0.7,-0.7,-0.7,-1.0,-0.7,-0.7,-0.7,-1.0,-0.7,-1.0,-0.7,-1.0,0.0,-0.7,-1.0,0.0,-0.7,-0.7,0.0,-1.0,-1.0,-0.7,-0.7,-1.0,0.0,-0.7,0.0,-1.0,-0.7,-1.0,-1.0,
Morgans,-1.0,-0.7,-1.0,-1.0,-1.0,-0.7,1.0,-0.7,-0.7,-1.0,-1.0,-0.7,-0.7,-1.0,0.0,-0.7,-1.0,0.0,0.0,-0.7,0.0,-1.0,0.0,-1.0,-0.7,-1.0,-1.0,0.0,-1.0,0.0,-1.0,-0.7,-1.0,-0.7,-0.7,-0.7,-1.0,1.0,1.0,0.0,-0.7,0.7,-1.0,-0.7,-0.7,-1.0,-1.0,-1.0,-0.7,-0.7,-1.0,-1.0,-1.0,-1.0,-0.7,-1.0,-0.7,-0.7,0.0,-1.0,-1.0,-1.0,-1.0,-0.7,-0.7,-1.0,-1.0,-0.7,-1.0,0.0,-1.0,-0.7,-1.0,0.0,-0.7,-1.0,-0.7,0.7,-1.0,0.0,-0.7,-0.7,-0.7,-0.7,-0.7,-1.0,-0.7,0.0,0.0,-1.0,-0.7,-1.0,-1.0,
Morgan,-1.0,1.0,-1.0,-1.0,-1.0,-1.0,-1.0,-1.0,-1.0,1.0,-1.0,-1.0,-1.0,-1.0,-1.0,-1.0,1.0,1.0,-1.0,-1.0,1.0,-1.0,-1.0,-1.0,-1.0,-1.0,-1.0,-1.0,-1.0,-1.0,-1.0,-1.0,-1.0,-1.0,-1.0,-1.0,-1.0,1.0,-1.0,-1.0,-1.0,-1.0,-1.0,-1.0,-1.0,-1.0,-1.0,-1.0,-1.0,-1.0,-1.0,-1.0,-1.0,-1.0,-1.0,-1.0,-1.0,-1.0,-1.0,-1.0,-1.0,-1.0,-1.0,-1.0,-1.0,-1.0,-1.0,-1.0,-1.0,-1.0,-1.0,-1.0,-1.0,-1.0,-1.0,-1.0,-1.0,-1.0,-1.0,-1.0,-1.0,-1.0,-1.0,-1.0,-1.0,-1.0,-1.0,-1.0,-1.0,-1.0,-1.0,-1.0,-1.0,
Morgan,-1.0,1.0,0.0,-0.7,-1.0,-1.0,-1.0,-0.7,-0.7,0.7,0.0,-0.7,-0.7,0.0,-0.7,-1.0,0.7,0.7,-0.7,-0.7,0.7,0.0,-0.7,0.0,-0.7,-0.7,0.0,0.0,-0.7,-0.7,-1.0,-0.7,-1.0,-0.7,-1.0,-0.7,0.0,1.0,-1.0,0.0,-0.7,-0.7,-0.7,-1.0,-1.0,0.0,-0.7,-1.0,-1.0,-0.7,-1.0,-1.0,-1.0,-1.0,-0.7,0.0,-1.0,-1.0,-1.0,0.0,-0.7,-0.7,0.0,-0.7,-0.7,0.0,-0.7,-1.0,-0.7,0.0,0.0,-0.7,-0.7,0.0,-0.7,-0.7,-1.0,-0.7,-1.0,-0.7,-0.7,-1.0,-0.7,-0.7,-0.7,0.0,-1.0,-0.7,0.0,0.0,0.0,0.0,-1.0,
Morgan,-1.0,1.0,-1.0,-1.0,0.0,-0.7,-1.0,-0.7,-1.0,1.0,-1.0,-0.7,-0.7,-1.0,-0.7,-1.0,1.0,1.0,-1.0,-0.7,0.7,-1.0,-1.0,0.0,-1.0,-0.7,-0.7,-1.0,-1.0,-1.0,-0.7,-1.0,-0.7,0.0,-0.7,0.0,-0.7,1.0,-0.7,0.0,-1.0,-0.7,-1.0,0.0,-0.7,-1.0,0.0,-1.0,-0.7,-0.7,0.0,-1.0,0.0,-1.0,-1.0,-1.0,-0.7,-1.0,-1.0,0.0,-1.0,-0.7,-0.7,-1.0,-1.0,-0.7,-0.7,0.0,-0.7,0.0,-0.7,-0.7,-1.0,-0.7,-0.7,-0.7,-0.7,-0.7,-0.7,-0.7,-1.0,-1.0,0.0,0.0,-0.7,0.0,-1.0,-1.0,-0.7,0.0,-0.7,-1.0,-1.0,
Mont Blanc Noland,-1.0,-1.0,-1.0,-1.0,-1.0,-1.0,-1.0,-1.0,-1.0,-1.0,-1.0,-1.0,1.0,-1.0,-1.0,-1.0,-1.0,-1.0,-1.0,-1.0,1.0,-1.0,-1.0,-1.0,-1.0,-1.0,-1.0,-1.0,-1.0,-1.0,-1.0,-1.0,-1.0,-1.0,-1.0,-1.0,-1.0,1.0,-1.0,-1.0,-1.0,-1.0,-1.0,-1.0,-1.0,-1.0,-1.0,-1.0,-1.0,-1.0,-1.0,-1.0,-1.0,-1.0,-1.0,-1.0,-1.0,-1.0,-1.0,-1.0,-1.0,-1.0,-1.0,-1.0,-1.0,-1.0,-1.0,-1.0,-1.0,-1.0,-1.0,-1.0,-1.0,1.0,-1.0,-1.0,-1.0,-1.0,-1.0,-1.0,-1.0,-1.0,-1.0,-1.0,-1.0,-1.0,-1.0,-1.0,-1.0,-1.0,-1.0,-1.0,-1.0,
Mont Blanc Noland,-0.7,0.0,-1.0,-0.7,0.0,-0.7,-1.0,0.0,-0.7,-1.0,-1.0,-0.7,0.7,-0.7,-0.7,-0.7,-1.0,-0.7,-1.0,-1.0,0.0,-1.0,-1.0,-1.0,-1.0,-1.0,-0.7,0.0,-0.7,-1.0,-1.0,-1.0,-1.0,-1.0,0.0,-1.0,-1.0,0.7,-0.7,-0.7,0.0,-1.0,-1.0,-1.0,-0.7,0.0,-1.0,-0.7,-1.0,-0.7,-0.7,0.0,-0.7,-1.0,-0.7,-1.0,-1.0,0.0,-0.7,-0.7,0.0,-1.0,-0.7,-0.7,0.0,-1.0,-0.7,-0.7,-1.0,-0.7,-0.7,-1.0,0.0,0.7,-1.0,-1.0,-1.0,0.0,0.0,0.0,-0.7,0.0,0.0,-1.0,-0.7,0.0,-1.0,-0.7,-0.7,-0.7,-0.7,-0.7,-0.7,
Mont Blanc Noland,-1.0,-0.7,-0.7,0.0,-1.0,-1.0,-1.0,-0.7,-1.0,-0.7,-0.7,-1.0,0.7,0.0,-1.0,-0.7,-0.7,-0.7,-0.7,-1.0,0.7,-1.0,0.0,-1.0,-1.0,-1.0,0.0,-0.7,0.0,-0.7,-1.0,0.0,-1.0,-1.0,-1.0,-1.0,-1.0,1.0,-1.0,-0.7,-1.0,-0.7,-1.0,0.0,-1.0,0.0,-0.7,-0.7,-1.0,-1.0,0.0,-0.7,-0.7,0.0,-1.0,-1.0,-0.7,-0.7,-0.7,0.0,-1.0,-0.7,-0.7,-0.7,-1.0,-0.7,-1.0,-0.7,-1.0,0.0,-0.7,-0.7,0.0,0.7,-0.7,-1.0,-0.7,-1.0,-0.7,0.0,-1.0,0.0,-0.7,-0.7,-0.7,-0.7,0.0,0.0,-0.7,-0.7,-1.0,-1.0,-0.7,
Mont Blanc Cricket,-1.0,-1.0,-1.0,-1.0,-1.0,-1.0,-1.0,-1.0,-1.0,-1.0,-1.0,-1.0,-1.0,1.0,1.0,-1.0,-1.0,1.0,-1.0,-1.0,1.0,-1.0,-1.0,-1.0,-1.0,-1.0,-1.0,-1.0,-1.0,-1.0,-1.0,-1.0,-1.0,-1.0,-1.0,-1.0,-1.0,1.0,-1.0,-1.0,-1.0,-1.0,-1.0,-1.0,-1.0,-1.0,-1.0,-1.0,-1.0,-1.0,-1.0,-1.0,-1.0,-1.0,-1.0,-1.0,-1.0,-1.0,-1.0,-1.0,-1.0,-1.0,-1.0,-1.0,-1.0,-1.0,-1.0,-1.0,-1.0,-1.0,-1.0,-1.0,-1.0,1.0,-1.0,-1.0,-1.0,-1.0,-1.0,-1.0,-1.0,-1.0,-1.0,-1.0,-1.0,-1.0,-1.0,-1.0,-1.0,-1.0,-1.0,-1.0,-1.0,
Mont Blanc Cricket,-1.0,-0.7,-0.7,-0.7,-0.7,-0.7,-1.0,-0.7,-1.0,-0.7,-0.7,-1.0,-1.0,1.0,0.0,-0.7,-0.7,0.0,-1.0,0.0,0.7,0.0,-1.0,-1.0,-1.0,-0.7,-1.0,-0.7,-1.0,-1.0,-1.0,-0.7,0.0,0.0,-1.0,-1.0,-0.7,0.7,-1.0,0.0,-1.0,-0.7,-1.0,-0.7,-1.0,0.0,-0.7,0.0,-1.0,-0.7,-0.7,0.0,-0.7,-0.7,-0.7,0.0,-1.0,-1.0,-0.7,-1.0,-0.7,-1.0,-1.0,-0.7,-1.0,-1.0,-1.0,-1.0,0.0,-0.7,0.0,-0.7,0.0,0.7,-1.0,-1.0,-0.7,-1.0,-1.0,-1.0,-0.7,-0.7,0.0,-1.0,-1.0,-0.7,-1.0,-0.7,-0.7,-0.7,-0.7,-1.0,-1.0,
Mont Blanc Cricket,-1.0,-0.7,-1.0,-1.0,-1.0,-1.0,-1.0,-1.0,-0.7,-1.0,0.0,-0.7,-0.7,1.0,0.7,-0.7,-1.0,1.0,0.0,0.0,0.7,0.0,-0.7,-1.0,-0.7,-0.7,-0.7,0.0,-1.0,-1.0,-0.7,-0.7,-0.7,-1.0,-0.7,-1.0,-0.7,0.7,-0.7,-0.7,-0.7,-1.0,0.0,-1.0,-0.7,-0.7,-0.7,-1.0,-1.0,-0.7,-0.7,-1.0,-0.7,-1.0,-0.7,-0.7,-1.0,-0.7,-1.0,-0.7,-0.7,-0.7,-1.0,0.0,-0.7,-0.7,-1.0,-0.7,-0.7,-1.0,0.0,-1.0,-1.0,1.0,-1.0,-0.7,-0.7,-0.7,-0.7,-0.7,-1.0,-0.7,-0.7,-1.0,0.0,-0.7,0.0,-0.7,-1.0,-1.0,0.0,-1.0,-1.0,
Monkey D. Luffy,-1.0,1.0,1.0,-1.0,-1.0,-1.0,-1.0,1.0,-1.0,1.0,-1.0,-1.0,-1.0,1.0,1.0,-1.0,1.0,1.0,-1.0,-1.0,1.0,-1.0,-1.0,-1.0,-1.0,-1.0,-1.0,-1.0,-1.0,-1.0,-1.0,-1.0,-1.0,-1.0,-1.0,-1.0,-1.0,-1.0,1.0,-1.0,-1.0,-1.0,-1.0,-1.0,-1.0,-1.0,-1.0,-1.0,-1.0,-1.0,1.0,-1.0,-1.0,-1.0,-1.0,-1.0,-1.0,-1.0,-1.0,-1.0,-1.0,-1.0,-1.0,-1.0,-1.0,-1.0,-1.0,-1.0,-1.0,-1.0,-1.0,-1.0,-1.0,-1.0,-1.0,-1.0,-1.0,-1.0,-1.0,-1.0,-1.0,-1.0,-1.0,-1.0,-1.0,-1.0,-1.0,-1.0,-1.0,-1.0,-1.0,-1.0,-1.0,
Monkey D. Luffy,0.0,0.0,1.0,-1.0,-1.0,-0.7,-0.7,1.0,-1.0,1.0,-1.0,0.0,-0.7,0.0,0.0,-0.7,0.7,0.0,0.0,-0.7,0.7,-0.7,0.0,0.0,-0.7,-1.0,-1.0,-0.7,-1.0,-1.0,-1.0,-1.0,-0.7,-1.0,0.0,-1.0,-0.7,0.0,0.7,0.0,-1.0,0.0,-1.0,0.0,-0.7,-1.0,-0.7,-0.7,-1.0,0.0,1.0,-1.0,0.0,-1.0,-1.0,0.0,-0.7,-0.7,-0.7,-0.7,0.0,-0.7,-0.7,-1.0,-1.0,-0.7,-0.7,-1.0,0.0,-1.0,-1.0,-1.0,-0.7,-1.0,0.0,0.0,-1.0,-0.7,-1.0,-0.7,-0.7,0.0,-1.0,0.0,0.0,-0.7,-0.7,-0.7,-1.0,-0.7,-0.7,-1.0,-0.7,
Monkey D. Luffy,-1.0,0.7,0.7,-1.0,-1.0,0.0,-0.7,0.7,-0.7,1.0,-1.0,-0.7,0.0,0.7,0.0,-1.0,0.7,1.0,-0.7,-1.0,0.7,-0.7,-0.7,-1.0,-1.0,-1.0,-0.7,-1.0,-1.0,-0.7,-1.0,-0.7,-1.0,0.0,-0.7,-0.7,0.0,0.0,1.0,-1.0,-1.0,-1.0,-0.7,-0.7,0.0,-0.7,-0.7,-1.0,-0.7,-0.7,0.7,-0.7,-1.0,-1.0,-1.0,-0.7,-1.0,-1.0,0.0,-1.0,-1.0,-0.7,0.0,-1.0,0.0,-1.0,-1.0,-0.7,-0.7,0.0,-1.0,-0.7,-1.0,0.0,-1.0,-0.7,-1.0,0.0,-1.0,-1.0,-0.7,0.0,0.0,-1.0,-1.0,0.0,-1.0,-0.7,-0.7,-0.7,-0.7,-0.7,-0.7,
Monkey D. Garp,-1.0,-1.0,-1.0,-1.0,-1.0,-1.0,-1.0,-1.0,-1.0,-1.0,-1.0,-1.0,1.0,-1.0,-1.0,-1.0,-1.0,-1.0,-1.0,-1.0,1.0,-1.0,-1.0,-1.0,-1.0,-1.0,-1.0,-1.0,-1.0,-1.0,-1.0,-1.0,-1.0,-1.0,-1.0,-1.0,-1.0,1.0,-1.0,-1.0,-1.0,-1.0,-1.0,-1.0,-1.0,-1.0,-1.0,-1.0,-1.0,-1.0,-1.0,-1.0,-1.0,-1.0,-1.0,-1.0,-1.0,-1.0,-1.0,-1.0,-1.0,-1.0,-1.0,-1.0,-1.0,-1.0,-1.0,-1.0,-1.0,-1.0,-1.0,-1.0,-1.0,-1.0,-1.0,-1.0,-1.0,-1.0,-1.0,-1.0,-1.0,-1.0,-1.0,-1.0,-1.0,-1.0,1.0,-1.0,-1.0,-1.0,-1.0,-1.0,-1.0,
Monkey D. Garp,-0.7,-0.7,-0.7,-0.7,-0.7,-0.7,0.0,-1.0,-0.7,0.0,-1.0,-0.7,1.0,-1.0,-0.7,0.0,-1.0,-1.0,-1.0,-1.0,0.7,-1.0,0.0,-1.0,-0.7,-0.7,0.0,-0.7,-0.7,-0.7,-1.0,-1.0,-0.7,-0.7,-1.0,-0.7,-0.7,0.0,-0.7,-0.7,-1.0,-1.0,-1.0,-0.7,-0.7,-0.7,0.0,-1.0,-1.0,-1.0,0.0,-0.7,-1.0,-1.0,-1.0,0.0,-1.0,-0.7,-1.0,-0.7,0.0,-1.0,-1.0,-1.0,-1.0,-0.7,-1.0,-0.7,-0.7,-1.0,-0.7,-0.7,-1.0,-1.0,-0.7,-1.0,-0.7,-0.7,-1.0,-0.7,0.0,-1.0,-1.0,-1.0,-0.7,-0.7,1.0,-1.0,-0.7,-0.7,-0.7,-0.7,-1.0,
Monkey D. Garp,-1.0,-1.0,-0.7,-0.7,-0.7,-0.7,-0.7,-1.0,-1.0,0.0,-0.7,-0.7,1.0,-0.7,-0.7,-0.7,-1.0,-1.0,-1.0,0.0,0.0,-0.7,-0.7,-1.0,-1.0,-1.0,-0.7,-1.0,-0.7,-0.7,0.0,0.0,0.0,-0.7,-0.7,-0.7,-1.0,1.0,0.0,-0.7,-1.0,-1.0,-1.0,-1.0,0.0,-0.7,-1.0,-1.0,0.0,0.0,-1.0,-0.7,0.0,-0.7,-0.7,-0.7,-1.0,-1.0,-0.7,0.0,-0.7,-1.0,-0.7,-0.7,-1.0,-1.0,-0.7,-1.0,-1.0,-1.0,-0.7,-0.7,-0.7,-1.0,-1.0,-1.0,-1.0,-1.0,-1.0,-0.7,-0.7,-1.0,-1.0,-1.0,-1.0,-1.0,1.0,-0.7,0.0,-0.7,-1.0,-0.7,-0.7,
Monkey D. Dragon,-1.0,-1.0,-1.0,-1.0,-1.0,-1.0,-1.0,-1.0,-1.0,-1.0,-1.0,-1.0,-1.0,-1.0,-1.0,-1.0,-1.0,1.0,-1.0,-1.0,1.0,-1.0,-1.0,-1.0,-1.0,-1.0,-1.0,-1.0,-1.0,-1.0,-1.0,-1.0,-1.0,-1.0,-1.0,-1.0,-1.0,1.0,-1.0,-1.0,-1.0,-1.0,-1.0,-1.0,-1.0,-1.0,-1.0,-1.0,-1.0,-1.0,-1.0,-1.0,-1.0,-1.0,-1.0,-1.0,-1.0,-1.0,-1.0,-1.0,-1.0,-1.0,-1.0,-1.0,-1.0,-1.0,-1.0,-1.0,-1.0,-1.0,-1.0,-1.0,-1.0,-1.0,-1.0,-1.0,-1.0,-1.0,-1.0,-1.0,-1.0,-1.0,-1.0,-1.0,-1.0,-1.0,-1.0,-1.0,1.0,-1.0,-1.0,-1.0,-1.0,
Monkey D. Dragon,0.0,-1.0,-0.7,-1.0,-0.7,-1.0,-1.0,0.0,-0.7,0.0,-0.7,-0.7,-0.7,-0.7,-0.7,-1.0,-1.0,1.0,-1.0,-0.7,0.7,-1.0,-0.7,-1.0,-0.7,-0.7,-0.7,-1.0,-0.7,-0.7,0.0,-0.7,-0.7,0.0,-1.0,-0.7,-1.0,0.0,-0.7,-0.7,-1.0,-0.7,-1.0,-0.7,-1.0,-1.0,-1.0,-1.0,-1.0,-1.0,-1.0,0.0,-1.0,-0.7,-1.0,0.0,-0.7,-0.7,-0.7,0.0,-1.0,-0.7,-0.7,0.0,-1.0,-1.0,-0.7,0.0,-1.0,-1.0,-1.0,-1.0,-1.0,0.0,-1.0,-0.7,-1.0,-0.7,-0.7,-0.7,-0.7,0.0,-0.7,0.0,-1.0,-0.7,-1.0,-1.0,0.7,0.0,-1.0,-0.7,0.0,
Monkey D. Dragon,-1.0,-1.0,-0.7,-1.0,-0.7,-1.0,-1.0,-0.7,0.0,-1.0,-0.7,-0.7,0.0,-1.0,0.0,-1.0,0.0,0.0,0.0,0.0,0.0,0.0,0.0,-0.7,0.0,-1.0,-0.7,-0.7,0.0,-0.7,-1.0,-0.7,-1.0,-0.7,0.0,0.0,0.0,0.7,-1.0,-0.7,-0.7,-1.0,-0.7,0.0,-0.7,-0.7,-0.7,-0.7,-1.0,0.0,-0.7,-0.7,-0.7,-0.7,-1.0,0.0,0.0,0.0,-0.7,-0.7,-0.7,-0.7,-0.7,-0.7,-1.0,-1.0,-0.7,0.0,0.0,0.0,-1.0,-0.7,-0.7,-0.7,-1.0,-1.0,-1.0,-0.7,-0.7,-1.0,-0.7,-1.0,-0.7,-1.0,-1.0,-0.7,-1.0,-0.7,1.0,-1.0,-1.0,-1.0,-1.0,
Monet,1.0,-1.0,-1.0,-1.0,-1.0,-1.0,-1.0,-1.0,-1.0,-1.0,-1.0,-1.0,-1.0,-1.0,-1.0,-1.0,-1.0,-1.0,-1.0,-1.0,1.0,-1.0,-1.0,-1.0,-1.0,-1.0,-1.0,-1.0,-1.0,-1.0,-1.0,-1.0,-1.0,-1.0,-1.0,-1.0,-1.0,1.0,1.0,-1.0,1.0,-1.0,-1.0,-1.0,-1.0,-1.0,-1.0,-1.0,-1.0,-1.0,-1.0,-1.0,-1.0,-1.0,-1.0,-1.0,-1.0,-1.0,-1.0,-1.0,-1.0,-1.0,-1.0,-1.0,-1.0,-1.0,-1.0,-1.0,-1.0,-1.0,-1.0,-1.0,-1.0,-1.0,-1.0,-1.0,-1.0,-1.0,-1.0,-1.0,-1.0,1.0,-1.0,-1.0,-1.0,-1.0,-1.0,-1.0,-1.0,-1.0,-1.0,-1.0,-1.0,
Monet,0.7,-0.7,-0.7,-1.0,-0.7,0.0,-1.0,-1.0,0.0,-0.7,0.0,-0.7,-1.0,-1.0,-0.7,-0.7,-0.7,0.0,-0.7,-0.7,0.7,-1.0,-0.7,0.0,-0.7,-1.0,-1.0,-1.0,-0.7,-1.0,-1.0,-0.7,-0.7,-0.7,-0.7,-1.0,-1.0,0.0,0.0,0.0,1.0,-1.0,-0.7,0.0,-1.0,0.0,-1.0,-1.0,-1.0,-1.0,0.0,-0.7,-1.0,-1.0,-0.7,-1.0,-1.0,-1.0,-1.0,0.0,-0.7,-0.7,-0.7,0.0,-1.0,-0.7,-1.0,-0.7,-1.0,-1.0,-0.7,-1.0,0.0,-1.0,-0.7,-0.7,-1.0,0.0,-1.0,0.0,-1.0,0.7,-1.0,-0.7,-0.7,-0.7,-1.0,-0.7,0.0,-1.0,-0.7,-0.7,-0.7,
Monet,1.0,0.0,-0.7,-0.7,-0.7,0.0,0.0,-0.7,-0.7,-0.7,-0.7,-0.7,-0.7,0.0,-1.0,-1.0,-1.0,0.0,-0.7,-0.7,0.7,0.0,-0.7,-0.7,-1.0,-0.7,-1.0,0.0,-0.7,-1.0,-1.0,-1.0,-1.0,-0.7,0.0,-0.7,-1.0,0.7,0.0,0.0,1.0,-0.7,-0.7,-0.7,-0.7,-0.7,-1.0,-1.0,-0.7,0.0,-1.0,-0.7,-1.0,-1.0,0.0,-0.7,-0.7,-0.7,-1.0,-0.7,-0.7,0.0,-0.7,-0.7,0.0,0.0,-0.7,-1.0,0.0,-1.0,-1.0,-1.0,-1.0,-0.7,0.0,-1.0,-0.7,-1.0,-0.7,-0.7,-0.7,1.0,-1.0,0.0,-1.0,-1.0,-0.7,0.0,-0.7,-0.7,-0.7,0.0,-1.0,
Momonga,-1.0,-1.0,-1.0,-1.0,-1.0,-1.0,-1.0,-1.0,-1.0,-1.0,-1.0,-1.0,1.0,-1.0,-1.0,-1.0,-1.0,1.0,-1.0,-1.0,1.0,-1.0,-1.0,-1.0,-1.0,-1.0,-1.0,-1.0,-1.0,-1.0,-1.0,-1.0,-1.0,-1.0,-1.0,-1.0,-1.0,1.0,-1.0,-1.0,-1.0,-1.0,-1.0,-1.0,-1.0,-1.0,-1.0,-1.0,-1.0,-1.0,-1.0,-1.0,-1.0,-1.0,-1.0,-1.0,-1.0,-1.0,-1.0,-1.0,-1.0,-1.0,-1.0,-1.0,-1.0,-1.0,-1.0,-1.0,-1.0,-1.0,-1.0,-1.0,1.0,-1.0,-1.0,-1.0,-1.0,-1.0,-1.0,-1.0,-1.0,-1.0,-1.0,-1.0,-1.0,-1.0,-1.0,-1.0,-1.0,-1.0,-1.0,-1.0,-1.0,
Momonga,-1.0,-1.0,-1.0,-1.0,-0.7,0.0,-0.7,-1.0,-0.7,-0.7,0.0,0.0,0.7,-0.7,-0.7,0.0,-1.0,1.0,-1.0,-0.7,1.0,-1.0,-1.0,-0.7,-0.7,-0.7,-0.7,0.0,-1.0,-0.7,-0.7,-1.0,-1.0,-1.0,-0.7,-1.0,-1.0,0.7,-0.7,-1.0,0.0,-1.0,-1.0,-1.0,-1.0,-1.0,-0.7,0.0,-0.7,-1.0,0.0,-1.0,-0.7,-1.0,-1.0,-0.7,-0.7,-0.7,0.0,-1.0,-0.7,-1.0,-0.7,-1.0,0.0,-0.7,-0.7,0.0,-0.7,0.0,-0.7,-1.0,0.7,0.0,-1.0,-0.7,-1.0,-0.7,-1.0,-1.0,-0.7,-1.0,-1.0,-0.7,0.0,-1.0,-1.0,-1.0,-1.0,-0.7,0.0,-0.7,-1.0,
Momonga,-0.7,-1.0,-1.0,-0.7,-1.0,-1.0,-1.0,0.0,-1.0,-0.7,-1.0,-1.0,0.7,0.0,-1.0,-0.7,-1.0,1.0,-1.0,-0.7,0.0,-1.0,-0.7,0.0,-1.0,-1.0,-1.0,-1.0,-0.7,0.0,-0.7,-1.0,-1.0,-0.7,0.0,-0.7,-1.0,1.0,0.0,-1.0,-1.0,-0.7,-1.0,-1.0,-1.0,0.0,-1.0,0.0,-1.0,0.0,0.0,-0.7,-0.7,-1.0,-1.0,-0.7,0.0,-0.7,-1.0,-1.0,0.0,-1.0,-1.0,-1.0,-1.0,-1.0,0.0,0.0,-0.7,-0.7,-0.7,-1.0,0.7,0.0,-1.0,0.0,0.0,-1.0,0.0,-0.7,-0.7,-1.0,-0.7,0.0,-1.0,-0.7,-0.7,-1.0,0.0,0.0,-0.7,-1.0,0.0,
Mohji,-1.0,1.0,-1.0,-1.0,-1.0,-1.0,-1.0,-1.0,-1.0,1.0,-1.0,-1.0,-1.0,1.0,-1.0,-1.0,1.0,1.0,-1.0,-1.0,1.0,-1.0,-1.0,-1.0,-1.0,-1.0,-1.0,-1.0,-1.0,-1.0,-1.0,-1.0,-1.0,-1.0,-1.0,-1.0,-1.0,1.0,-1.0,-1.0,-1.0,-1.0,-1.0,-1.0,-1.0,-1.0,-1.0,-1.0,-1.0,-1.0,-1.0,-1.0,-1.0,-1.0,-1.0,-1.0,-1.0,-1.0,-1.0,-1.0,-1.0,-1.0,-1.0,-1.0,-1.0,-1.0,-1.0,-1.0,-1.0,-1.0,-1.0,-1.0,-1.0,-1.0,-1.0,-1.0,-1.0,-1.0,-1.0,-1.0,-1.0,-1.0,-1.0,-1.0,-1.0,-1.0,-1.0,-1.0,-1.0,-1.0,-1.0,-1.0,-1.0,
Mohji,0.0,1.0,-0.7,-1.0,-1.0,-1.0,-1.0,0.0,-1.0,0.7,0.0,-0.7,0.0,0.0,-0.7,-0.7,1.0,0.7,-0.7,-0.7,0.7,0.0,0.0,-1.0,-0.7,0.0,-0.7,0.0,-1.0,-1.0,-1.0,-1.0,0.0,-1.0,-1.0,-0.7,-0.7,1.0,0.0,0.0,0.0,-0.7,-0.7,-1.0,-1.0,-1.0,-0.7,-1.0,0.0,-0.7,-1.0,-1.0,-0.7,0.0,0.0,-0.7,-1.0,0.0,-0.7,0.0,-1.0,-0.7,0.0,-1.0,-0.7,-1.0,-1.0,-0.7,0.0,-1.0,0.0,-0.7,-1.0,-1.0,-0.7,0.0,-1.0,-0.7,-1.0,-1.0,-0.7,-1.0,-1.0,-1.0,-1.0,-0.7,-0.7,-0.7,-1.0,-1.0,0.0,-1.0,-1.0,
Mohji,-1.0,1.0,-0.7,-1.0,-0.7,-0.7,0.0,-1.0,-1.0,1.0,-0.7,-1.0,-1.0,1.0,-0.7,-1.0,0.0,1.0,-0.7,0.0,0.0,-0.7,-1.0,0.0,-1.0,0.0,-0.7,0.0,-0.7,0.0,-0.7,-1.0,-1.0,-1.0,-0.7,0.0,-0.7,0.7,-1.0,0.0,-1.0,-1.0,-0.7,0.0,-1.0,-0.7,-0.7,-1.0,0.0,-0.7,-0.7,-0.7,-1.0,-0.7,0.0,-0.7,-0.7,-1.0,0.0,-1.0,-1.0,-0.7,-0.7,0.0,-1.0,-0.7,-1.0,-1.0,-0.7,0.0,-0.7,-0.7,0.0,0.0,-1.0,-1.0,-0.7,-0.7,-1.0,-1.0,-0.7,-0.7,-1.0,-0.7,-0.7,-1.0,0.0,-1.0,-0.7,0.0,-1.0,-1.0,-1.0,
Momoo,-1.0,-1.0,-1.0,-1.0,-1.0,-1.0,-1.0,-1.0,-1.0,-1.0,-1.0,-1.0,-1.0,-1.0,-1.0,-1.0,-1.0,1.0,-1.0,-1.0,1.0,-1.0,-1.0,-1.0,-1.0,-1.0,-1.0,-1.0,-1.0,-1.0,-1.0,-1.0,-1.0,-1.0,-1.0,-1.0,-1.0,-1.0,-1.0,-1.0,-1.0,-1.0,-1.0,-1.0,-1.0,-1.0,-1.0,-1.0,-1.0,-1.0,-1.0,-1.0,-1.0,-1.0,-1.0,-1.0,-1.0,-1.0,-1.0,-1.0,-1.0,-1.0,-1.0,-1.0,-1.0,-1.0,-1.0,-1.0,-1.0,-1.0,-1.0,-1.0,-1.0,-1.0,-1.0,-1.0,-1.0,-1.0,-1.0,-1.0,-1.0,-1.0,-1.0,-1.0,-1.0,-1.0,1.0,-1.0,-1.0,-1.0,-1.0,-1.0,-1.0,
Momoo,-1.0,-1.0,0.0,-1.0,-1.0,0.0,-0.7,-0.7,-1.0,0.0,-1.0,-0.7,0.0,-1.0,0.0,-0.7,0.0,0.0,-1.0,-0.7,0.0,-1.0,-0.7,-1.0,-0.7,-0.7,-0.7,0.0,-0.7,-0.7,-0.7,0.0,0.0,0.0,0.0,0.0,0.0,-1.0,-1.0,0.0,-0.7,0.0,-0.7,-1.0,0.0,-0.7,-0.7,-0.7,-0.7,-1.0,0.0,0.0,-1.0,-1.0,-1.0,-0.7,0.0,-1.0,-1.0,0.0,-1.0,-1.0,-1.0,0.0,-1.0,-1.0,0.0,-1.0,-0.7,-1.0,-0.7,-1.0,-0.7,-0.7,-0.7,-0.7,0.0,-1.0,-0.7,0.0,-1.0,-1.0,-0.7,-0.7,-1.0,-0.7,0.0,-1.0,-0.7,-1.0,0.0,-1.0,-1.0,
Momoo,0.0,-0.7,0.0,-0.7,-0.7,0.0,0.0,-0.7,0.0,0.0,-0.7,0.0,-1.0,0.0,-1.0,-1.0,-0.7,0.0,-1.0,-0.7,0.7,-1.0,-1.0,-1.0,-0.7,-0.7,-1.0,0.0,-0.7,0.0,-0.7,-0.7,-1.0,-1.0,-1.0,-0.7,-0.7,0.0,-0.7,-1.0,0.0,-0.7,-1.0,-1.0,-1.0,-1.0,0.0,-0.7,0.0,0.0,-1.0,-0.7,0.0,-1.0,-1.0,-1.0,-0.7,-1.0,-0.7,-1.0,-1.0,-1.0,-1.0,-1.0,-0.7,0.0,0.0,0.0,-0.7,0.0,0.0,-0.7,-0.7,-1.0,-1.0,-1.0,-0.7,-1.0,0.0,-1.0,-1.0,-0.7,-0.7,-1.0,-1.0,-0.7,0.0,-0.7,-0.7,-0.7,-0.7,-1.0,-1.0,
Minister of the Right,-1.0,-1.0,-1.0,-1.0,-1.0,-1.0,-1.0,-1.0,-1.0,-1.0,-1.0,-1.0,-1.0,-1.0,-1.0,-1.0,-1.0,1.0,-1.0,-1.0,1.0,-1.0,-1.0,-1.0,-1.0,-1.0,-1.0,-1.0,-1.0,-1.0,-1.0,-1.0,-1.0,-1.0,-1.0,-1.0,-1.0,1.0,-1.0,-1.0,-1.0,-1.0,-1.0,-1.0,-1.0,-1.0,-1.0,-1.0,-1.0,-1.0,-1.0,-1.0,-1.0,-1.0,-1.0,-1.0,-1.0,-1.0,-1.0,-1.0,-1.0,-1.0,-1.0,-1.0,-1.0,1.0,-1.0,-1.0,-1.0,-1.0,-1.0,-1.0,-1.0,-1.0,1.0,-1.0,-1.0,-1.0,-1.0,-1.0,-1.0,-1.0,-1.0,-1.0,-1.0,-1.0,-1.0,-1.0,-1.0,-1.0,-1.0,-1.0,-1.0,
Minister of the Right,0.0,0.0,-0.7,-0.7,-1.0,-0.7,-1.0,-1.0,-1.0,-0.7,-0.7,-1.0,-0.7,0.0,0.0,-0.7,-0.7,0.0,0.0,-0.7,1.0,0.0,-1.0,-0.7,0.0,-0.7,-0.7,-1.0,-1.0,-0.7,-0.7,-1.0,-1.0,-1.0,-0.7,-0.7,-1.0,1.0,-0.7,-1.0,-1.0,-1.0,0.0,-0.7,-0.7,-1.0,-0.7,-0.7,-1.0,0.0,-0.7,0.0,-0.7,-1.0,-0.7,-1.0,-1.0,-0.7,-0.7,-1.0,-0.7,-0.7,0.0,-0.7,-1.0,0.0,0.0,-0.7,-0.7,-1.0,0.0,-1.0,-0.7,-1.0,1.0,-1.0,-0.7,-0.7,0.0,-0.7,-0.7,-0.7,-1.0,0.0,-1.0,0.0,0.0,-1.0,0.0,-0.7,0.0,-1.0,0.0,
Minister of the Right,-0.7,-0.7,-0.7,-0.7,-1.0,0.0,-1.0,0.0,-1.0,0.0,0.0,-1.0,-0.7,-1.0,-0.7,-1.0,-1.0,0.0,-0.7,-1.0,0.7,0.0,-1.0,-1.0,-0.7,0.0,0.0,-0.7,-1.0,-0.7,0.0,0.0,-0.7,-0.7,-1.0,-0.7,-0.7,1.0,-1.0,0.0,-1.0,-0.7,-0.7,-0.7,-1.0,-0.7,-0.7,0.0,-0.7,-0.7,-0.7,0.0,-0.7,-0.7,-1.0,-0.7,-1.0,-1.0,-0.7,-1.0,-0.7,-0.7,-1.0,-1.0,0.0,0.0,-0.7,-0.7,-0.7,-1.0,-0.7,0.0,-0.7,-0.7,0.7,-0.7,-0.7,-0.7,-1.0,-0.7,-0.7,-0.7,-1.0,-1.0,-1.0,-1.0,-0.7,-0.7,0.0,0.0,0.0,0.0,-0.7,
Minister of the Left,-1.0,-1.0,-1.0,-1.0,-1.0,-1.0,-1.0,-1.0,-1.0,-1.0,-1.0,-1.0,-1.0,-1.0,-1.0,-1.0,-1.0,1.0,-1.0,-1.0,1.0,-1.0,-1.0,-1.0,-1.0,-1.0,-1.0,-1.0,-1.0,-1.0,-1.0,-1.0,-1.0,-1.0,-1.0,-1.0,-1.0,1.0,-1.0,-1.0,-1.0,-1.0,-1.0,-1.0,-1.0,-1.0,-1.0,-1.0,-1.0,-1.0,-1.0,-1.0,-1.0,-1.0,-1.0,-1.0,-1.0,-1.0,-1.0,-1.0,-1.0,-1.0,-1.0,-1.0,-1.0,1.0,-1.0,-1.0,-1.0,-1.0,-1.0,-1.0,-1.0,-1.0,1.0,-1.0,-1.0,-1.0,-1.0,-1.0,-1.0,-1.0,-1.0,-1.0,-1.0,-1.0,-1.0,-1.0,-1.0,-1.0,-1.0,-1.0,-1.0,
Minister of the Left,-1.0,-0.7,-1.0,-0.7,-1.0,-1.0,-0.7,-1.0,-0.7,0.0,-1.0,-1.0,-1.0,-0.7,-1.0,0.0,-1.0,1.0,-1.0,-0.7,0.0,-0.7,-1.0,-0.7,0.0,-1.0,-0.7,-1.0,-0.7,0.0,-0.7,0.0,-0.7,0.0,-0.7,-0.7,0.0,1.0,-1.0,-1.0,-1.0,0.0,-1.0,-1.0,-1.0,-0.7,-0.7,-0.7,-0.7,-0.7,0.0,-1.0,-1.0,0.0,-1.0,-0.7,-1.0,-1.0,-0.7,-0.7,-1.0,-0.7,-0.7,-0.7,-1.0,0.7,0.0,-1.0,0.0,-0.7,-1.0,-1.0,-1.0,-0.7,0.7,-1.0,0.0,0.0,-1.0,-1.0,-1.0,-0.7,-0.7,-1.0,-0.7,0.0,-0.7,-0.7,-1.0,-1.0,0.0,-0.7,-0.7,
Minister of the Left,-1.0,-0.7,-0.7,-0.7,-0.7,0.0,-1.0,-1.0,0.0,-1.0,0.0,-1.0,-0.7,0.0,-0.7,-0.7,-1.0,1.0,0.0,0.0,1.0,0.0,-0.7,-0.7,-1.0,-1.0,-0.7,-0.7,-0.7,-0.7,-1.0,-1.0,-1.0,0.0,0.0,0.0,-1.0,0.0,-1.0,-0.7,-0.7,-1.0,-0.7,-1.0,-0.7,-1.0,-0.7,-0.7,-1.0,0.0,0.0,0.0,-0.7,0.0,-0.7,-1.0,-1.0,-0.7,-0.7,0.0,0.0,-0.7,-1.0,-0.7,-0.7,1.0,-0.7,-1.0,-0.7,-0.7,-1.0,-0.7,-1.0,-1.0,1.0,-1.0,0.0,-0.7,-1.0,0.0,-0.7,-1.0,-0.7,-0.7,-0.7,-0.7,-1.0,0.0,-1.0,-0.7,0.0,-1.0,-0.7,
Mikita,1.0,1.0,-1.0,-1.0,-1.0,-1.0,-1.0,-1.0,-1.0,1.0,-1.0,-1.0,-1.0,-1.0,-1.0,-1.0,-1.0,1.0,-1.0,-1.0,1.0,-1.0,-1.0,-1.0,-1.0,-1.0,-1.0,-1.0,-1.0,-1.0,-1.0,-1.0,-1.0,-1.0,-1.0,-1.0,-1.0,-1.0,1.0,1.0,-1.0,-1.0,-1.0,-1.0,-1.0,-1.0,-1.0,-1.0,-1.0,-1.0,-1.0,-1.0,-1.0,-1.0,-1.0,-1.0,1.0,-1.0,-1.0,-1.0,-1.0,-1.0,-1.0,-1.0,-1.0,-1.0,-1.0,-1.0,-1.0,-1.0,-1.0,-1.0,-1.0,-1.0,-1.0,-1.0,-1.0,1.0,-1.0,-1.0,-1.0,-1.0,-1.0,-1.0,-1.0,-1.0,-1.0,-1.0,-1.0,-1.0,-1.0,-1.0,-1.0,
Mikita,0.0,0.0,-0.7,-0.7,-0.7,-0.7,-0.7,-1.0,0.0,1.0,-1.0,-0.7,-1.0,-1.0,-1.0,-1.0,-1.0,0.7,-0.7,0.0,1.0,-1.0,-0.7,-1.0,-1.0,0.0,-0.7,-1.0,-0.7,-1.0,-1.0,-1.0,-1.0,-0.7,-0.7,-0.7,0.0,-1.0,0.7,0.7,-0.7,-0.7,-1.0,-0.7,-1.0,-1.0,0.0,-0.7,-1.0,0.0,-0.7,-0.7,-1.0,-1.0,-0.7,-0.7,1.0,-1.0,-0.7,-0.7,0.0,-0.7,-1.0,0.0,-0.7,-1.0,-0.7,-1.0,-1.0,-1.0,-1.0,-0.7,-1.0,-1.0,-0.7,-0.7,-1.0,0.0,-0.7,-0.7,-1.0,-1.0,-1.0,-1.0,-1.0,-1.0,-0.7,-1.0,0.0,-1.0,-0.7,-0.7,-0.7,
Mikita,1.0,0.7,-1.0,-1.0,-0.7,-0.7,-0.7,-0.7,-1.0,1.0,-0.7,-0.7,-0.7,-1.0,-1.0,-0.7,0.0,1.0,-0.7,-0.7,0.7,0.0,-0.7,-0.7,-1.0,-1.0,-0.7,-0.7,-0.7,-1.0,-0.7,-0.7,0.0,-1.0,-1.0,-1.0,-0.7,0.0,0.7,0.7,-1.0,-0.7,0.0,0.0,0.0,-0.7,-1.0,0.0,0.0,0.0,-0.7,-1.0,-1.0,-0.7,-1.0,0.0,0.7,-1.0,-1.0,-1.0,-0.7,-0.7,-1.0,-0.7,-1.0,-1.0,-0.7,-0.7,0.0,-0.7,-1.0,0.0,-0.7,-0.7,0.0,-0.7,-1.0,0.7,-0.7,0.0,-1.0,-0.7,0.0,-1.0,-1.0,-1.0,-0.7,0.0,-1.0,-1.0,0.0,-1.0,-1.0,
Matsuge,-1.0,-1.0,-1.0,-1.0,-1.0,-1.0,-1.0,-1.0,-1.0,-1.0,-1.0,-1.0,-1.0,-1.0,-1.0,-1.0,-1.0,1.0,-1.0,-1.0,1.0,-1.0,-1.0,-1.0,-1.0,-1.0,-1.0,-1.0,-1.0,-1.0,-1.0,-1.0,-1.0,-1.0,-1.0,-1.0,-1.0,1.0,-1.0,-1.0,-1.0,-1.0,-1.0,-1.0,-1.0,-1.0,-1.0,-1.0,-1.0,-1.0,-1.0,-1.0,-1.0,-1.0,-1.0,-1.0,-1.0,-1.0,-1.0,-1.0,-1.0,-1.0,-1.0,-1.0,-1.0,-1.0,-1.0,-1.0,-1.0,-1.0,-1.0,-1.0,-1.0,-1.0,-1.0,-1.0,-1.0,-1.0,-1.0,-1.0,-1.0,-1.0,-1.0,1.0,-1.0,-1.0,-1.0,-1.0,-1.0,-1.0,-1.0,-1.0,-1.0,
Matsuge,-0.7,-1.0,0.0,-0.7,-0.7,-1.0,-0.7,0.0,-0.7,-1.0,-0.7,-0.7,0.0,-0.7,-1.0,-1.0,-1.0,0.7,-1.0,-1.0,0.7,-1.0,-0.7,-0.7,-0.7,0.0,-1.0,0.0,-1.0,-0.7,-0.7,-1.0,-0.7,0.0,0.0,-0.7,-0.7,1.0,-1.0,-1.0,-0.7,-1.0,-0.7,-0.7,-0.7,-0.7,-0.7,0.0,0.0,-0.7,-1.0,-0.7,-1.0,-0.7,-1.0,0.0,-0.7,-1.0,-0.7,0.0,-1.0,-0.7,-1.0,-0.7,-1.0,-1.0,-0.7,-1.0,0.0,-0.7,-1.0,-0.7,0.0,0.0,-0.7,-1.0,0.0,-1.0,-0.7,-1.0,-0.7,0.0,-0.7,0.7,-1.0,-1.0,-1.0,0.0,-0.7,-1.0,-1.0,0.0,-1.0,
Matsuge,-1.0,-0.7,-1.0,-1.0,0.0,-0.7,-0.7,-0.7,-1.0,0.0,-1.0,0.0,-1.0,0.0,-0.7,-1.0,-1.0,1.0,-1.0,-0.7,0.7,-0.7,-1.0,-1.0,-0.7,0.0,-1.0,-1.0,-1.0,-0.7,-0.7,-0.7,0.0,-0.7,-1.0,-1.0,-0.7,0.7,0.0,-1.0,-1.0,0.0,-1.0,0.0,-0.7,-0.7,-1.0,-0.7,0.0,-0.7,-0.7,-0.7,-0.7,-0.7,-1.0,0.0,-1.0,-1.0,-1.0,0.0,-1.0,0.0,-0.7,-0.7,-0.7,-1.0,0.0,0.0,-1.0,0.0,-0.7,-0.7,-1.0,-0.7,-1.0,-0.7,0.0,-1.0,-0.7,-1.0,-0.7,-1.0,-0.7,0.7,-1.0,-0.7,0.0,-1.0,0.0,-0.7,0.0,0.0,-1.0,
Masira,-1.0,-1.0,-1.0,-1.0,-1.0,-1.0,-1.0,-1.0,-1.0,-1.0,-1.0,-1.0,-1.0,1.0,1.0,-1.0,-1.0,1.0,-1.0,-1.0,1.0,-1.0,-1.0,-1.0,-1.0,-1.0,-1.0,-1.0,-1.0,-1.0,-1.0,-1.0,-1.0,-1.0,-1.0,-1.0,-1.0,1.0,-1.0,-1.0,-1.0,-1.0,-1.0,-1.0,-1.0,-1.0,-1.0,-1.0,-1.0,-1.0,-1.0,-1.0,-1.0,-1.0,-1.0,-1.0,-1.0,-1.0,-1.0,-1.0,-1.0,-1.0,-1.0,-1.0,-1.0,-1.0,-1.0,-1.0,-1.0,-1.0,-1.0,-1.0,-1.0,1.0,-1.0,-1.0,-1.0,-1.0,-1.0,-1.0,-1.0,-1.0,-1.0,-1.0,-1.0,-1.0,-1.0,-1.0,-1.0,-1.0,-1.0,-1.0,-1.0,
Masira,-0.7,-0.7,-1.0,0.0,-0.7,-1.0,-1.0,-0.7,-1.0,-1.0,0.0,-0.7,-0.7,1.0,1.0,-0.7,-0.7,1.0,-1.0,0.0,0.0,-0.7,-0.7,-1.0,-1.0,0.0,-1.0,-0.7,-0.7,-0.7,-1.0,-0.7,-1.0,-1.0,-0.7,-0.7,-0.7,0.7,-1.0,-1.0,-1.0,-0.7,-1.0,-1.0,0.0,-1.0,-1.0,-0.7,-1.0,-0.7,0.0,0.0,-1.0,-1.0,-0.7,-1.0,-1.0,-0.7,-1.0,0.0,-1.0,-1.0,-0.7,-1.0,-0.7,-1.0,-0.7,-0.7,-0.7,-1.0,-0.7,-0.7,-1.0,0.0,0.0,-1.0,-0.7,-1.0,-1.0,-1.0,-0.7,-1.0,-0.7,-0.7,-0.7,0.0,-0.7,-0.7,0.0,-1.0,-0.7,-0.7,-0.7,
Masira,-1.0,-1.0,-1.0,0.0,-0.7,-1.0,-0.7,0.0,0.0,-1.0,-0.7,0.0,-0.7,0.0,0.0,-0.7,0.0,1.0,0.0,-0.7,0.7,0.0,0.0,-0.7,-1.0,-0.7,0.0,-0.7,0.0,0.0,-0.7,-0.7,-1.0,-0.7,-1.0,-0.7,-0.7,0.7,-1.0,0.0,-0.7,-1.0,-0.7,-0.7,-1.0,-0.7,-1.0,0.0,0.0,-1.0,0.0,0.0,-1.0,-1.0,-0.7,-1.0,-1.0,-1.0,-1.0,-1.0,-0.7,-0.7,-0.7,-0.7,0.0,0.0,0.0,-1.0,-1.0,0.0,0.0,-0.7,-0.7,0.7,-1.0,-1.0,-1.0,-0.7,-0.7,-1.0,-1.0,0.0,-0.7,0.0,-0.7,-1.0,-1.0,-0.7,-0.7,-1.0,-1.0,-1.0,-0.7,
Marshall D. Teach,-1.0,1.0,-1.0,-1.0,-1.0,-1.0,-1.0,-1.0,-1.0,-1.0,-1.0,-1.0,1.0,1.0,-1.0,-1.0,-1.0,1.0,-1.0,-1.0,1.0,-1.0,-1.0,-1.0,-1.0,-1.0,-1.0,-1.0,-1.0,-1.0,-1.0,-1.0,-1.0,-1.0,-1.0,-1.0,-1.0,1.0,1.0,1.0,-1.0,-1.0,-1.0,-1.0,-1.0,1.0,-1.0,-1.0,-1.0,-1.0,1.0,-1.0,1.0,-1.0,-1.0,-1.0,-1.0,-1.0,-1.0,-1.0,-1.0,-1.0,-1.0,-1.0,-1.0,-1.0,-1.0,-1.0,-1.0,-1.0,-1.0,-1.0,-1.0,1.0,-1.0,-1.0,-1.0,-1.0,-1.0,-1.0,-1.0,-1.0,-1.0,-1.0,-1.0,-1.0,-1.0,-1.0,-1.0,-1.0,-1.0,-1.0,-1.0,
Marshall D. Teach,-1.0,0.7,0.0,-1.0,-1.0,-1.0,-1.0,-1.0,-1.0,-0.7,-1.0,-1.0,0.0,0.7,0.0,-1.0,-1.0,0.7,-0.7,0.0,0.7,-0.7,-0.7,0.0,0.0,-1.0,-0.7,-0.7,0.0,0.0,-1.0,0.0,0.0,-1.0,-0.7,-0.7,-0.7,0.7,1.0,0.0,-1.0,-0.7,-1.0,-0.7,-0.7,0.0,0.0,-1.0,-0.7,-1.0,0.7,-0.7,1.0,-0.7,-1.0,-1.0,0.0,-1.0,-0.7,-0.7,0.0,-0.7,-1.0,0.0,-0.7,-1.0,-1.0,-1.0,-1.0,-0.7,-1.0,-1.0,-1.0,1.0,-1.0,0.0,-1.0,0.0,0.0,-0.7,-1.0,-1.0,-1.0,-0.7,-1.0,-1.0,-1.0,-1.0,-1.0,-1.0,-1.0,-0.7,-1.0,
Marshall D. Teach,-0.7,0.7,-0.7,-0.7,0.0,-1.0,-0.7,-1.0,0.0,-1.0,-0.7,-0.7,0.7,0.7,-0.7,0.0,-1.0,1.0,0.0,-1.0,0.0,-0.7,-1.0,-1.0,-0.7,0.0,-1.0,-1.0,0.0,-0.7,-1.0,-0.7,0.0,-0.7,-0.7,-1.0,-0.7,1.0,0.7,0.7,-0.7,-1.0,-0.7,-0.7,-0.7,1.0,-1.0,-1.0,-0.7,-0.7,0.0,-0.7,0.7,-1.0,-1.0,-1.0,-0.7,-0.7,-0.7,-1.0,-0.7,-0.7,-0.7,-1.0,-0.7,-0.7,-0.7,-1.0,0.0,-1.0,0.0,0.0,-0.7,0.7,0.0,-0.7,-0.7,0.0,0.0,-1.0,0.0,0.0,-1.0,-0.7,-1.0,-1.0,-0.7,-0.7,-0.7,-0.7,-0.7,-1.0,-0.7,
Marianne,1.0,-1.0,-1.0,-1.0,-1.0,-1.0,-1.0,-1.0,-1.0,-1.0,-1.0,-1.0,-1.0,-1.0,-1.0,-1.0,-1.0,1.0,-1.0,-1.0,1.0,-1.0,-1.0,-1.0,-1.0,-1.0,-1.0,-1.0,-1.0,-1.0,-1.0,-1.0,-1.0,-1.0,-1.0,-1.0,-1.0,-1.0,-1.0,-1.0,-1.0,-1.0,-1.0,-1.0,-1.0,-1.0,-1.0,-1.0,-1.0,-1.0,-1.0,-1.0,-1.0,-1.0,-1.0,-1.0,1.0,-1.0,-1.0,-1.0,-1.0,-1.0,-1.0,-1.0,-1.0,-1.0,-1.0,-1.0,-1.0,-1.0,-1.0,-1.0,-1.0,-1.0,-1.0,-1.0,-1.0,1.0,-1.0,-1.0,-1.0,-1.0,-1.0,-1.0,-1.0,-1.0,-1.0,-1.0,-1.0,-1.0,-1.0,-1.0,-1.0,
Marianne,0.7,-1.0,-1.0,-0.7,0.0,-1.0,-1.0,-0.7,0.0,-0.7,-1.0,-1.0,-1.0,-1.0,-1.0,-0.7,0.0,0.7,-0.7,-0.7,0.7,-1.0,-1.0,-0.7,-0.7,0.0,-0.7,-0.7,-1.0,-0.7,0.0,-0.7,-0.7,0.0,-1.0,0.0,-1.0,-0.7,-0.7,-1.0,0.0,-1.0,-1.0,-1.0,0.0,-1.0,-0.7,0.0,-1.0,-1.0,-1.0,-0.7,-1.0,-0.7,0.0,-0.7,0.7,0.0,-1.0,-0.7,-1.0,-0.7,-0.7,-1.0,0.0,-1.0,-0.7,-0.7,-0.7,-1.0,-0.7,-1.0,0.0,-1.0,-1.0,-0.7,-0.7,1.0,-1.0,-1.0,-0.7,0.0,-1.0,-1.0,-1.0,0.0,-0.7,0.0,-0.7,0.0,0.0,-1.0,-0.7,
Marianne,0.7,-1.0,-0.7,0.0,0.0,0.0,0.0,-0.7,-1.0,-0.7,-0.7,-1.0,-0.7,-0.7,-0.7,-1.0,0.0,1.0,-0.7,-1.0,0.7,-1.0,-1.0,0.0,0.0,-0.7,-1.0,-0.7,-1.0,-0.7,-1.0,-1.0,-0.7,-1.0,-0.7,-1.0,-0.7,-1.0,-0.7,-1.0,-1.0,-1.0,-0.7,-1.0,-1.0,-0.7,-1.0,-1.0,-0.7,-1.0,-0.7,-1.0,-1.0,-0.7,-0.7,-1.0,0.7,-0.7,-0.7,-1.0,0.0,-0.7,-1.0,-1.0,-0.7,-1.0,-1.0,-1.0,-0.7,-0.7,-0.7,-0.7,-0.7,-1.0,-0.7,0.0,-1.0,0.7,-0.7,-0.7,-1.0,-0.7,-1.0,-1.0,0.0,-0.7,0.0,-0.7,-0.7,0.0,0.0,-0.7,-1.0,
Marguerite,1.0,1.0,-1.0,-1.0,-1.0,-1.0,-1.0,-1.0,-1.0,-1.0,-1.0,-1.0,-1.0,-1.0,-1.0,-1.0,-1.0,1.0,-1.0,-1.0,1.0,-1.0,-1.0,-1.0,-1.0,-1.0,-1.0,-1.0,-1.0,-1.0,-1.0,-1.0,-1.0,-1.0,-1.0,-1.0,-1.0,-1.0,-1.0,-1.0,-1.0,-1.0,-1.0,-1.0,-1.0,-1.0,-1.0,-1.0,-1.0,-1.0,-1.0,-1.0,-1.0,-1.0,-1.0,-1.0,-1.0,-1.0,-1.0,-1.0,-1.0,-1.0,-1.0,-1.0,-1.0,-1.0,-1.0,-1.0,-1.0,-1.0,1.0,-1.0,-1.0,-1.0,-1.0,-1.0,-1.0,-1.0,-1.0,-1.0,-1.0,-1.0,-1.0,-1.0,-1.0,-1.0,-1.0,-1.0,-1.0,-1.0,1.0,-1.0,-1.0,
Marguerite,1.0,0.7,-1.0,-0.7,-1.0,0.0,-0.7,-0.7,-1.0,0.0,-1.0,0.0,-1.0,-1.0,-0.7,0.0,-0.7,0.7,-0.7,-1.0,0.7,-1.0,-1.0,-0.7,-1.0,-0.7,-1.0,-1.0,-0.7,0.0,-0.7,-1.0,-1.0,-1.0,-1.0,-1.0,-0.7,-1.0,-1.0,-1.0,-0.7,-1.0,-1.0,-0.7,-0.7,-1.0,-0.7,-0.7,-0.7,-1.0,-1.0,-0.7,-1.0,-1.0,-0.7,-1.0,-1.0,-0.7,-0.7,-0.7,0.0,-1.0,-0.7,-0.7,0.0,-1.0,-0.7,0.0,0.0,-1.0,0.0,-0.7,-0.7,0.0,-1.0,-1.0,-1.0,0.0,-1.0,-0.7,-0.7,-1.0,-1.0,-1.0,-1.0,0.0,0.0,0.0,-1.0,-0.7,0.0,0.0,-1.0,
Marguerite,1.0,0.0,-0.7,0.0,-0.7,-1.0,-0.7,-0.7,-1.0,-1.0,-1.0,-0.7,-0.7,-0.7,-1.0,0.0,-0.7,1.0,-1.0,-0.7,1.0,-1.0,0.0,-1.0,-0.7,-0.7,-1.0,-1.0,0.0,-1.0,-0.7,0.0,-1.0,-0.7,-0.7,-0.7,-0.7,-1.0,-1.0,-0.7,-0.7,-1.0,0.0,0.0,-1.0,0.0,-1.0,-0.7,-0.7,-1.0,-0.7,-0.7,-0.7,-0.7,-0.7,0.0,-0.7,-0.7,-0.7,-1.0,-1.0,0.0,-1.0,-1.0,-0.7,0.0,0.0,0.0,0.0,-1.0,1.0,0.0,-0.7,0.0,-1.0,-0.7,0.0,-1.0,0.0,-1.0,-1.0,-0.7,-1.0,-1.0,-1.0,-0.7,-1.0,0.0,0.0,-0.7,0.7,-1.0,-0.7,
Marco,-1.0,1.0,-1.0,-1.0,-1.0,-1.0,-1.0,-1.0,-1.0,-1.0,1.0,1.0,-1.0,-1.0,-1.0,-1.0,-1.0,1.0,-1.0,-1.0,1.0,-1.0,-1.0,-1.0,-1.0,-1.0,-1.0,-1.0,-1.0,-1.0,-1.0,-1.0,-1.0,-1.0,-1.0,-1.0,-1.0,1.0,1.0,-1.0,-1.0,-1.0,-1.0,1.0,-1.0,-1.0,-1.0,-1.0,-1.0,-1.0,-1.0,-1.0,-1.0,-1.0,-1.0,-1.0,-1.0,-1.0,-1.0,-1.0,-1.0,-1.0,-1.0,-1.0,-1.0,-1.0,-1.0,-1.0,-1.0,-1.0,-1.0,-1.0,-1.0,1.0,-1.0,-1.0,-1.0,-1.0,-1.0,-1.0,-1.0,-1.0,-1.0,-1.0,-1.0,-1.0,-1.0,-1.0,-1.0,-1.0,-1.0,-1.0,-1.0,-1.0
Marco,-1.0,0.7,-0.7,-0.7,0.0,-1.0,-1.0,-1.0,0.0,-0.7,1.0,1.0,-0.7,-1.0,-0.7,-0.7,-1.0,1.0,-1.0,-0.7,1.0,0.0,-0.7,-0.7,-0.7,-1.0,0.0,0.0,-1.0,-0.7,-1.0,-0.7,-1.0,-1.0,-0.7,-1.0,-1.0,0.7,1.0,-0.7,-1.0,0.0,-1.0,0.0,-1.0,-1.0,-0.7,-0.7,-0.7,-1.0,-1.0,-1.0,0.0,-0.7,-0.7,-1.0,-0.7,-0.7,-1.0,-1.0,-0.7,-0.7,-0.7,-1.0,-1.0,-0.7,-0.7,-0.7,-0.7,0.0,-1.0,-1.0,-1.0,1.0,0.0,-1.0,0.0,-1.0,-1.0,-1.0,-1.0,-1.0,-1.0,-0.7,-1.0,0.0,-0.7,0.0,-1.0,-1.0,0.0,-0.7,0.0,-1.0
Marco,-1.0,0.0,-0.7,0.0,-1.0,-1.0,-0.7,0.0,0.0,-1.0,1.0,1.0,0.0,0.0,-1.0,-0.7,-0.7,0.7,-0.7,-1.0,0.7,-0.7,-1.0,0.0,-1.0,-1.0,-0.7,-1.0,-0.7,0.0,0.0,-1.0,-0.7,-0.7,-1.0,-0.7,-1.0,1.0,1.0,-0.7,-1.0,-1.0,-1.0,0.7,0.0,-0.7,0.0,-0.7,0.0,0.0,-0.7,-0.7,-0.7,-0.7,-1.0,-0.7,-0.7,0.0,0.0,-1.0,-0.7,0.0,0.0,0.0,-1.0,-1.0,-1.0,0.0,-0.7,-0.7,0.0,-1.0,-0.7,0.7,-1.0,-0.7,-1.0,-0.7,-0.7,-1.0,0.0,-0.7,-0.7,-1.0,-1.0,0.0,-0.7,-0.7,-0.7,-1.0,0.0,-1.0,-1.0,0.0
Mansherry,1.0,-1.0,-1.0,-1.0,-1.0,-1.0,-1.0,-1.0,-1.0,-1.0,-1.0,-1.0,-1.0,-1.0,-1.0,1.0,-1.0,1.0,-1.0,-1.0,1.0,-1.0,-1.0,-1.0,-1.0,-1.0,-1.0,-1.0,-1.0,-1.0,-1.0,-1.0,-1.0,-1.0,-1.0,-1.0,-1.0,-1.0,1.0,1.0,-1.0,-1.0,-1.0,-1.0,-1.0,-1.0,-1.0,-1.0,-1.0,-1.0,-1.0,-1.0,-1.0,-1.0,-1.0,-1.0,-1.0,-1.0,-1.0,-1.0,-1.0,-1.0,-1.0,-1.0,-1.0,-1.0,-1.0,-1.0,-1.0,-1.0,-1.0,-1.0,-1.0,-1.0,-1.0,-1.0,1.0,-1.0,-1.0,-1.0,-1.0,-1.0,-1.0,-1.0,-1.0,-1.0,-1.0,-1.0,-1.0,-1.0,-1.0,-1.0,-1.0,
Mansherry,1.0,0.0,-0.7,-1.0,-1.0,-0.7,-0.7,-1.0,0.0,-0.7,0.0,-0.7,-1.0,0.0,-0.7,0.7,-0.7,0.7,-1.0,-0.7,0.7,0.0,-1.0,-1.0,-0.7,-0.7,-1.0,-1.0,-1.0,-1.0,-0.7,-0.7,0.0,-0.7,-0.7,0.0,0.0,-1.0,1.0,0.0,-0.7,-0.7,0.0,-0.7,-0.7,-1.0,0.0,-0.7,-1.0,-0.7,-1.0,-1.0,-1.0,-0.7,-0.7,-0.7,-1.0,0.0,-0.7,-1.0,-0.7,0.0,-0.7,0.0,-1.0,0.0,-0.7,0.0,0.0,-0.7,-0.7,-1.0,-0.7,-0.7,-1.0,-0.7,0.0,-1.0,-0.7,-1.0,0.0,0.0,-0.7,-0.7,0.0,-1.0,-0.7,-1.0,0.0,-1.0,-0.7,-0.7,0.0,
Mansherry,0.0,-1.0,-0.7,-1.0,-1.0,-0.7,0.0,-1.0,-1.0,0.0,0.0,-1.0,-1.0,-0.7,-1.0,0.7,-1.0,1.0,-1.0,-0.7,1.0,0.0,0.0,-1.0,-1.0,-1.0,-1.0,-1.0,-1.0,-1.0,-1.0,-0.7,-1.0,-1.0,-1.0,-1.0,-0.7,-1.0,0.7,0.0,-0.7,-0.7,-0.7,-0.7,0.0,-1.0,0.0,-1.0,-1.0,-0.7,-1.0,-0.7,-0.7,-0.7,-1.0,-1.0,-1.0,0.0,-0.7,0.0,0.0,-0.7,0.0,-0.7,-0.7,-1.0,-0.7,-0.7,-0.7,-1.0,-0.7,-1.0,-0.7,-0.7,-0.7,-1.0,0.7,-1.0,-1.0,-0.7,-0.7,-1.0,-1.0,-0.7,-0.7,-1.0,-1.0,-1.0,0.0,-0.7,0.0,-0.7,0.0,
Manjaro,-1.0,-1.0,-1.0,-1.0,-1.0,-1.0,-1.0,-1.0,-1.0,-1.0,-1.0,-1.0,-1.0,1.0,-1.0,-1.0,-1.0,-1.0,-1.0,-1.0,1.0,-1.0,-1.0,-1.0,-1.0,-1.0,-1.0,-1.0,-1.0,-1.0,-1.0,-1.0,-1.0,-1.0,-1.0,-1.0,-1.0,1.0,-1.0,-1.0,-1.0,-1.0,-1.0,-1.0,-1.0,-1.0,-1.0,-1.0,-1.0,-1.0,-1.0,-1.0,-1.0,-1.0,-1.0,-1.0,-1.0,-1.0,-1.0,-1.0,-1.0,-1.0,-1.0,-1.0,-1.0,-1.0,-1.0,-1.0,-1.0,-1.0,-1.0,-1.0,-1.0,-1.0,1.0,-1.0,-1.0,-1.0,-1.0,-1.0,-1.0,-1.0,-1.0,-1.0,-1.0,-1.0,-1.0,-1.0,-1.0,-1.0,-1.0,-1.0,-1.0,
Manjaro,-0.7,-0.7,-0.7,-1.0,-1.0,-1.0,-0.7,-0.7,-0.7,0.0,0.0,0.0,-0.7,1.0,-1.0,-1.0,-1.0,-1.0,-1.0,-0.7,0.7,-0.7,-1.0,-1.0,-0.7,-1.0,-0.7,0.0,-0.7,-0.7,-0.7,-0.7,-0.7,0.0,-0.7,-0.7,-0.7,0.7,-0.7,-1.0,-1.0,-1.0,-0.7,0.0,0.0,-0.7,-1.0,0.0,-0.7,-1.0,0.0,-0.7,0.0,-1.0,0.0,-0.7,-1.0,-0.7,-0.7,-1.0,-0.7,-1.0,-0.7,-0.7,-0.7,-1.0,-1.0,-0.7,-1.0,-0.7,-0.7,0.0,-1.0,-0.7,1.0,-0.7,-1.0,-0.7,0.0,-1.0,0.0,-0.7,0.0,0.0,-1.0,-0.7,-1.0,-1.0,-0.7,-1.0,-0.7,-0.7,-0.7,
Manjaro,-0.7,0.0,0.0,-0.7,-1.0,-0.7,-1.0,-1.0,-0.7,-1.0,-0.7,0.0,0.0,0.0,-1.0,-1.0,-1.0,-0.7,-1.0,0.0,1.0,-1.0,0.0,0.0,-0.7,-0.7,-0.7,-0.7,-1.0,-0.7,-0.7,-0.7,-1.0,-1.0,-0.7,-0.7,-0.7,0.0,0.0,-1.0,-0.7,-0.7,0.0,0.0,-1.0,-1.0,-0.7,-1.0,-1.0,-1.0,0.0,-1.0,-0.7,0.0,0.0,-0.7,-0.7,-1.0,0.0,-1.0,-1.0,-1.0,-1.0,-0.7,-1.0,-1.0,-1.0,0.0,-0.7,-0.7,-0.7,-1.0,-1.0,0.0,1.0,-0.7,-1.0,-1.0,0.0,-0.7,-0.7,-1.0,-0.7,0.0,0.0,-0.7,0.0,-0.7,0.0,-1.0,-1.0,-0.7,-0.7,
Makino,1.0,1.0,-1.0,-1.0,-1.0,-1.0,-1.0,-1.0,-1.0,-1.0,-1.0,-1.0,-1.0,-1.0,-1.0,-1.0,1.0,1.0,-1.0,-1.0,1.0,-1.0,-1.0,-1.0,-1.0,-1.0,-1.0,-1.0,-1.0,-1.0,-1.0,-1.0,-1.0,-1.0,-1.0,-1.0,-1.0,-1.0,-1.0,-1.0,-1.0,-1.0,-1.0,-1.0,-1.0,-1.0,-1.0,-1.0,-1.0,-1.0,-1.0,-1.0,-1.0,-1.0,-1.0,-1.0,-1.0,-1.0,-1.0,-1.0,-1.0,-1.0,-1.0,-1.0,-1.0,-1.0,-1.0,-1.0,-1.0,-1.0,-1.0,-1.0,-1.0,-1.0,-1.0,-1.0,-1.0,-1.0,-1.0,-1.0,-1.0,-1.0,-1.0,-1.0,-1.0,-1.0,-1.0,-1.0,-1.0,-1.0,-1.0,-1.0,-1.0,
Makino,0.7,1.0,-1.0,-1.0,-1.0,-1.0,0.0,-1.0,-1.0,-0.7,-0.7,-0.7,-0.7,-1.0,-0.7,-1.0,1.0,0.0,-0.7,-0.7,1.0,-1.0,-0.7,-1.0,0.0,-1.0,-0.7,-0.7,0.0,-1.0,-1.0,0.0,-1.0,-0.7,-1.0,0.0,0.0,-0.7,-0.7,-1.0,-1.0,-0.7,-1.0,-1.0,-1.0,-1.0,-0.7,-1.0,0.0,-1.0,-1.0,-1.0,-0.7,-1.0,-1.0,-1.0,-0.7,-1.0,-0.7,0.0,-1.0,-1.0,-0.7,-1.0,-1.0,-0.7,-0.7,-1.0,0.0,-1.0,0.0,-0.7,-0.7,0.0,-0.7,0.0,-1.0,-1.0,-0.7,-1.0,-0.7,-1.0,-0.7,0.0,-0.7,-0.7,-0.7,-0.7,-1.0,-1.0,-0.7,-0.7,-0.7,
Makino,0.7,1.0,-0.7,-1.0,-0.7,-1.0,-1.0,-0.7,-0.7,-1.0,0.0,-1.0,-0.7,-1.0,-0.7,-0.7,1.0,0.0,-0.7,-0.7,1.0,0.0,-1.0,-1.0,-0.7,-1.0,-0.7,-0.7,-0.7,-1.0,-0.7,-1.0,-0.7,0.0,-0.7,-0.7,-1.0,-1.0,-1.0,-1.0,-1.0,-0.7,-1.0,0.0,-0.7,-1.0,0.0,0.0,0.0,-0.7,-0.7,-1.0,-0.7,-0.7,-1.0,0.0,0.0,-1.0,-1.0,-1.0,-0.7,-1.0,-1.0,-1.0,-0.7,-0.7,-0.7,-0.7,0.0,-0.7,0.0,0.0,-1.0,-1.0,-0.7,-1.0,-0.7,-0.7,-1.0,-0.7,-1.0,-1.0,-0.7,-1.0,-0.7,-0.7,-1.0,-1.0,-0.7,-0.7,-0.7,0.0,-1.0,
Manboshi,-1.0,-1.0,-1.0,-1.0,-1.0,-1.0,-1.0,-1.0,-1.0,-1.0,-1.0,-1.0,-1.0,-1.0,-1.0,-1.0,-1.0,1.0,-1.0,-1.0,1.0,-1.0,-1.0,-1.0,-1.0,-1.0,-1.0,-1.0,-1.0,-1.0,-1.0,-1.0,-1.0,-1.0,-1.0,-1.0,-1.0,1.0,-1.0,-1.0,-1.0,-1.0,-1.0,-1.0,-1.0,-1.0,-1.0,-1.0,-1.0,-1.0,-1.0,-1.0,-1.0,-1.0,-1.0,-1.0,-1.0,-1.0,-1.0,-1.0,-1.0,-1.0,-1.0,-1.0,-1.0,1.0,-1.0,-1.0,-1.0,-1.0,-1.0,-1.0,-1.0,-1.0,1.0,-1.0,-1.0,-1.0,-1.0,-1.0,-1.0,-1.0,-1.0,-1.0,-1.0,-1.0,-1.0,-1.0,-1.0,-1.0,-1.0,-1.0,-1.0,
Manboshi,-1.0,-0.7,-0.7,-0.7,-1.0,-0.7,-0.7,-0.7,0.0,-1.0,-0.7,-0.7,0.0,0.0,-0.7,-0.7,-0.7,0.7,-1.0,-1.0,0.0,-1.0,-1.0,0.0,-1.0,-1.0,0.0,-1.0,-0.7,-0.7,0.0,-1.0,-1.0,-0.7,-0.7,-1.0,-0.7,0.0,-1.0,-1.0,-1.0,-0.7,-1.0,-0.7,0.0,-1.0,-1.0,-1.0,-1.0,-0.7,-1.0,-0.7,0.0,-0.7,0.0,-1.0,-0.7,-1.0,-1.0,-1.0,-0.7,0.0,-1.0,0.0,0.0,0.7,-0.7,-0.7,-0.7,-1.0,-1.0,-1.0,0.0,-1.0,0.7,-0.7,-0.7,0.0,-1.0,-1.0,-0.7,0.0,-0.7,-0.7,-0.7,-1.0,-0.7,-1.0,-0.7,-0.7,0.0,0.0,-1.0,
Manboshi,-0.7,-0.7,-0.7,-1.0,-1.0,-1.0,-0.7,-1.0,-0.7,-1.0,-1.0,-0.7,-0.7,-0.7,-1.0,-1.0,-0.7,0.0,-0.7,0.0,0.0,0.0,0.0,-0.7,0.0,-0.7,-1.0,0.0,-1.0,0.0,-0.7,-1.0,0.0,-0.7,-0.7,-1.0,0.0,0.7,-1.0,-1.0,-0.7,0.0,-0.7,-1.0,0.0,0.0,-0.7,-0.7,-1.0,-1.0,0.0,-1.0,-1.0,-0.7,-0.7,0.0,-1.0,-0.7,-0.7,0.0,-0.7,-1.0,-0.7,-0.7,-1.0,1.0,-1.0,-1.0,-0.7,-0.7,-0.7,-1.0,0.0,0.0,0.7,-1.0,-0.7,-0.7,-0.7,-0.7,-1.0,-1.0,-1.0,0.0,0.0,0.0,-1.0,-0.7,-0.7,-1.0,-0.7,-0.7,0.0,
Magellan,-1.0,-1.0,-1.0,-1.0,-1.0,-1.0,-1.0,-1.0,-1.0,-1.0,-1.0,-1.0,-1.0,-1.0,-1.0,-1.0,-1.0,1.0,-1.0,-1.0,1.0,-1.0,-1.0,-1.0,-1.0,-1.0,-1.0,-1.0,-1.0,-1.0,-1.0,-1.0,-1.0,-1.0,-1.0,-1.0,-1.0,1.0,1.0,1.0,-1.0,-1.0,-1.0,-1.0,-1.0,-1.0,-1.0,-1.0,-1.0,-1.0,-1.0,-1.0,-1.0,-1.0,-1.0,-1.0,-1.0,-1.0,-1.0,-1.0,-1.0,-1.0,-1.0,-1.0,-1.0,-1.0,-1.0,-1.0,-1.0,-1.0,-1.0,-1.0,-1.0,-1.0,-1.0,-1.0,-1.0,-1.0,-1.0,-1.0,-1.0,-1.0,-1.0,-1.0,-1.0,1.0,-1.0,-1.0,-1.0,-1.0,-1.0,-1.0,-1.0,
Magellan,-1.0,-0.7,0.0,-0.7,-1.0,-1.0,0.0,-1.0,0.0,-1.0,0.0,-0.7,0.0,-0.7,0.0,-1.0,-0.7,0.0,-1.0,-0.7,0.7,-0.7,-0.7,-1.0,-1.0,-1.0,-0.7,-1.0,-0.7,-0.7,-0.7,-0.7,-0.7,-1.0,0.0,-1.0,-0.7,1.0,0.7,1.0,-1.0,-1.0,-1.0,-0.7,-0.7,-1.0,-1.0,-0.7,0.0,-0.7,-0.7,-0.7,-1.0,0.0,-1.0,-0.7,0.0,-1.0,-1.0,-0.7,-0.7,0.0,-0.7,-1.0,-0.7,-0.7,-0.7,-1.0,-0.7,0.0,-0.7,-1.0,-1.0,-0.7,-0.7,-0.7,-1.0,-0.7,0.0,-1.0,-1.0,-0.7,-0.7,0.0,-0.7,0.7,0.0,-0.7,-0.7,0.0,0.0,-1.0,0.0,
Magellan,-1.0,-1.0,-1.0,-1.0,-0.7,-0.7,0.0,-1.0,-0.7,-0.7,-0.7,-0.7,-0.7,-0.7,0.0,0.0,-0.7,1.0,0.0,-0.7,0.0,-1.0,0.0,-0.7,-0.7,-1.0,-0.7,-1.0,-1.0,-1.0,-1.0,-1.0,-0.7,0.0,-1.0,0.0,-0.7,0.0,1.0,1.0,0.0,-1.0,-0.7,-0.7,0.0,-1.0,-0.7,-0.7,-1.0,-1.0,0.0,-1.0,-0.7,-0.7,-0.7,-0.7,-0.7,-1.0,-0.7,-0.7,-1.0,0.0,-0.7,-0.7,-0.7,-1.0,0.0,-1.0,-1.0,0.0,-0.7,-0.7,-0.7,0.0,-1.0,-1.0,-0.7,-1.0,-0.7,-0.7,-0.7,-1.0,-1.0,-1.0,-1.0,0.7,-1.0,-1.0,-0.7,0.0,-1.0,-1.0,-1.0,
Machvise,-1.0,-1.0,-1.0,-1.0,-1.0,-1.0,-1.0,-1.0,-1.0,-1.0,-1.0,-1.0,-1.0,-1.0,-1.0,-1.0,-1.0,1.0,-1.0,-1.0,1.0,-1.0,-1.0,-1.0,-1.0,-1.0,-1.0,-1.0,-1.0,-1.0,-1.0,-1.0,-1.0,-1.0,-1.0,-1.0,-1.0,1.0,1.0,1.0,-1.0,-1.0,-1.0,-1.0,-1.0,-1.0,-1.0,-1.0,-1.0,-1.0,-1.0,-1.0,-1.0,-1.0,-1.0,-1.0,-1.0,-1.0,-1.0,-1.0,-1.0,-1.0,-1.0,-1.0,-1.0,-1.0,-1.0,-1.0,-1.0,-1.0,-1.0,-1.0,-1.0,-1.0,-1.0,-1.0,-1.0,-1.0,-1.0,-1.0,-1.0,1.0,-1.0,-1.0,-1.0,-1.0,-1.0,-1.0,-1.0,-1.0,-1.0,-1.0,-1.0,
Machvise,0.0,-0.7,-0.7,-1.0,-1.0,-1.0,-0.7,-0.7,-0.7,0.0,-1.0,-1.0,-0.7,-0.7,0.0,0.0,-1.0,0.7,-1.0,-0.7,0.0,-0.7,-1.0,-1.0,-1.0,-0.7,-0.7,-0.7,-0.7,-1.0,-1.0,-1.0,0.0,-1.0,-1.0,-1.0,-1.0,0.0,1.0,0.7,0.0,0.0,-1.0,-1.0,-0.7,0.0,-0.7,-1.0,-1.0,-0.7,-1.0,-1.0,-0.7,-0.7,-1.0,-1.0,-1.0,-1.0,0.0,-0.7,-0.7,-0.7,-0.7,-0.7,-1.0,-1.0,-1.0,-1.0,-1.0,-0.7,-1.0,-0.7,-0.7,-0.7,-1.0,-1.0,0.0,-0.7,-0.7,-1.0,-1.0,0.7,-1.0,-0.7,-0.7,-0.7,-0.7,-0.7,-0.7,-0.7,-1.0,-0.7,-0.7,
Machvise,-0.7,-0.7,-1.0,-1.0,-0.7,0.0,-0.7,0.0,-0.7,0.0,-0.7,-1.0,0.0,0.0,-1.0,0.0,-1.0,0.7,-0.7,-1.0,0.7,-1.0,-1.0,-0.7,0.0,-1.0,-0.7,-0.7,-0.7,-0.7,0.0,-0.7,0.0,-0.7,-0.7,-0.7,-1.0,1.0,0.7,1.0,-0.7,-0.7,-0.7,-0.7,-1.0,-0.7,-0.7,0.0,0.0,-0.7,-1.0,-1.0,0.0,-1.0,-0.7,-0.7,-0.7,-0.7,-0.7,-0.7,0.0,-0.7,-0.7,-1.0,0.0,-0.7,-0.7,0.0,-0.7,-1.0,0.0,-1.0,-1.0,-1.0,-1.0,0.0,-1.0,-1.0,-1.0,-0.7,-1.0,1.0,-0.7,-1.0,-0.7,0.0,-0.7,-1.0,-0.7,-0.7,0.0,-1.0,-1.0,
Lucky Roux,-1.0,-1.0,-1.0,-1.0,-1.0,-1.0,-1.0,-1.0,-1.0,-1.0,-1.0,-1.0,-1.0,1.0,-1.0,-1.0,1.0,1.0,-1.0,-1.0,1.0,-1.0,-1.0,-1.0,-1.0,-1.0,-1.0,-1.0,-1.0,-1.0,-1.0,-1.0,-1.0,-1.0,-1.0,-1.0,-1.0,1.0,-1.0,-1.0,-1.0,-1.0,-1.0,-1.0,-1.0,-1.0,-1.0,-1.0,-1.0,-1.0,-1.0,-1.0,-1.0,-1.0,-1.0,-1.0,-1.0,-1.0,-1.0,-1.0,-1.0,-1.0,-1.0,-1.0,-1.0,-1.0,-1.0,-1.0,-1.0,-1.0,-1.0,-1.0,-1.0,-1.0,-1.0,-1.0,-1.0,-1.0,-1.0,-1.0,-1.0,-1.0,-1.0,-1.0,-1.0,-1.0,-1.0,-1.0,-1.0,-1.0,-1.0,-1.0,-1.0,
Lucky Roux,-0.7,0.0,-0.7,-1.0,0.0,-1.0,-1.0,0.0,-0.7,-1.0,0.0,-0.7,-0.7,0.0,-0.7,-1.0,0.0,1.0,0.0,-1.0,0.7,-0.7,0.0,-0.7,-1.0,-1.0,-1.0,-1.0,-0.7,0.0,-0.7,-0.7,-0.7,-0.7,-0.7,-0.7,-0.7,0.7,0.0,0.0,0.0,-1.0,-0.7,-0.7,-0.7,-0.7,-0.7,0.0,0.0,-0.7,0.0,-0.7,-1.0,-1.0,-1.0,-0.7,-0.7,-0.7,0.0,-1.0,0.0,-1.0,0.0,0.0,-0.7,-1.0,-1.0,-0.7,-1.0,-0.7,-0.7,-0.7,-0.7,-0.7,0.0,-0.7,-1.0,0.0,-0.7,-0.7,-0.7,-0.7,-0.7,-0.7,-0.7,-0.7,-1.0,-1.0,0.0,-1.0,-1.0,-0.7,-1.0,
Lucky Roux,-1.0,-1.0,-0.7,-0.7,-1.0,-0.7,-1.0,-0.7,-1.0,-1.0,0.0,0.0,-0.7,1.0,-0.7,0.0,1.0,1.0,-0.7,-0.7,1.0,0.0,-0.7,-1.0,-1.0,0.0,-0.7,-1.0,-0.7,-0.7,-0.7,-1.0,-1.0,-1.0,0.0,0.0,-0.7,0.7,-1.0,-0.7,-0.7,-0.7,-1.0,-0.7,0.0,-1.0,-0.7,0.0,-1.0,-0.7,-1.0,-0.7,-0.7,0.0,-0.7,-0.7,0.0,0.0,-1.0,-0.7,-1.0,-1.0,-0.7,-1.0,-1.0,-0.7,-0.7,0.0,-0.7,0.0,-0.7,-1.0,-0.7,-0.7,-1.0,-1.0,-0.7,-0.7,-0.7,0.0,-1.0,-0.7,0.0,-1.0,-1.0,-1.0,-1.0,-0.7,-0.7,0.0,-1.0,-0.7,-0.7,
Little Oars Jr.,-1.0,-1.0,-1.0,-1.0,-1.0,-1.0,-1.0,-1.0,-1.0,-1.0,-1.0,-1.0,-1.0,1.0,1.0,-1.0,-1.0,-1.0,-1.0,-1.0,1.0,-1.0,-1.0,-1.0,-1.0,-1.0,-1.0,-1.0,-1.0,-1.0,-1.0,-1.0,-1.0,-1.0,-1.0,-1.0,-1.0,-1.0,-1.0,-1.0,-1.0,-1.0,-1.0,-1.0,-1.0,-1.0,-1.0,-1.0,-1.0,-1.0,-1.0,-1.0,-1.0,-1.0,-1.0,-1.0,-1.0,-1.0,-1.0,-1.0,-1.0,-1.0,-1.0,-1.0,-1.0,-1.0,-1.0,-1.0,-1.0,-1.0,-1.0,-1.0,-1.0,-1.0,-1.0,-1.0,-1.0,-1.0,-1.0,-1.0,1.0,-1.0,-1.0,-1.0,-1.0,-1.0,-1.0,-1.0,-1.0,-1.0,-1.0,-1.0,-1.0,
Little Oars Jr.,-0.7,-1.0,-1.0,-0.7,-1.0,-0.7,-1.0,-1.0,-1.0,-0.7,-0.7,-1.0,-1.0,0.7,1.0,-1.0,-1.0,-1.0,-0.7,0.0,1.0,-1.0,-1.0,-1.0,0.0,-1.0,-1.0,-0.7,-0.7,-0.7,0.0,-1.0,-1.0,-1.0,-0.7,-0.7,-0.7,-1.0,-0.7,-0.7,-0.7,-0.7,-1.0,0.0,-1.0,-0.7,0.0,0.0,-1.0,-0.7,-1.0,-0.7,-1.0,-0.7,0.0,0.0,-1.0,-1.0,-1.0,-0.7,-0.7,-1.0,-1.0,-1.0,-0.7,0.0,-1.0,-0.7,0.0,-0.7,-1.0,-0.7,0.0,-1.0,0.0,-1.0,-1.0,0.0,0.0,-1.0,1.0,0.0,-1.0,-1.0,-1.0,-0.7,0.0,-1.0,-1.0,-0.7,-0.7,-0.7,-1.0,
Little Oars Jr.,-1.0,-1.0,-1.0,-1.0,0.0,-1.0,0.0,-0.7,0.0,-1.0,-1.0,-1.0,-0.7,1.0,0.0,-0.7,-0.7,-0.7,-1.0,-1.0,0.7,-1.0,0.0,0.0,-0.7,-0.7,-0.7,-0.7,-0.7,-1.0,-0.7,0.0,-0.7,-1.0,-1.0,-0.7,0.0,0.0,0.0,0.0,-1.0,-1.0,-1.0,-0.7,-1.0,-1.0,-0.7,-1.0,-0.7,-1.0,0.0,0.0,0.0,-0.7,-0.7,-1.0,-0.7,-0.7,-1.0,-0.7,-0.7,-0.7,-1.0,-0.7,0.0,-0.7,-1.0,0.0,-1.0,-1.0,0.0,-0.7,-0.7,-1.0,-1.0,-1.0,-0.7,-1.0,-1.0,-1.0,0.7,-0.7,0.0,-1.0,0.0,-0.7,-0.7,-1.0,-0.7,-1.0,-0.7,-0.7,-1.0,
Lindbergh,-1.0,-1.0,-1.0,-1.0,-1.0,-1.0,-1.0,-1.0,-1.0,-1.0,-1.0,-1.0,-1.0,-1.0,-1.0,-1.0,-1.0,1.0,-1.0,-1.0,1.0,-1.0,-1.0,-1.0,-1.0,-1.0,-1.0,-1.0,-1.0,-1.0,-1.0,-1.0,-1.0,-1.0,-1.0,-1.0,-1.0,-1.0,-1.0,-1.0,-1.0,-1.0,-1.0,-1.0,-1.0,-1.0,-1.0,-1.0,-1.0,-1.0,-1.0,-1.0,-1.0,-1.0,-1.0,-1.0,-1.0,-1.0,-1.0,-1.0,-1.0,-1.0,-1.0,-1.0,-1.0,-1.0,-1.0,-1.0,-1.0,-1.0,-1.0,-1.0,-1.0,-1.0,-1.0,-1.0,-1.0,-1.0,-1.0,-1.0,-1.0,-1.0,-1.0,-1.0,-1.0,-1.0,-1.0,-1.0,-1.0,1.0,-1.0,-1.0,-1.0,
Lindbergh,-0.7,0.0,-1.0,-1.0,-0.7,-0.7,-0.7,-1.0,-1.0,-1.0,-1.0,0.0,-1.0,-1.0,0.0,0.0,-1.0,0.7,-0.7,-1.0,0.7,0.0,-0.7,-0.7,-0.7,-0.7,-0.7,-1.0,0.0,0.0,-1.0,-1.0,-0.7,-0.7,0.0,-1.0,-0.7,-0.7,-0.7,-0.7,-0.7,-1.0,0.0,-1.0,-1.0,-0.7,-0.7,-0.7,-0.7,-0.7,-0.7,-1.0,0.0,-0.7,-1.0,-0.7,0.0,-1.0,-1.0,-0.7,-1.0,0.0,-0.7,-1.0,0.0,-0.7,0.0,-0.7,-0.7,-0.7,-0.7,-1.0,0.0,-1.0,-0.7,-1.0,0.0,-0.7,0.0,-0.7,0.0,-0.7,-0.7,-0.7,-1.0,-1.0,0.0,-0.7,0.0,1.0,-0.7,-1.0,-0.7,
Lindbergh,-0.7,-0.7,-1.0,-1.0,-0.7,-0.7,-1.0,-0.7,-1.0,-1.0,-0.7,-0.7,-1.0,-0.7,-1.0,-0.7,-0.7,0.0,-0.7,-1.0,0.0,-0.7,-1.0,-1.0,-1.0,0.0,-1.0,-0.7,-0.7,-0.7,0.0,-0.7,-0.7,-1.0,-0.7,-0.7,-1.0,-0.7,-0.7,-0.7,-0.7,-1.0,-0.7,-0.7,-0.7,-1.0,-1.0,-1.0,0.0,-0.7,0.0,0.0,-0.7,-0.7,-1.0,-0.7,-0.7,-1.0,-1.0,-0.7,-0.7,-1.0,0.0,-0.7,-1.0,-1.0,-0.7,-1.0,-0.7,-0.7,-0.7,0.0,-0.7,-1.0,-0.7,-1.0,-0.7,0.0,-1.0,0.0,0.0,0.0,-0.7,-0.7,-1.0,-0.7,-0.7,-1.0,-0.7,1.0,-0.7,0.0,-0.7,
Leo,-1.0,-1.0,-1.0,-1.0,-1.0,-1.0,-1.0,-1.0,-1.0,-1.0,-1.0,-1.0,-1.0,-1.0,-1.0,-1.0,-1.0,1.0,-1.0,-1.0,1.0,-1.0,-1.0,-1.0,-1.0,-1.0,-1.0,-1.0,-1.0,-1.0,-1.0,-1.0,-1.0,-1.0,-1.0,-1.0,-1.0,-1.0,1.0,1.0,-1.0,-1.0,-1.0,-1.0,-1.0,-1.0,-1.0,-1.0,-1.0,-1.0,-1.0,-1.0,-1.0,-1.0,-1.0,-1.0,-1.0,-1.0,-1.0,-1.0,-1.0,-1.0,-1.0,-1.0,-1.0,-1.0,-1.0,-1.0,-1.0,-1.0,-1.0,-1.0,-1.0,-1.0,-1.0,-1.0,1.0,-1.0,-1.0,-1.0,-1.0,-1.0,-1.0,-1.0,-1.0,-1.0,-1.0,-1.0,-1.0,-1.0,-1.0,-1.0,-1.0,
Leo,-0.7,-0.7,-1.0,-1.0,-0.7,-1.0,0.0,0.0,-1.0,-1.0,-0.7,-0.7,-1.0,-1.0,-0.7,0.0,-1.0,0.7,0.0,-1.0,0.7,0.0,-1.0,-1.0,-0.7,-0.7,-0.7,-1.0,-0.7,-1.0,0.0,-0.7,-0.7,-1.0,0.0,-1.0,-1.0,-1.0,0.0,0.7,0.0,-1.0,-0.7,-0.7,-0.7,-0.7,-0.7,0.0,-0.7,0.0,-0.7,0.0,-0.7,-0.7,-1.0,0.0,-1.0,-1.0,-0.7,-0.7,-0.7,-0.7,-0.7,0.0,-0.7,0.0,-0.7,-1.0,-0.7,-1.0,0.0,-0.7,-0.7,-1.0,-0.7,-0.7,1.0,0.0,-0.7,-1.0,-1.0,-1.0,-1.0,-1.0,-1.0,-0.7,0.0,-1.0,-1.0,-1.0,-1.0,-0.7,-0.7,
Leo,-1.0,-1.0,-0.7,-0.7,-0.7,0.0,-0.7,-1.0,-1.0,-0.7,0.0,0.0,-1.0,-1.0,0.0,-1.0,-1.0,1.0,-0.7,-0.7,1.0,-0.7,-0.7,0.0,-1.0,0.0,-1.0,-1.0,-1.0,-0.7,0.0,-1.0,0.0,-0.7,-1.0,-1.0,-1.0,-0.7,0.7,1.0,-1.0,-1.0,-0.7,-1.0,0.0,-1.0,-0.7,-1.0,-1.0,-1.0,-0.7,-1.0,-0.7,-0.7,-0.7,0.0,-1.0,0.0,-0.7,0.0,-1.0,-1.0,-1.0,-0.7,0.0,-1.0,-0.7,-0.7,-0.7,-1.0,-1.0,-1.0,-1.0,-1.0,-1.0,-1.0,0.7,0.0,0.0,-1.0,-1.0,0.0,-0.7,0.0,-0.7,0.0,-0.7,-0.7,-0.7,-1.0,-0.7,-1.0,-1.0,
Lassoo,-1.0,-1.0,-1.0,-1.0,-1.0,-1.0,-1.0,-1.0,-1.0,-1.0,-1.0,-1.0,-1.0,-1.0,-1.0,-1.0,-1.0,1.0,-1.0,-1.0,1.0,-1.0,-1.0,-1.0,-1.0,-1.0,-1.0,-1.0,-1.0,-1.0,-1.0,-1.0,-1.0,-1.0,-1.0,-1.0,-1.0,-1.0,1.0,-1.0,-1.0,1.0,-1.0,-1.0,-1.0,-1.0,-1.0,-1.0,-1.0,-1.0,-1.0,-1.0,-1.0,-1.0,-1.0,-1.0,-1.0,-1.0,-1.0,-1.0,-1.0,-1.0,-1.0,-1.0,-1.0,-1.0,-1.0,-1.0,-1.0,-1.0,-1.0,-1.0,-1.0,-1.0,-1.0,-1.0,-1.0,-1.0,-1.0,-1.0,-1.0,-1.0,-1.0,1.0,-1.0,-1.0,-1.0,-1.0,-1.0,-1.0,-1.0,-1.0,-1.0,
Lassoo,0.0,-0.7,-1.0,-1.0,-1.0,-1.0,-1.0,-0.7,-0.7,-1.0,-0.7,-1.0,-1.0,-0.7,0.0,0.0,-0.7,1.0,-0.7,-0.7,1.0,-0.7,-0.7,-0.7,-0.7,0.0,-0.7,0.0,0.0,0.0,0.0,-0.7,-1.0,-1.0,-1.0,-1.0,-1.0,0.0,1.0,-0.7,0.0,1.0,-1.0,0.0,-1.0,-1.0,-1.0,-1.0,-0.7,-0.7,-1.0,-0.7,-1.0,-1.0,-0.7,-0.7,-1.0,-0.7,0.0,0.0,-0.7,-1.0,-0.7,-1.0,-1.0,0.0,0.0,-1.0,-1.0,-0.7,0.0,-0.7,0.0,0.0,-0.7,-0.7,-0.7,-0.7,-0.7,-0.7,-0.7,-0.7,-0.7,1.0,-0.7,-1.0,-1.0,0.0,-1.0,-0.7,-0.7,-0.7,-1.0,
Lassoo,-1.0,-1.0,-1.0,-1.0,-0.7,-1.0,0.0,-0.7,-0.7,-0.7,-0.7,-0.7,0.0,-0.7,-0.7,0.0,-0.7,1.0,-1.0,-1.0,0.0,-1.0,-1.0,0.0,-1.0,-1.0,0.0,-0.7,-0.7,-1.0,-0.7,0.0,-0.7,-0.7,-1.0,0.0,-0.7,0.0,1.0,-0.7,0.0,1.0,0.0,-1.0,-0.7,0.0,-1.0,-0.7,-1.0,-0.7,-0.7,-1.0,-1.0,0.0,0.0,0.0,-0.7,-0.7,0.0,-0.7,0.0,-1.0,-0.7,-1.0,-0.7,-1.0,-1.0,-1.0,-0.7,-0.7,-1.0,0.0,-1.0,0.0,-1.0,-1.0,-1.0,0.0,0.0,-1.0,-1.0,-0.7,-1.0,0.0,-0.7,0.0,-1.0,-1.0,0.0,-0.7,-0.7,-0.7,-1.0,
Lao G,-1.0,-1.0,-1.0,-1.0,-1.0,-1.0,-1.0,-1.0,-1.0,-1.0,-1.0,-1.0,-1.0,-1.0,-1.0,-1.0,-1.0,1.0,-1.0,-1.0,1.0,-1.0,-1.0,-1.0,-1.0,-1.0,-1.0,-1.0,-1.0,-1.0,-1.0,-1.0,-1.0,-1.0,-1.0,-1.0,-1.0,-1.0,-1.0,-1.0,-1.0,-1.0,-1.0,-1.0,-1.0,-1.0,-1.0,-1.0,-1.0,-1.0,-1.0,-1.0,-1.0,-1.0,-1.0,-1.0,-1.0,-1.0,-1.0,-1.0,-1.0,-1.0,-1.0,-1.0,-1.0,-1.0,-1.0,-1.0,-1.0,-1.0,-1.0,-1.0,-1.0,-1.0,-1.0,-1.0,-1.0,-1.0,-1.0,-1.0,-1.0,1.0,-1.0,-1.0,-1.0,-1.0,-1.0,-1.0,-1.0,-1.0,-1.0,-1.0,-1.0,
Lao G,0.0,0.0,-1.0,-1.0,-1.0,-1.0,-1.0,-1.0,-1.0,-0.7,-0.7,0.0,-1.0,-0.7,-0.7,-0.7,-0.7,1.0,-1.0,-1.0,1.0,-0.7,-1.0,-1.0,-1.0,-1.0,-1.0,-0.7,-1.0,0.0,-1.0,-1.0,-1.0,-0.7,-0.7,0.0,-1.0,-1.0,0.0,-0.7,-1.0,0.0,-0.7,-1.0,-1.0,-0.7,-0.7,-1.0,-1.0,-1.0,0.0,-1.0,-0.7,-0.7,-0.7,-0.7,-0.7,-0.7,-0.7,-1.0,-0.7,-1.0,-0.7,-0.7,-0.7,-0.7,0.0,-0.7,-1.0,-0.7,-1.0,-1.0,-0.7,-1.0,-0.7,-0.7,-1.0,-1.0,-1.0,-1.0,0.0,1.0,-0.7,0.0,-0.7,-1.0,-0.7,-0.7,-0.7,0.0,-0.7,-1.0,-0.7,
Lao G,-1.0,0.0,0.0,-0.7,-1.0,-0.7,-0.7,-1.0,-1.0,-1.0,-0.7,-0.7,0.0,-1.0,-1.0,-1.0,0.0,1.0,0.0,0.0,1.0,-1.0,-1.0,-1.0,-0.7,-0.7,-0.7,-1.0,-1.0,-0.7,-1.0,-0.7,-1.0,-1.0,-0.7,-0.7,-1.0,-0.7,-1.0,-1.0,-0.7,-1.0,-1.0,-1.0,-0.7,-1.0,0.0,-1.0,-1.0,0.0,-0.7,-1.0,-0.7,-1.0,-0.7,-1.0,0.0,-0.7,-0.7,-0.7,-1.0,0.0,-1.0,-1.0,-0.7,0.0,-1.0,0.0,-0.7,0.0,-0.7,-1.0,0.0,-1.0,-0.7,0.0,0.0,-0.7,-1.0,-0.7,-0.7,0.0,-1.0,-0.7,-1.0,-0.7,-1.0,-1.0,-0.7,-0.7,-0.7,0.0,-1.0,
Laffitte,-1.0,-1.0,-1.0,-1.0,-1.0,-1.0,-1.0,-1.0,-1.0,-1.0,-1.0,-1.0,-1.0,1.0,-1.0,-1.0,-1.0,1.0,-1.0,-1.0,1.0,-1.0,-1.0,-1.0,-1.0,-1.0,-1.0,-1.0,-1.0,-1.0,-1.0,-1.0,-1.0,-1.0,-1.0,-1.0,-1.0,1.0,-1.0,-1.0,-1.0,-1.0,-1.0,-1.0,-1.0,-1.0,-1.0,-1.0,-1.0,-1.0,-1.0,-1.0,-1.0,-1.0,-1.0,-1.0,-1.0,-1.0,-1.0,-1.0,-1.0,-1.0,-1.0,-1.0,-1.0,-1.0,-1.0,-1.0,-1.0,-1.0,-1.0,-1.0,-1.0,1.0,-1.0,-1.0,-1.0,-1.0,-1.0,-1.0,-1.0,-1.0,-1.0,-1.0,-1.0,-1.0,-1.0,-1.0,-1.0,-1.0,-1.0,-1.0,-1.0,
Laffitte,-1.0,-1.0,-0.7,-0.7,-0.7,-0.7,-0.7,0.0,-0.7,0.0,-1.0,-1.0,-0.7,1.0,-0.7,-0.7,-1.0,1.0,-0.7,0.0,0.7,-0.7,-1.0,-0.7,-0.7,-1.0,-1.0,-1.0,-1.0,-1.0,-0.7,-0.7,-1.0,-0.7,0.0,0.0,-0.7,1.0,-1.0,-1.0,-0.7,-1.0,-0.7,0.0,0.0,0.0,-1.0,0.0,-0.7,-0.7,-1.0,0.0,-1.0,-1.0,-1.0,-0.7,-0.7,0.0,-1.0,-1.0,-0.7,-1.0,-0.7,-1.0,-0.7,-0.7,-1.0,-1.0,-1.0,-0.7,-0.7,0.0,0.0,0.0,-1.0,-0.7,-0.7,-0.7,0.0,-0.7,-0.7,-1.0,-1.0,-0.7,-0.7,-0.7,-1.0,0.0,0.0,-0.7,-1.0,-1.0,-0.7,
Laffitte,0.0,-0.7,0.0,-0.7,-0.7,-0.7,-0.7,-0.7,-1.0,0.0,0.0,-0.7,-0.7,0.7,0.0,0.0,-0.7,1.0,-0.7,-0.7,0.7,0.0,-1.0,-1.0,-1.0,-1.0,-1.0,-0.7,0.0,0.0,-1.0,-0.7,0.0,-0.7,0.0,0.0,-1.0,0.0,-0.7,-0.7,-0.7,-0.7,-0.7,0.0,0.0,0.0,-1.0,0.0,-0.7,0.0,-0.7,0.0,-1.0,0.0,-1.0,0.0,0.0,-1.0,0.0,0.0,0.0,-1.0,-0.7,-0.7,-1.0,-0.7,-0.7,0.0,-0.7,-1.0,-1.0,-1.0,-1.0,0.7,0.0,-0.7,-0.7,-1.0,-0.7,-0.7,-0.7,-0.7,-1.0,-1.0,-1.0,0.0,-1.0,0.0,-1.0,-1.0,-0.7,-0.7,0.0,
Laboon,-1.0,-1.0,-1.0,-1.0,-1.0,-1.0,-1.0,-1.0,-1.0,-1.0,-1.0,-1.0,-1.0,-1.0,-1.0,-1.0,-1.0,1.0,-1.0,-1.0,1.0,-1.0,-1.0,-1.0,-1.0,-1.0,-1.0,-1.0,-1.0,-1.0,-1.0,-1.0,-1.0,-1.0,-1.0,-1.0,-1.0,1.0,-1.0,-1.0,-1.0,-1.0,-1.0,-1.0,-1.0,-1.0,-1.0,-1.0,-1.0,-1.0,-1.0,-1.0,-1.0,-1.0,-1.0,-1.0,-1.0,-1.0,-1.0,-1.0,-1.0,-1.0,-1.0,-1.0,-1.0,-1.0,-1.0,-1.0,-1.0,-1.0,-1.0,-1.0,-1.0,-1.0,-1.0,-1.0,-1.0,-1.0,1.0,-1.0,-1.0,-1.0,-1.0,-1.0,-1.0,-1.0,-1.0,-1.0,-1.0,-1.0,-1.0,-1.0,-1.0,
Laboon,0.0,-0.7,0.0,0.0,-0.7,-0.7,-1.0,-0.7,-1.0,-1.0,-1.0,-0.7,-1.0,-1.0,-0.7,-0.7,-1.0,0.0,-1.0,0.0,0.7,-1.0,0.0,-1.0,-1.0,-1.0,-0.7,0.0,0.0,-0.7,0.0,0.0,-0.7,-1.0,-0.7,-1.0,-1.0,0.7,-1.0,-1.0,-0.7,-1.0,-0.7,0.0,-1.0,-1.0,0.0,-0.7,-1.0,-1.0,-0.7,-0.7,-1.0,-1.0,-0.7,-0.7,-1.0,0.0,-1.0,-1.0,-1.0,0.0,0.0,-1.0,-1.0,-0.7,-0.7,-1.0,0.0,-0.7,-1.0,-0.7,-0.7,-0.7,-0.7,-0.7,-1.0,-1.0,0.7,-0.7,0.0,-1.0,-0.7,0.0,-1.0,-0.7,-1.0,0.0,-0.7,-0.7,0.0,0.0,-1.0,
Laboon,-1.0,-0.7,-1.0,-1.0,0.0,-0.7,0.0,-1.0,-1.0,-0.7,-0.7,-1.0,-0.7,0.0,-0.7,-1.0,-1.0,1.0,-0.7,0.0,1.0,-0.7,0.0,-1.0,-0.7,-1.0,0.0,-1.0,-0.7,-1.0,-1.0,0.0,-0.7,-0.7,-0.7,-1.0,-1.0,0.7,-0.7,-0.7,-0.7,-0.7,-1.0,-0.7,-0.7,-0.7,-1.0,-1.0,-1.0,0.0,-1.0,-1.0,-0.7,-0.7,-1.0,-1.0,-0.7,-0.7,-1.0,0.0,-1.0,-0.7,-0.7,0.0,-1.0,-0.7,-0.7,-1.0,-0.7,-1.0,-0.7,0.0,-0.7,-1.0,-0.7,-0.7,-1.0,-1.0,1.0,-0.7,-0.7,-0.7,-0.7,-0.7,-0.7,-0.7,-1.0,-0.7,-1.0,0.0,0.0,-0.7,-1.0,
Kyros,-1.0,-1.0,-1.0,-1.0,-1.0,-1.0,-1.0,-1.0,-1.0,-1.0,-1.0,-1.0,-1.0,-1.0,-1.0,-1.0,-1.0,1.0,-1.0,-1.0,1.0,-1.0,-1.0,-1.0,-1.0,-1.0,-1.0,-1.0,-1.0,-1.0,-1.0,-1.0,-1.0,-1.0,-1.0,-1.0,-1.0,1.0,-1.0,-1.0,-1.0,-1.0,-1.0,-1.0,-1.0,-1.0,-1.0,-1.0,-1.0,-1.0,-1.0,-1.0,-1.0,-1.0,-1.0,-1.0,-1.0,-1.0,-1.0,-1.0,-1.0,-1.0,-1.0,-1.0,-1.0,-1.0,-1.0,-1.0,-1.0,-1.0,-1.0,-1.0,-1.0,-1.0,-1.0,-1.0,1.0,-1.0,-1.0,-1.0,-1.0,-1.0,-1.0,-1.0,-1.0,-1.0,-1.0,-1.0,-1.0,-1.0,-1.0,-1.0,-1.0,
Kyros,-1.0,0.0,-1.0,-0.7,-1.0,0.0,0.0,-0.7,-0.7,-1.0,-0.7,-0.7,-0.7,0.0,0.0,-0.7,0.0,0.7,-1.0,-0.7,0.0,-1.0,-0.7,0.0,-1.0,-0.7,-1.0,-0.7,-0.7,-0.7,-1.0,0.0,-0.7,0.0,-1.0,0.0,-1.0,1.0,-1.0,-1.0,-0.7,-0.7,-1.0,-0.7,-1.0,0.0,-0.7,0.0,-1.0,-1.0,-1.0,-1.0,-0.7,-1.0,-1.0,-1.0,0.0,0.0,-1.0,-0.7,-0.7,-1.0,-0.7,-1.0,-0.7,-1.0,-0.7,-1.0,-0.7,-0.7,-0.7,-0.7,-1.0,-1.0,-1.0,-0.7,0.7,-1.0,-0.7,-0.7,-1.0,-0.7,0.0,-1.0,-0.7,-1.0,-1.0,0.0,0.0,-1.0,-0.7,-0.7,-1.0,
Kyros,-1.0,0.0,0.0,-0.7,-1.0,0.0,0.0,-0.7,-1.0,-0.7,0.0,-1.0,-1.0,0.0,-1.0,0.0,-0.7,0.7,-0.7,-1.0,0.7,-0.7,-0.7,-1.0,0.0,-1.0,-0.7,-1.0,0.0,-1.0,0.0,-1.0,-1.0,-0.7,0.0,-0.7,0.0,1.0,0.0,-1.0,-0.7,-1.0,0.0,0.0,-0.7,-0.7,-0.7,0.0,-0.7,0.0,-0.7,-0.7,-0.7,-0.7,-0.7,-0.7,-0.7,0.0,-1.0,-0.7,-1.0,-0.7,-1.0,-0.7,-0.7,-0.7,-0.7,-0.7,-0.7,-0.7,-0.7,0.0,-0.7,-1.0,-1.0,-1.0,0.7,-1.0,-0.7,-1.0,-1.0,-0.7,0.0,-1.0,-1.0,-1.0,-1.0,-1.0,-1.0,0.0,-0.7,-1.0,-1.0,
Kurozumi Semimaru,-1.0,-1.0,-1.0,-1.0,-1.0,-1.0,-1.0,-1.0,-1.0,-1.0,-1.0,-1.0,-1.0,-1.0,-1.0,-1.0,-1.0,-1.0,-1.0,-1.0,1.0,-1.0,-1.0,-1.0,-1.0,-1.0,-1.0,-1.0,-1.0,-1.0,-1.0,-1.0,-1.0,-1.0,-1.0,-1.0,-1.0,-1.0,1.0,1.0,-1.0,-1.0,-1.0,-1.0,-1.0,-1.0,-1.0,-1.0,-1.0,-1.0,-1.0,-1.0,-1.0,-1.0,-1.0,-1.0,-1.0,-1.0,-1.0,-1.0,-1.0,-1.0,-1.0,-1.0,-1.0,-1.0,-1.0,-1.0,-1.0,-1.0,-1.0,-1.0,-1.0,-1.0,-1.0,1.0,-1.0,-1.0,-1.0,-1.0,-1.0,-1.0,-1.0,-1.0,-1.0,-1.0,-1.0,-1.0,-1.0,-1.0,-1.0,-1.0,-1.0,
Kurozumi Semimaru,-0.7,-0.7,-1.0,-1.0,-1.0,-1.0,-1.0,-0.7,-0.7,-0.7,0.0,-0.7,0.0,0.0,0.0,-1.0,-0.7,-1.0,-0.7,-1.0,1.0,0.0,-0.7,0.0,-0.7,-1.0,-1.0,-0.7,-1.0,0.0,-1.0,-1.0,-1.0,0.0,-0.7,-0.7,-1.0,-0.7,0.7,1.0,-0.7,-0.7,-1.0,-1.0,-1.0,-0.7,-0.7,-0.7,-1.0,-0.7,-1.0,-0.7,0.0,-0.7,-1.0,0.0,-1.0,-0.7,-1.0,-0.7,-0.7,-0.7,0.0,-0.7,-1.0,0.0,-1.0,-0.7,-0.7,0.0,-0.7,0.0,-0.7,-1.0,-0.7,0.7,-1.0,-1.0,-0.7,0.0,-0.7,-0.7,-1.0,-1.0,-0.7,-1.0,-0.7,-1.0,-0.7,-1.0,-1.0,-0.7,-1.0,
Kurozumi Semimaru,-1.0,-0.7,-0.7,-1.0,-0.7,-1.0,-1.0,-0.7,-0.7,-1.0,0.0,0.0,-1.0,-1.0,-0.7,-0.7,-0.7,-0.7,-0.7,0.0,0.0,-1.0,-0.7,-0.7,-0.7,0.0,-1.0,-0.7,0.0,-1.0,0.0,-0.7,-1.0,-1.0,-1.0,-1.0,-0.7,0.0,1.0,1.0,-1.0,0.0,-0.7,-1.0,0.0,0.0,-0.7,-1.0,-1.0,-1.0,-1.0,-1.0,0.0,-1.0,-0.7,-1.0,-1.0,-0.7,-1.0,0.0,-1.0,-1.0,-0.7,0.0,0.0,-0.7,0.0,0.0,-1.0,0.0,-0.7,-0.7,-1.0,-0.7,-0.7,0.7,-1.0,-1.0,-0.7,-1.0,-0.7,-1.0,-1.0,-0.7,-0.7,-1.0,-1.0,-0.7,0.0,0.0,-0.7,-0.7,-1.0,
Kurozumi Tama,1.0,-1.0,-1.0,-1.0,-1.0,1.0,-1.0,-1.0,-1.0,-1.0,-1.0,-1.0,-1.0,-1.0,-1.0,-1.0,-1.0,1.0,-1.0,-1.0,1.0,-1.0,-1.0,-1.0,-1.0,-1.0,-1.0,-1.0,-1.0,-1.0,-1.0,-1.0,-1.0,-1.0,-1.0,-1.0,-1.0,-1.0,1.0,1.0,-1.0,-1.0,-1.0,-1.0,-1.0,-1.0,-1.0,-1.0,-1.0,-1.0,-1.0,-1.0,-1.0,-1.0,-1.0,-1.0,-1.0,-1.0,-1.0,-1.0,-1.0,-1.0,-1.0,-1.0,-1.0,-1.0,-1.0,-1.0,-1.0,-1.0,-1.0,-1.0,-1.0,-1.0,-1.0,1.0,-1.0,-1.0,-1.0,-1.0,-1.0,-1.0,-1.0,-1.0,-1.0,-1.0,-1.0,-1.0,-1.0,-1.0,-1.0,-1.0,-1.0,
Kurozumi Tama,1.0,-0.7,-0.7,-1.0,-0.7,1.0,-0.7,-0.7,0.0,-0.7,-1.0,0.0,-1.0,0.0,-1.0,-0.7,-0.7,1.0,0.0,-0.7,1.0,-1.0,-0.7,-1.0,-0.7,-0.7,-1.0,-1.0,-0.7,-1.0,-1.0,-1.0,-0.7,-1.0,0.0,-0.7,-1.0,-1.0,0.0,0.7,0.0,-0.7,-1.0,0.0,-0.7,-0.7,-1.0,-1.0,-1.0,-1.0,-0.7,-1.0,0.0,-1.0,-0.7,0.0,-1.0,-1.0,-0.7,-0.7,-1.0,-1.0,-1.0,-0.7,-1.0,-0.7,-1.0,-0.7,-0.7,-0.7,-1.0,0.0,-0.7,0.0,-0.7,0.7,-0.7,-1.0,-1.0,-1.0,0.0,0.0,0.0,0.0,0.0,-0.7,-1.0,-0.7,-1.0,-1.0,-0.7,-1.0,-1.0,
Kurozumi Tama,0.7,-1.0,-1.0,-1.0,-0.7,1.0,-0.7,0.0,0.0,0.0,0.0,-1.0,-0.7,-0.7,-1.0,-0.7,-1.0,1.0,-0.7,-1.0,1.0,0.0,-1.0,-0.7,-1.0,0.0,-0.7,-0.7,-0.7,0.0,-1.0,-0.7,-1.0,0.0,-1.0,-1.0,-0.7,-0.7,0.7,1.0,-0.7,-1.0,0.0,-0.7,-1.0,0.0,-1.0,0.0,-0.7,-0.7,-1.0,-0.7,-1.0,-0.7,-1.0,-1.0,-0.7,0.0,-0.7,-0.7,-1.0,-1.0,-1.0,-1.0,0.0,-1.0,-1.0,0.0,0.0,-0.7,-1.0,-0.7,-1.0,-0.7,-1.0,1.0,-1.0,-0.7,-1.0,-1.0,-0.7,-1.0,-1.0,-1.0,-0.7,0.0,0.0,-0.7,0.0,-1.0,-0.7,-0.7,-1.0,
Kuzan,-1.0,1.0,-1.0,-1.0,-1.0,-1.0,-1.0,-1.0,-1.0,-1.0,-1.0,-1.0,1.0,1.0,-1.0,-1.0,-1.0,1.0,-1.0,-1.0,1.0,-1.0,-1.0,-1.0,-1.0,-1.0,-1.0,-1.0,-1.0,-1.0,-1.0,-1.0,-1.0,-1.0,-1.0,-1.0,-1.0,1.0,1.0,-1.0,1.0,-1.0,-1.0,-1.0,-1.0,-1.0,-1.0,-1.0,-1.0,-1.0,-1.0,-1.0,-1.0,-1.0,-1.0,-1.0,-1.0,-1.0,-1.0,-1.0,-1.0,-1.0,-1.0,-1.0,-1.0,-1.0,-1.0,-1.0,-1.0,-1.0,-1.0,-1.0,1.0,-1.0,-1.0,-1.0,-1.0,-1.0,-1.0,-1.0,-1.0,-1.0,-1.0,-1.0,-1.0,-1.0,-1.0,-1.0,-1.0,-1.0,-1.0,-1.0,-1.0,
Kuzan,-1.0,0.0,-0.7,-1.0,-0.7,-0.7,0.0,-0.7,-0.7,0.0,-0.7,0.0,0.7,0.7,-0.7,-0.7,-1.0,0.0,-1.0,-1.0,0.7,-0.7,-1.0,0.0,-1.0,-1.0,-1.0,0.0,-0.7,-1.0,-0.7,-0.7,0.0,0.0,-1.0,-0.7,-1.0,1.0,1.0,-0.7,0.7,-0.7,-1.0,-0.7,0.0,-1.0,-0.7,-0.7,-1.0,0.0,-0.7,-0.7,-1.0,-0.7,0.0,-0.7,-0.7,-0.7,0.0,-1.0,-0.7,-0.7,-0.7,-1.0,0.0,0.0,-0.7,-0.7,-1.0,-1.0,-0.7,-0.7,1.0,-1.0,-1.0,-0.7,-1.0,-1.0,-1.0,0.0,-1.0,-0.7,-0.7,-0.7,-0.7,-0.7,-1.0,-0.7,-1.0,-1.0,0.0,-0.7,-1.0,
Kuzan,-0.7,0.0,-1.0,0.0,-0.7,-0.7,0.0,-1.0,-1.0,-1.0,-0.7,-1.0,1.0,0.7,-1.0,-1.0,-1.0,0.0,0.0,-0.7,1.0,-0.7,-1.0,0.0,-0.7,-1.0,-1.0,-0.7,-0.7,0.0,-1.0,0.0,-1.0,-1.0,-1.0,-1.0,-1.0,1.0,0.0,-1.0,0.7,-0.7,0.0,-1.0,-1.0,0.0,-0.7,-1.0,-1.0,-1.0,-0.7,-0.7,-0.7,0.0,-0.7,-1.0,-1.0,-1.0,-1.0,0.0,-1.0,-0.7,-1.0,-1.0,-0.7,-0.7,-1.0,0.0,-0.7,-1.0,-0.7,-1.0,0.7,-0.7,-0.7,-1.0,0.0,-0.7,-0.7,0.0,0.0,-1.0,-0.7,0.0,-0.7,-0.7,-1.0,0.0,-0.7,0.0,-0.7,0.0,-1.0,
Kurozumi Orochi,-1.0,-1.0,-1.0,-1.0,-1.0,-1.0,-1.0,-1.0,-1.0,-1.0,-1.0,-1.0,-1.0,-1.0,-1.0,-1.0,-1.0,-1.0,-1.0,-1.0,1.0,-1.0,-1.0,-1.0,-1.0,-1.0,-1.0,-1.0,-1.0,-1.0,-1.0,-1.0,-1.0,-1.0,-1.0,-1.0,-1.0,1.0,1.0,-1.0,-1.0,-1.0,-1.0,1.0,-1.0,-1.0,-1.0,-1.0,-1.0,-1.0,-1.0,-1.0,-1.0,-1.0,-1.0,-1.0,-1.0,-1.0,-1.0,-1.0,-1.0,-1.0,-1.0,-1.0,-1.0,-1.0,-1.0,-1.0,-1.0,-1.0,-1.0,-1.0,-1.0,-1.0,-1.0,1.0,-1.0,-1.0,-1.0,-1.0,-1.0,-1.0,-1.0,-1.0,-1.0,-1.0,-1.0,-1.0,-1.0,-1.0,-1.0,-1.0,-1.0,
Kurozumi Orochi,0.0,0.0,0.0,-0.7,0.0,-1.0,-1.0,0.0,-0.7,-1.0,-1.0,-0.7,-0.7,-1.0,-0.7,0.0,0.0,-0.7,-0.7,-0.7,0.7,-1.0,-1.0,-0.7,-1.0,-1.0,0.0,-1.0,-1.0,-0.7,-1.0,-0.7,-1.0,-0.7,0.0,-0.7,-1.0,0.7,1.0,-0.7,-0.7,0.0,-0.7,1.0,-0.7,-0.7,0.0,-1.0,0.0,-1.0,-0.7,-1.0,-0.7,-0.7,-0.7,-0.7,-0.7,-0.7,-0.7,0.0,-1.0,-1.0,0.0,0.0,-0.7,-1.0,0.0,-0.7,0.0,-1.0,-1.0,-0.7,0.0,0.0,-1.0,1.0,-1.0,0.0,-0.7,0.0,-0.7,-1.0,-0.7,-0.7,-0.7,0.0,-0.7,-0.7,-1.0,-0.7,-0.7,-1.0,-1.0,
Kurozumi Orochi,-0.7,-1.0,-1.0,-1.0,0.0,-0.7,-0.7,-1.0,-1.0,-1.0,-0.7,-0.7,-1.0,-0.7,-1.0,-1.0,-0.7,-0.7,-1.0,0.0,1.0,0.0,-0.7,-0.7,-0.7,0.0,-1.0,-0.7,-1.0,0.0,-1.0,-0.7,-0.7,-0.7,-1.0,-1.0,-1.0,0.0,1.0,0.0,-0.7,-1.0,-1.0,0.7,-0.7,-0.7,-1.0,-1.0,-1.0,-0.7,-0.7,-0.7,-1.0,-0.7,-1.0,0.0,-0.7,-1.0,-0.7,-0.7,-0.7,-1.0,0.0,-1.0,-1.0,-1.0,-1.0,-1.0,-0.7,-1.0,-0.7,-1.0,-1.0,-1.0,-0.7,0.7,-0.7,0.0,-1.0,-0.7,-1.0,-0.7,-1.0,-0.7,0.0,-0.7,0.0,-0.7,0.0,0.0,-0.7,-0.7,-0.7,
Kurozumi Kanjuro,-1.0,-1.0,-1.0,-1.0,-1.0,-1.0,-1.0,-1.0,-1.0,-1.0,-1.0,-1.0,-1.0,-1.0,-1.0,-1.0,-1.0,-1.0,-1.0,-1.0,1.0,-1.0,-1.0,-1.0,-1.0,-1.0,-1.0,-1.0,-1.0,-1.0,-1.0,-1.0,-1.0,-1.0,-1.0,-1.0,-1.0,1.0,1.0,1.0,-1.0,-1.0,-1.0,-1.0,-1.0,-1.0,-1.0,-1.0,-1.0,-1.0,-1.0,-1.0,-1.0,-1.0,-1.0,-1.0,-1.0,-1.0,-1.0,-1.0,-1.0,-1.0,-1.0,-1.0,-1.0,-1.0,-1.0,-1.0,-1.0,-1.0,-1.0,-1.0,-1.0,-1.0,-1.0,-1.0,-1.0,-1.0,-1.0,-1.0,-1.0,1.0,-1.0,-1.0,-1.0,-1.0,-1.0,-1.0,-1.0,-1.0,-1.0,-1.0,-1.0,
Kurozumi Kanjuro,-0.7,-1.0,0.0,0.0,0.0,-1.0,-1.0,-0.7,0.0,0.0,-1.0,-0.7,-0.7,-0.7,-1.0,-1.0,-1.0,-1.0,0.0,-0.7,0.7,0.0,-0.7,-0.7,-1.0,-1.0,-0.7,0.0,0.0,-1.0,-1.0,-0.7,-1.0,-1.0,-0.7,-0.7,-0.7,0.0,0.7,1.0,0.0,-0.7,-0.7,-1.0,-0.7,-0.7,0.0,0.0,-1.0,-1.0,-1.0,-0.7,-1.0,-1.0,-0.7,-1.0,-1.0,-0.7,-0.7,0.0,-0.7,0.0,-0.7,-1.0,-0.7,-0.7,-0.7,0.0,-1.0,-0.7,-0.7,0.0,-0.7,-1.0,0.0,0.0,-1.0,-1.0,0.0,-0.7,-1.0,0.7,-0.7,0.0,-1.0,-1.0,-1.0,-1.0,-1.0,0.0,-1.0,-0.7,-0.7,
Kurozumi Kanjuro,-0.7,-0.7,-0.7,-1.0,-1.0,-0.7,0.0,-1.0,-1.0,-0.7,-1.0,0.0,-1.0,-0.7,-1.0,-0.7,-0.7,0.0,-0.7,-1.0,1.0,-0.7,-0.7,-1.0,-1.0,-1.0,-1.0,-0.7,-0.7,0.0,-0.7,-0.7,-1.0,-0.7,-0.7,-1.0,-1.0,1.0,1.0,0.7,-0.7,-0.7,-0.7,-0.7,-1.0,-0.7,-0.7,-0.7,-0.7,-0.7,-0.7,-1.0,0.0,-0.7,-0.7,-1.0,-0.7,-1.0,-1.0,-0.7,0.0,0.0,0.0,-0.7,-0.7,-0.7,-1.0,-1.0,-1.0,-0.7,-0.7,-0.7,-0.7,-1.0,-1.0,0.0,0.0,-1.0,-0.7,-1.0,-1.0,0.7,-0.7,-0.7,-1.0,-0.7,-0.7,0.0,-0.7,-0.7,-1.0,-0.7,-0.7,
Kuromarimo,-1.0,-1.0,-1.0,-1.0,-1.0,-1.0,-1.0,-1.0,-1.0,-1.0,-1.0,-1.0,-1.0,1.0,-1.0,-1.0,-1.0,1.0,-1.0,-1.0,1.0,-1.0,-1.0,-1.0,-1.0,-1.0,-1.0,-1.0,-1.0,-1.0,-1.0,-1.0,-1.0,-1.0,-1.0,-1.0,-1.0,1.0,-1.0,-1.0,-1.0,-1.0,-1.0,-1.0,-1.0,-1.0,-1.0,-1.0,-1.0,-1.0,-1.0,-1.0,-1.0,-1.0,-1.0,-1.0,-1.0,-1.0,-1.0,-1.0,-1.0,-1.0,-1.0,-1.0,-1.0,-1.0,-1.0,-1.0,-1.0,-1.0,-1.0,-1.0,-1.0,-1.0,-1.0,-1.0,-1.0,-1.0,1.0,-1.0,-1.0,-1.0,-1.0,-1.0,-1.0,-1.0,-1.0,-1.0,-1.0,-1.0,-1.0,-1.0,-1.0,
Kuromarimo,0.0,-1.0,-0.7,-1.0,-1.0,0.0,-0.7,-0.7,-1.0,-0.7,-0.7,-0.7,-0.7,0.0,-1.0,0.0,0.0,1.0,0.0,0.0,0.7,-1.0,-0.7,-1.0,-1.0,-0.7,-0.7,-0.7,-1.0,-1.0,0.0,-0.7,0.0,-1.0,0.0,-0.7,-1.0,0.7,0.0,-1.0,-0.7,0.0,0.0,-0.7,-1.0,-0.7,-0.7,-0.7,0.0,-0.7,-1.0,-0.7,-1.0,-0.7,-0.7,-1.0,-0.7,-1.0,-0.7,-1.0,0.0,-1.0,-1.0,-0.7,-1.0,-1.0,-0.7,-1.0,-1.0,-1.0,-1.0,-0.7,-0.7,-1.0,-1.0,-1.0,-1.0,-1.0,1.0,-1.0,-0.7,0.0,0.0,-1.0,-1.0,-1.0,-1.0,-0.7,0.0,0.0,-0.7,-0.7,-1.0,
Kuromarimo,-0.7,-0.7,-0.7,-0.7,0.0,-0.7,-0.7,-1.0,-1.0,-1.0,-1.0,-0.7,-0.7,0.7,-0.7,-1.0,-0.7,0.7,-1.0,-1.0,0.7,0.0,-1.0,0.0,-0.7,-0.7,0.0,-1.0,-1.0,-1.0,-1.0,0.0,-1.0,0.0,-0.7,-1.0,-1.0,0.7,-0.7,-1.0,0.0,-1.0,-0.7,-0.7,0.0,-1.0,-1.0,-1.0,-1.0,-0.7,-1.0,-0.7,-0.7,-0.7,-0.7,-0.7,-1.0,-1.0,-1.0,0.0,-0.7,0.0,-0.7,-1.0,-0.7,-0.7,-1.0,-1.0,-1.0,-1.0,-0.7,-0.7,-0.7,-1.0,-0.7,-0.7,-0.7,-0.7,1.0,-1.0,-1.0,-1.0,0.0,-1.0,0.0,-0.7,-1.0,-0.7,-0.7,-1.0,-1.0,-1.0,-0.7,
Kuroobi,-1.0,-1.0,-1.0,-1.0,-1.0,-1.0,1.0,-1.0,-1.0,-1.0,-1.0,-1.0,-1.0,1.0,-1.0,-1.0,-1.0,1.0,-1.0,-1.0,1.0,-1.0,-1.0,-1.0,-1.0,-1.0,-1.0,-1.0,-1.0,-1.0,-1.0,-1.0,-1.0,-1.0,-1.0,-1.0,-1.0,1.0,-1.0,-1.0,-1.0,-1.0,-1.0,-1.0,-1.0,-1.0,-1.0,-1.0,-1.0,-1.0,-1.0,-1.0,-1.0,-1.0,-1.0,-1.0,-1.0,-1.0,-1.0,-1.0,-1.0,-1.0,-1.0,-1.0,1.0,-1.0,-1.0,-1.0,-1.0,-1.0,-1.0,-1.0,-1.0,-1.0,-1.0,-1.0,-1.0,-1.0,-1.0,-1.0,-1.0,-1.0,-1.0,-1.0,-1.0,-1.0,1.0,-1.0,-1.0,-1.0,-1.0,-1.0,-1.0,
Kuroobi,-0.7,-0.7,0.0,-0.7,0.0,-0.7,1.0,-0.7,0.0,-0.7,-0.7,0.0,-1.0,0.0,-0.7,-0.7,-1.0,0.7,0.0,-0.7,0.7,-0.7,-1.0,0.0,-0.7,0.0,-1.0,0.0,-1.0,-1.0,-1.0,-1.0,-1.0,-1.0,-1.0,0.0,0.0,0.7,-0.7,-0.7,-0.7,-1.0,-0.7,-1.0,-0.7,-0.7,0.0,0.0,0.0,-0.7,-0.7,-1.0,-0.7,-1.0,-1.0,-0.7,-1.0,0.0,-0.7,-0.7,-0.7,-1.0,0.0,-1.0,0.0,0.0,-1.0,-0.7,-0.7,0.0,-1.0,-0.7,-0.7,-1.0,0.0,-0.7,-0.7,-1.0,-1.0,-0.7,-1.0,0.0,-0.7,0.0,-0.7,-0.7,0.0,-1.0,-0.7,-0.7,-0.7,-0.7,-0.7,
Kuroobi,-0.7,-1.0,0.0,0.0,-1.0,-0.7,1.0,-0.7,-0.7,-1.0,-0.7,-1.0,-1.0,1.0,0.0,-0.7,-0.7,0.7,-1.0,-0.7,1.0,-1.0,-0.7,-1.0,-0.7,-0.7,-1.0,-0.7,-1.0,-0.7,-0.7,0.0,-1.0,-1.0,-1.0,-1.0,0.0,0.7,-1.0,-1.0,-1.0,-1.0,-1.0,-1.0,-0.7,-0.7,-0.7,-0.7,-1.0,-1.0,-1.0,-0.7,0.0,0.0,-0.7,-0.7,0.0,-0.7,0.0,-0.7,-1.0,0.0,-1.0,-0.7,1.0,0.0,-1.0,-1.0,-0.7,-0.7,0.0,-0.7,-1.0,-1.0,-0.7,-0.7,0.0,-0.7,0.0,-1.0,0.0,-1.0,-0.7,-0.7,0.0,-1.0,0.7,0.0,-0.7,-0.7,-0.7,-1.0,-1.0,
Kuro,-1.0,1.0,-1.0,-1.0,-1.0,-1.0,-1.0,-1.0,-1.0,-1.0,-1.0,-1.0,-1.0,-1.0,1.0,-1.0,1.0,1.0,-1.0,-1.0,1.0,-1.0,-1.0,-1.0,-1.0,-1.0,-1.0,-1.0,-1.0,-1.0,-1.0,-1.0,-1.0,-1.0,-1.0,-1.0,-1.0,1.0,-1.0,-1.0,-1.0,-1.0,-1.0,-1.0,-1.0,-1.0,-1.0,-1.0,-1.0,-1.0,-1.0,-1.0,-1.0,-1.0,-1.0,-1.0,-1.0,-1.0,-1.0,-1.0,-1.0,-1.0,-1.0,-1.0,-1.0,-1.0,-1.0,-1.0,-1.0,-1.0,-1.0,-1.0,-1.0,-1.0,-1.0,-1.0,-1.0,-1.0,-1.0,-1.0,-1.0,-1.0,-1.0,-1.0,-1.0,-1.0,-1.0,-1.0,-1.0,-1.0,-1.0,-1.0,-1.0,
Kuro,-1.0,0.0,-1.0,-1.0,0.0,-0.7,-0.7,-0.7,-0.7,-0.7,-1.0,-0.7,-0.7,-1.0,1.0,0.0,0.0,0.0,-0.7,-0.7,1.0,-1.0,-1.0,-1.0,-0.7,0.0,0.0,-0.7,-0.7,-1.0,0.0,-0.7,-0.7,-1.0,0.0,-1.0,0.0,1.0,-1.0,-0.7,-1.0,-1.0,-0.7,-1.0,-0.7,-0.7,-1.0,-1.0,-1.0,-0.7,-1.0,-1.0,-1.0,-1.0,-0.7,-1.0,-0.7,0.0,0.0,-0.7,-0.7,-0.7,-0.7,-0.7,-0.7,-0.7,-0.7,-0.7,0.0,-0.7,0.0,-0.7,-0.7,0.0,-0.7,-1.0,-1.0,-1.0,0.0,-1.0,-1.0,-1.0,-1.0,0.0,-1.0,-0.7,-1.0,-0.7,-1.0,-1.0,-0.7,-0.7,-0.7,
Kuro,-1.0,0.7,-0.7,-1.0,-0.7,-1.0,0.0,-1.0,0.0,0.0,-1.0,-0.7,-0.7,-0.7,0.7,-0.7,0.0,1.0,-1.0,0.0,0.7,-0.7,0.0,-0.7,-1.0,0.0,-1.0,-1.0,-1.0,0.0,-1.0,-0.7,-1.0,-0.7,-0.7,-0.7,-1.0,1.0,-1.0,0.0,-0.7,-1.0,0.0,0.0,-1.0,-0.7,-1.0,-0.7,-0.7,-0.7,-1.0,-1.0,-0.7,0.0,-0.7,-0.7,-1.0,-0.7,-0.7,-0.7,0.0,-0.7,-0.7,-1.0,-1.0,-1.0,-0.7,-0.7,-1.0,-1.0,0.0,-1.0,-1.0,-1.0,0.0,-1.0,-1.0,-0.7,-0.7,-0.7,0.0,0.0,-0.7,-1.0,-0.7,-1.0,-0.7,-1.0,-0.7,0.0,-1.0,-0.7,-0.7,
Kureha,1.0,-1.0,-1.0,-1.0,-1.0,-1.0,-1.0,-1.0,-1.0,-1.0,-1.0,-1.0,-1.0,-1.0,-1.0,-1.0,-1.0,1.0,-1.0,-1.0,1.0,-1.0,-1.0,-1.0,-1.0,-1.0,-1.0,-1.0,-1.0,-1.0,-1.0,-1.0,-1.0,-1.0,-1.0,-1.0,-1.0,1.0,-1.0,-1.0,-1.0,-1.0,-1.0,-1.0,-1.0,-1.0,-1.0,-1.0,-1.0,-1.0,-1.0,-1.0,-1.0,-1.0,-1.0,-1.0,-1.0,-1.0,-1.0,-1.0,-1.0,-1.0,-1.0,-1.0,-1.0,-1.0,-1.0,-1.0,-1.0,-1.0,-1.0,-1.0,-1.0,-1.0,-1.0,-1.0,-1.0,-1.0,1.0,-1.0,-1.0,-1.0,-1.0,-1.0,-1.0,-1.0,-1.0,-1.0,-1.0,-1.0,-1.0,-1.0,-1.0,
Kureha,0.7,-0.7,-1.0,0.0,-0.7,-0.7,0.0,0.0,-0.7,-1.0,-0.7,-0.7,-1.0,-1.0,0.0,-0.7,0.0,1.0,-1.0,-1.0,0.0,-1.0,-0.7,-0.7,-0.7,-0.7,-0.7,-1.0,-0.7,-1.0,-1.0,-1.0,-1.0,-0.7,0.0,-0.7,-0.7,1.0,0.0,0.0,0.0,-1.0,-0.7,-1.0,-0.7,-1.0,-1.0,0.0,-0.7,-1.0,0.0,-1.0,-0.7,-0.7,-1.0,-0.7,-1.0,-1.0,-1.0,-1.0,0.0,-1.0,-0.7,-1.0,0.0,-0.7,-1.0,-0.7,-1.0,-1.0,-0.7,-1.0,-1.0,-0.7,-1.0,-1.0,-0.7,-1.0,0.0,-0.7,-1.0,-1.0,0.0,-0.7,-1.0,-1.0,-0.7,-1.0,-0.7,-0.7,-0.7,-1.0,-1.0,
Kureha,0.0,-0.7,-1.0,-1.0,-0.7,-0.7,-1.0,0.0,-1.0,-1.0,-1.0,0.0,0.0,-1.0,-1.0,0.0,-1.0,1.0,0.0,0.0,0.7,-1.0,0.0,-1.0,-1.0,-0.7,0.0,-1.0,-0.7,-0.7,0.0,-0.7,-0.7,-0.7,-0.7,-1.0,0.0,0.7,-0.7,-0.7,-1.0,-0.7,-0.7,-1.0,-1.0,-0.7,-0.7,0.0,-0.7,-1.0,-1.0,-0.7,0.0,-1.0,-0.7,-1.0,-1.0,-0.7,-0.7,-1.0,0.0,-0.7,-0.7,-0.7,-1.0,0.0,-0.7,0.0,-1.0,0.0,-1.0,-1.0,-1.0,0.0,-1.0,-0.7,-1.0,-1.0,0.7,0.0,-1.0,-0.7,-0.7,-1.0,0.0,-0.7,0.0,-1.0,-1.0,-0.7,0.0,-1.0,-1.0,
Kumadori,-1.0,-1.0,-1.0,-1.0,-1.0,-1.0,-1.0,-1.0,-1.0,-1.0,-1.0,-1.0,1.0,-1.0,-1.0,-1.0,-1.0,1.0,-1.0,-1.0,1.0,-1.0,-1.0,-1.0,-1.0,-1.0,-1.0,-1.0,-1.0,-1.0,-1.0,-1.0,-1.0,-1.0,-1.0,-1.0,-1.0,1.0,-1.0,-1.0,-1.0,-1.0,-1.0,-1.0,-1.0,-1.0,-1.0,-1.0,-1.0,-1.0,-1.0,-1.0,-1.0,-1.0,-1.0,-1.0,-1.0,-1.0,-1.0,-1.0,-1.0,-1.0,-1.0,-1.0,-1.0,-1.0,-1.0,-1.0,-1.0,-1.0,-1.0,-1.0,1.0,-1.0,-1.0,-1.0,-1.0,-1.0,-1.0,-1.0,-1.0,-1.0,-1.0,-1.0,-1.0,-1.0,-1.0,-1.0,-1.0,-1.0,-1.0,-1.0,-1.0,
Kumadori,-0.7,-1.0,-0.7,-1.0,-0.7,0.0,-1.0,0.0,-1.0,-0.7,-1.0,-1.0,0.7,-0.7,-0.7,-1.0,-0.7,1.0,-1.0,-0.7,0.0,-0.7,-1.0,0.0,-1.0,-0.7,-1.0,-0.7,-1.0,-0.7,-0.7,0.0,-1.0,-1.0,-1.0,0.0,0.0,1.0,-1.0,-0.7,-0.7,-1.0,-0.7,-1.0,-1.0,-0.7,0.0,0.0,-0.7,0.0,-1.0,-1.0,-1.0,-1.0,-0.7,-1.0,-0.7,-0.7,0.0,-0.7,-1.0,-0.7,-0.7,-0.7,-1.0,-1.0,-1.0,-1.0,-1.0,-1.0,0.0,-1.0,0.7,-0.7,-0.7,-1.0,-0.7,-0.7,0.0,-1.0,-0.7,0.0,-1.0,-0.7,-1.0,-1.0,0.0,-1.0,-0.7,-0.7,-1.0,0.0,-1.0,
Kumadori,-1.0,-1.0,-0.7,-1.0,-0.7,-0.7,-1.0,-0.7,-0.7,0.0,0.0,0.0,1.0,-0.7,-0.7,-1.0,0.0,1.0,-0.7,-1.0,0.7,-0.7,0.0,-0.7,-0.7,-0.7,0.0,-1.0,-0.7,-1.0,-0.7,-1.0,-1.0,0.0,-0.7,0.0,-0.7,0.7,-0.7,-1.0,-1.0,-0.7,-0.7,0.0,-1.0,-0.7,-1.0,-0.7,-0.7,-1.0,-0.7,-0.7,-0.7,-0.7,-1.0,0.0,0.0,-0.7,-0.7,-1.0,-1.0,-0.7,-1.0,-1.0,-0.7,-1.0,-1.0,-1.0,-0.7,-0.7,-1.0,-0.7,1.0,-1.0,-1.0,-1.0,-1.0,0.0,0.0,-0.7,-1.0,-0.7,-0.7,-1.0,-1.0,-0.7,-1.0,-0.7,-1.0,-0.7,-0.7,-0.7,-1.0,
Kozuki Toki,1.0,-1.0,-1.0,-1.0,-1.0,-1.0,-1.0,-1.0,-1.0,-1.0,-1.0,-1.0,-1.0,-1.0,-1.0,-1.0,-1.0,-1.0,-1.0,-1.0,1.0,-1.0,-1.0,-1.0,-1.0,-1.0,-1.0,-1.0,-1.0,-1.0,-1.0,-1.0,-1.0,-1.0,-1.0,-1.0,-1.0,1.0,1.0,1.0,-1.0,-1.0,-1.0,-1.0,-1.0,-1.0,-1.0,-1.0,-1.0,-1.0,-1.0,-1.0,-1.0,-1.0,-1.0,-1.0,-1.0,-1.0,-1.0,-1.0,-1.0,-1.0,-1.0,-1.0,-1.0,-1.0,-1.0,-1.0,-1.0,-1.0,-1.0,-1.0,-1.0,-1.0,-1.0,1.0,-1.0,-1.0,-1.0,-1.0,-1.0,-1.0,-1.0,-1.0,-1.0,-1.0,-1.0,-1.0,-1.0,-1.0,-1.0,-1.0,-1.0,
Kozuki Toki,0.0,-1.0,-0.7,-1.0,-1.0,-0.7,-1.0,-0.7,-0.7,0.0,0.0,-1.0,-1.0,-0.7,-1.0,-0.7,-1.0,-0.7,-0.7,-0.7,1.0,-1.0,-1.0,-0.7,0.0,-0.7,0.0,-1.0,-0.7,0.0,-1.0,0.0,-0.7,0.0,-1.0,-0.7,-1.0,1.0,0.0,0.7,-0.7,-0.7,-0.7,0.0,0.0,-0.7,0.0,-1.0,-1.0,-1.0,0.0,-0.7,0.0,-1.0,-1.0,-0.7,-1.0,0.0,-0.7,-0.7,-0.7,-0.7,-0.7,-1.0,0.0,-0.7,-1.0,-0.7,-0.7,0.0,0.0,-1.0,-1.0,-1.0,-1.0,0.7,-0.7,0.0,0.0,-0.7,-0.7,-0.7,-0.7,-1.0,-1.0,0.0,-0.7,-0.7,0.0,-1.0,-0.7,-1.0,-0.7,
Kozuki Toki,1.0,-0.7,-1.0,-0.7,0.0,-1.0,-1.0,0.0,-0.7,-0.7,-0.7,-1.0,-0.7,-1.0,0.0,-0.7,-1.0,-0.7,-1.0,-1.0,0.7,-1.0,-0.7,0.0,0.0,-0.7,0.0,-1.0,-0.7,-1.0,-1.0,-0.7,-1.0,-1.0,-1.0,-1.0,-1.0,1.0,1.0,0.0,-1.0,-1.0,-1.0,-1.0,-1.0,-0.7,0.0,-0.7,0.0,-0.7,-1.0,-0.7,-0.7,-1.0,0.0,0.0,-0.7,-1.0,-1.0,-0.7,-1.0,-1.0,-1.0,-0.7,-0.7,-0.7,-1.0,0.0,-0.7,-0.7,-0.7,-0.7,0.0,-0.7,-0.7,0.7,-1.0,-1.0,-0.7,-1.0,-1.0,-0.7,-0.7,-0.7,-1.0,-1.0,-1.0,0.0,-1.0,-1.0,-1.0,0.0,-0.7,
Krieg,-1.0,-1.0,-1.0,-1.0,-1.0,-1.0,-1.0,-1.0,-1.0,-1.0,-1.0,-1.0,-1.0,-1.0,-1.0,-1.0,-1.0,1.0,-1.0,-1.0,1.0,-1.0,-1.0,-1.0,-1.0,-1.0,-1.0,-1.0,-1.0,-1.0,-1.0,-1.0,-1.0,-1.0,-1.0,-1.0,-1.0,1.0,-1.0,-1.0,-1.0,-1.0,-1.0,-1.0,-1.0,-1.0,-1.0,-1.0,-1.0,-1.0,-1.0,-1.0,-1.0,-1.0,-1.0,-1.0,-1.0,-1.0,-1.0,-1.0,-1.0,-1.0,-1.0,-1.0,-1.0,-1.0,-1.0,-1.0,-1.0,-1.0,-1.0,-1.0,-1.0,-1.0,-1.0,-1.0,-1.0,-1.0,-1.0,-1.0,-1.0,-1.0,1.0,-1.0,-1.0,-1.0,-1.0,-1.0,-1.0,-1.0,-1.0,-1.0,-1.0,
Krieg,-1.0,-1.0,0.0,-1.0,-0.7,-0.7,-0.7,0.0,-1.0,0.0,-0.7,0.0,-1.0,-1.0,-1.0,-0.7,-1.0,0.0,-0.7,0.0,0.7,-0.7,-1.0,0.0,-0.7,-0.7,0.0,0.0,-1.0,0.0,-1.0,-0.7,-1.0,0.0,-0.7,0.0,-0.7,0.0,0.0,0.0,-1.0,-1.0,-0.7,-1.0,0.0,0.0,-1.0,-1.0,-0.7,-0.7,-0.7,-1.0,-1.0,-0.7,-0.7,-1.0,-1.0,-0.7,-0.7,0.0,-0.7,0.0,-1.0,-0.7,-0.7,-0.7,-1.0,-1.0,-0.7,-0.7,-1.0,-1.0,0.0,0.0,-1.0,0.0,-0.7,-0.7,-1.0,-0.7,0.0,-1.0,0.7,0.0,0.0,-1.0,-0.7,-1.0,-0.7,-0.7,-0.7,-1.0,-0.7,
Krieg,-1.0,-1.0,-0.7,0.0,-0.7,-1.0,0.0,-1.0,-1.0,-0.7,-0.7,-0.7,-0.7,-0.7,-0.7,-1.0,0.0,1.0,-0.7,-1.0,1.0,-1.0,-1.0,0.0,0.0,-0.7,-0.7,-1.0,0.0,-1.0,-1.0,-0.7,-1.0,-1.0,-1.0,0.0,-0.7,0.7,-1.0,-0.7,-0.7,-0.7,0.0,-1.0,-1.0,-0.7,0.0,-0.7,-0.7,-1.0,0.0,-0.7,-1.0,-0.7,-0.7,-1.0,-1.0,-1.0,0.0,-1.0,-1.0,-1.0,-0.7,-1.0,0.0,-1.0,-1.0,-0.7,-1.0,-1.0,0.0,-0.7,0.0,-1.0,-0.7,-0.7,-0.7,-0.7,0.0,-1.0,-1.0,0.0,1.0,-0.7,-0.7,-0.7,-0.7,-0.7,0.0,-1.0,0.0,-0.7,-0.7,
Kozuki Sukiyaki,-1.0,-1.0,-1.0,-1.0,-1.0,-1.0,-1.0,-1.0,-1.0,-1.0,-1.0,-1.0,-1.0,-1.0,-1.0,-1.0,-1.0,1.0,-1.0,-1.0,1.0,-1.0,-1.0,-1.0,-1.0,-1.0,-1.0,-1.0,-1.0,-1.0,-1.0,-1.0,-1.0,-1.0,-1.0,-1.0,-1.0,1.0,-1.0,-1.0,-1.0,-1.0,-1.0,-1.0,-1.0,-1.0,-1.0,-1.0,-1.0,-1.0,-1.0,-1.0,-1.0,-1.0,-1.0,-1.0,-1.0,-1.0,-1.0,-1.0,-1.0,-1.0,-1.0,-1.0,-1.0,-1.0,-1.0,-1.0,-1.0,-1.0,-1.0,-1.0,-1.0,-1.0,-1.0,1.0,-1.0,-1.0,-1.0,-1.0,-1.0,-1.0,-1.0,-1.0,-1.0,-1.0,-1.0,-1.0,-1.0,-1.0,-1.0,-1.0,-1.0,
Kozuki Sukiyaki,-1.0,-1.0,-0.7,-1.0,-1.0,-1.0,-0.7,-0.7,0.0,0.0,-0.7,-1.0,-1.0,-1.0,-1.0,0.0,0.0,1.0,0.0,0.0,0.0,-1.0,-1.0,-0.7,-1.0,-0.7,-1.0,0.0,-1.0,-0.7,0.0,0.0,-0.7,-0.7,-0.7,-0.7,-1.0,1.0,0.0,-0.7,-1.0,-0.7,-0.7,-1.0,-0.7,-0.7,-0.7,-0.7,-1.0,-1.0,-1.0,-0.7,-1.0,0.0,-0.7,-0.7,-0.7,-1.0,-1.0,-1.0,-0.7,-0.7,0.0,-0.7,0.0,0.0,0.0,-0.7,-1.0,-1.0,0.0,-1.0,-1.0,-1.0,-0.7,0.0,-0.7,-1.0,-0.7,-0.7,-1.0,0.0,-0.7,-1.0,-1.0,-1.0,0.0,-0.7,-1.0,-1.0,-0.7,-1.0,-0.7,
Kozuki Sukiyaki,-1.0,0.0,-0.7,-1.0,-1.0,-0.7,-0.7,-0.7,0.0,-1.0,-1.0,-0.7,-0.7,-0.7,-1.0,0.0,-1.0,1.0,-1.0,-1.0,0.0,-1.0,-0.7,-1.0,-1.0,0.0,0.0,-1.0,-0.7,0.0,-0.7,-0.7,-0.7,-0.7,-1.0,-0.7,-0.7,0.0,-1.0,-1.0,-1.0,-0.7,-0.7,-1.0,-0.7,-0.7,-1.0,-1.0,0.0,-0.7,-0.7,0.0,-1.0,-1.0,-0.7,-1.0,0.0,-1.0,-1.0,-1.0,0.0,-0.7,-0.7,-1.0,-1.0,0.0,-0.7,-1.0,-0.7,-0.7,-1.0,-0.7,-1.0,0.0,-0.7,0.0,-0.7,-0.7,-0.7,-0.7,-0.7,-0.7,-0.7,0.0,-0.7,0.0,0.0,-0.7,0.0,-0.7,0.0,-1.0,-1.0,
Kozuki Oden,-1.0,-1.0,-1.0,-1.0,-1.0,-1.0,1.0,-1.0,-1.0,-1.0,-1.0,-1.0,-1.0,-1.0,-1.0,-1.0,-1.0,-1.0,-1.0,-1.0,1.0,-1.0,-1.0,-1.0,-1.0,-1.0,-1.0,-1.0,-1.0,-1.0,-1.0,-1.0,-1.0,-1.0,-1.0,-1.0,-1.0,1.0,-1.0,-1.0,-1.0,-1.0,-1.0,-1.0,-1.0,-1.0,-1.0,-1.0,-1.0,-1.0,-1.0,-1.0,-1.0,-1.0,-1.0,-1.0,-1.0,-1.0,-1.0,-1.0,-1.0,-1.0,-1.0,-1.0,-1.0,-1.0,-1.0,-1.0,-1.0,-1.0,-1.0,-1.0,-1.0,-1.0,-1.0,1.0,-1.0,-1.0,-1.0,-1.0,-1.0,-1.0,-1.0,-1.0,-1.0,-1.0,-1.0,-1.0,-1.0,-1.0,-1.0,-1.0,-1.0,
Kozuki Oden,-0.7,-1.0,-0.7,-1.0,0.0,-0.7,1.0,-0.7,-0.7,0.0,-0.7,-1.0,0.0,0.0,-1.0,-1.0,-0.7,-0.7,-0.7,-1.0,1.0,-0.7,-1.0,-1.0,-0.7,-1.0,-0.7,-0.7,-1.0,-0.7,-0.7,-1.0,-0.7,-1.0,-1.0,-1.0,-0.7,0.7,-1.0,0.0,-1.0,-1.0,-1.0,-1.0,0.0,-0.7,-0.7,-0.7,-0.7,0.0,-1.0,-1.0,-1.0,-1.0,-0.7,-1.0,0.0,-1.0,-1.0,0.0,-0.7,-0.7,-1.0,-1.0,0.0,-0.7,-1.0,-1.0,-1.0,0.0,-0.7,-0.7,-0.7,0.0,-0.7,0.7,-1.0,-0.7,-1.0,-0.7,-1.0,-1.0,-1.0,-1.0,-1.0,-1.0,-1.0,-1.0,0.0,-1.0,-1.0,-0.7,0.0,
Kozuki Oden,-1.0,-1.0,-0.7,-1.0,0.0,-0.7,0.7,-0.7,-1.0,-1.0,-1.0,-0.7,0.0,-1.0,-1.0,-0.7,-1.0,-1.0,0.0,0.0,0.0,-1.0,-1.0,-0.7,-1.0,-1.0,-0.7,-0.7,-0.7,-1.0,-0.7,-0.7,-1.0,-0.7,-0.7,-1.0,-0.7,1.0,0.0,-0.7,-0.7,-1.0,0.0,0.0,-1.0,0.0,-0.7,-0.7,-1.0,-1.0,-0.7,-1.0,0.0,0.0,-0.7,-1.0,-0.7,-1.0,0.0,-0.7,-1.0,-0.7,-1.0,-1.0,-1.0,0.0,-0.7,-1.0,-1.0,-0.7,-0.7,-1.0,-0.7,-1.0,0.0,1.0,0.0,-0.7,0.0,-0.7,0.0,-1.0,-1.0,-1.0,-1.0,0.0,-1.0,0.0,-0.7,0.0,-1.0,-1.0,-1.0,
Kozuki Momonosuke,-1.0,1.0,-1.0,-1.0,-1.0,-1.0,-1.0,-1.0,-1.0,-1.0,-1.0,-1.0,-1.0,-1.0,-1.0,-1.0,-1.0,1.0,-1.0,-1.0,1.0,-1.0,-1.0,-1.0,-1.0,-1.0,-1.0,-1.0,-1.0,-1.0,-1.0,-1.0,-1.0,-1.0,-1.0,-1.0,-1.0,-1.0,1.0,-1.0,-1.0,-1.0,-1.0,-1.0,-1.0,-1.0,-1.0,1.0,-1.0,-1.0,-1.0,-1.0,-1.0,-1.0,-1.0,-1.0,-1.0,-1.0,-1.0,-1.0,-1.0,-1.0,-1.0,-1.0,-1.0,-1.0,-1.0,-1.0,-1.0,-1.0,-1.0,-1.0,-1.0,-1.0,-1.0,-1.0,-1.0,-1.0,-1.0,-1.0,-1.0,1.0,-1.0,-1.0,-1.0,-1.0,-1.0,-1.0,-1.0,-1.0,-1.0,-1.0,-1.0,
Kozuki Momonosuke,-0.7,0.0,-1.0,-0.7,-1.0,0.0,0.0,-1.0,-0.7,-0.7,-0.7,-1.0,0.0,-1.0,-0.7,-1.0,-0.7,0.0,-1.0,0.0,0.7,-1.0,-1.0,-0.7,-1.0,0.0,-1.0,-0.7,-0.7,-1.0,0.0,-1.0,0.0,-1.0,-1.0,0.0,-0.7,-0.7,1.0,-1.0,-0.7,-0.7,-1.0,-1.0,0.0,0.0,-1.0,0.7,-1.0,0.0,-1.0,-0.7,-0.7,-1.0,-0.7,-1.0,-1.0,-0.7,0.0,0.0,0.0,0.0,-0.7,-1.0,0.0,-1.0,0.0,-0.7,-0.7,-1.0,-1.0,-0.7,-1.0,-1.0,-1.0,-0.7,-0.7,-0.7,-1.0,-0.7,-1.0,1.0,-0.7,-0.7,-0.7,-0.7,-0.7,-1.0,-1.0,-1.0,0.0,-1.0,0.0,
Kozuki Momonosuke,-0.7,0.7,-0.7,-0.7,-1.0,-1.0,-1.0,0.0,-0.7,-0.7,0.0,-0.7,-1.0,0.0,-1.0,-1.0,-1.0,0.7,0.0,-0.7,0.7,-0.7,-0.7,-0.7,-1.0,-1.0,-1.0,-0.7,-0.7,-0.7,-1.0,-1.0,-0.7,-1.0,-0.7,0.0,-1.0,-1.0,0.0,-1.0,0.0,0.0,-0.7,-0.7,-1.0,-1.0,-0.7,0.7,0.0,-0.7,-0.7,-1.0,-0.7,-1.0,-0.7,0.0,-0.7,-1.0,-0.7,0.0,-0.7,-0.7,-0.7,0.0,-1.0,0.0,0.0,-0.7,-0.7,0.0,0.0,0.0,-0.7,-1.0,-1.0,0.0,-0.7,-1.0,-1.0,-1.0,-1.0,0.0,0.0,0.0,-1.0,-1.0,-1.0,-1.0,-1.0,0.0,0.0,-1.0,-1.0,
Kozuki Hiyori,1.0,-1.0,-1.0,-1.0,-1.0,-1.0,-1.0,-1.0,-1.0,-1.0,-1.0,-1.0,-1.0,-1.0,-1.0,-1.0,-1.0,1.0,-1.0,-1.0,1.0,-1.0,-1.0,-1.0,-1.0,-1.0,-1.0,-1.0,-1.0,-1.0,-1.0,-1.0,-1.0,-1.0,-1.0,-1.0,-1.0,-1.0,-1.0,-1.0,-1.0,-1.0,-1.0,-1.0,-1.0,-1.0,-1.0,-1.0,-1.0,-1.0,-1.0,-1.0,-1.0,-1.0,-1.0,-1.0,-1.0,-1.0,-1.0,-1.0,-1.0,-1.0,-1.0,-1.0,-1.0,-1.0,-1.0,-1.0,-1.0,-1.0,-1.0,-1.0,-1.0,-1.0,-1.0,1.0,-1.0,-1.0,-1.0,-1.0,-1.0,-1.0,-1.0,-1.0,-1.0,-1.0,-1.0,-1.0,-1.0,-1.0,-1.0,-1.0,-1.0,
Kozuki Hiyori,1.0,-0.7,-0.7,-0.7,0.0,-1.0,-1.0,-1.0,-1.0,-0.7,-1.0,-0.7,-0.7,-0.7,-1.0,-0.7,-1.0,0.0,-0.7,-1.0,0.7,-1.0,-1.0,-1.0,-1.0,0.0,-0.7,-1.0,-0.7,-0.7,-1.0,-0.7,-0.7,-1.0,-0.7,0.0,-1.0,-0.7,0.0,0.0,-0.7,-0.7,-0.7,0.0,-1.0,-0.7,-1.0,-1.0,-0.7,-0.7,-1.0,-1.0,-1.0,0.0,-0.7,-0.7,0.0,-0.7,0.0,0.0,-1.0,-0.7,-0.7,-0.7,-0.7,-1.0,0.0,-1.0,-0.7,-1.0,-0.7,0.0,-0.7,-0.7,-1.0,0.7,0.0,0.0,-0.7,-0.7,-1.0,-0.7,-0.7,-1.0,0.0,-0.7,-0.7,-1.0,-1.0,-0.7,-0.7,-0.7,-1.0,
Kozuki Hiyori,0.7,-0.7,-0.7,-0.7,-0.7,0.0,0.0,-0.7,-1.0,-1.0,-0.7,-1.0,-0.7,-0.7,-0.7,-1.0,-1.0,0.0,-1.0,0.0,0.7,-1.0,-1.0,-0.7,-1.0,0.0,-0.7,-0.7,0.0,-1.0,0.0,0.0,-0.7,-1.0,-0.7,0.0,-1.0,-1.0,-0.7,-0.7,-1.0,0.0,0.0,-1.0,0.0,-1.0,-1.0,-1.0,-0.7,0.0,-1.0,-0.7,-1.0,-1.0,0.0,-0.7,-0.7,-0.7,-1.0,-1.0,-1.0,0.0,-0.7,-0.7,-0.7,0.0,-1.0,-1.0,-1.0,0.0,-0.7,-0.7,-1.0,-1.0,-1.0,0.0,0.0,-0.7,-1.0,0.0,-0.7,-1.0,-1.0,-0.7,0.0,-0.7,-1.0,-1.0,-1.0,0.0,-1.0,-1.0,-0.7,
Koza,-1.0,-1.0,-1.0,-1.0,-1.0,-1.0,-1.0,-1.0,-1.0,-1.0,-1.0,-1.0,-1.0,-1.0,-1.0,-1.0,-1.0,1.0,-1.0,-1.0,1.0,-1.0,-1.0,-1.0,-1.0,-1.0,-1.0,-1.0,-1.0,-1.0,-1.0,-1.0,-1.0,-1.0,-1.0,-1.0,-1.0,-1.0,-1.0,-1.0,-1.0,-1.0,-1.0,-1.0,-1.0,-1.0,-1.0,-1.0,-1.0,-1.0,-1.0,-1.0,-1.0,-1.0,-1.0,-1.0,-1.0,-1.0,-1.0,-1.0,-1.0,-1.0,-1.0,-1.0,-1.0,-1.0,-1.0,-1.0,-1.0,-1.0,-1.0,-1.0,-1.0,-1.0,-1.0,-1.0,-1.0,-1.0,-1.0,-1.0,-1.0,-1.0,-1.0,1.0,-1.0,-1.0,-1.0,-1.0,-1.0,-1.0,-1.0,-1.0,-1.0,
Koza,-1.0,-1.0,-0.7,-0.7,-1.0,0.0,-0.7,0.0,-0.7,-0.7,0.0,-0.7,-1.0,-0.7,-1.0,-1.0,0.0,0.7,-1.0,-1.0,0.7,-1.0,-1.0,-1.0,-0.7,-0.7,-1.0,0.0,0.0,-0.7,-1.0,-0.7,-0.7,-1.0,-0.7,-0.7,0.0,-1.0,-1.0,-1.0,0.0,-1.0,-0.7,0.0,0.0,-0.7,0.0,-0.7,0.0,-1.0,-0.7,-0.7,-0.7,-0.7,-1.0,-1.0,-0.7,-1.0,-1.0,0.0,-1.0,-1.0,-1.0,-0.7,0.0,-1.0,-0.7,-1.0,-0.7,-0.7,-0.7,0.0,0.0,0.0,-0.7,-0.7,-1.0,-1.0,-0.7,-0.7,-1.0,-1.0,-0.7,1.0,-0.7,-0.7,0.0,-0.7,-1.0,-1.0,-1.0,-1.0,-0.7,
Koza,-0.7,-0.7,-0.7,-0.7,0.0,0.0,-1.0,-0.7,-1.0,-0.7,-1.0,-0.7,-1.0,-1.0,-1.0,0.0,-1.0,0.0,0.0,-1.0,0.7,0.0,-0.7,-1.0,0.0,-1.0,-1.0,-1.0,-0.7,-1.0,0.0,-1.0,-1.0,0.0,0.0,-0.7,-0.7,-0.7,-0.7,-0.7,0.0,0.0,0.0,-1.0,-1.0,-1.0,0.0,-1.0,-1.0,0.0,-1.0,-1.0,0.0,-1.0,0.0,-1.0,-1.0,-1.0,0.0,-0.7,-1.0,-0.7,-1.0,-0.7,-1.0,0.0,-0.7,0.0,-0.7,-0.7,-0.7,-0.7,-1.0,-0.7,-0.7,-0.7,-1.0,-1.0,-0.7,-1.0,-1.0,-1.0,-1.0,1.0,0.0,-1.0,-0.7,0.0,0.0,-0.7,0.0,-0.7,-0.7,
Kokoro,1.0,-1.0,-1.0,-1.0,-1.0,-1.0,1.0,-1.0,-1.0,-1.0,-1.0,-1.0,-1.0,-1.0,-1.0,-1.0,-1.0,1.0,-1.0,-1.0,1.0,-1.0,-1.0,-1.0,-1.0,-1.0,-1.0,-1.0,-1.0,-1.0,-1.0,-1.0,-1.0,-1.0,-1.0,-1.0,-1.0,-1.0,-1.0,-1.0,-1.0,-1.0,-1.0,-1.0,-1.0,-1.0,-1.0,-1.0,-1.0,-1.0,-1.0,-1.0,-1.0,-1.0,-1.0,-1.0,-1.0,-1.0,-1.0,-1.0,-1.0,-1.0,-1.0,-1.0,-1.0,-1.0,-1.0,-1.0,-1.0,-1.0,-1.0,-1.0,1.0,-1.0,-1.0,-1.0,-1.0,-1.0,-1.0,-1.0,-1.0,-1.0,-1.0,-1.0,-1.0,-1.0,-1.0,-1.0,-1.0,-1.0,-1.0,-1.0,-1.0,
Kokoro,0.0,-1.0,-1.0,-0.7,-1.0,-1.0,0.0,-1.0,-1.0,0.0,-1.0,0.0,-0.7,0.0,0.0,-0.7,0.0,0.7,-0.7,-0.7,1.0,0.0,-1.0,-1.0,-0.7,-1.0,-0.7,-0.7,-0.7,-1.0,0.0,-0.7,-1.0,-1.0,-0.7,-0.7,0.0,-1.0,0.0,-0.7,-0.7,0.0,0.0,-0.7,-1.0,-1.0,-0.7,-1.0,-0.7,-0.7,-0.7,-0.7,-1.0,-1.0,-0.7,-0.7,-1.0,-1.0,-1.0,-0.7,-0.7,-1.0,-0.7,-0.7,-0.7,0.0,-1.0,-1.0,-0.7,0.0,-0.7,-1.0,0.0,-0.7,-0.7,-0.7,-1.0,-0.7,-0.7,0.0,-1.0,-0.7,-0.7,0.0,-1.0,-0.7,-0.7,-0.7,0.0,-0.7,-0.7,-0.7,-1.0,
Kokoro,1.0,-1.0,-0.7,-1.0,-0.7,-1.0,0.7,-1.0,-1.0,-1.0,0.0,-1.0,-1.0,0.0,-0.7,-0.7,0.0,0.7,-0.7,-0.7,0.7,0.0,0.0,-0.7,-1.0,0.0,-1.0,-1.0,-1.0,-1.0,-0.7,-1.0,-1.0,-1.0,-1.0,-0.7,-0.7,-0.7,-0.7,-1.0,-0.7,-0.7,-1.0,-0.7,-1.0,-1.0,-0.7,-1.0,-1.0,-1.0,-1.0,-1.0,-0.7,-1.0,0.0,0.0,-0.7,-1.0,0.0,-0.7,-1.0,-0.7,-1.0,-0.7,-0.7,-1.0,-1.0,0.0,-0.7,-1.0,-0.7,-1.0,0.0,-0.7,0.0,0.0,0.0,-1.0,0.0,-1.0,-1.0,-1.0,-0.7,-0.7,-0.7,0.0,-0.7,-0.7,-0.7,-0.7,-0.7,0.0,-1.0,
Koala,1.0,-1.0,-1.0,-1.0,-1.0,-1.0,-1.0,-1.0,-1.0,-1.0,-1.0,-1.0,-1.0,-1.0,-1.0,-1.0,-1.0,1.0,-1.0,-1.0,1.0,-1.0,-1.0,-1.0,-1.0,-1.0,-1.0,-1.0,-1.0,-1.0,-1.0,-1.0,-1.0,-1.0,-1.0,-1.0,-1.0,-1.0,-1.0,-1.0,-1.0,-1.0,-1.0,-1.0,-1.0,-1.0,-1.0,-1.0,-1.0,-1.0,-1.0,-1.0,-1.0,-1.0,-1.0,-1.0,-1.0,-1.0,-1.0,-1.0,-1.0,-1.0,-1.0,-1.0,-1.0,-1.0,-1.0,-1.0,-1.0,-1.0,-1.0,-1.0,-1.0,-1.0,1.0,-1.0,-1.0,-1.0,-1.0,-1.0,-1.0,-1.0,-1.0,-1.0,-1.0,-1.0,-1.0,-1.0,-1.0,-1.0,-1.0,-1.0,-1.0,
Koala,0.7,-1.0,-0.7,0.0,-1.0,0.0,-0.7,-0.7,-0.7,-1.0,0.0,-1.0,-0.7,0.0,-1.0,-0.7,-1.0,1.0,-1.0,0.0,0.7,-1.0,0.0,-1.0,-0.7,-0.7,-0.7,-1.0,-0.7,0.0,-1.0,-1.0,0.0,-1.0,-1.0,-1.0,-1.0,-0.7,-1.0,-1.0,0.0,-0.7,-1.0,-1.0,0.0,0.0,0.0,0.0,-0.7,-1.0,0.0,-0.7,-0.7,-0.7,-0.7,-0.7,-1.0,-1.0,-0.7,-0.7,0.0,-0.7,0.0,-1.0,0.0,-1.0,-0.7,-1.0,-1.0,-1.0,-0.7,-1.0,0.0,-0.7,0.7,-0.7,-1.0,-0.7,-0.7,-1.0,-0.7,-0.7,-0.7,-0.7,-0.7,-1.0,-1.0,-0.7,-1.0,0.0,-0.7,-0.7,-1.0,
Koala,1.0,0.0,-1.0,-1.0,-1.0,-1.0,-1.0,0.0,-1.0,0.0,-0.7,0.0,-0.7,-1.0,-0.7,-1.0,0.0,0.0,-1.0,-0.7,0.7,-0.7,-1.0,-1.0,0.0,-1.0,-1.0,-1.0,-1.0,-0.7,-0.7,-0.7,-0.7,0.0,-1.0,-1.0,-1.0,0.0,-0.7,-1.0,-1.0,0.0,-1.0,-1.0,-0.7,0.0,-0.7,-0.7,-0.7,-0.7,-0.7,0.0,-1.0,-0.7,-0.7,0.0,-0.7,-0.7,-1.0,0.0,0.0,-0.7,-1.0,-0.7,-1.0,-1.0,-1.0,-0.7,0.0,-1.0,0.0,-0.7,0.0,-1.0,0.7,-0.7,-0.7,0.0,0.0,-0.7,-1.0,-1.0,-1.0,-0.7,-1.0,0.0,-1.0,-1.0,0.0,-0.7,-0.7,0.0,0.0,
Koby,-1.0,1.0,-1.0,-1.0,-1.0,-1.0,-1.0,-1.0,-1.0,-1.0,-1.0,-1.0,-1.0,-1.0,-1.0,1.0,1.0,1.0,-1.0,-1.0,1.0,-1.0,-1.0,-1.0,-1.0,-1.0,-1.0,-1.0,-1.0,-1.0,-1.0,-1.0,-1.0,-1.0,-1.0,-1.0,-1.0,-1.0,-1.0,-1.0,-1.0,-1.0,-1.0,-1.0,-1.0,-1.0,-1.0,-1.0,-1.0,-1.0,-1.0,-1.0,-1.0,-1.0,-1.0,-1.0,-1.0,-1.0,-1.0,-1.0,-1.0,-1.0,-1.0,-1.0,-1.0,-1.0,-1.0,-1.0,-1.0,-1.0,-1.0,-1.0,-1.0,-1.0,-1.0,-1.0,-1.0,-1.0,-1.0,-1.0,-1.0,-1.0,-1.0,-1.0,-1.0,-1.0,-1.0,-1.0,-1.0,-1.0,-1.0,-1.0,-1.0,
Koby,0.0,0.0,-1.0,-0.7,-0.7,-0.7,-0.7,0.0,-1.0,-0.7,-0.7,-1.0,-1.0,-0.7,0.0,0.7,0.7,0.7,0.0,-1.0,0.7,-0.7,-0.7,-1.0,0.0,-1.0,-1.0,-1.0,-0.7,-0.7,-1.0,-1.0,-1.0,-0.7,0.0,-1.0,-0.7,-1.0,-0.7,-0.7,-0.7,-1.0,0.0,0.0,0.0,-0.7,-1.0,-0.7,-0.7,0.0,-1.0,0.0,-0.7,-1.0,-1.0,0.0,-1.0,-0.7,-0.7,-1.0,-0.7,-1.0,-0.7,-0.7,-1.0,-0.7,0.0,-1.0,-0.7,-1.0,0.0,0.0,-0.7,-1.0,0.0,-0.7,-0.7,-1.0,-0.7,-0.7,-1.0,-1.0,-0.7,-0.7,-1.0,-1.0,-1.0,0.0,-1.0,0.0,-0.7,-0.7,0.0,
Koby,-1.0,0.7,-0.7,0.0,-1.0,-0.7,0.0,-1.0,0.0,0.0,-1.0,-1.0,-1.0,-1.0,-0.7,0.0,0.7,0.7,-1.0,-0.7,0.7,-0.7,-0.7,0.0,-0.7,-1.0,-1.0,-1.0,-1.0,-1.0,-0.7,-1.0,-0.7,-1.0,-0.7,0.0,-0.7,-0.7,-0.7,-1.0,-1.0,0.0,-0.7,-1.0,-1.0,-0.7,0.0,-0.7,-1.0,-0.7,-1.0,-1.0,-1.0,-0.7,-0.7,-0.7,-0.7,-0.7,0.0,-1.0,-1.0,-1.0,-1.0,-1.0,0.0,-1.0,-1.0,-0.7,-1.0,-1.0,-1.0,0.0,-1.0,-1.0,0.0,-1.0,-0.7,-1.0,-0.7,-0.7,-1.0,0.0,-0.7,-0.7,-0.7,-0.7,-0.7,-1.0,-1.0,-1.0,-1.0,0.0,0.0,
Mozu and Kiwi,1.0,-1.0,-1.0,-1.0,-1.0,-1.0,-1.0,-1.0,-1.0,-1.0,-1.0,-1.0,-1.0,-1.0,-1.0,-1.0,-1.0,1.0,-1.0,-1.0,1.0,-1.0,-1.0,-1.0,-1.0,-1.0,-1.0,-1.0,-1.0,-1.0,-1.0,-1.0,-1.0,-1.0,-1.0,-1.0,-1.0,1.0,-1.0,-1.0,-1.0,-1.0,-1.0,-1.0,-1.0,-1.0,-1.0,-1.0,-1.0,-1.0,-1.0,-1.0,-1.0,-1.0,-1.0,-1.0,-1.0,-1.0,-1.0,-1.0,-1.0,-1.0,-1.0,-1.0,-1.0,-1.0,-1.0,-1.0,-1.0,-1.0,-1.0,-1.0,1.0,-1.0,-1.0,-1.0,-1.0,-1.0,-1.0,-1.0,-1.0,-1.0,-1.0,-1.0,-1.0,-1.0,-1.0,-1.0,-1.0,-1.0,-1.0,-1.0,-1.0,
Mozu and Kiwi,1.0,-1.0,-0.7,-1.0,-0.7,-0.7,-0.7,-0.7,-1.0,-1.0,-1.0,-0.7,-1.0,0.0,-1.0,-0.7,-1.0,0.0,-1.0,-0.7,0.0,-1.0,-0.7,-0.7,-1.0,-0.7,-0.7,-1.0,-0.7,-0.7,-0.7,0.0,-0.7,-0.7,0.0,-0.7,-0.7,1.0,-1.0,-0.7,0.0,-1.0,-0.7,-1.0,-0.7,-0.7,-0.7,-1.0,-1.0,0.0,-0.7,-1.0,-1.0,-1.0,-0.7,-0.7,0.0,0.0,-0.7,-0.7,-0.7,-0.7,-0.7,-1.0,-1.0,0.0,-0.7,-0.7,0.0,-0.7,-1.0,-0.7,1.0,-1.0,0.0,-0.7,0.0,0.0,-0.7,0.0,-0.7,-1.0,-0.7,-1.0,-1.0,-1.0,-0.7,-1.0,-1.0,-0.7,-0.7,-1.0,0.0,
Mozu and Kiwi,0.7,0.0,-1.0,0.0,0.0,-0.7,0.0,-0.7,-1.0,0.0,-0.7,-1.0,-1.0,-0.7,-0.7,0.0,-0.7,0.7,-0.7,-0.7,0.7,-0.7,0.0,-0.7,-0.7,0.0,0.0,-1.0,-0.7,0.0,0.0,-1.0,-0.7,-1.0,-0.7,0.0,-0.7,0.7,0.0,-0.7,-1.0,-0.7,-1.0,-0.7,-1.0,-1.0,-1.0,-0.7,0.0,-1.0,0.0,-1.0,0.0,0.0,-1.0,0.0,-0.7,-0.7,-0.7,-1.0,-0.7,-1.0,-0.7,-0.7,-0.7,-0.7,0.0,0.0,-0.7,-1.0,-1.0,0.0,0.0,-1.0,-0.7,-0.7,-0.7,0.0,-1.0,0.0,-1.0,-0.7,-1.0,0.0,-1.0,-1.0,0.0,-0.7,0.0,-0.7,-1.0,-0.7,-1.0,
Kingbaum,-1.0,-1.0,-1.0,-1.0,-1.0,-1.0,1.0,-1.0,-1.0,-1.0,-1.0,-1.0,-1.0,-1.0,-1.0,-1.0,-1.0,-1.0,-1.0,-1.0,1.0,-1.0,-1.0,-1.0,-1.0,-1.0,-1.0,-1.0,-1.0,-1.0,-1.0,-1.0,-1.0,-1.0,-1.0,-1.0,-1.0,1.0,-1.0,-1.0,-1.0,-1.0,-1.0,-1.0,-1.0,-1.0,-1.0,-1.0,-1.0,-1.0,-1.0,-1.0,-1.0,-1.0,-1.0,-1.0,-1.0,-1.0,-1.0,-1.0,-1.0,-1.0,-1.0,-1.0,-1.0,-1.0,-1.0,-1.0,-1.0,-1.0,-1.0,-1.0,-1.0,-1.0,-1.0,-1.0,-1.0,1.0,-1.0,-1.0,-1.0,-1.0,-1.0,-1.0,-1.0,-1.0,-1.0,-1.0,-1.0,-1.0,-1.0,-1.0,-1.0,
Kingbaum,-1.0,-1.0,0.0,-1.0,-1.0,0.0,0.7,-0.7,0.0,-0.7,0.0,-0.7,-0.7,-0.7,-0.7,-1.0,-1.0,-1.0,-1.0,-0.7,0.7,-0.7,0.0,-0.7,-1.0,-1.0,-1.0,0.0,-0.7,0.0,-1.0,-0.7,-0.7,0.0,-0.7,-0.7,0.0,0.0,-1.0,-0.7,-1.0,0.0,0.0,-0.7,0.0,-0.7,-0.7,-0.7,-0.7,0.0,-1.0,0.0,-1.0,-0.7,-1.0,-1.0,0.0,-0.7,-0.7,-0.7,-0.7,-0.7,-0.7,0.0,0.0,-1.0,-0.7,-0.7,-1.0,0.0,-1.0,-1.0,-1.0,0.0,-0.7,-1.0,-0.7,1.0,-1.0,0.0,0.0,0.0,-1.0,-0.7,-1.0,-0.7,0.0,-1.0,-0.7,-0.7,-0.7,-1.0,-1.0,
Kingbaum,-0.7,-0.7,-0.7,-1.0,-1.0,0.0,1.0,-0.7,-0.7,-1.0,-0.7,0.0,-1.0,-0.7,-1.0,0.0,-1.0,-1.0,-1.0,-1.0,0.7,-0.7,-0.7,0.0,-1.0,-0.7,-1.0,-0.7,0.0,0.0,-0.7,0.0,-0.7,0.0,0.0,-1.0,-0.7,1.0,-1.0,-0.7,-1.0,-1.0,-0.7,-1.0,0.0,0.0,0.0,0.0,-0.7,-0.7,-1.0,-1.0,-0.7,-0.7,-1.0,-1.0,-1.0,-1.0,0.0,-0.7,-1.0,-1.0,-1.0,-0.7,-1.0,-0.7,-0.7,-1.0,-0.7,-0.7,0.0,-0.7,-0.7,-0.7,-1.0,0.0,-0.7,0.7,-0.7,-1.0,0.0,0.0,-1.0,-0.7,-1.0,-1.0,-1.0,0.0,-0.7,-0.7,0.0,-0.7,-1.0,
King,-1.0,1.0,-1.0,-1.0,-1.0,1.0,-1.0,-1.0,-1.0,-1.0,-1.0,-1.0,-1.0,1.0,-1.0,-1.0,-1.0,1.0,-1.0,-1.0,1.0,-1.0,-1.0,-1.0,-1.0,-1.0,-1.0,-1.0,-1.0,-1.0,-1.0,-1.0,-1.0,-1.0,-1.0,-1.0,-1.0,1.0,1.0,-1.0,-1.0,-1.0,1.0,-1.0,-1.0,-1.0,-1.0,-1.0,-1.0,-1.0,-1.0,-1.0,-1.0,-1.0,1.0,-1.0,-1.0,-1.0,-1.0,-1.0,-1.0,-1.0,-1.0,-1.0,-1.0,-1.0,-1.0,-1.0,-1.0,-1.0,-1.0,-1.0,-1.0,-1.0,-1.0,1.0,1.0,-1.0,-1.0,-1.0,-1.0,-1.0,-1.0,-1.0,-1.0,-1.0,-1.0,-1.0,-1.0,-1.0,-1.0,-1.0,-1.0,
King,-1.0,1.0,-1.0,0.0,-0.7,1.0,-0.7,-1.0,-1.0,-1.0,0.0,-1.0,0.0,0.7,-0.7,0.0,-1.0,0.0,-1.0,0.0,0.0,0.0,0.0,-1.0,0.0,-1.0,-0.7,0.0,-1.0,-1.0,0.0,-1.0,-1.0,-0.7,0.0,0.0,-0.7,0.7,0.0,-0.7,-0.7,-1.0,0.0,-0.7,-0.7,-1.0,-0.7,-0.7,-1.0,0.0,0.0,-1.0,-1.0,-1.0,0.7,-0.7,-0.7,-1.0,-1.0,-0.7,0.0,0.0,-0.7,-1.0,-1.0,-0.7,-1.0,-1.0,0.0,-1.0,0.0,-1.0,-1.0,-0.7,-1.0,0.0,0.7,-0.7,-0.7,0.0,0.0,-0.7,0.0,-0.7,-0.7,-1.0,-1.0,-0.7,-1.0,-0.7,-0.7,-1.0,-0.7,
King,-0.7,1.0,-1.0,-1.0,-0.7,0.7,-1.0,-1.0,-1.0,0.0,-0.7,-0.7,-0.7,0.7,0.0,0.0,-0.7,1.0,-0.7,-0.7,1.0,-0.7,-1.0,-1.0,-1.0,-0.7,-1.0,0.0,-1.0,-1.0,0.0,-0.7,-1.0,-1.0,-1.0,-0.7,-0.7,0.7,0.7,-1.0,0.0,0.0,0.0,-0.7,0.0,-0.7,-0.7,-0.7,-0.7,-0.7,-1.0,-1.0,0.0,-1.0,1.0,-1.0,-1.0,-0.7,-0.7,-0.7,-1.0,-1.0,-0.7,-1.0,0.0,-0.7,-0.7,-1.0,0.0,-0.7,-0.7,-0.7,0.0,-1.0,-1.0,1.0,0.7,-1.0,-0.7,-0.7,-0.7,-0.7,-0.7,0.0,-1.0,-0.7,-0.7,-1.0,-1.0,0.0,-0.7,-1.0,0.0,
Killer,-1.0,-1.0,-1.0,-1.0,-1.0,-1.0,-1.0,-1.0,-1.0,-1.0,-1.0,-1.0,-1.0,1.0,-1.0,-1.0,-1.0,-1.0,-1.0,-1.0,-1.0,-1.0,-1.0,-1.0,-1.0,-1.0,-1.0,-1.0,-1.0,-1.0,-1.0,-1.0,-1.0,-1.0,-1.0,-1.0,-1.0,1.0,-1.0,-1.0,-1.0,-1.0,-1.0,-1.0,-1.0,-1.0,-1.0,-1.0,-1.0,-1.0,-1.0,-1.0,-1.0,-1.0,-1.0,-1.0,-1.0,-1.0,-1.0,-1.0,-1.0,-1.0,-1.0,-1.0,-1.0,-1.0,-1.0,-1.0,-1.0,-1.0,-1.0,-1.0,-1.0,-1.0,-1.0,-1.0,-1.0,-1.0,-1.0,1.0,-1.0,-1.0,-1.0,-1.0,-1.0,-1.0,-1.0,-1.0,-1.0,-1.0,-1.0,-1.0,-1.0,
Killer,-0.7,-0.7,-0.7,-1.0,-1.0,-1.0,-1.0,0.0,-1.0,-1.0,-0.7,0.0,-1.0,0.0,-1.0,-1.0,-0.7,-1.0,0.0,0.0,-0.7,-1.0,-1.0,-0.7,-1.0,-0.7,-1.0,-0.7,-1.0,-1.0,-0.7,-0.7,-0.7,-1.0,-1.0,-1.0,-0.7,1.0,0.0,0.0,0.0,0.0,-0.7,0.0,-0.7,-1.0,-0.7,-0.7,-1.0,-0.7,0.0,-0.7,-0.7,-0.7,-0.7,-1.0,-0.7,-1.0,-1.0,0.0,-1.0,0.0,0.0,-1.0,0.0,-0.7,-1.0,-0.7,0.0,-0.7,-0.7,-1.0,-0.7,-1.0,-1.0,-0.7,-0.7,-1.0,-0.7,1.0,-0.7,-0.7,-0.7,-0.7,-1.0,-0.7,0.0,0.0,-0.7,0.0,-0.7,-1.0,-0.7,
Killer,0.0,-1.0,-1.0,0.0,-0.7,-1.0,-0.7,-1.0,-1.0,-1.0,-1.0,-0.7,-1.0,0.0,-0.7,-1.0,-1.0,0.0,-0.7,-0.7,-1.0,-1.0,-0.7,-0.7,0.0,0.0,-1.0,0.0,0.0,-0.7,-1.0,-1.0,-1.0,-1.0,0.0,0.0,-0.7,0.7,-0.7,-0.7,-0.7,-1.0,-0.7,-1.0,-1.0,-0.7,-0.7,-0.7,-0.7,-1.0,0.0,-0.7,0.0,0.0,-1.0,0.0,0.0,-1.0,-1.0,0.0,-1.0,0.0,-1.0,-0.7,-0.7,0.0,-0.7,-1.0,-0.7,-1.0,-0.7,-0.7,-1.0,-0.7,-1.0,0.0,-1.0,-0.7,0.0,0.0,-0.7,-1.0,-0.7,0.0,-1.0,-1.0,-0.7,-0.7,-1.0,-0.7,-1.0,-1.0,0.0,
Kin'emon,-1.0,-1.0,-1.0,-1.0,-1.0,-1.0,-1.0,1.0,-1.0,-1.0,-1.0,-1.0,-1.0,1.0,1.0,-1.0,-1.0,1.0,-1.0,-1.0,1.0,-1.0,-1.0,-1.0,-1.0,-1.0,-1.0,-1.0,-1.0,-1.0,-1.0,-1.0,-1.0,-1.0,-1.0,-1.0,-1.0,1.0,1.0,1.0,1.0,-1.0,-1.0,-1.0,-1.0,-1.0,-1.0,-1.0,-1.0,-1.0,-1.0,-1.0,-1.0,-1.0,-1.0,-1.0,-1.0,-1.0,-1.0,-1.0,-1.0,-1.0,-1.0,-1.0,-1.0,-1.0,-1.0,-1.0,-1.0,-1.0,-1.0,-1.0,-1.0,-1.0,-1.0,-1.0,-1.0,-1.0,-1.0,-1.0,-1.0,1.0,-1.0,-1.0,-1.0,-1.0,-1.0,-1.0,-1.0,-1.0,-1.0,-1.0,-1.0,
Kin'emon,-0.7,-1.0,0.0,-1.0,-1.0,0.0,-1.0,0.0,-0.7,-0.7,-0.7,-0.7,0.0,1.0,0.0,0.0,-0.7,1.0,-1.0,-1.0,1.0,-1.0,-0.7,-0.7,0.0,-0.7,-1.0,-1.0,-0.7,-0.7,-0.7,-1.0,0.0,-1.0,-1.0,-0.7,-0.7,0.7,1.0,1.0,1.0,-0.7,-0.7,-0.7,0.0,-1.0,-0.7,-1.0,-0.7,-0.7,-0.7,-1.0,-1.0,0.0,0.0,-1.0,-0.7,-1.0,-0.7,-0.7,-1.0,-0.7,-0.7,-1.0,-0.7,-1.0,0.0,-1.0,-1.0,-1.0,0.0,-0.7,-0.7,-1.0,-1.0,-0.7,-1.0,0.0,-0.7,-1.0,-1.0,1.0,-1.0,-1.0,-1.0,0.0,-1.0,0.0,-0.7,0.0,-0.7,-1.0,0.0,
Kin'emon,-1.0,-1.0,0.0,-1.0,-0.7,0.0,-0.7,0.7,-0.7,-0.7,0.0,-0.7,-0.7,0.7,0.7,0.0,-1.0,1.0,-0.7,-1.0,0.0,0.0,-1.0,-1.0,-0.7,-1.0,0.0,-1.0,0.0,-0.7,-0.7,-1.0,0.0,-1.0,-1.0,-1.0,-0.7,1.0,0.7,0.0,0.7,-1.0,-1.0,-1.0,0.0,-1.0,-1.0,0.0,-0.7,-0.7,0.0,-0.7,-1.0,-0.7,-1.0,-0.7,0.0,0.0,-0.7,-0.7,-1.0,-0.7,-1.0,-0.7,-0.7,-0.7,-1.0,-1.0,-1.0,-1.0,-1.0,0.0,-0.7,0.0,-0.7,-1.0,-1.0,-1.0,-0.7,-1.0,-1.0,0.0,-1.0,-0.7,-1.0,0.0,-0.7,-0.7,0.0,-0.7,0.0,0.0,-1.0,
Kikunojo,-1.0,-1.0,-1.0,-1.0,-1.0,-1.0,-1.0,1.0,-1.0,-1.0,-1.0,-1.0,-1.0,1.0,-1.0,-1.0,-1.0,1.0,-1.0,-1.0,1.0,-1.0,-1.0,-1.0,-1.0,-1.0,-1.0,-1.0,-1.0,-1.0,-1.0,-1.0,-1.0,-1.0,-1.0,-1.0,-1.0,1.0,1.0,-1.0,-1.0,-1.0,-1.0,-1.0,-1.0,-1.0,-1.0,-1.0,-1.0,-1.0,-1.0,-1.0,-1.0,-1.0,-1.0,-1.0,-1.0,-1.0,-1.0,-1.0,-1.0,-1.0,-1.0,-1.0,-1.0,-1.0,-1.0,-1.0,-1.0,-1.0,-1.0,-1.0,-1.0,-1.0,-1.0,1.0,-1.0,-1.0,-1.0,-1.0,-1.0,-1.0,-1.0,-1.0,-1.0,-1.0,-1.0,-1.0,-1.0,-1.0,-1.0,-1.0,-1.0,
Kikunojo,-1.0,-0.7,-0.7,0.0,-1.0,-0.7,-0.7,0.7,-1.0,-1.0,-1.0,-0.7,-0.7,1.0,-0.7,0.0,-1.0,0.7,-1.0,0.0,0.0,-1.0,-0.7,-1.0,0.0,-0.7,-0.7,-0.7,-1.0,-1.0,-1.0,-0.7,-0.7,0.0,-0.7,-0.7,-1.0,0.7,1.0,-1.0,-0.7,-1.0,-0.7,0.0,-0.7,-1.0,-0.7,0.0,-0.7,0.0,-1.0,-0.7,-1.0,-0.7,-0.7,-0.7,-0.7,-0.7,0.0,-1.0,-0.7,-1.0,-1.0,-1.0,-0.7,-0.7,-1.0,0.0,-1.0,0.0,-1.0,-0.7,-0.7,-0.7,-0.7,0.7,-0.7,0.0,-1.0,-1.0,0.0,-1.0,-1.0,-1.0,-0.7,-0.7,-1.0,-1.0,-0.7,-1.0,-1.0,-0.7,-1.0,
Kikunojo,-1.0,-0.7,0.0,-1.0,-1.0,-0.7,-1.0,0.7,0.0,-1.0,-0.7,0.0,0.0,0.7,-1.0,-0.7,-0.7,0.7,0.0,-0.7,0.7,-0.7,-1.0,-1.0,-0.7,-1.0,-1.0,-1.0,0.0,-0.7,-1.0,0.0,-0.7,-1.0,-0.7,-0.7,-0.7,1.0,1.0,-0.7,-1.0,-0.7,-0.7,0.0,-0.7,-1.0,-0.7,-0.7,0.0,-0.7,-1.0,-1.0,-0.7,-1.0,-1.0,-0.7,-1.0,-1.0,-1.0,-0.7,-0.7,-1.0,-1.0,-1.0,0.0,-1.0,0.0,0.0,-1.0,-0.7,-0.7,0.0,-0.7,-0.7,-0.7,1.0,-1.0,-0.7,-1.0,-1.0,-0.7,0.0,0.0,0.0,-0.7,0.0,-0.7,-0.7,-1.0,0.0,-0.7,-0.7,-1.0,
Kelly Funk,-1.0,-1.0,-1.0,-1.0,-1.0,-1.0,-1.0,-1.0,-1.0,-1.0,-1.0,-1.0,-1.0,1.0,1.0,-1.0,-1.0,1.0,-1.0,-1.0,1.0,-1.0,-1.0,-1.0,-1.0,-1.0,-1.0,-1.0,-1.0,-1.0,-1.0,-1.0,-1.0,-1.0,-1.0,-1.0,-1.0,-1.0,1.0,1.0,1.0,-1.0,-1.0,-1.0,-1.0,-1.0,-1.0,-1.0,-1.0,-1.0,-1.0,-1.0,-1.0,-1.0,-1.0,-1.0,-1.0,-1.0,-1.0,-1.0,-1.0,-1.0,-1.0,-1.0,-1.0,-1.0,-1.0,-1.0,-1.0,-1.0,-1.0,-1.0,-1.0,-1.0,-1.0,-1.0,1.0,-1.0,-1.0,-1.0,-1.0,-1.0,-1.0,-1.0,-1.0,-1.0,-1.0,-1.0,-1.0,-1.0,-1.0,-1.0,-1.0,
Kelly Funk,-0.7,0.0,-0.7,0.0,-1.0,-1.0,-1.0,-1.0,-1.0,-0.7,-1.0,0.0,0.0,1.0,0.7,-0.7,-1.0,0.0,-1.0,-0.7,1.0,0.0,-0.7,0.0,-1.0,-1.0,-1.0,0.0,-1.0,-1.0,-0.7,-1.0,0.0,-1.0,-0.7,-0.7,-1.0,-1.0,0.7,1.0,1.0,-1.0,-0.7,-1.0,0.0,-1.0,0.0,-0.7,-0.7,-1.0,-1.0,-0.7,-0.7,-0.7,-1.0,-0.7,-0.7,-1.0,0.0,0.0,-1.0,-0.7,-0.7,-1.0,-0.7,-1.0,-1.0,0.0,-0.7,-1.0,-0.7,0.0,-1.0,-0.7,0.0,0.0,0.7,0.0,-1.0,-1.0,-1.0,-1.0,-1.0,0.0,0.0,-1.0,0.0,-0.7,-1.0,-0.7,-0.7,-1.0,0.0,
Kelly Funk,-0.7,-0.7,0.0,0.0,-1.0,-1.0,-1.0,-1.0,0.0,0.0,-1.0,0.0,-1.0,0.7,1.0,-1.0,-0.7,0.7,-1.0,0.0,0.0,-1.0,-0.7,-1.0,-1.0,0.0,-1.0,0.0,-0.7,-1.0,0.0,-0.7,-0.7,-0.7,-1.0,-0.7,-1.0,-0.7,0.7,1.0,0.7,0.0,-0.7,-1.0,-0.7,-0.7,-0.7,-0.7,-0.7,-0.7,0.0,-0.7,-0.7,-0.7,-1.0,-1.0,-1.0,0.0,-0.7,-1.0,-0.7,-1.0,-1.0,-0.7,-0.7,0.0,-1.0,-0.7,-0.7,0.0,-0.7,-1.0,-1.0,-1.0,0.0,-0.7,1.0,-0.7,-1.0,-0.7,-1.0,0.0,0.0,0.0,-1.0,0.0,-1.0,0.0,-1.0,-1.0,0.0,-1.0,-0.7,
Kazekage,-1.0,-1.0,-1.0,-1.0,-1.0,-1.0,-1.0,-1.0,-1.0,-1.0,-1.0,-1.0,-1.0,1.0,1.0,-1.0,-1.0,1.0,-1.0,-1.0,1.0,-1.0,-1.0,-1.0,-1.0,-1.0,-1.0,-1.0,-1.0,-1.0,-1.0,-1.0,-1.0,-1.0,-1.0,-1.0,-1.0,1.0,1.0,-1.0,-1.0,-1.0,-1.0,-1.0,-1.0,-1.0,-1.0,-1.0,-1.0,-1.0,-1.0,-1.0,-1.0,-1.0,-1.0,-1.0,-1.0,-1.0,-1.0,-1.0,-1.0,-1.0,-1.0,-1.0,-1.0,-1.0,-1.0,-1.0,-1.0,-1.0,-1.0,-1.0,-1.0,-1.0,-1.0,1.0,1.0,-1.0,-1.0,-1.0,-1.0,-1.0,-1.0,-1.0,-1.0,-1.0,-1.0,-1.0,-1.0,-1.0,-1.0,-1.0,-1.0,
Kazekage,-1.0,-0.7,-0.7,-0.7,-1.0,0.0,-0.7,-1.0,-1.0,0.0,-1.0,0.0,0.0,1.0,0.0,-1.0,-1.0,0.7,-0.7,-1.0,0.7,-1.0,-1.0,-0.7,-0.7,-1.0,-0.7,-1.0,-0.7,-1.0,-0.7,0.0,-0.7,-1.0,0.0,-1.0,-1.0,0.7,1.0,0.0,-0.7,-1.0,-1.0,0.0,0.0,0.0,-1.0,-0.7,-1.0,-1.0,-0.7,-0.7,-1.0,-0.7,0.0,-1.0,-0.7,-0.7,0.0,-0.7,-0.7,-0.7,-0.7,-0.7,-1.0,-0.7,0.0,-0.7,0.0,-1.0,-0.7,-1.0,-1.0,-0.7,0.0,1.0,0.0,0.0,0.0,-1.0,-0.7,-1.0,-1.0,-1.0,0.0,-0.7,-1.0,0.0,-1.0,0.0,-1.0,-0.7,-0.7,
Kazekage,-0.7,-0.7,-1.0,-1.0,0.0,-0.7,0.0,-0.7,-0.7,0.0,-0.7,-0.7,0.0,1.0,0.0,-1.0,-0.7,0.0,-0.7,-1.0,1.0,-0.7,-0.7,-0.7,-0.7,0.0,-1.0,-1.0,-1.0,-1.0,-0.7,-1.0,-0.7,-1.0,-0.7,-0.7,0.0,0.7,0.7,-1.0,-1.0,-1.0,0.0,0.0,-1.0,0.0,-0.7,0.0,-0.7,-1.0,-1.0,-0.7,-0.7,0.0,-0.7,-0.7,-0.7,-1.0,0.0,-1.0,-0.7,-1.0,-1.0,-0.7,-0.7,-1.0,-0.7,-1.0,0.0,-0.7,-1.0,-1.0,-1.0,-1.0,-0.7,1.0,0.7,-1.0,-0.7,-0.7,-0.7,0.0,-1.0,-1.0,0.0,-1.0,0.0,-1.0,-0.7,-0.7,0.0,-0.7,-1.0,
Kawamatsu,-1.0,-1.0,-1.0,-1.0,-1.0,-1.0,-1.0,-1.0,-1.0,-1.0,-1.0,-1.0,-1.0,1.0,-1.0,-1.0,-1.0,1.0,-1.0,-1.0,1.0,-1.0,-1.0,-1.0,-1.0,-1.0,-1.0,-1.0,-1.0,-1.0,-1.0,-1.0,-1.0,-1.0,-1.0,-1.0,-1.0,1.0,1.0,-1.0,-1.0,-1.0,-1.0,-1.0,-1.0,-1.0,-1.0,-1.0,-1.0,-1.0,-1.0,-1.0,-1.0,-1.0,-1.0,-1.0,-1.0,-1.0,-1.0,-1.0,-1.0,-1.0,-1.0,-1.0,-1.0,-1.0,-1.0,-1.0,-1.0,-1.0,-1.0,-1.0,-1.0,-1.0,-1.0,1.0,-1.0,-1.0,-1.0,-1.0,-1.0,-1.0,-1.0,-1.0,-1.0,-1.0,-1.0,-1.0,-1.0,-1.0,-1.0,-1.0,-1.0,
Kawamatsu,-0.7,-1.0,-1.0,-1.0,-1.0,-0.7,0.0,-0.7,-0.7,-0.7,0.0,-1.0,-0.7,1.0,-0.7,-1.0,-1.0,1.0,0.0,-1.0,0.7,0.0,-1.0,-0.7,-1.0,-0.7,0.0,-1.0,-1.0,-1.0,-0.7,-0.7,0.0,-1.0,-1.0,-1.0,0.0,1.0,1.0,-0.7,-1.0,-1.0,-1.0,0.0,-1.0,-1.0,-0.7,-1.0,-0.7,-0.7,-1.0,-0.7,0.0,0.0,0.0,0.0,0.0,-1.0,-0.7,-1.0,-0.7,0.0,-1.0,-1.0,0.0,-0.7,-1.0,-1.0,-0.7,-0.7,-0.7,-0.7,-1.0,-0.7,0.0,0.7,-1.0,-0.7,-1.0,-0.7,-1.0,-0.7,-0.7,-0.7,0.0,-1.0,-1.0,-0.7,0.0,0.0,-1.0,-1.0,-0.7,
Kawamatsu,-0.7,0.0,-0.7,0.0,-0.7,-1.0,0.0,-1.0,-1.0,0.0,0.0,-1.0,-1.0,0.7,-0.7,-0.7,0.0,0.0,0.0,-1.0,1.0,-0.7,-0.7,-1.0,-1.0,-1.0,-0.7,-1.0,-0.7,-0.7,-0.7,-0.7,-0.7,-1.0,-0.7,-1.0,-0.7,1.0,1.0,-1.0,-1.0,-0.7,-0.7,-0.7,-0.7,-0.7,-1.0,-1.0,-0.7,-1.0,-0.7,-0.7,-1.0,-0.7,-1.0,-0.7,-1.0,-1.0,0.0,-0.7,-1.0,-0.7,-1.0,-1.0,0.0,-0.7,-1.0,0.0,-1.0,-1.0,-1.0,-1.0,-1.0,-0.7,-0.7,0.7,-0.7,-0.7,-0.7,0.0,-1.0,0.0,-1.0,-1.0,-1.0,-0.7,0.0,-1.0,-0.7,-1.0,-0.7,-0.7,-0.7,
Kaya,1.0,-1.0,-1.0,-1.0,-1.0,-1.0,-1.0,-1.0,-1.0,-1.0,-1.0,-1.0,-1.0,-1.0,-1.0,-1.0,1.0,1.0,-1.0,-1.0,1.0,-1.0,-1.0,-1.0,-1.0,-1.0,-1.0,-1.0,-1.0,-1.0,-1.0,-1.0,-1.0,-1.0,-1.0,-1.0,-1.0,-1.0,-1.0,-1.0,-1.0,-1.0,-1.0,-1.0,-1.0,-1.0,-1.0,-1.0,-1.0,-1.0,-1.0,-1.0,-1.0,-1.0,-1.0,-1.0,-1.0,-1.0,-1.0,-1.0,-1.0,-1.0,-1.0,-1.0,-1.0,-1.0,-1.0,-1.0,-1.0,-1.0,-1.0,-1.0,-1.0,-1.0,-1.0,-1.0,-1.0,-1.0,-1.0,-1.0,-1.0,-1.0,-1.0,-1.0,-1.0,-1.0,-1.0,-1.0,-1.0,-1.0,-1.0,-1.0,-1.0,
Kaya,0.0,-1.0,0.0,-0.7,0.0,-1.0,0.0,-1.0,-0.7,0.0,0.0,-0.7,-1.0,-0.7,-0.7,-0.7,0.0,1.0,-0.7,-0.7,1.0,-1.0,-0.7,-1.0,-0.7,0.0,-1.0,-0.7,-0.7,-0.7,-0.7,0.0,0.0,-0.7,-0.7,-0.7,-0.7,-1.0,-1.0,-1.0,-0.7,-1.0,-0.7,-1.0,-0.7,-0.7,-0.7,-0.7,0.0,0.0,-0.7,-1.0,-1.0,-1.0,-0.7,-0.7,-0.7,-1.0,-1.0,-0.7,-1.0,-1.0,-1.0,-0.7,-0.7,-1.0,-1.0,-0.7,0.0,0.0,-1.0,-1.0,-0.7,-0.7,-1.0,-0.7,-1.0,-1.0,-0.7,-0.7,-0.7,0.0,-1.0,-0.7,-1.0,-1.0,-0.7,-1.0,-0.7,-1.0,-0.7,-1.0,-1.0,
Kaya,0.7,-1.0,-0.7,-1.0,-1.0,-0.7,-0.7,0.0,-0.7,-1.0,-1.0,-1.0,-1.0,-0.7,-1.0,-0.7,1.0,0.0,-0.7,0.0,0.0,-0.7,-1.0,-1.0,-1.0,-0.7,-0.7,-0.7,-1.0,-0.7,-1.0,0.0,-1.0,-1.0,-0.7,-0.7,-1.0,0.0,-1.0,-1.0,-1.0,-0.7,-1.0,-1.0,-0.7,0.0,-1.0,-1.0,-0.7,-0.7,0.0,-0.7,-0.7,-0.7,-0.7,0.0,-1.0,-1.0,-1.0,0.0,-0.7,-1.0,-1.0,-1.0,-0.7,-0.7,-1.0,0.0,-0.7,-0.7,-0.7,-0.7,-0.7,-1.0,-1.0,-0.7,-0.7,0.0,-1.0,-0.7,-1.0,0.0,-0.7,-0.7,-1.0,-1.0,-0.7,-0.7,0.0,-0.7,-1.0,-0.7,0.0,
Kashii,-1.0,-1.0,-1.0,-1.0,-1.0,-1.0,-1.0,-1.0,-1.0,-1.0,-1.0,-1.0,-1.0,-1.0,-1.0,-1.0,-1.0,1.0,-1.0,-1.0,1.0,-1.0,-1.0,-1.0,-1.0,-1.0,-1.0,-1.0,-1.0,-1.0,-1.0,-1.0,-1.0,-1.0,-1.0,-1.0,-1.0,1.0,-1.0,-1.0,-1.0,-1.0,-1.0,-1.0,-1.0,-1.0,-1.0,-1.0,-1.0,-1.0,-1.0,-1.0,-1.0,-1.0,-1.0,-1.0,-1.0,-1.0,-1.0,-1.0,-1.0,-1.0,-1.0,-1.0,-1.0,-1.0,1.0,-1.0,-1.0,-1.0,-1.0,-1.0,1.0,-1.0,-1.0,-1.0,-1.0,-1.0,-1.0,-1.0,-1.0,-1.0,-1.0,-1.0,-1.0,-1.0,-1.0,-1.0,-1.0,-1.0,-1.0,-1.0,-1.0,
Kashii,0.0,-0.7,-1.0,-0.7,-0.7,-0.7,-1.0,-1.0,-0.7,-0.7,-1.0,-1.0,-0.7,-0.7,-0.7,-1.0,-0.7,0.0,-1.0,-1.0,0.0,-0.7,-0.7,-0.7,-1.0,-1.0,-1.0,-1.0,-1.0,0.0,-1.0,-1.0,-1.0,-1.0,-1.0,-1.0,-0.7,0.7,-1.0,-0.7,-1.0,-0.7,-1.0,-0.7,-0.7,-1.0,-1.0,-1.0,-0.7,0.0,0.0,-0.7,0.0,0.0,-0.7,-1.0,0.0,-1.0,-0.7,-0.7,0.0,-0.7,-1.0,-1.0,-1.0,-0.7,1.0,-0.7,-0.7,-0.7,-1.0,-0.7,0.7,-0.7,0.0,-1.0,-1.0,-0.7,0.0,-1.0,-0.7,-1.0,-1.0,0.0,-0.7,-0.7,-0.7,-0.7,-1.0,0.0,-0.7,-1.0,-1.0,
Kashii,-1.0,-1.0,-1.0,-1.0,-0.7,0.0,-0.7,-0.7,-1.0,-1.0,-1.0,0.0,0.0,-0.7,-1.0,-0.7,-0.7,0.0,-0.7,-0.7,0.7,-0.7,-0.7,-0.7,0.0,-1.0,0.0,-0.7,-0.7,0.0,0.0,-0.7,0.0,-1.0,-0.7,-1.0,-1.0,0.0,-1.0,-0.7,-1.0,-0.7,-1.0,-0.7,-0.7,-0.7,0.0,-1.0,-0.7,-0.7,-0.7,0.0,-0.7,0.0,-0.7,-0.7,-1.0,0.0,-1.0,0.0,-0.7,-0.7,-1.0,-1.0,-1.0,0.0,1.0,-1.0,-1.0,0.0,-0.7,-1.0,0.7,-1.0,-1.0,-0.7,-1.0,-1.0,-1.0,-0.7,0.0,-0.7,-1.0,-0.7,-1.0,-0.7,-0.7,-0.7,-1.0,0.0,-1.0,-1.0,0.0,
Karoo,-1.0,-1.0,-1.0,-1.0,-1.0,-1.0,-1.0,-1.0,-1.0,-1.0,-1.0,-1.0,-1.0,-1.0,-1.0,-1.0,-1.0,1.0,-1.0,-1.0,1.0,-1.0,-1.0,-1.0,-1.0,-1.0,-1.0,-1.0,-1.0,-1.0,-1.0,-1.0,-1.0,-1.0,-1.0,-1.0,-1.0,-1.0,-1.0,-1.0,-1.0,-1.0,-1.0,-1.0,-1.0,-1.0,-1.0,-1.0,-1.0,-1.0,-1.0,-1.0,-1.0,-1.0,-1.0,-1.0,-1.0,-1.0,-1.0,-1.0,-1.0,-1.0,-1.0,-1.0,-1.0,-1.0,-1.0,-1.0,-1.0,-1.0,-1.0,-1.0,-1.0,-1.0,-1.0,-1.0,-1.0,-1.0,1.0,1.0,-1.0,-1.0,-1.0,-1.0,-1.0,-1.0,-1.0,-1.0,-1.0,-1.0,-1.0,-1.0,-1.0,
Karoo,0.0,-1.0,-0.7,-1.0,0.0,-0.7,-0.7,-1.0,-0.7,-0.7,-1.0,0.0,-1.0,0.0,-0.7,0.0,-0.7,0.7,-1.0,-0.7,1.0,-1.0,-1.0,-0.7,-0.7,-1.0,-1.0,-0.7,-1.0,-0.7,-1.0,-1.0,-1.0,-1.0,-1.0,0.0,-0.7,-1.0,-0.7,-1.0,-0.7,0.0,-0.7,-0.7,-1.0,-0.7,-1.0,-0.7,0.0,-0.7,0.0,-1.0,-0.7,0.0,-1.0,0.0,-1.0,0.0,-1.0,-1.0,-1.0,-1.0,0.0,-1.0,-0.7,0.0,0.0,0.0,0.0,-1.0,0.0,-1.0,-1.0,-1.0,-0.7,-1.0,-1.0,-0.7,0.7,1.0,-0.7,-1.0,-0.7,-0.7,0.0,0.0,-1.0,-1.0,0.0,-0.7,-0.7,-0.7,-0.7,
Karoo,-1.0,-0.7,0.0,-1.0,-1.0,-0.7,0.0,0.0,-0.7,-0.7,0.0,-1.0,0.0,-1.0,-0.7,0.0,-0.7,1.0,0.0,-0.7,1.0,-1.0,-1.0,-1.0,-0.7,-0.7,0.0,-0.7,-1.0,-1.0,-1.0,0.0,-1.0,-0.7,-0.7,0.0,-1.0,-1.0,-1.0,-1.0,-0.7,-0.7,-0.7,-1.0,-0.7,-1.0,0.0,0.0,-0.7,-1.0,0.0,0.0,-1.0,-0.7,-1.0,-1.0,-1.0,-0.7,-1.0,-1.0,-1.0,-1.0,-0.7,-0.7,-1.0,-1.0,-0.7,0.0,-0.7,-1.0,-0.7,-1.0,-1.0,-0.7,-1.0,0.0,0.0,-1.0,0.0,1.0,-0.7,-0.7,-0.7,-1.0,0.0,-1.0,-0.7,-0.7,0.0,-0.7,-0.7,-1.0,-0.7,
Karasu,-1.0,-1.0,-1.0,-1.0,-1.0,-1.0,-1.0,-1.0,-1.0,-1.0,-1.0,-1.0,-1.0,-1.0,-1.0,-1.0,-1.0,1.0,-1.0,-1.0,1.0,-1.0,-1.0,-1.0,-1.0,-1.0,-1.0,-1.0,-1.0,-1.0,-1.0,-1.0,-1.0,-1.0,-1.0,-1.0,-1.0,1.0,1.0,-1.0,1.0,-1.0,-1.0,-1.0,-1.0,-1.0,-1.0,-1.0,-1.0,-1.0,-1.0,-1.0,-1.0,-1.0,-1.0,-1.0,-1.0,-1.0,-1.0,-1.0,-1.0,-1.0,-1.0,-1.0,-1.0,-1.0,-1.0,-1.0,-1.0,-1.0,-1.0,-1.0,-1.0,-1.0,-1.0,-1.0,-1.0,-1.0,-1.0,-1.0,1.0,-1.0,-1.0,-1.0,-1.0,-1.0,-1.0,-1.0,-1.0,-1.0,-1.0,-1.0,-1.0,
Karasu,-0.7,-0.7,-1.0,-1.0,-1.0,-0.7,0.0,-0.7,-0.7,0.0,-0.7,-1.0,-0.7,-0.7,0.0,0.0,0.0,1.0,-1.0,-0.7,1.0,-0.7,-0.7,-0.7,-0.7,-0.7,-0.7,-0.7,0.0,0.0,-1.0,0.0,-1.0,-0.7,0.0,-0.7,-1.0,0.7,0.0,-0.7,0.0,-0.7,0.0,-1.0,-0.7,-1.0,-0.7,-1.0,-1.0,0.0,-0.7,-1.0,-0.7,-0.7,-0.7,-0.7,-0.7,-1.0,-0.7,-0.7,-0.7,0.0,-0.7,-1.0,-1.0,-0.7,-0.7,-1.0,-0.7,-1.0,-1.0,-0.7,0.0,-1.0,-1.0,-0.7,-1.0,-1.0,0.0,0.0,0.7,-1.0,-1.0,-0.7,-0.7,-0.7,-1.0,-0.7,-1.0,0.0,-0.7,-1.0,0.0,
Karasu,0.0,-0.7,-0.7,-1.0,-1.0,-0.7,0.0,-0.7,-0.7,-0.7,0.0,-0.7,-1.0,0.0,-1.0,-0.7,0.0,0.7,-0.7,-1.0,0.7,0.0,-1.0,-1.0,-1.0,-1.0,-0.7,-1.0,-0.7,-0.7,-0.7,-1.0,-0.7,-0.7,-0.7,0.0,0.0,0.0,0.0,-1.0,0.7,-1.0,0.0,0.0,-1.0,-0.7,0.0,-0.7,-0.7,-1.0,-0.7,-1.0,-0.7,0.0,-0.7,-0.7,-0.7,-1.0,0.0,-1.0,-1.0,0.0,-0.7,-1.0,-1.0,-1.0,0.0,-1.0,0.0,-1.0,-0.7,-0.7,-1.0,-1.0,-1.0,-0.7,0.0,0.0,-1.0,0.0,1.0,0.0,-0.7,0.0,-0.7,-0.7,-0.7,-0.7,0.0,-1.0,0.0,0.0,-0.7,
Kalifa,1.0,-1.0,-1.0,-1.0,-1.0,-1.0,-1.0,-1.0,-1.0,-1.0,-1.0,-1.0,1.0,-1.0,-1.0,-1.0,-1.0,1.0,-1.0,-1.0,1.0,-1.0,-1.0,-1.0,-1.0,-1.0,-1.0,-1.0,-1.0,-1.0,-1.0,-1.0,-1.0,-1.0,-1.0,-1.0,-1.0,1.0,1.0,1.0,-1.0,-1.0,-1.0,-1.0,-1.0,-1.0,-1.0,-1.0,-1.0,-1.0,-1.0,-1.0,-1.0,-1.0,-1.0,-1.0,-1.0,-1.0,-1.0,-1.0,-1.0,-1.0,-1.0,-1.0,-1.0,-1.0,-1.0,-1.0,-1.0,-1.0,-1.0,-1.0,1.0,-1.0,-1.0,-1.0,-1.0,-1.0,-1.0,-1.0,-1.0,-1.0,-1.0,-1.0,-1.0,-1.0,-1.0,-1.0,-1.0,-1.0,-1.0,-1.0,-1.0,
Kalifa,1.0,-1.0,0.0,-0.7,0.0,-1.0,0.0,0.0,0.0,-1.0,-0.7,-1.0,0.7,-0.7,-1.0,-1.0,-0.7,1.0,-0.7,-0.7,0.7,-1.0,-0.7,-1.0,-1.0,-0.7,-0.7,-1.0,-1.0,-1.0,-0.7,-0.7,0.0,-1.0,-0.7,-0.7,0.0,1.0,1.0,1.0,-0.7,0.0,-1.0,-1.0,-1.0,-1.0,0.0,-0.7,-1.0,-1.0,0.0,-0.7,-0.7,-0.7,-0.7,-1.0,-1.0,0.0,-1.0,-0.7,0.0,-0.7,-0.7,-0.7,-1.0,-0.7,-1.0,-1.0,-0.7,-0.7,0.0,-0.7,1.0,0.0,-1.0,-0.7,-0.7,-1.0,-1.0,-0.7,0.0,-0.7,-0.7,-0.7,-0.7,-0.7,-1.0,0.0,-0.7,-1.0,-1.0,-1.0,-1.0,
Kalifa,1.0,-0.7,-0.7,0.0,-1.0,-0.7,0.0,-0.7,-1.0,-0.7,-0.7,0.0,1.0,-0.7,-0.7,-1.0,-1.0,1.0,-1.0,-1.0,0.7,-0.7,0.0,-1.0,-1.0,-1.0,0.0,0.0,-1.0,-1.0,0.0,-0.7,-0.7,-0.7,-0.7,-1.0,-1.0,1.0,0.7,0.0,-1.0,0.0,-0.7,-1.0,-0.7,-1.0,-1.0,-1.0,-1.0,-0.7,0.0,-0.7,-0.7,-0.7,-0.7,-1.0,-1.0,-0.7,-0.7,0.0,-1.0,-0.7,-1.0,0.0,-0.7,-0.7,-0.7,-0.7,-1.0,-0.7,-0.7,-1.0,0.0,-1.0,-1.0,-1.0,0.0,-1.0,0.0,-0.7,-1.0,-0.7,0.0,-0.7,-1.0,-1.0,-1.0,-1.0,-1.0,-0.7,-1.0,-0.7,-1.0,
Kalgara,-1.0,-1.0,-1.0,-1.0,-1.0,-1.0,-1.0,-1.0,-1.0,-1.0,-1.0,-1.0,-1.0,-1.0,-1.0,-1.0,-1.0,-1.0,-1.0,-1.0,-1.0,-1.0,-1.0,-1.0,-1.0,-1.0,-1.0,-1.0,-1.0,-1.0,-1.0,-1.0,-1.0,-1.0,-1.0,-1.0,-1.0,1.0,-1.0,-1.0,-1.0,-1.0,-1.0,-1.0,-1.0,-1.0,-1.0,-1.0,-1.0,-1.0,-1.0,-1.0,-1.0,-1.0,-1.0,-1.0,-1.0,-1.0,-1.0,-1.0,-1.0,-1.0,-1.0,-1.0,-1.0,-1.0,-1.0,-1.0,-1.0,-1.0,-1.0,-1.0,1.0,1.0,-1.0,-1.0,-1.0,-1.0,-1.0,-1.0,-1.0,-1.0,-1.0,-1.0,-1.0,-1.0,-1.0,-1.0,-1.0,-1.0,-1.0,-1.0,-1.0,
Kalgara,0.0,-0.7,0.0,-0.7,-1.0,0.0,-0.7,-1.0,-0.7,-1.0,-1.0,0.0,0.0,-1.0,-0.7,-0.7,-0.7,-0.7,-0.7,-0.7,-1.0,-0.7,-0.7,-1.0,-1.0,-0.7,-1.0,0.0,-1.0,-0.7,0.0,0.0,-0.7,-1.0,-0.7,-1.0,-1.0,0.0,-1.0,-0.7,-0.7,-1.0,0.0,-1.0,-1.0,-1.0,-0.7,-0.7,0.0,-0.7,-0.7,-1.0,-0.7,-0.7,-0.7,-0.7,0.0,-1.0,-0.7,0.0,-1.0,-1.0,-0.7,0.0,0.0,-1.0,0.0,-0.7,-0.7,0.0,0.0,-0.7,0.7,0.7,-1.0,-0.7,0.0,-1.0,0.0,-1.0,-1.0,-1.0,-0.7,-0.7,-1.0,-0.7,-0.7,0.0,-1.0,-0.7,-1.0,-1.0,-1.0,
Kalgara,-1.0,-1.0,-1.0,-1.0,-0.7,-0.7,-1.0,-1.0,-1.0,-0.7,0.0,-0.7,-1.0,-1.0,-1.0,-0.7,-0.7,-0.7,-0.7,0.0,-1.0,-1.0,0.0,-0.7,-0.7,0.0,0.0,-0.7,0.0,-0.7,-1.0,0.0,0.0,-0.7,-0.7,0.0,-0.7,0.7,-1.0,-1.0,-0.7,-0.7,0.0,-1.0,-0.7,0.0,0.0,-0.7,0.0,0.0,-0.7,0.0,-0.7,-0.7,-1.0,0.0,-1.0,-1.0,-1.0,-1.0,0.0,0.0,0.0,-1.0,-1.0,-1.0,-0.7,-1.0,0.0,0.0,-1.0,-0.7,0.7,1.0,-0.7,0.0,0.0,-1.0,-0.7,-0.7,-1.0,-1.0,-0.7,-0.7,-0.7,0.0,-0.7,-0.7,-1.0,0.0,0.0,0.0,-0.7,
Kamakiri,-1.0,-1.0,-1.0,-1.0,-1.0,-1.0,-1.0,-1.0,-1.0,-1.0,-1.0,-1.0,-1.0,-1.0,-1.0,-1.0,-1.0,1.0,-1.0,-1.0,1.0,-1.0,-1.0,-1.0,-1.0,-1.0,-1.0,-1.0,-1.0,-1.0,-1.0,-1.0,-1.0,-1.0,-1.0,-1.0,-1.0,1.0,-1.0,-1.0,-1.0,-1.0,-1.0,-1.0,-1.0,-1.0,-1.0,-1.0,-1.0,-1.0,-1.0,-1.0,-1.0,-1.0,-1.0,-1.0,-1.0,-1.0,-1.0,-1.0,1.0,1.0,-1.0,-1.0,-1.0,-1.0,-1.0,1.0,-1.0,-1.0,-1.0,-1.0,-1.0,1.0,-1.0,-1.0,-1.0,-1.0,-1.0,-1.0,-1.0,-1.0,-1.0,-1.0,-1.0,-1.0,-1.0,-1.0,-1.0,-1.0,-1.0,-1.0,-1.0,
Kamakiri,-0.7,-1.0,-1.0,-1.0,-1.0,-0.7,-1.0,-1.0,-1.0,-0.7,-0.7,-1.0,-1.0,-0.7,-1.0,0.0,-0.7,1.0,0.0,-1.0,0.7,-0.7,-1.0,-0.7,-0.7,0.0,-0.7,-0.7,0.0,-1.0,0.0,0.0,-0.7,-1.0,-0.7,0.0,-0.7,0.0,-1.0,-1.0,-1.0,-0.7,-0.7,0.0,-1.0,-0.7,-0.7,0.0,-0.7,-0.7,-0.7,-0.7,-1.0,-0.7,-1.0,-1.0,-0.7,0.0,0.0,0.0,1.0,0.0,-0.7,-0.7,-1.0,-0.7,-1.0,0.7,-0.7,-0.7,0.0,-1.0,-0.7,0.7,-0.7,-0.7,-1.0,-1.0,-0.7,-1.0,-0.7,-1.0,-0.7,-1.0,-1.0,-0.7,-0.7,-1.0,-1.0,-0.7,-0.7,-0.7,-1.0,
Kamakiri,-1.0,-1.0,-1.0,-1.0,0.0,-1.0,-1.0,-0.7,0.0,0.0,-0.7,-1.0,-1.0,-1.0,-1.0,-0.7,0.0,1.0,-1.0,0.0,0.7,0.0,0.0,-0.7,-0.7,-0.7,-0.7,-1.0,0.0,-0.7,-0.7,-0.7,-1.0,0.0,-1.0,-0.7,-0.7,0.7,-1.0,-1.0,0.0,-1.0,-1.0,-1.0,-0.7,-0.7,-0.7,-1.0,-0.7,-1.0,-0.7,0.0,-0.7,0.0,-0.7,-0.7,-0.7,-0.7,-1.0,-1.0,0.7,0.7,0.0,0.0,0.0,-1.0,-0.7,1.0,-0.7,-1.0,-0.7,-0.7,-1.0,0.7,-0.7,-1.0,0.0,-0.7,-1.0,-1.0,0.0,0.0,-1.0,0.0,-0.7,-1.0,-0.7,-0.7,-1.0,-1.0,-0.7,-0.7,-0.7,
Kaku,-1.0,-1.0,-1.0,-1.0,-1.0,-1.0,-1.0,-1.0,-1.0,-1.0,-1.0,-1.0,1.0,-1.0,-1.0,-1.0,-1.0,1.0,-1.0,-1.0,1.0,-1.0,-1.0,-1.0,-1.0,-1.0,-1.0,-1.0,-1.0,-1.0,-1.0,-1.0,-1.0,-1.0,-1.0,-1.0,-1.0,1.0,1.0,-1.0,-1.0,1.0,-1.0,-1.0,-1.0,-1.0,-1.0,-1.0,-1.0,-1.0,-1.0,-1.0,-1.0,-1.0,-1.0,-1.0,-1.0,-1.0,-1.0,-1.0,-1.0,-1.0,-1.0,-1.0,-1.0,-1.0,-1.0,-1.0,-1.0,-1.0,-1.0,-1.0,1.0,-1.0,-1.0,-1.0,-1.0,-1.0,-1.0,-1.0,-1.0,-1.0,-1.0,-1.0,-1.0,-1.0,-1.0,-1.0,-1.0,-1.0,-1.0,-1.0,-1.0,
Kaku,-1.0,-0.7,-1.0,0.0,-0.7,-1.0,-0.7,-0.7,-1.0,-1.0,0.0,-1.0,1.0,-0.7,-1.0,-1.0,-1.0,0.0,-1.0,-0.7,1.0,-0.7,-0.7,-0.7,-0.7,-0.7,0.0,-1.0,-0.7,0.0,-1.0,0.0,-0.7,-1.0,-1.0,-1.0,-1.0,0.7,1.0,-1.0,0.0,1.0,0.0,-0.7,-0.7,-0.7,-1.0,-0.7,0.0,-1.0,-1.0,-1.0,0.0,0.0,-0.7,-1.0,-0.7,-0.7,-0.7,-1.0,-1.0,-0.7,-1.0,-0.7,-1.0,-1.0,-1.0,-1.0,-0.7,0.0,-1.0,-1.0,0.7,-1.0,0.0,0.0,0.0,-1.0,-1.0,-0.7,-0.7,-1.0,-1.0,-0.7,0.0,-0.7,-0.7,-0.7,-0.7,0.0,-1.0,0.0,-1.0,
Kaku,-1.0,-0.7,-1.0,-1.0,0.0,-1.0,0.0,-0.7,0.0,0.0,-0.7,-0.7,0.0,-0.7,-1.0,0.0,-1.0,1.0,-0.7,-0.7,1.0,-0.7,-1.0,-0.7,-0.7,-0.7,0.0,0.0,-0.7,-0.7,0.0,-0.7,-0.7,-0.7,-0.7,0.0,-1.0,0.7,0.0,0.0,-0.7,0.7,-0.7,-1.0,-0.7,-0.7,-1.0,0.0,-0.7,0.0,-1.0,-0.7,-1.0,-0.7,-0.7,0.0,-0.7,-0.7,-0.7,-1.0,0.0,-1.0,-0.7,-0.7,-0.7,-1.0,-0.7,-1.0,-1.0,-0.7,-0.7,-0.7,0.7,-1.0,-0.7,-0.7,0.0,-1.0,0.0,-1.0,-1.0,-0.7,0.0,-1.0,0.0,-1.0,-1.0,-1.0,-0.7,-1.0,-1.0,-1.0,-0.7,
Kaidou,-1.0,-1.0,-1.0,-1.0,-1.0,-1.0,-1.0,-1.0,-1.0,-1.0,-1.0,-1.0,-1.0,-1.0,-1.0,-1.0,-1.0,-1.0,-1.0,-1.0,-1.0,-1.0,-1.0,-1.0,-1.0,-1.0,-1.0,-1.0,-1.0,-1.0,-1.0,-1.0,-1.0,-1.0,-1.0,-1.0,-1.0,1.0,1.0,-1.0,-1.0,-1.0,-1.0,1.0,-1.0,-1.0,-1.0,1.0,-1.0,-1.0,-1.0,1.0,-1.0,1.0,-1.0,-1.0,-1.0,-1.0,-1.0,-1.0,-1.0,-1.0,-1.0,-1.0,-1.0,-1.0,-1.0,-1.0,-1.0,-1.0,-1.0,-1.0,-1.0,-1.0,-1.0,-1.0,1.0,-1.0,-1.0,-1.0,-1.0,-1.0,-1.0,-1.0,-1.0,-1.0,-1.0,-1.0,-1.0,-1.0,-1.0,-1.0,-1.0,
Kaidou,-1.0,-1.0,-1.0,-1.0,-0.7,-1.0,-0.7,-1.0,-0.7,-0.7,-1.0,-1.0,-1.0,-0.7,-1.0,-1.0,-0.7,-1.0,-0.7,-1.0,0.0,-1.0,-1.0,-0.7,-1.0,0.0,0.0,-0.7,0.0,-0.7,-1.0,0.0,0.0,-1.0,-0.7,0.0,-0.7,1.0,1.0,0.0,-0.7,-0.7,0.0,1.0,-0.7,-0.7,-1.0,0.7,0.0,-1.0,0.0,0.0,0.0,0.7,0.0,-0.7,0.0,-1.0,-0.7,-1.0,-1.0,-0.7,-1.0,-0.7,0.0,-1.0,0.0,-1.0,-0.7,-1.0,-1.0,-0.7,-0.7,-0.7,0.0,-1.0,0.7,-0.7,-1.0,-0.7,0.0,-0.7,-0.7,-0.7,-1.0,-0.7,-0.7,-1.0,-0.7,0.0,-0.7,-0.7,-0.7,
Kaidou,0.0,-0.7,0.0,0.0,-0.7,-0.7,-1.0,-0.7,-1.0,0.0,-1.0,-1.0,0.0,-0.7,-1.0,-1.0,-0.7,-0.7,-0.7,-0.7,-1.0,-0.7,-1.0,-1.0,-0.7,-0.7,-0.7,-0.7,-0.7,-0.7,-0.7,-1.0,0.0,-0.7,0.0,-0.7,-1.0,0.0,0.7,-0.7,-0.7,-1.0,-0.7,1.0,0.0,-0.7,-1.0,0.0,0.0,-0.7,-0.7,0.0,-0.7,0.7,-0.7,-0.7,0.0,-1.0,-0.7,-1.0,-0.7,-1.0,0.0,-1.0,-0.7,0.0,-1.0,-0.7,0.0,-1.0,-1.0,0.0,-0.7,-1.0,-1.0,-0.7,0.7,-0.7,-0.7,-0.7,0.0,-1.0,0.0,-0.7,-1.0,-1.0,-0.7,-1.0,-1.0,-0.7,-0.7,-1.0,-0.7,
Kabu,-1.0,-1.0,-1.0,-1.0,-1.0,-1.0,-1.0,-1.0,-1.0,-1.0,-1.0,-1.0,-1.0,1.0,-1.0,-1.0,-1.0,1.0,-1.0,-1.0,1.0,-1.0,-1.0,-1.0,-1.0,-1.0,-1.0,-1.0,-1.0,-1.0,-1.0,-1.0,-1.0,-1.0,-1.0,-1.0,-1.0,-1.0,1.0,-1.0,-1.0,1.0,-1.0,-1.0,-1.0,-1.0,-1.0,-1.0,-1.0,-1.0,-1.0,-1.0,-1.0,-1.0,-1.0,-1.0,-1.0,-1.0,-1.0,-1.0,-1.0,-1.0,-1.0,-1.0,-1.0,-1.0,-1.0,-1.0,-1.0,-1.0,-1.0,-1.0,-1.0,-1.0,-1.0,-1.0,1.0,-1.0,-1.0,-1.0,-1.0,-1.0,-1.0,-1.0,-1.0,-1.0,-1.0,-1.0,-1.0,-1.0,-1.0,-1.0,-1.0,
Kabu,-0.7,0.0,-1.0,-0.7,-0.7,-0.7,-1.0,-0.7,-1.0,-1.0,0.0,-1.0,-1.0,1.0,-1.0,-0.7,-1.0,0.7,-1.0,-1.0,1.0,0.0,0.0,-1.0,-1.0,-1.0,-1.0,-0.7,-0.7,-1.0,-0.7,-1.0,-0.7,-0.7,-0.7,0.0,0.0,-0.7,0.7,-1.0,0.0,0.7,-0.7,-1.0,-0.7,0.0,-1.0,-0.7,-1.0,-0.7,-1.0,-0.7,-0.7,-1.0,-1.0,-1.0,-0.7,0.0,-1.0,-0.7,-1.0,-1.0,-1.0,-0.7,-0.7,-0.7,-1.0,-1.0,-1.0,0.0,-1.0,-1.0,-1.0,-0.7,-1.0,-1.0,0.0,-0.7,-1.0,-0.7,-1.0,-0.7,0.0,-1.0,0.0,-0.7,0.0,-0.7,-1.0,-1.0,-0.7,-1.0,-1.0,
Kabu,-0.7,-0.7,-1.0,-0.7,-0.7,-0.7,-1.0,-0.7,0.0,-1.0,-0.7,-1.0,-1.0,0.0,-1.0,-0.7,-1.0,1.0,-1.0,-0.7,0.7,-1.0,0.0,-1.0,0.0,-1.0,0.0,-0.7,0.0,-0.7,-0.7,-1.0,-0.7,0.0,-0.7,-0.7,-1.0,0.0,1.0,-1.0,-1.0,0.7,-0.7,-1.0,-0.7,-1.0,-1.0,-0.7,-1.0,-1.0,-1.0,-0.7,-1.0,-0.7,-0.7,-1.0,-1.0,-0.7,-0.7,0.0,-1.0,0.0,-1.0,-1.0,-0.7,-0.7,-1.0,-1.0,-1.0,-1.0,-0.7,-0.7,0.0,-0.7,-1.0,0.0,0.7,-1.0,-1.0,-1.0,0.0,-0.7,-0.7,0.0,0.0,-1.0,0.0,-1.0,0.0,0.0,-0.7,-0.7,-0.7,
Jozu,-1.0,-1.0,-1.0,-1.0,-1.0,-1.0,-1.0,-1.0,-1.0,-1.0,-1.0,-1.0,-1.0,1.0,-1.0,-1.0,-1.0,1.0,-1.0,-1.0,1.0,-1.0,-1.0,-1.0,-1.0,-1.0,-1.0,-1.0,-1.0,-1.0,-1.0,-1.0,-1.0,-1.0,-1.0,-1.0,-1.0,1.0,1.0,1.0,-1.0,-1.0,-1.0,-1.0,-1.0,-1.0,-1.0,-1.0,-1.0,-1.0,-1.0,-1.0,-1.0,-1.0,-1.0,-1.0,-1.0,-1.0,-1.0,-1.0,-1.0,-1.0,-1.0,-1.0,-1.0,-1.0,-1.0,-1.0,-1.0,-1.0,-1.0,-1.0,-1.0,1.0,-1.0,-1.0,-1.0,-1.0,-1.0,-1.0,-1.0,-1.0,-1.0,-1.0,-1.0,-1.0,-1.0,-1.0,-1.0,-1.0,-1.0,-1.0,-1.0,
Jozu,-1.0,-1.0,-1.0,0.0,-0.7,-0.7,-1.0,0.0,-1.0,-1.0,-1.0,0.0,0.0,0.0,-0.7,0.0,-0.7,1.0,-0.7,0.0,0.7,-0.7,-1.0,-0.7,0.0,-1.0,0.0,-1.0,0.0,-0.7,-1.0,-1.0,0.0,-0.7,-0.7,-1.0,-1.0,0.7,0.7,0.0,-0.7,-1.0,-0.7,-0.7,-1.0,0.0,-0.7,-1.0,0.0,0.0,0.0,0.0,-1.0,0.0,-0.7,-0.7,0.0,-1.0,0.0,-0.7,-0.7,-0.7,-0.7,-0.7,0.0,-1.0,0.0,-0.7,0.0,-1.0,0.0,-0.7,0.0,1.0,0.0,0.0,-0.7,-0.7,-0.7,-1.0,-0.7,0.0,-1.0,-0.7,-0.7,-1.0,-0.7,0.0,-0.7,-0.7,-0.7,-1.0,-1.0,
Jozu,-1.0,-1.0,0.0,-0.7,-1.0,-0.7,-0.7,-1.0,-1.0,-1.0,-0.7,-1.0,-0.7,1.0,-1.0,0.0,-1.0,0.7,-1.0,-0.7,1.0,0.0,-0.7,-0.7,-0.7,-1.0,-0.7,-1.0,-1.0,-1.0,0.0,-0.7,-0.7,0.0,-0.7,-0.7,0.0,1.0,1.0,0.7,-0.7,-1.0,-1.0,-1.0,0.0,0.0,-1.0,-0.7,-0.7,-1.0,0.0,-0.7,-1.0,-1.0,0.0,-1.0,-1.0,-1.0,-1.0,-1.0,0.0,-0.7,-0.7,-1.0,-1.0,0.0,-1.0,0.0,-0.7,-0.7,-1.0,-0.7,0.0,1.0,-1.0,-0.7,-0.7,-0.7,-0.7,-0.7,-1.0,-1.0,-0.7,-0.7,0.0,0.0,-1.0,-0.7,0.0,-0.7,-1.0,0.0,-0.7,
Johnny,-1.0,-1.0,-1.0,-1.0,-1.0,-1.0,-1.0,-1.0,-1.0,-1.0,-1.0,-1.0,-1.0,-1.0,-1.0,-1.0,-1.0,1.0,-1.0,-1.0,1.0,-1.0,-1.0,-1.0,-1.0,-1.0,-1.0,-1.0,-1.0,-1.0,-1.0,-1.0,-1.0,-1.0,-1.0,-1.0,-1.0,1.0,-1.0,-1.0,-1.0,-1.0,-1.0,-1.0,-1.0,-1.0,-1.0,-1.0,-1.0,-1.0,-1.0,-1.0,-1.0,-1.0,-1.0,-1.0,-1.0,-1.0,-1.0,-1.0,-1.0,-1.0,-1.0,-1.0,-1.0,-1.0,-1.0,-1.0,-1.0,-1.0,-1.0,-1.0,-1.0,-1.0,-1.0,-1.0,-1.0,-1.0,-1.0,-1.0,-1.0,-1.0,1.0,-1.0,-1.0,-1.0,-1.0,-1.0,-1.0,-1.0,-1.0,-1.0,-1.0,
Johnny,-0.7,-0.7,-0.7,-1.0,0.0,0.0,-1.0,-0.7,-0.7,-1.0,0.0,-1.0,-1.0,0.0,-1.0,-0.7,0.0,0.7,-1.0,-1.0,0.0,-0.7,-0.7,-1.0,0.0,-0.7,-0.7,-0.7,-0.7,-1.0,0.0,-1.0,-1.0,-1.0,-1.0,-0.7,-1.0,1.0,0.0,0.0,-1.0,-1.0,-1.0,0.0,-1.0,-0.7,-1.0,-0.7,-0.7,-1.0,-1.0,-0.7,-1.0,-1.0,-1.0,-0.7,-0.7,-1.0,-0.7,-0.7,-0.7,0.0,-1.0,-0.7,-1.0,-0.7,-0.7,-0.7,-0.7,-1.0,-0.7,-1.0,-1.0,0.0,-1.0,-0.7,-1.0,-1.0,-0.7,-1.0,0.0,-0.7,0.0,0.0,-0.7,-0.7,-0.7,-1.0,0.0,-1.0,-0.7,-0.7,-0.7,
Johnny,-0.7,-1.0,-0.7,0.0,-0.7,-1.0,-0.7,-1.0,-0.7,-1.0,-0.7,-0.7,-0.7,0.0,-1.0,0.0,-0.7,0.7,-0.7,-0.7,1.0,0.0,-1.0,-1.0,-1.0,-0.7,0.0,-1.0,-1.0,-1.0,0.0,-1.0,-1.0,-1.0,0.0,-1.0,0.0,0.7,-1.0,-0.7,-0.7,-1.0,0.0,-0.7,0.0,-0.7,0.0,-0.7,-0.7,-0.7,-1.0,-1.0,-0.7,-0.7,-0.7,-0.7,-1.0,-1.0,-0.7,-1.0,-0.7,-1.0,-1.0,-1.0,-1.0,0.0,-0.7,-1.0,0.0,-1.0,-0.7,-0.7,0.0,-1.0,-1.0,-1.0,-0.7,-1.0,-1.0,-0.7,-1.0,0.0,0.7,-0.7,-1.0,-1.0,-0.7,-0.7,-1.0,0.0,0.0,-0.7,-1.0,
Jorul,-1.0,-1.0,-1.0,-1.0,-1.0,-1.0,-1.0,-1.0,-1.0,-1.0,-1.0,-1.0,-1.0,-1.0,1.0,-1.0,-1.0,-1.0,-1.0,-1.0,-1.0,-1.0,-1.0,-1.0,-1.0,-1.0,-1.0,-1.0,-1.0,-1.0,-1.0,-1.0,-1.0,-1.0,-1.0,-1.0,-1.0,1.0,-1.0,-1.0,-1.0,-1.0,-1.0,-1.0,-1.0,-1.0,-1.0,-1.0,-1.0,-1.0,-1.0,-1.0,-1.0,-1.0,-1.0,-1.0,-1.0,-1.0,-1.0,-1.0,-1.0,-1.0,-1.0,-1.0,-1.0,-1.0,1.0,-1.0,-1.0,-1.0,-1.0,-1.0,-1.0,-1.0,-1.0,-1.0,-1.0,1.0,-1.0,-1.0,-1.0,-1.0,-1.0,-1.0,-1.0,-1.0,-1.0,-1.0,-1.0,-1.0,-1.0,-1.0,-1.0,
Jorul,-0.7,-1.0,-1.0,-1.0,-1.0,-1.0,-1.0,0.0,-1.0,-1.0,-0.7,-0.7,-1.0,0.0,1.0,0.0,-1.0,-1.0,0.0,-0.7,0.0,-0.7,-1.0,0.0,-1.0,-0.7,-1.0,-1.0,-0.7,-0.7,-0.7,-1.0,-1.0,-0.7,0.0,0.0,-1.0,1.0,-0.7,-0.7,-0.7,0.0,-1.0,-1.0,0.0,-0.7,-0.7,-1.0,-0.7,-0.7,-0.7,-0.7,-0.7,0.0,-0.7,-1.0,-1.0,0.0,-0.7,-1.0,-1.0,-1.0,-1.0,0.0,-1.0,-1.0,0.7,-0.7,0.0,-0.7,-1.0,0.0,-0.7,-1.0,-1.0,0.0,-1.0,1.0,-1.0,-0.7,-0.7,-1.0,-1.0,-1.0,-0.7,-1.0,-1.0,-1.0,-0.7,-0.7,0.0,-1.0,0.0,
Jorul,-1.0,0.0,0.0,0.0,-1.0,-1.0,-0.7,-0.7,-0.7,-0.7,-1.0,-0.7,-1.0,-0.7,0.0,-0.7,-0.7,-1.0,-1.0,-1.0,0.0,-1.0,0.0,-1.0,-0.7,-0.7,-0.7,-0.7,-0.7,-0.7,0.0,-1.0,-0.7,-0.7,-1.0,-0.7,-1.0,1.0,-0.7,-1.0,0.0,-0.7,-0.7,0.0,-1.0,-1.0,0.0,0.0,-1.0,0.0,-0.7,-1.0,-0.7,0.0,-1.0,-0.7,-1.0,0.0,-1.0,-1.0,0.0,0.0,-0.7,-1.0,-0.7,0.0,0.7,-1.0,0.0,0.0,-0.7,0.0,-1.0,-0.7,-1.0,0.0,0.0,0.0,-0.7,-0.7,0.0,-0.7,-1.0,-1.0,0.0,-1.0,-1.0,-0.7,0.0,-1.0,-1.0,0.0,-1.0,
Jigoku Benten,-1.0,-1.0,-1.0,-1.0,-1.0,-1.0,-1.0,-1.0,-1.0,-1.0,-1.0,-1.0,-1.0,1.0,-1.0,-1.0,-1.0,1.0,-1.0,-1.0,1.0,-1.0,-1.0,-1.0,-1.0,-1.0,-1.0,-1.0,-1.0,-1.0,-1.0,-1.0,-1.0,-1.0,-1.0,-1.0,-1.0,1.0,-1.0,-1.0,-1.0,-1.0,-1.0,-1.0,-1.0,-1.0,-1.0,-1.0,-1.0,-1.0,-1.0,-1.0,-1.0,-1.0,-1.0,-1.0,-1.0,-1.0,-1.0,-1.0,-1.0,-1.0,-1.0,-1.0,-1.0,-1.0,-1.0,-1.0,-1.0,-1.0,-1.0,-1.0,-1.0,-1.0,-1.0,1.0,-1.0,-1.0,-1.0,-1.0,-1.0,-1.0,-1.0,-1.0,-1.0,-1.0,-1.0,-1.0,-1.0,-1.0,-1.0,-1.0,-1.0,
Jigoku Benten,0.0,-1.0,-1.0,0.0,-1.0,-1.0,0.0,-0.7,-1.0,-0.7,0.0,0.0,-1.0,0.7,-0.7,-1.0,-0.7,1.0,-1.0,-1.0,0.7,-1.0,-0.7,-1.0,-0.7,-1.0,-0.7,-0.7,-1.0,-0.7,0.0,-1.0,-1.0,-0.7,0.0,-0.7,-0.7,0.7,0.0,-1.0,-0.7,0.0,-0.7,-1.0,0.0,-1.0,-0.7,-1.0,0.0,-1.0,0.0,-1.0,-0.7,-1.0,-0.7,-1.0,0.0,-0.7,-0.7,0.0,-1.0,-0.7,-1.0,-1.0,-0.7,-1.0,-0.7,-1.0,-1.0,-0.7,-0.7,-1.0,-0.7,-0.7,-0.7,0.0,0.0,-0.7,-0.7,-1.0,-1.0,-0.7,0.0,-1.0,-1.0,-0.7,-1.0,-0.7,-1.0,0.0,0.0,-1.0,-1.0,
Jigoku Benten,0.0,0.0,0.0,-1.0,-1.0,-0.7,0.0,-1.0,0.0,-1.0,-1.0,-0.7,-0.7,1.0,-0.7,-0.7,-0.7,1.0,0.0,-1.0,0.7,-0.7,0.0,-1.0,-1.0,-1.0,-1.0,-1.0,-1.0,-0.7,-1.0,-1.0,-1.0,0.0,-1.0,-1.0,-0.7,1.0,-0.7,-1.0,-1.0,0.0,-1.0,-0.7,-0.7,0.0,0.0,-1.0,0.0,-1.0,0.0,-1.0,-1.0,-1.0,-1.0,0.0,-1.0,-1.0,-1.0,-1.0,-1.0,-0.7,0.0,-0.7,0.0,-0.7,-1.0,-0.7,0.0,-0.7,-0.7,-0.7,0.0,-0.7,-0.7,1.0,-1.0,-0.7,-0.7,-1.0,-0.7,-1.0,-1.0,-1.0,-0.7,-1.0,0.0,0.0,-1.0,-1.0,-1.0,-0.7,-1.0,
Jinbe,-1.0,-1.0,-1.0,-1.0,-1.0,-1.0,-1.0,-1.0,-1.0,-1.0,-1.0,-1.0,-1.0,1.0,1.0,-1.0,-1.0,1.0,-1.0,-1.0,1.0,-1.0,-1.0,-1.0,-1.0,-1.0,-1.0,-1.0,-1.0,-1.0,-1.0,-1.0,-1.0,-1.0,-1.0,-1.0,-1.0,1.0,-1.0,-1.0,-1.0,-1.0,-1.0,-1.0,-1.0,-1.0,-1.0,-1.0,-1.0,-1.0,-1.0,-1.0,1.0,1.0,-1.0,-1.0,-1.0,-1.0,-1.0,-1.0,-1.0,-1.0,-1.0,-1.0,1.0,-1.0,-1.0,-1.0,-1.0,-1.0,-1.0,-1.0,-1.0,-1.0,-1.0,-1.0,-1.0,-1.0,-1.0,-1.0,-1.0,-1.0,-1.0,-1.0,-1.0,1.0,1.0,-1.0,-1.0,-1.0,-1.0,1.0,-1.0,
Jinbe,-1.0,-1.0,-1.0,-0.7,0.0,0.0,-0.7,-0.7,-1.0,0.0,-1.0,-0.7,-1.0,0.7,0.7,0.0,-0.7,1.0,0.0,-0.7,1.0,-1.0,-1.0,-1.0,-0.7,0.0,-1.0,0.0,-0.7,0.0,-0.7,-0.7,-1.0,-0.7,-1.0,-1.0,0.0,0.7,-0.7,-0.7,-0.7,-0.7,-1.0,0.0,-0.7,-0.7,-1.0,-0.7,-1.0,0.0,-0.7,-0.7,1.0,0.0,-0.7,-0.7,-1.0,-1.0,-0.7,-0.7,-0.7,-0.7,-1.0,-1.0,1.0,-1.0,-1.0,-0.7,-0.7,0.0,-0.7,-1.0,-0.7,-1.0,0.0,-0.7,-1.0,-0.7,0.0,0.0,-1.0,-1.0,0.0,0.0,0.0,0.0,0.7,0.0,-1.0,0.0,-1.0,0.7,-0.7,
Jinbe,0.0,-1.0,0.0,-0.7,-0.7,0.0,-0.7,0.0,-0.7,-0.7,0.0,0.0,-1.0,1.0,0.7,0.0,-0.7,0.7,-1.0,-0.7,1.0,-1.0,-1.0,-1.0,0.0,-1.0,-0.7,-1.0,0.0,-0.7,-1.0,-1.0,-1.0,-0.7,-1.0,-1.0,-0.7,1.0,-0.7,-1.0,0.0,-0.7,-1.0,-1.0,-0.7,0.0,-0.7,-1.0,-0.7,-1.0,-0.7,-1.0,0.7,0.0,0.0,-0.7,-1.0,-0.7,-0.7,-1.0,-0.7,-0.7,-0.7,-1.0,0.7,-1.0,-1.0,-0.7,-1.0,-0.7,-1.0,-1.0,-0.7,-0.7,0.0,0.0,-0.7,0.0,-1.0,-1.0,-0.7,-1.0,-0.7,-1.0,-1.0,0.0,0.7,-1.0,-0.7,0.0,-1.0,0.7,-0.7,
Jewelry Bonney,1.0,-1.0,-1.0,-1.0,-1.0,-1.0,-1.0,-1.0,-1.0,-1.0,-1.0,-1.0,-1.0,-1.0,1.0,-1.0,-1.0,1.0,-1.0,-1.0,1.0,-1.0,-1.0,-1.0,-1.0,-1.0,-1.0,-1.0,-1.0,-1.0,-1.0,-1.0,-1.0,-1.0,-1.0,-1.0,-1.0,-1.0,1.0,1.0,-1.0,-1.0,-1.0,-1.0,-1.0,-1.0,-1.0,-1.0,-1.0,-1.0,-1.0,-1.0,-1.0,-1.0,-1.0,-1.0,-1.0,-1.0,-1.0,-1.0,-1.0,-1.0,-1.0,1.0,-1.0,-1.0,-1.0,-1.0,-1.0,-1.0,-1.0,-1.0,-1.0,-1.0,-1.0,-1.0,-1.0,-1.0,-1.0,1.0,-1.0,-1.0,-1.0,-1.0,-1.0,-1.0,-1.0,-1.0,-1.0,-1.0,-1.0,-1.0,-1.0,
Jewelry Bonney,0.7,0.0,-1.0,-0.7,-1.0,-0.7,0.0,-1.0,-1.0,0.0,0.0,0.0,0.0,-0.7,0.0,0.0,-1.0,0.0,-0.7,-1.0,0.7,-0.7,0.0,0.0,0.0,-1.0,-0.7,-1.0,-0.7,-0.7,-0.7,-1.0,-0.7,-0.7,-1.0,0.0,-0.7,-0.7,0.0,1.0,-0.7,0.0,-1.0,-1.0,-1.0,0.0,-0.7,-0.7,-1.0,-0.7,-0.7,0.0,-1.0,-1.0,-1.0,-0.7,-0.7,-0.7,0.0,-0.7,-0.7,-0.7,0.0,0.7,-0.7,-0.7,0.0,0.0,-1.0,0.0,-0.7,0.0,0.0,-0.7,-0.7,-1.0,-1.0,-0.7,-1.0,0.0,-1.0,-0.7,-0.7,-0.7,-0.7,-0.7,-1.0,0.0,-0.7,-1.0,-0.7,-0.7,-1.0,
Jewelry Bonney,0.0,-1.0,-0.7,-1.0,-0.7,-0.7,-0.7,-1.0,-0.7,-0.7,-1.0,-1.0,0.0,-0.7,0.7,0.0,0.0,1.0,0.0,-1.0,1.0,-1.0,-0.7,-0.7,-0.7,-1.0,-1.0,-0.7,-0.7,-1.0,0.0,-0.7,-1.0,-0.7,-1.0,-0.7,-0.7,-1.0,0.7,0.7,-0.7,-1.0,-1.0,-1.0,-0.7,0.0,-0.7,-1.0,-1.0,-0.7,0.0,0.0,-1.0,0.0,-1.0,0.0,0.0,-1.0,-1.0,-1.0,-0.7,-1.0,-0.7,0.7,-1.0,-0.7,0.0,-1.0,-0.7,-0.7,-0.7,-1.0,-1.0,-0.7,0.0,0.0,-0.7,-0.7,-1.0,0.0,-1.0,-0.7,-1.0,0.0,-1.0,-0.7,-0.7,-1.0,-1.0,0.0,-0.7,-0.7,0.0,
Jigoro,-1.0,-1.0,-1.0,-1.0,-1.0,-1.0,-1.0,-1.0,-1.0,-1.0,-1.0,-1.0,-1.0,-1.0,-1.0,-1.0,-1.0,-1.0,-1.0,-1.0,-1.0,-1.0,-1.0,-1.0,-1.0,-1.0,-1.0,-1.0,-1.0,-1.0,-1.0,-1.0,-1.0,-1.0,-1.0,-1.0,-1.0,1.0,-1.0,-1.0,-1.0,-1.0,-1.0,-1.0,-1.0,-1.0,-1.0,-1.0,-1.0,-1.0,-1.0,-1.0,-1.0,-1.0,-1.0,-1.0,-1.0,-1.0,-1.0,-1.0,-1.0,-1.0,-1.0,-1.0,-1.0,-1.0,-1.0,-1.0,-1.0,-1.0,-1.0,-1.0,-1.0,-1.0,-1.0,-1.0,-1.0,-1.0,-1.0,-1.0,-1.0,-1.0,-1.0,-1.0,1.0,-1.0,-1.0,-1.0,-1.0,-1.0,-1.0,-1.0,-1.0,
Jigoro,-1.0,0.0,-0.7,-0.7,-1.0,0.0,-1.0,-0.7,-0.7,-0.7,-1.0,0.0,-1.0,-1.0,-1.0,-0.7,0.0,0.0,-0.7,-0.7,-0.7,-0.7,0.0,-1.0,-1.0,-1.0,-1.0,0.0,-0.7,-1.0,-1.0,0.0,-0.7,-0.7,-1.0,-1.0,-0.7,0.7,-1.0,-1.0,-1.0,-0.7,0.0,0.0,-0.7,0.0,-1.0,-1.0,-1.0,-1.0,0.0,0.0,-1.0,-0.7,-1.0,-0.7,-1.0,-1.0,0.0,0.0,-1.0,-1.0,-0.7,-0.7,-1.0,-0.7,0.0,-1.0,-1.0,0.0,-0.7,-0.7,-1.0,0.0,-1.0,-1.0,-0.7,0.0,0.0,-0.7,0.0,-0.7,-1.0,-1.0,1.0,-0.7,-1.0,-1.0,-0.7,-1.0,-0.7,-1.0,-0.7,
Jigoro,0.0,0.0,-1.0,-0.7,-1.0,-1.0,-0.7,-0.7,-1.0,-1.0,-1.0,-1.0,-1.0,0.0,-1.0,-1.0,-1.0,-0.7,-0.7,-1.0,-0.7,-0.7,-1.0,-0.7,-1.0,0.0,-1.0,-1.0,-0.7,-0.7,-0.7,0.0,-1.0,0.0,-0.7,0.0,-1.0,1.0,-0.7,-1.0,-1.0,-1.0,-1.0,-1.0,0.0,-0.7,-1.0,-0.7,-0.7,-0.7,-1.0,0.0,-0.7,-0.7,-0.7,-0.7,-1.0,-0.7,-1.0,-1.0,-0.7,-1.0,-0.7,0.0,0.0,-0.7,-1.0,-0.7,-1.0,0.0,0.0,0.0,-0.7,-0.7,-0.7,-1.0,0.0,-1.0,0.0,0.0,-1.0,-0.7,0.0,0.0,0.0,0.0,0.0,0.0,-0.7,-1.0,-0.7,-1.0,-0.7,
Jerry,-1.0,-1.0,-1.0,-1.0,-1.0,-1.0,-1.0,-1.0,-1.0,-1.0,-1.0,-1.0,1.0,-1.0,-1.0,-1.0,-1.0,1.0,-1.0,-1.0,1.0,-1.0,-1.0,-1.0,-1.0,-1.0,-1.0,-1.0,-1.0,-1.0,-1.0,-1.0,-1.0,-1.0,-1.0,-1.0,-1.0,1.0,-1.0,-1.0,-1.0,-1.0,-1.0,-1.0,-1.0,-1.0,-1.0,-1.0,-1.0,-1.0,-1.0,-1.0,-1.0,-1.0,-1.0,-1.0,-1.0,-1.0,-1.0,-1.0,-1.0,-1.0,-1.0,-1.0,-1.0,-1.0,-1.0,-1.0,-1.0,-1.0,-1.0,-1.0,1.0,-1.0,-1.0,-1.0,-1.0,-1.0,-1.0,-1.0,-1.0,-1.0,-1.0,-1.0,-1.0,-1.0,-1.0,-1.0,-1.0,-1.0,-1.0,-1.0,-1.0,
Jerry,-0.7,0.0,-1.0,-0.7,0.0,-0.7,-0.7,-0.7,-1.0,-1.0,-0.7,-1.0,1.0,0.0,-0.7,0.0,-1.0,1.0,-0.7,-1.0,1.0,0.0,-0.7,-1.0,-1.0,-0.7,-0.7,-1.0,-0.7,-1.0,-1.0,-1.0,-1.0,-1.0,-0.7,-1.0,-0.7,0.7,0.0,-1.0,0.0,-1.0,-0.7,-0.7,-0.7,0.0,-1.0,-0.7,-0.7,-0.7,-1.0,-1.0,-0.7,-1.0,0.0,-0.7,-0.7,-1.0,-1.0,-1.0,-0.7,-0.7,-1.0,0.0,-1.0,-1.0,-0.7,-1.0,-1.0,-0.7,0.0,-1.0,1.0,0.0,-0.7,-1.0,-1.0,-0.7,-1.0,-0.7,-0.7,-0.7,-1.0,-0.7,0.0,-1.0,-1.0,0.0,-1.0,0.0,0.0,-0.7,-0.7,
Jerry,-1.0,-0.7,-0.7,-1.0,-0.7,0.0,0.0,0.0,-0.7,-1.0,-0.7,-0.7,1.0,0.0,0.0,-0.7,-1.0,0.7,-1.0,-1.0,0.7,-0.7,-1.0,0.0,-1.0,-0.7,0.0,-0.7,-0.7,-1.0,-1.0,-1.0,-0.7,-0.7,0.0,-1.0,-0.7,0.7,-0.7,-1.0,-1.0,-0.7,-1.0,-1.0,0.0,0.0,-1.0,-0.7,-0.7,-0.7,-1.0,-0.7,-0.7,-0.7,0.0,-1.0,-0.7,0.0,0.0,-0.7,-0.7,0.0,-1.0,-0.7,-1.0,-0.7,-0.7,-1.0,0.0,-1.0,-1.0,0.0,1.0,-0.7,-1.0,-1.0,-0.7,-1.0,-0.7,0.0,0.0,0.0,-1.0,-0.7,-0.7,0.0,-1.0,-0.7,-1.0,-1.0,-0.7,-0.7,-1.0,
Jesus Burgess,-1.0,-1.0,-1.0,-1.0,-1.0,-1.0,-1.0,-1.0,-1.0,-1.0,-1.0,-1.0,-1.0,-1.0,-1.0,-1.0,-1.0,1.0,-1.0,-1.0,1.0,-1.0,-1.0,-1.0,-1.0,-1.0,-1.0,-1.0,-1.0,-1.0,-1.0,-1.0,-1.0,-1.0,-1.0,-1.0,-1.0,1.0,1.0,1.0,-1.0,-1.0,-1.0,-1.0,-1.0,-1.0,-1.0,-1.0,-1.0,-1.0,-1.0,-1.0,-1.0,-1.0,-1.0,-1.0,-1.0,-1.0,-1.0,-1.0,-1.0,-1.0,-1.0,-1.0,-1.0,-1.0,-1.0,-1.0,-1.0,-1.0,-1.0,-1.0,-1.0,1.0,-1.0,-1.0,-1.0,-1.0,-1.0,-1.0,-1.0,-1.0,-1.0,-1.0,-1.0,-1.0,-1.0,-1.0,-1.0,-1.0,-1.0,-1.0,-1.0,
Jesus Burgess,-1.0,-1.0,-1.0,-1.0,0.0,-0.7,-1.0,-1.0,0.0,0.0,-0.7,-1.0,-0.7,-0.7,-0.7,-0.7,-1.0,0.0,0.0,-1.0,0.0,-0.7,0.0,0.0,-1.0,-1.0,-1.0,-1.0,-1.0,-1.0,-1.0,-1.0,-1.0,-1.0,-1.0,0.0,0.0,1.0,0.7,0.0,-0.7,-0.7,0.0,-1.0,-1.0,-0.7,-0.7,-1.0,0.0,0.0,-1.0,-0.7,0.0,-1.0,-1.0,0.0,-1.0,-0.7,-1.0,0.0,-1.0,-1.0,-0.7,-1.0,-1.0,-1.0,-0.7,-1.0,-1.0,0.0,-1.0,0.0,-0.7,0.0,-1.0,-0.7,-0.7,-1.0,-0.7,-1.0,-1.0,0.0,-0.7,-0.7,-1.0,-0.7,-1.0,0.0,-1.0,0.0,0.0,-1.0,-1.0,
Jesus Burgess,0.0,-0.7,-1.0,0.0,0.0,-0.7,0.0,-0.7,-0.7,-1.0,0.0,-1.0,-1.0,-0.7,-1.0,-0.7,-1.0,1.0,-0.7,-0.7,0.7,-0.7,-0.7,-0.7,-1.0,-1.0,0.0,-0.7,-1.0,-1.0,0.0,0.0,-0.7,-0.7,0.0,-0.7,-0.7,0.0,1.0,0.7,-1.0,-1.0,0.0,-0.7,-0.7,-0.7,0.0,0.0,-0.7,-0.7,-0.7,-0.7,0.0,-1.0,-0.7,-1.0,-0.7,-1.0,0.0,-0.7,0.0,0.0,0.0,-1.0,-1.0,-0.7,-0.7,-1.0,0.0,-0.7,-0.7,0.0,0.0,1.0,-0.7,-0.7,-0.7,-0.7,-1.0,-1.0,-1.0,-1.0,-1.0,0.0,-1.0,-0.7,0.0,-1.0,-0.7,-1.0,-1.0,-0.7,-1.0,
Jarul,-1.0,-1.0,-1.0,-1.0,-1.0,-1.0,-1.0,-1.0,-1.0,-1.0,-1.0,-1.0,-1.0,-1.0,1.0,-1.0,-1.0,-1.0,-1.0,-1.0,-1.0,-1.0,-1.0,-1.0,-1.0,-1.0,-1.0,-1.0,-1.0,-1.0,-1.0,-1.0,-1.0,-1.0,-1.0,-1.0,-1.0,1.0,-1.0,-1.0,-1.0,-1.0,-1.0,-1.0,-1.0,-1.0,-1.0,-1.0,-1.0,-1.0,-1.0,-1.0,-1.0,-1.0,-1.0,-1.0,-1.0,-1.0,-1.0,-1.0,-1.0,-1.0,-1.0,-1.0,-1.0,-1.0,1.0,-1.0,-1.0,-1.0,-1.0,-1.0,-1.0,-1.0,-1.0,-1.0,-1.0,1.0,-1.0,-1.0,-1.0,-1.0,-1.0,-1.0,-1.0,-1.0,-1.0,-1.0,-1.0,-1.0,-1.0,-1.0,-1.0,
Jarul,-0.7,-1.0,0.0,-1.0,-1.0,-0.7,-1.0,-1.0,-1.0,0.0,-0.7,-1.0,-0.7,-0.7,1.0,0.0,-1.0,-0.7,0.0,-1.0,-1.0,-0.7,-0.7,0.0,-1.0,-0.7,0.0,-0.7,-0.7,0.0,-0.7,0.0,-1.0,-0.7,-1.0,0.0,-0.7,0.7,-1.0,-1.0,-1.0,-0.7,-1.0,-0.7,-0.7,-0.7,-0.7,0.0,-1.0,-0.7,-1.0,-0.7,-0.7,-0.7,-0.7,-1.0,-1.0,-0.7,-0.7,-1.0,-1.0,-0.7,0.0,-0.7,-1.0,-1.0,0.7,-0.7,-1.0,-1.0,-0.7,-1.0,-0.7,0.0,0.0,-0.7,-1.0,1.0,-1.0,-1.0,-1.0,-1.0,-0.7,-0.7,-1.0,-1.0,-0.7,-1.0,-1.0,-1.0,-0.7,-0.7,-0.7,
Jarul,-1.0,-0.7,-1.0,-0.7,-0.7,-0.7,-1.0,-1.0,-1.0,-0.7,-0.7,-1.0,-0.7,-0.7,1.0,-1.0,0.0,-0.7,-1.0,-0.7,0.0,-1.0,-0.7,-1.0,-1.0,-0.7,-0.7,0.0,-0.7,-1.0,-0.7,-0.7,-1.0,-1.0,-1.0,-1.0,-0.7,0.7,-1.0,-1.0,-1.0,-0.7,-1.0,-0.7,-1.0,-0.7,-0.7,0.0,-0.7,0.0,-0.7,-0.7,0.0,-1.0,0.0,-1.0,-0.7,-0.7,-1.0,0.0,0.0,-0.7,-1.0,-0.7,-1.0,0.0,0.7,-0.7,-0.7,-1.0,-0.7,-0.7,-1.0,0.0,-1.0,-0.7,-1.0,1.0,-0.7,-1.0,-1.0,0.0,-0.7,-1.0,0.0,0.0,-1.0,0.0,-0.7,0.0,0.0,-0.7,-1.0,
Jango,-1.0,-1.0,-1.0,-1.0,-1.0,-1.0,-1.0,-1.0,-1.0,-1.0,-1.0,-1.0,-1.0,-1.0,-1.0,-1.0,1.0,1.0,-1.0,-1.0,1.0,-1.0,-1.0,-1.0,-1.0,-1.0,-1.0,-1.0,-1.0,-1.0,-1.0,-1.0,-1.0,-1.0,-1.0,-1.0,-1.0,1.0,-1.0,-1.0,-1.0,-1.0,-1.0,-1.0,-1.0,-1.0,-1.0,-1.0,-1.0,-1.0,-1.0,-1.0,-1.0,-1.0,-1.0,-1.0,-1.0,-1.0,-1.0,-1.0,-1.0,-1.0,-1.0,-1.0,-1.0,-1.0,-1.0,-1.0,-1.0,-1.0,-1.0,-1.0,-1.0,-1.0,-1.0,-1.0,-1.0,-1.0,-1.0,-1.0,-1.0,-1.0,-1.0,-1.0,-1.0,-1.0,-1.0,-1.0,-1.0,-1.0,-1.0,-1.0,-1.0,
Jango,0.0,-0.7,-1.0,-0.7,-0.7,0.0,0.0,-1.0,-1.0,-1.0,-0.7,0.0,-0.7,-0.7,-1.0,-0.7,1.0,1.0,-1.0,-1.0,0.0,0.0,-0.7,-0.7,0.0,0.0,-1.0,-1.0,-0.7,-0.7,0.0,-1.0,-1.0,-0.7,-1.0,-1.0,-1.0,1.0,-1.0,-0.7,-0.7,-0.7,-1.0,-1.0,-1.0,0.0,-1.0,-1.0,-0.7,-1.0,0.0,0.0,0.0,-0.7,-1.0,-1.0,-1.0,0.0,-0.7,0.0,-0.7,-1.0,-1.0,-1.0,-1.0,-0.7,-1.0,-0.7,-0.7,-0.7,0.0,-0.7,-0.7,-1.0,0.0,-1.0,-0.7,0.0,-1.0,-1.0,-1.0,-1.0,-0.7,-1.0,-1.0,0.0,-1.0,-1.0,-1.0,-1.0,-1.0,0.0,-1.0,
Jango,-1.0,-0.7,-1.0,-1.0,-1.0,-1.0,-1.0,-0.7,-0.7,-0.7,0.0,-0.7,0.0,-1.0,0.0,-1.0,1.0,0.7,-0.7,0.0,0.7,-1.0,-1.0,-0.7,-1.0,-1.0,0.0,-1.0,-0.7,-0.7,0.0,-0.7,-1.0,-0.7,-1.0,-1.0,-0.7,0.0,0.0,-0.7,-0.7,-0.7,0.0,-1.0,-0.7,-1.0,-1.0,0.0,-1.0,-1.0,0.0,-0.7,-0.7,-1.0,-0.7,-1.0,-0.7,-1.0,-0.7,-1.0,-0.7,0.0,-0.7,-1.0,0.0,-0.7,-1.0,-1.0,-1.0,-1.0,-1.0,0.0,-1.0,-0.7,-0.7,-0.7,0.0,0.0,-0.7,-0.7,-1.0,-0.7,-1.0,-0.7,-1.0,-1.0,-1.0,-0.7,-1.0,-0.7,0.0,-1.0,-0.7,
Jaguar D. Saul,-1.0,-1.0,-1.0,-1.0,-1.0,-1.0,-1.0,-1.0,-1.0,-1.0,-1.0,-1.0,1.0,-1.0,-1.0,-1.0,-1.0,1.0,-1.0,-1.0,1.0,-1.0,-1.0,-1.0,-1.0,-1.0,-1.0,-1.0,-1.0,-1.0,-1.0,-1.0,-1.0,-1.0,-1.0,-1.0,-1.0,1.0,-1.0,-1.0,-1.0,-1.0,-1.0,-1.0,-1.0,-1.0,-1.0,-1.0,-1.0,-1.0,-1.0,-1.0,-1.0,-1.0,-1.0,-1.0,-1.0,-1.0,-1.0,-1.0,-1.0,-1.0,-1.0,-1.0,-1.0,-1.0,-1.0,-1.0,-1.0,-1.0,-1.0,-1.0,1.0,-1.0,-1.0,-1.0,-1.0,-1.0,-1.0,-1.0,-1.0,-1.0,-1.0,-1.0,-1.0,-1.0,-1.0,-1.0,-1.0,-1.0,-1.0,-1.0,-1.0,
Jaguar D. Saul,-0.7,-0.7,-1.0,0.0,0.0,-1.0,-1.0,-0.7,-0.7,0.0,0.0,0.0,0.7,-1.0,0.0,-0.7,-1.0,1.0,-1.0,-1.0,0.7,-0.7,-0.7,0.0,-0.7,-1.0,-1.0,-0.7,-0.7,-1.0,-1.0,-1.0,0.0,-1.0,-1.0,-0.7,-1.0,0.7,-0.7,-1.0,-1.0,-0.7,0.0,-0.7,0.0,0.0,-0.7,-0.7,0.0,-0.7,-1.0,-1.0,-1.0,-0.7,-1.0,-1.0,-0.7,0.0,-0.7,-1.0,0.0,-0.7,-0.7,-0.7,-0.7,0.0,0.0,-0.7,-1.0,-1.0,-0.7,-1.0,0.0,-0.7,0.0,-0.7,-0.7,-1.0,-1.0,-1.0,-0.7,0.0,-0.7,0.0,0.0,-1.0,-0.7,-0.7,-1.0,-1.0,-1.0,-0.7,-1.0,
Jaguar D. Saul,-1.0,0.0,-1.0,-0.7,0.0,-0.7,-0.7,-1.0,-0.7,-1.0,-0.7,0.0,1.0,-0.7,0.0,-0.7,-0.7,0.0,0.0,-1.0,1.0,0.0,-1.0,0.0,-1.0,-1.0,-0.7,-1.0,-1.0,-0.7,-1.0,-1.0,-1.0,-0.7,0.0,-1.0,-0.7,0.7,-1.0,-1.0,-1.0,-0.7,0.0,-0.7,-1.0,-1.0,0.0,-1.0,-0.7,-1.0,-1.0,-1.0,0.0,-0.7,-1.0,-1.0,-0.7,-1.0,-0.7,0.0,-0.7,0.0,-0.7,-0.7,-0.7,-1.0,-1.0,-0.7,-1.0,-1.0,-1.0,0.0,0.0,-0.7,0.0,0.0,-1.0,-0.7,-0.7,-1.0,-1.0,-0.7,-1.0,0.0,-0.7,-1.0,-1.0,-0.7,-1.0,-1.0,-0.7,-0.7,0.0,
Jabra,-1.0,-1.0,-1.0,-1.0,-1.0,-1.0,-1.0,-1.0,-1.0,-1.0,-1.0,-1.0,1.0,-1.0,-1.0,-1.0,-1.0,1.0,-1.0,-1.0,1.0,-1.0,-1.0,-1.0,-1.0,-1.0,-1.0,-1.0,-1.0,-1.0,-1.0,-1.0,-1.0,-1.0,-1.0,-1.0,-1.0,1.0,1.0,-1.0,-1.0,1.0,-1.0,-1.0,-1.0,-1.0,-1.0,-1.0,-1.0,-1.0,-1.0,-1.0,-1.0,-1.0,-1.0,-1.0,-1.0,-1.0,-1.0,-1.0,-1.0,-1.0,-1.0,-1.0,-1.0,-1.0,-1.0,-1.0,-1.0,-1.0,-1.0,-1.0,1.0,-1.0,-1.0,-1.0,-1.0,-1.0,-1.0,-1.0,-1.0,-1.0,-1.0,-1.0,-1.0,-1.0,-1.0,-1.0,-1.0,-1.0,-1.0,-1.0,-1.0,
Jabra,-0.7,0.0,-1.0,-1.0,-0.7,-0.7,-1.0,-0.7,-1.0,0.0,-0.7,-1.0,1.0,0.0,0.0,-0.7,-1.0,1.0,-0.7,-0.7,0.0,-0.7,-1.0,-1.0,-0.7,-1.0,0.0,-1.0,-0.7,-1.0,-1.0,-1.0,-1.0,-1.0,-0.7,-1.0,-1.0,0.7,0.0,-0.7,0.0,0.0,-1.0,-0.7,-1.0,0.0,-1.0,-1.0,0.0,0.0,-1.0,-1.0,0.0,-1.0,0.0,0.0,-1.0,-1.0,-1.0,-1.0,-0.7,-0.7,-0.7,-1.0,-1.0,-1.0,-0.7,0.0,-0.7,0.0,-1.0,0.0,1.0,0.0,0.0,-0.7,-1.0,-0.7,-0.7,-0.7,-0.7,-0.7,-1.0,-1.0,-1.0,-0.7,-1.0,-1.0,-0.7,-0.7,0.0,0.0,-1.0,
Jabra,-0.7,0.0,-0.7,-1.0,0.0,0.0,-1.0,-0.7,-1.0,-1.0,-1.0,-0.7,0.7,-1.0,-1.0,-1.0,0.0,1.0,-0.7,-0.7,0.7,-0.7,-1.0,0.0,-1.0,-1.0,-0.7,-0.7,0.0,-1.0,0.0,-0.7,-0.7,-1.0,-0.7,-1.0,0.0,0.7,0.7,0.0,-0.7,1.0,-1.0,0.0,0.0,0.0,-1.0,-1.0,-1.0,0.0,-1.0,-0.7,-1.0,0.0,-0.7,-0.7,-0.7,-0.7,-1.0,-1.0,-1.0,-1.0,-0.7,-0.7,-0.7,-0.7,-1.0,-0.7,-0.7,-1.0,-1.0,-1.0,0.7,-1.0,-0.7,-0.7,0.0,0.0,-1.0,-1.0,-1.0,-1.0,-1.0,-1.0,-1.0,-1.0,0.0,-0.7,-1.0,-0.7,-1.0,-1.0,-0.7,
Jack,-1.0,-1.0,-1.0,-1.0,-1.0,-1.0,-1.0,-1.0,-1.0,-1.0,-1.0,-1.0,-1.0,-1.0,-1.0,-1.0,-1.0,1.0,-1.0,-1.0,1.0,-1.0,-1.0,-1.0,-1.0,-1.0,-1.0,-1.0,-1.0,-1.0,-1.0,-1.0,-1.0,-1.0,-1.0,-1.0,-1.0,1.0,1.0,-1.0,-1.0,-1.0,1.0,-1.0,-1.0,-1.0,-1.0,-1.0,-1.0,-1.0,-1.0,-1.0,-1.0,-1.0,1.0,-1.0,-1.0,-1.0,-1.0,-1.0,-1.0,-1.0,-1.0,-1.0,-1.0,-1.0,-1.0,-1.0,-1.0,-1.0,-1.0,-1.0,-1.0,-1.0,-1.0,-1.0,1.0,-1.0,-1.0,-1.0,-1.0,-1.0,-1.0,-1.0,-1.0,-1.0,-1.0,-1.0,-1.0,-1.0,-1.0,-1.0,-1.0,
Jack,-1.0,-0.7,-1.0,-0.7,-0.7,0.0,-1.0,-0.7,-0.7,0.0,-1.0,-1.0,-1.0,-1.0,0.0,-0.7,-0.7,0.0,-1.0,0.0,0.7,-1.0,-0.7,0.0,-1.0,0.0,0.0,-0.7,-1.0,-1.0,-0.7,-0.7,-1.0,0.0,0.0,-0.7,-0.7,0.7,1.0,-1.0,-0.7,-0.7,0.7,-0.7,-1.0,-1.0,-0.7,-0.7,-1.0,-1.0,-1.0,-1.0,-1.0,-1.0,1.0,-0.7,-1.0,-0.7,0.0,-1.0,-0.7,-1.0,-1.0,-0.7,0.0,-0.7,-1.0,-1.0,-1.0,-0.7,-1.0,-0.7,-0.7,-1.0,-0.7,-0.7,0.0,-1.0,-1.0,0.0,-1.0,-0.7,-1.0,0.0,-1.0,-1.0,-0.7,-1.0,-0.7,-0.7,-0.7,0.0,-0.7,
Jack,-1.0,-1.0,-0.7,-0.7,0.0,-1.0,-1.0,-0.7,-1.0,-1.0,0.0,-1.0,-1.0,-0.7,-1.0,-1.0,-1.0,0.7,-0.7,-1.0,1.0,-0.7,-0.7,0.0,-1.0,-0.7,-1.0,-1.0,-1.0,-0.7,-0.7,-1.0,0.0,-1.0,-1.0,-0.7,0.0,0.0,1.0,-1.0,-0.7,-0.7,0.7,-1.0,-1.0,-1.0,0.0,-1.0,0.0,-1.0,-0.7,-1.0,0.0,0.0,1.0,-1.0,-1.0,0.0,-1.0,-1.0,0.0,-0.7,0.0,-0.7,-1.0,0.0,-0.7,-0.7,-1.0,0.0,0.0,-1.0,-1.0,-0.7,-1.0,-1.0,0.7,-1.0,0.0,0.0,0.0,-1.0,-1.0,-0.7,-0.7,-1.0,-1.0,-0.7,-0.7,-0.7,-0.7,-0.7,-0.7,
Izou,-1.0,-1.0,-1.0,-1.0,-1.0,-1.0,-1.0,-1.0,-1.0,-1.0,-1.0,-1.0,-1.0,-1.0,-1.0,-1.0,-1.0,-1.0,-1.0,-1.0,-1.0,-1.0,-1.0,-1.0,-1.0,-1.0,-1.0,-1.0,-1.0,-1.0,-1.0,-1.0,-1.0,-1.0,-1.0,-1.0,-1.0,1.0,-1.0,-1.0,-1.0,-1.0,-1.0,-1.0,-1.0,-1.0,-1.0,-1.0,-1.0,-1.0,-1.0,-1.0,-1.0,-1.0,-1.0,-1.0,-1.0,-1.0,-1.0,-1.0,-1.0,-1.0,-1.0,-1.0,-1.0,-1.0,-1.0,-1.0,-1.0,-1.0,-1.0,-1.0,-1.0,-1.0,-1.0,-1.0,-1.0,-1.0,-1.0,-1.0,1.0,-1.0,-1.0,-1.0,-1.0,-1.0,-1.0,-1.0,-1.0,-1.0,-1.0,-1.0,-1.0,
Izou,-0.7,-0.7,-1.0,0.0,-1.0,-1.0,-0.7,-1.0,-1.0,-1.0,-0.7,0.0,-0.7,-0.7,-0.7,0.0,-1.0,-0.7,-1.0,-1.0,-1.0,-1.0,0.0,-0.7,-1.0,-1.0,-0.7,-0.7,-0.7,-1.0,-0.7,0.0,-1.0,-0.7,-1.0,-1.0,-0.7,0.7,-0.7,0.0,-1.0,-0.7,-0.7,0.0,-1.0,-1.0,0.0,-0.7,0.0,-0.7,-0.7,-0.7,0.0,-1.0,-1.0,-0.7,-1.0,-0.7,0.0,0.0,-1.0,-0.7,-0.7,-1.0,-0.7,0.0,-1.0,-0.7,-1.0,0.0,-1.0,-0.7,-0.7,-0.7,-1.0,-0.7,-0.7,-0.7,-0.7,-1.0,0.7,-0.7,-1.0,-0.7,-1.0,-0.7,-1.0,-0.7,-1.0,-1.0,-1.0,-1.0,0.0,
Izou,-0.7,-0.7,-1.0,-1.0,-1.0,0.0,-0.7,-0.7,-1.0,-0.7,0.0,-0.7,-1.0,-1.0,-0.7,-1.0,-0.7,-0.7,0.0,-1.0,-0.7,-1.0,0.0,-1.0,-0.7,-1.0,0.0,0.0,-0.7,-0.7,-0.7,0.0,-0.7,-1.0,-0.7,-0.7,-0.7,1.0,0.0,0.0,-1.0,-1.0,-0.7,-1.0,-0.7,-0.7,-1.0,-0.7,-1.0,0.0,-1.0,-1.0,0.0,-1.0,0.0,-1.0,-1.0,-1.0,0.0,-1.0,-0.7,-0.7,0.0,-1.0,-1.0,-0.7,-0.7,-0.7,-1.0,0.0,-1.0,-1.0,-1.0,-1.0,0.0,-0.7,-1.0,-0.7,-0.7,-1.0,1.0,-0.7,0.0,-0.7,-0.7,0.0,-1.0,-1.0,-0.7,-0.7,0.0,-1.0,-1.0,
Issho,-1.0,-1.0,-1.0,-1.0,-1.0,-1.0,-1.0,-1.0,-1.0,-1.0,-1.0,-1.0,1.0,-1.0,-1.0,-1.0,-1.0,1.0,-1.0,-1.0,1.0,-1.0,-1.0,-1.0,-1.0,-1.0,-1.0,-1.0,-1.0,-1.0,-1.0,-1.0,-1.0,-1.0,-1.0,-1.0,-1.0,1.0,1.0,1.0,-1.0,-1.0,-1.0,-1.0,-1.0,-1.0,-1.0,-1.0,-1.0,-1.0,-1.0,-1.0,-1.0,-1.0,-1.0,-1.0,-1.0,-1.0,-1.0,-1.0,-1.0,-1.0,-1.0,-1.0,-1.0,-1.0,-1.0,-1.0,-1.0,-1.0,-1.0,-1.0,-1.0,-1.0,-1.0,-1.0,1.0,-1.0,-1.0,-1.0,-1.0,-1.0,-1.0,-1.0,-1.0,-1.0,-1.0,-1.0,-1.0,-1.0,-1.0,-1.0,-1.0,
Issho,-0.7,-1.0,0.0,0.0,-0.7,-0.7,-0.7,-0.7,-0.7,-1.0,-0.7,0.0,0.7,-1.0,-0.7,0.0,-0.7,1.0,-1.0,-1.0,0.7,0.0,-0.7,-1.0,-0.7,-1.0,-1.0,-0.7,-1.0,-1.0,-0.7,-0.7,-0.7,-1.0,-0.7,-0.7,-1.0,1.0,1.0,1.0,-0.7,-0.7,-0.7,-0.7,-0.7,-1.0,-1.0,-0.7,-1.0,-1.0,-0.7,-1.0,-0.7,-1.0,-0.7,0.0,0.0,0.0,-0.7,-1.0,-1.0,-1.0,-1.0,-1.0,-0.7,-1.0,0.0,-0.7,-1.0,-0.7,-1.0,0.0,-1.0,-0.7,-0.7,-1.0,1.0,-1.0,-0.7,-1.0,0.0,-1.0,-1.0,-1.0,-1.0,-1.0,-0.7,-0.7,-0.7,-0.7,-1.0,0.0,0.0,
Issho,0.0,-0.7,0.0,-0.7,-0.7,-0.7,-0.7,-1.0,0.0,-0.7,-0.7,-0.7,1.0,0.0,-0.7,0.0,-0.7,0.7,-0.7,-1.0,1.0,0.0,-1.0,0.0,-0.7,-0.7,-1.0,-0.7,-1.0,-1.0,-0.7,-1.0,-0.7,-0.7,0.0,0.0,-0.7,0.0,0.7,1.0,0.0,-0.7,-0.7,-0.7,-1.0,-1.0,-1.0,-0.7,-0.7,-1.0,-1.0,-0.7,-0.7,-0.7,-1.0,-0.7,-1.0,-0.7,-1.0,-1.0,0.0,-1.0,-1.0,-1.0,0.0,-0.7,0.0,-0.7,-1.0,-1.0,-0.7,0.0,0.0,-0.7,-0.7,-0.7,0.7,-1.0,-1.0,-0.7,-0.7,-0.7,-1.0,-0.7,-1.0,-1.0,0.0,0.0,-1.0,-0.7,-0.7,-0.7,-1.0,
Ipponmatsu,-1.0,-1.0,-1.0,-1.0,-1.0,-1.0,-1.0,-1.0,-1.0,-1.0,-1.0,-1.0,-1.0,-1.0,-1.0,-1.0,-1.0,1.0,-1.0,-1.0,1.0,-1.0,-1.0,-1.0,-1.0,-1.0,-1.0,-1.0,-1.0,-1.0,-1.0,-1.0,-1.0,-1.0,-1.0,-1.0,-1.0,-1.0,-1.0,-1.0,-1.0,-1.0,-1.0,-1.0,-1.0,-1.0,-1.0,-1.0,-1.0,-1.0,-1.0,-1.0,-1.0,-1.0,-1.0,-1.0,-1.0,-1.0,-1.0,-1.0,-1.0,-1.0,-1.0,-1.0,-1.0,-1.0,-1.0,-1.0,-1.0,-1.0,-1.0,-1.0,-1.0,-1.0,-1.0,-1.0,-1.0,-1.0,-1.0,-1.0,-1.0,-1.0,-1.0,-1.0,-1.0,-1.0,-1.0,-1.0,1.0,1.0,-1.0,-1.0,-1.0,
Ipponmatsu,0.0,-0.7,-1.0,-0.7,-1.0,-0.7,-0.7,-1.0,-1.0,-0.7,-0.7,-1.0,-0.7,-0.7,-0.7,-0.7,-1.0,0.0,-1.0,-1.0,0.7,-1.0,0.0,-0.7,0.0,-0.7,-0.7,-0.7,-0.7,-0.7,0.0,-1.0,-1.0,-0.7,-1.0,-0.7,-1.0,-0.7,-0.7,-1.0,0.0,-0.7,-0.7,-0.7,-1.0,-0.7,-0.7,-1.0,-0.7,0.0,-0.7,-0.7,-1.0,-0.7,-0.7,-0.7,-0.7,-1.0,-0.7,-0.7,-1.0,-1.0,-1.0,-1.0,-1.0,-0.7,-0.7,-1.0,0.0,-0.7,-0.7,-1.0,-1.0,-0.7,-1.0,-1.0,-1.0,-0.7,-1.0,-1.0,-0.7,-1.0,-1.0,-1.0,0.0,-1.0,-0.7,-0.7,0.0,0.0,-1.0,-1.0,-0.7,
Ipponmatsu,-1.0,0.0,-0.7,0.0,-0.7,-1.0,-0.7,-1.0,-0.7,0.0,-0.7,-1.0,-0.7,-1.0,-1.0,-0.7,-1.0,1.0,-1.0,0.0,1.0,-0.7,-1.0,-0.7,-1.0,-0.7,-0.7,-1.0,0.0,0.0,-1.0,-1.0,-0.7,-0.7,-1.0,-0.7,-1.0,-1.0,-0.7,-0.7,0.0,-1.0,-1.0,-1.0,-0.7,0.0,-1.0,-0.7,-1.0,0.0,-1.0,-0.7,-1.0,-0.7,-0.7,-0.7,-1.0,-1.0,-0.7,-0.7,-0.7,0.0,-1.0,-0.7,-1.0,-0.7,-0.7,-1.0,-1.0,0.0,-1.0,-1.0,0.0,-0.7,-0.7,-1.0,-1.0,-1.0,-1.0,-1.0,-1.0,0.0,-0.7,-1.0,-1.0,0.0,-1.0,0.0,0.7,0.7,-0.7,-0.7,-0.7,
Inuarashi,-1.0,-1.0,-1.0,-1.0,-1.0,-1.0,-1.0,-1.0,-1.0,-1.0,-1.0,-1.0,-1.0,-1.0,-1.0,-1.0,-1.0,1.0,-1.0,-1.0,1.0,1.0,-1.0,-1.0,-1.0,-1.0,-1.0,-1.0,-1.0,-1.0,-1.0,-1.0,-1.0,-1.0,-1.0,-1.0,-1.0,1.0,-1.0,-1.0,-1.0,-1.0,-1.0,-1.0,-1.0,-1.0,-1.0,-1.0,-1.0,-1.0,-1.0,-1.0,-1.0,-1.0,-1.0,-1.0,-1.0,-1.0,-1.0,-1.0,-1.0,-1.0,-1.0,-1.0,-1.0,-1.0,-1.0,-1.0,-1.0,-1.0,-1.0,1.0,-1.0,-1.0,-1.0,-1.0,-1.0,-1.0,-1.0,-1.0,-1.0,-1.0,-1.0,-1.0,-1.0,-1.0,-1.0,1.0,-1.0,-1.0,-1.0,-1.0,-1.0,
Inuarashi,-0.7,0.0,-0.7,-0.7,0.0,-1.0,-0.7,-0.7,-1.0,-0.7,-0.7,-1.0,-1.0,-1.0,0.0,-1.0,-0.7,1.0,-1.0,-0.7,0.0,0.7,0.0,0.0,-1.0,-0.7,-0.7,-0.7,0.0,-0.7,-1.0,-0.7,-0.7,-0.7,-1.0,-1.0,0.0,0.7,-1.0,-1.0,-1.0,-1.0,0.0,0.0,-1.0,-0.7,-0.7,-1.0,-0.7,-1.0,-0.7,0.0,0.0,-0.7,0.0,-0.7,-0.7,-1.0,-1.0,-0.7,0.0,-0.7,-0.7,-1.0,0.0,-0.7,-0.7,0.0,0.0,-1.0,-0.7,1.0,0.0,-1.0,0.0,-1.0,0.0,-0.7,-0.7,-1.0,-1.0,-0.7,-1.0,-0.7,0.0,-1.0,-0.7,1.0,0.0,-1.0,-1.0,0.0,-0.7,
Inuarashi,-1.0,-0.7,-0.7,-0.7,-1.0,-0.7,0.0,-0.7,-1.0,-0.7,-1.0,-1.0,-1.0,-0.7,-0.7,-0.7,-0.7,1.0,-1.0,0.0,1.0,0.7,-1.0,-1.0,-1.0,0.0,-1.0,-1.0,-1.0,-0.7,0.0,-1.0,-0.7,-0.7,-0.7,-1.0,-1.0,1.0,-1.0,-1.0,0.0,-0.7,-0.7,-0.7,-1.0,-0.7,-1.0,0.0,-0.7,-1.0,-0.7,-1.0,-0.7,0.0,0.0,-0.7,-0.7,-1.0,-1.0,0.0,-0.7,0.0,0.0,-1.0,-1.0,-0.7,-0.7,-1.0,-0.7,-1.0,-0.7,1.0,-0.7,-1.0,-0.7,0.0,-1.0,-0.7,-0.7,0.0,-1.0,-1.0,0.0,-1.0,-1.0,0.0,-1.0,0.7,-0.7,-0.7,-1.0,-1.0,0.0,
Inazuma,-1.0,-1.0,-1.0,-1.0,-1.0,-1.0,-1.0,-1.0,-1.0,-1.0,-1.0,-1.0,-1.0,-1.0,-1.0,-1.0,-1.0,1.0,-1.0,-1.0,1.0,-1.0,-1.0,-1.0,-1.0,-1.0,-1.0,-1.0,-1.0,-1.0,-1.0,-1.0,-1.0,-1.0,-1.0,-1.0,-1.0,1.0,1.0,1.0,-1.0,-1.0,-1.0,-1.0,-1.0,-1.0,-1.0,-1.0,-1.0,-1.0,-1.0,-1.0,-1.0,-1.0,-1.0,-1.0,-1.0,-1.0,-1.0,-1.0,-1.0,-1.0,-1.0,-1.0,-1.0,-1.0,-1.0,-1.0,-1.0,-1.0,-1.0,-1.0,-1.0,-1.0,-1.0,-1.0,-1.0,-1.0,-1.0,-1.0,-1.0,-1.0,-1.0,-1.0,-1.0,1.0,-1.0,-1.0,-1.0,-1.0,-1.0,1.0,-1.0,
Inazuma,-0.7,-0.7,-0.7,-0.7,-1.0,-1.0,0.0,-1.0,0.0,0.0,-0.7,-0.7,-1.0,-0.7,-0.7,-0.7,-1.0,0.7,-0.7,-0.7,0.0,-0.7,-1.0,-1.0,-1.0,-1.0,-0.7,-1.0,-1.0,-1.0,-1.0,0.0,0.0,-1.0,0.0,-0.7,-0.7,0.7,0.0,0.7,-1.0,-0.7,-0.7,-1.0,-0.7,-0.7,-1.0,0.0,0.0,-0.7,-1.0,-0.7,-0.7,-0.7,-1.0,-0.7,-0.7,-0.7,-1.0,-0.7,-0.7,0.0,-0.7,-0.7,-0.7,-1.0,-1.0,-0.7,-0.7,0.0,0.0,-1.0,-1.0,-1.0,-1.0,-0.7,-1.0,0.0,-0.7,-1.0,-0.7,-0.7,-0.7,-1.0,0.0,0.7,0.0,-1.0,-0.7,-0.7,-0.7,1.0,-0.7,
Inazuma,0.0,-1.0,-1.0,-0.7,-0.7,-0.7,-0.7,-0.7,-0.7,0.0,-1.0,-1.0,0.0,-0.7,-1.0,-1.0,0.0,0.7,0.0,0.0,1.0,0.0,-0.7,0.0,-0.7,-1.0,-0.7,-0.7,0.0,-0.7,-1.0,-0.7,-1.0,0.0,-0.7,0.0,-1.0,0.7,1.0,0.7,-0.7,-0.7,-1.0,-1.0,-1.0,0.0,-0.7,-0.7,-1.0,-1.0,-1.0,-0.7,-0.7,-1.0,-1.0,-0.7,-0.7,0.0,-0.7,-1.0,-0.7,-1.0,-0.7,-1.0,-1.0,-0.7,-1.0,0.0,-1.0,-1.0,0.0,-1.0,-1.0,-1.0,0.0,-0.7,-0.7,-1.0,-0.7,-1.0,-0.7,-0.7,-0.7,-0.7,-1.0,1.0,-0.7,0.0,0.0,-0.7,-1.0,0.0,-0.7,
Igaram,-1.0,-1.0,-1.0,-1.0,-1.0,-1.0,-1.0,-1.0,-1.0,-1.0,-1.0,-1.0,-1.0,-1.0,-1.0,-1.0,-1.0,1.0,-1.0,-1.0,1.0,-1.0,-1.0,-1.0,-1.0,-1.0,-1.0,-1.0,-1.0,-1.0,-1.0,-1.0,-1.0,-1.0,-1.0,-1.0,-1.0,1.0,-1.0,-1.0,-1.0,-1.0,-1.0,-1.0,-1.0,-1.0,-1.0,-1.0,-1.0,-1.0,-1.0,-1.0,-1.0,-1.0,-1.0,-1.0,-1.0,1.0,-1.0,-1.0,-1.0,-1.0,-1.0,-1.0,-1.0,-1.0,-1.0,-1.0,-1.0,-1.0,-1.0,-1.0,-1.0,-1.0,-1.0,-1.0,-1.0,-1.0,1.0,-1.0,-1.0,-1.0,-1.0,-1.0,-1.0,-1.0,-1.0,-1.0,-1.0,-1.0,-1.0,-1.0,-1.0,
Igaram,-1.0,0.0,-1.0,-0.7,-1.0,-0.7,0.0,0.0,-1.0,-0.7,-0.7,0.0,-1.0,-0.7,-1.0,-0.7,0.0,1.0,-0.7,-1.0,1.0,-0.7,0.0,0.0,-0.7,0.0,-0.7,0.0,-0.7,-1.0,-0.7,-1.0,-1.0,0.0,-1.0,-1.0,-1.0,0.7,-1.0,-1.0,0.0,0.0,-1.0,-1.0,-0.7,0.0,0.0,-1.0,-0.7,-0.7,-1.0,0.0,-0.7,0.0,-1.0,-1.0,0.0,1.0,-0.7,-0.7,-0.7,-1.0,-0.7,-1.0,0.0,-0.7,0.0,0.0,-1.0,-1.0,0.0,0.0,-1.0,0.0,-0.7,-0.7,0.0,-1.0,0.7,-1.0,-1.0,-1.0,-1.0,-0.7,-0.7,-0.7,-1.0,-1.0,-1.0,-1.0,-1.0,-1.0,-1.0,
Igaram,-0.7,-1.0,-1.0,-1.0,-1.0,-1.0,-0.7,-1.0,-1.0,-1.0,0.0,-1.0,0.0,-1.0,0.0,-0.7,-0.7,1.0,0.0,-0.7,0.7,-0.7,-1.0,0.0,-1.0,-1.0,-0.7,-1.0,0.0,-1.0,-0.7,-0.7,-0.7,-0.7,-1.0,0.0,0.0,0.7,-1.0,0.0,-0.7,-1.0,-1.0,-0.7,-0.7,-0.7,-0.7,-1.0,-1.0,-0.7,-1.0,-1.0,-1.0,-1.0,-1.0,-1.0,-1.0,1.0,-1.0,0.0,-0.7,-0.7,-1.0,0.0,0.0,-1.0,-0.7,-1.0,-0.7,0.0,0.0,-1.0,0.0,-1.0,0.0,-0.7,0.0,-1.0,0.0,0.0,-1.0,-1.0,-1.0,-0.7,-1.0,-0.7,-1.0,-1.0,-0.7,-0.7,-1.0,-1.0,-1.0,
Ikaros Much,-1.0,-1.0,-1.0,-1.0,-1.0,-1.0,-1.0,-1.0,-1.0,-1.0,-1.0,-1.0,-1.0,1.0,-1.0,-1.0,-1.0,1.0,-1.0,-1.0,1.0,-1.0,-1.0,-1.0,-1.0,-1.0,-1.0,-1.0,-1.0,-1.0,-1.0,-1.0,-1.0,-1.0,-1.0,-1.0,-1.0,1.0,-1.0,-1.0,-1.0,-1.0,-1.0,-1.0,-1.0,-1.0,-1.0,-1.0,-1.0,-1.0,-1.0,-1.0,-1.0,-1.0,-1.0,-1.0,-1.0,-1.0,-1.0,-1.0,-1.0,-1.0,-1.0,-1.0,-1.0,-1.0,-1.0,-1.0,-1.0,-1.0,-1.0,-1.0,-1.0,-1.0,1.0,-1.0,-1.0,-1.0,-1.0,-1.0,-1.0,-1.0,-1.0,-1.0,-1.0,-1.0,-1.0,-1.0,-1.0,-1.0,-1.0,-1.0,-1.0,
Ikaros Much,-1.0,-1.0,-0.7,-1.0,-1.0,0.0,-1.0,-1.0,-0.7,-0.7,-1.0,-0.7,-0.7,0.7,0.0,0.0,-0.7,0.0,-0.7,-0.7,0.0,0.0,0.0,-0.7,-0.7,-1.0,-0.7,-0.7,-1.0,-1.0,-1.0,-0.7,-0.7,-0.7,0.0,-0.7,-0.7,0.7,0.0,0.0,0.0,-1.0,-1.0,-0.7,0.0,-1.0,-1.0,0.0,-0.7,-0.7,-0.7,-1.0,0.0,-0.7,-0.7,-0.7,-1.0,-0.7,-1.0,-1.0,-0.7,-0.7,0.0,-0.7,-1.0,-0.7,-1.0,0.0,-0.7,-0.7,-1.0,-0.7,-1.0,-0.7,0.7,-1.0,-1.0,0.0,-0.7,-0.7,-1.0,-0.7,-1.0,-0.7,0.0,-1.0,-0.7,-1.0,-1.0,0.0,-1.0,-1.0,-0.7,
Ikaros Much,0.0,-0.7,0.0,-0.7,-1.0,-0.7,-1.0,-1.0,-1.0,-1.0,-1.0,-1.0,-1.0,1.0,-1.0,0.0,-0.7,0.7,-0.7,-0.7,1.0,-0.7,0.0,-0.7,0.0,-1.0,0.0,-0.7,-0.7,-0.7,-1.0,-0.7,-1.0,-1.0,-1.0,-0.7,0.0,0.7,-1.0,0.0,-1.0,-1.0,-0.7,-1.0,-0.7,-1.0,-0.7,-1.0,0.0,-0.7,0.0,-1.0,-0.7,-0.7,0.0,-0.7,0.0,-1.0,-0.7,-1.0,-1.0,-1.0,-0.7,-0.7,-1.0,-1.0,0.0,-1.0,-1.0,-1.0,-1.0,-1.0,-1.0,-1.0,0.7,-0.7,-1.0,-1.0,-0.7,-1.0,-0.7,-0.7,0.0,-1.0,-0.7,-0.7,-0.7,-1.0,-1.0,-0.7,-1.0,-0.7,-1.0,
Ideo,-1.0,-1.0,-1.0,-1.0,-1.0,-1.0,-1.0,-1.0,-1.0,-1.0,-1.0,-1.0,-1.0,-1.0,-1.0,-1.0,-1.0,1.0,-1.0,-1.0,1.0,-1.0,-1.0,-1.0,-1.0,-1.0,-1.0,-1.0,-1.0,-1.0,-1.0,-1.0,-1.0,-1.0,-1.0,-1.0,-1.0,1.0,-1.0,-1.0,-1.0,-1.0,-1.0,-1.0,-1.0,-1.0,-1.0,-1.0,-1.0,-1.0,-1.0,-1.0,-1.0,-1.0,-1.0,-1.0,-1.0,-1.0,-1.0,-1.0,-1.0,-1.0,-1.0,-1.0,-1.0,-1.0,-1.0,-1.0,-1.0,-1.0,-1.0,-1.0,-1.0,-1.0,-1.0,-1.0,1.0,-1.0,-1.0,-1.0,-1.0,-1.0,-1.0,-1.0,-1.0,-1.0,-1.0,-1.0,-1.0,-1.0,-1.0,-1.0,-1.0,
Ideo,-0.7,-1.0,-1.0,0.0,-1.0,0.0,-1.0,-0.7,-1.0,-1.0,-0.7,-0.7,0.0,0.0,-1.0,-1.0,0.0,1.0,0.0,-1.0,0.0,-1.0,-1.0,-0.7,-0.7,-1.0,-0.7,0.0,-0.7,0.0,-1.0,-1.0,-0.7,-0.7,-1.0,-1.0,0.0,1.0,-0.7,-1.0,-0.7,0.0,-1.0,-0.7,0.0,-0.7,-0.7,-0.7,-0.7,0.0,-1.0,-1.0,0.0,-1.0,0.0,0.0,-1.0,-0.7,-1.0,-1.0,-0.7,-0.7,-1.0,-0.7,-0.7,-0.7,0.0,0.0,0.0,-1.0,-1.0,-1.0,-0.7,-0.7,-1.0,-1.0,1.0,-0.7,0.0,-0.7,-0.7,-1.0,-0.7,-0.7,-1.0,-0.7,-1.0,0.0,-1.0,0.0,-0.7,-1.0,-1.0,
Ideo,-1.0,0.0,-1.0,0.0,0.0,-1.0,-1.0,-0.7,0.0,0.0,-0.7,-0.7,-0.7,0.0,0.0,-1.0,0.0,0.0,-0.7,-0.7,0.0,0.0,-0.7,-0.7,-1.0,-1.0,0.0,-1.0,0.0,-0.7,-1.0,-1.0,-1.0,0.0,-1.0,-0.7,-0.7,0.7,-1.0,-1.0,0.0,-0.7,-1.0,-0.7,-0.7,-1.0,0.0,-0.7,-0.7,-1.0,-0.7,-1.0,-1.0,-1.0,-0.7,-0.7,-1.0,-0.7,-1.0,0.0,-0.7,-0.7,-1.0,0.0,0.0,-0.7,-1.0,-0.7,-1.0,-0.7,0.0,-0.7,-1.0,-1.0,0.0,-1.0,0.0,-1.0,-0.7,-0.7,-1.0,-0.7,-0.7,-0.7,-1.0,-0.7,0.0,-1.0,-1.0,-1.0,-1.0,-1.0,-0.7,
Iceburg,-1.0,-1.0,-1.0,-1.0,-1.0,-1.0,-1.0,-1.0,-1.0,-1.0,-1.0,-1.0,-1.0,-1.0,-1.0,-1.0,-1.0,1.0,-1.0,-1.0,1.0,-1.0,-1.0,-1.0,-1.0,-1.0,-1.0,-1.0,-1.0,-1.0,-1.0,-1.0,-1.0,-1.0,-1.0,-1.0,-1.0,1.0,-1.0,-1.0,-1.0,-1.0,-1.0,-1.0,-1.0,-1.0,-1.0,-1.0,-1.0,-1.0,-1.0,-1.0,-1.0,-1.0,-1.0,-1.0,-1.0,-1.0,-1.0,-1.0,-1.0,-1.0,-1.0,-1.0,-1.0,-1.0,-1.0,-1.0,-1.0,-1.0,-1.0,-1.0,1.0,-1.0,-1.0,-1.0,-1.0,-1.0,-1.0,-1.0,-1.0,-1.0,-1.0,-1.0,-1.0,-1.0,-1.0,-1.0,-1.0,-1.0,-1.0,-1.0,-1.0,
Iceburg,-0.7,0.0,-0.7,0.0,-0.7,-0.7,-0.7,0.0,-0.7,-0.7,-1.0,-0.7,-0.7,-0.7,0.0,0.0,-0.7,1.0,-1.0,-0.7,1.0,-1.0,-1.0,-0.7,0.0,-1.0,-0.7,-1.0,-1.0,-0.7,-0.7,-0.7,0.0,-1.0,0.0,-0.7,-0.7,1.0,0.0,-1.0,-0.7,0.0,-0.7,-0.7,-1.0,-0.7,-0.7,-0.7,-0.7,-1.0,-0.7,-0.7,-0.7,-1.0,0.0,-0.7,-1.0,-0.7,-1.0,-1.0,-0.7,-1.0,-0.7,-0.7,-0.7,-1.0,-0.7,-0.7,0.0,-0.7,0.0,0.0,0.7,-1.0,0.0,0.0,0.0,0.0,-1.0,-1.0,-0.7,-0.7,0.0,-1.0,-0.7,0.0,-1.0,-1.0,-0.7,-1.0,-1.0,-1.0,-1.0,
Iceburg,-1.0,-1.0,0.0,-0.7,0.0,-1.0,-1.0,-1.0,-1.0,0.0,-1.0,-1.0,-0.7,-0.7,-1.0,-0.7,-0.7,1.0,-1.0,-0.7,1.0,-0.7,0.0,-1.0,-1.0,0.0,-0.7,-0.7,-0.7,-1.0,-0.7,-1.0,-1.0,-0.7,-0.7,-0.7,-1.0,0.7,-0.7,-0.7,0.0,-1.0,-0.7,-0.7,-1.0,-0.7,-0.7,-0.7,-0.7,-0.7,-0.7,-1.0,-1.0,-1.0,-0.7,-0.7,-0.7,0.0,-1.0,0.0,-1.0,-1.0,-1.0,-0.7,-0.7,0.0,-0.7,-1.0,-1.0,0.0,-1.0,-0.7,1.0,-1.0,-1.0,-1.0,-0.7,-1.0,0.0,-1.0,-0.7,-0.7,-1.0,-1.0,-0.7,-1.0,-0.7,-0.7,-0.7,-0.7,-1.0,-0.7,-1.0,
Hyouzou,-1.0,-1.0,-1.0,-1.0,-1.0,-1.0,-1.0,1.0,-1.0,-1.0,-1.0,-1.0,-1.0,1.0,-1.0,-1.0,-1.0,1.0,-1.0,-1.0,1.0,-1.0,-1.0,-1.0,-1.0,-1.0,-1.0,-1.0,-1.0,-1.0,-1.0,-1.0,-1.0,-1.0,-1.0,-1.0,-1.0,1.0,-1.0,-1.0,-1.0,-1.0,-1.0,-1.0,-1.0,-1.0,-1.0,-1.0,-1.0,-1.0,-1.0,-1.0,-1.0,-1.0,-1.0,-1.0,-1.0,-1.0,-1.0,-1.0,-1.0,-1.0,-1.0,-1.0,-1.0,-1.0,-1.0,-1.0,-1.0,-1.0,-1.0,-1.0,-1.0,-1.0,1.0,-1.0,-1.0,-1.0,-1.0,-1.0,-1.0,-1.0,-1.0,-1.0,-1.0,-1.0,-1.0,-1.0,-1.0,-1.0,-1.0,-1.0,-1.0,
Hyouzou,-1.0,-1.0,-1.0,-0.7,-0.7,-1.0,-1.0,1.0,-0.7,-0.7,-0.7,0.0,-1.0,1.0,0.0,-0.7,-0.7,0.0,-0.7,-0.7,0.7,-0.7,-0.7,-1.0,0.0,0.0,-1.0,-0.7,-0.7,-1.0,-1.0,-0.7,-1.0,0.0,0.0,-0.7,0.0,0.7,-1.0,-1.0,0.0,-0.7,-1.0,-0.7,-1.0,-1.0,-1.0,-1.0,-0.7,-0.7,-0.7,-0.7,-0.7,0.0,-1.0,-1.0,-0.7,-0.7,-0.7,0.0,-1.0,-0.7,-0.7,-1.0,-1.0,0.0,-0.7,-1.0,0.0,-1.0,-0.7,-0.7,-1.0,-1.0,0.7,-1.0,-0.7,0.0,-1.0,-0.7,-0.7,-1.0,-0.7,-0.7,-1.0,-0.7,0.0,-0.7,-1.0,-0.7,-0.7,-1.0,-0.7,
Hyouzou,-0.7,-1.0,-0.7,-0.7,-0.7,-0.7,-0.7,0.7,-0.7,-1.0,0.0,-1.0,-1.0,0.0,-1.0,0.0,-0.7,1.0,-0.7,-1.0,0.7,-0.7,-0.7,-0.7,0.0,-0.7,-1.0,-0.7,-0.7,-0.7,-0.7,-0.7,-0.7,-1.0,-0.7,0.0,-1.0,1.0,0.0,-1.0,-1.0,-0.7,-1.0,-0.7,-1.0,-0.7,0.0,-1.0,-1.0,-0.7,-0.7,-0.7,0.0,-1.0,-0.7,-1.0,-1.0,-0.7,0.0,-0.7,-1.0,-0.7,-0.7,-1.0,-1.0,-1.0,-0.7,-1.0,-0.7,0.0,-0.7,-0.7,-1.0,0.0,0.0,-1.0,0.0,0.0,0.0,-1.0,0.0,-1.0,-1.0,-1.0,-0.7,-1.0,-1.0,-0.7,-1.0,0.0,-1.0,-1.0,-1.0,
Hyogoro,-1.0,-1.0,-1.0,-1.0,-1.0,-1.0,-1.0,-1.0,-1.0,-1.0,-1.0,-1.0,-1.0,-1.0,-1.0,-1.0,-1.0,1.0,-1.0,-1.0,-1.0,-1.0,-1.0,-1.0,-1.0,-1.0,-1.0,-1.0,-1.0,-1.0,-1.0,-1.0,-1.0,-1.0,-1.0,-1.0,-1.0,-1.0,-1.0,-1.0,-1.0,-1.0,-1.0,-1.0,-1.0,-1.0,-1.0,-1.0,-1.0,-1.0,-1.0,-1.0,-1.0,-1.0,-1.0,-1.0,-1.0,-1.0,-1.0,-1.0,-1.0,-1.0,-1.0,-1.0,-1.0,-1.0,-1.0,-1.0,-1.0,-1.0,-1.0,-1.0,-1.0,-1.0,-1.0,1.0,-1.0,-1.0,-1.0,-1.0,-1.0,-1.0,-1.0,-1.0,-1.0,-1.0,-1.0,-1.0,-1.0,-1.0,-1.0,-1.0,-1.0,
Hyogoro,-1.0,-0.7,-1.0,-1.0,-0.7,-0.7,-1.0,-1.0,-0.7,-0.7,-1.0,0.0,-1.0,-0.7,-0.7,-1.0,-1.0,0.7,-1.0,-1.0,-0.7,-0.7,0.0,-1.0,-0.7,0.0,-0.7,-0.7,0.0,0.0,-0.7,-0.7,-1.0,-0.7,-0.7,-1.0,-0.7,-1.0,0.0,0.0,-0.7,-1.0,-0.7,-1.0,-1.0,0.0,-1.0,-1.0,-0.7,-1.0,-1.0,-0.7,-1.0,-1.0,-0.7,-1.0,-0.7,0.0,-0.7,0.0,-1.0,-1.0,-1.0,0.0,-1.0,-0.7,-0.7,-1.0,0.0,-0.7,-1.0,0.0,-0.7,-0.7,0.0,0.7,-1.0,0.0,-0.7,-1.0,0.0,-1.0,-0.7,-1.0,-1.0,-1.0,-1.0,-0.7,-0.7,-0.7,-1.0,0.0,0.0,
Hyogoro,-1.0,-0.7,-0.7,0.0,0.0,-1.0,0.0,-1.0,-0.7,-1.0,-1.0,-0.7,-0.7,-1.0,0.0,-1.0,-1.0,0.0,0.0,-0.7,-1.0,-0.7,-0.7,-0.7,-0.7,-0.7,-1.0,-1.0,-0.7,-1.0,-0.7,-0.7,-0.7,-1.0,-0.7,-0.7,0.0,-0.7,-1.0,-0.7,-1.0,-0.7,0.0,-0.7,-1.0,-0.7,0.0,0.0,0.0,-0.7,-1.0,-1.0,0.0,-1.0,-1.0,-0.7,-1.0,-0.7,-0.7,-0.7,-0.7,-1.0,-0.7,-0.7,0.0,-0.7,-0.7,-0.7,-0.7,-1.0,0.0,0.0,0.0,-1.0,-1.0,0.0,-1.0,-0.7,-1.0,-0.7,0.0,-0.7,-1.0,-0.7,-1.0,-1.0,0.0,0.0,-0.7,-0.7,0.0,-1.0,-1.0,
Hotori and Kotori,-1.0,-1.0,-1.0,-1.0,-1.0,-1.0,-1.0,-1.0,-1.0,-1.0,-1.0,-1.0,-1.0,-1.0,-1.0,-1.0,-1.0,-1.0,-1.0,-1.0,-1.0,-1.0,-1.0,-1.0,-1.0,-1.0,-1.0,-1.0,-1.0,-1.0,-1.0,-1.0,-1.0,-1.0,-1.0,-1.0,-1.0,-1.0,-1.0,-1.0,-1.0,-1.0,-1.0,-1.0,-1.0,-1.0,-1.0,-1.0,-1.0,-1.0,-1.0,-1.0,-1.0,-1.0,-1.0,-1.0,-1.0,-1.0,-1.0,-1.0,-1.0,-1.0,-1.0,-1.0,-1.0,-1.0,-1.0,-1.0,-1.0,1.0,-1.0,-1.0,1.0,1.0,-1.0,-1.0,-1.0,-1.0,-1.0,-1.0,-1.0,-1.0,-1.0,-1.0,-1.0,-1.0,-1.0,-1.0,-1.0,-1.0,-1.0,-1.0,-1.0,
Hotori and Kotori,-0.7,-1.0,-1.0,-0.7,-0.7,-1.0,-0.7,-0.7,-1.0,-0.7,0.0,-0.7,-0.7,-1.0,-1.0,-1.0,-0.7,-0.7,-0.7,-1.0,-1.0,-0.7,0.0,-0.7,-0.7,-0.7,0.0,-1.0,0.0,0.0,0.0,0.0,-0.7,-1.0,0.0,-1.0,-0.7,-0.7,-1.0,-0.7,-0.7,-1.0,-1.0,-0.7,-1.0,0.0,0.0,-0.7,-1.0,-0.7,-0.7,-0.7,0.0,0.0,-1.0,-0.7,-0.7,0.0,-0.7,-0.7,-0.7,-1.0,-1.0,-1.0,-1.0,-1.0,0.0,-1.0,0.0,1.0,-1.0,0.0,0.0,1.0,-1.0,-1.0,-0.7,-1.0,-1.0,0.0,0.0,0.0,-0.7,-1.0,-0.7,0.0,-1.0,0.0,-1.0,-1.0,-1.0,0.0,-1.0,
Hotori and Kotori,-1.0,-0.7,0.0,-1.0,-0.7,0.0,0.0,0.0,0.0,-1.0,-1.0,0.0,-0.7,-1.0,-0.7,-1.0,-0.7,-1.0,-0.7,0.0,-0.7,-0.7,-1.0,-1.0,-0.7,-0.7,-1.0,0.0,-0.7,-0.7,-1.0,0.0,0.0,-0.7,-1.0,-1.0,-0.7,-1.0,-1.0,-1.0,-1.0,0.0,-0.7,-1.0,-0.7,-1.0,0.0,-0.7,-0.7,-1.0,-0.7,-0.7,-0.7,-1.0,-1.0,-1.0,-1.0,-1.0,-1.0,0.0,-0.7,0.0,-1.0,0.0,0.0,-0.7,-0.7,-0.7,-1.0,1.0,-1.0,0.0,0.7,1.0,-0.7,-1.0,-1.0,-0.7,0.0,-1.0,-0.7,-1.0,-0.7,-0.7,-1.0,-0.7,-1.0,0.0,-1.0,-1.0,0.0,-1.0,-0.7,
Holed'em,-1.0,-1.0,-1.0,-1.0,-1.0,-1.0,-1.0,-1.0,-1.0,-1.0,-1.0,-1.0,-1.0,-1.0,-1.0,-1.0,-1.0,1.0,-1.0,-1.0,1.0,-1.0,-1.0,-1.0,-1.0,-1.0,-1.0,-1.0,-1.0,-1.0,-1.0,-1.0,-1.0,-1.0,-1.0,-1.0,-1.0,1.0,1.0,-1.0,-1.0,-1.0,-1.0,-1.0,1.0,-1.0,-1.0,-1.0,-1.0,-1.0,-1.0,-1.0,-1.0,1.0,-1.0,-1.0,-1.0,-1.0,-1.0,-1.0,-1.0,-1.0,-1.0,-1.0,-1.0,-1.0,-1.0,-1.0,-1.0,-1.0,-1.0,-1.0,-1.0,-1.0,-1.0,1.0,-1.0,-1.0,-1.0,-1.0,-1.0,-1.0,-1.0,-1.0,-1.0,-1.0,-1.0,-1.0,-1.0,-1.0,-1.0,-1.0,-1.0,
Holed'em,-1.0,-1.0,0.0,-1.0,-0.7,0.0,-0.7,-0.7,-0.7,-1.0,-0.7,-1.0,-1.0,0.0,-1.0,-0.7,-1.0,0.0,-1.0,-0.7,0.7,-1.0,-0.7,0.0,-0.7,-1.0,-0.7,-1.0,0.0,-1.0,-0.7,-0.7,-1.0,-1.0,-0.7,-0.7,0.0,1.0,1.0,0.0,-1.0,-0.7,-1.0,0.0,1.0,0.0,0.0,0.0,-0.7,0.0,-0.7,-0.7,-1.0,0.7,-0.7,-1.0,0.0,-1.0,-0.7,-1.0,-1.0,-0.7,-0.7,-1.0,-1.0,-1.0,0.0,-0.7,-0.7,0.0,-0.7,-1.0,0.0,-1.0,-1.0,1.0,-1.0,-1.0,-0.7,-0.7,-0.7,-1.0,0.0,-1.0,0.0,-1.0,-1.0,0.0,-1.0,0.0,-1.0,0.0,-0.7,
Holed'em,0.0,-1.0,-0.7,0.0,0.0,-1.0,-1.0,-0.7,-1.0,-1.0,-0.7,-0.7,-0.7,-1.0,-0.7,-1.0,-0.7,1.0,-1.0,-0.7,0.7,-1.0,-0.7,-0.7,-0.7,0.0,-1.0,0.0,-1.0,-0.7,-1.0,-0.7,-0.7,0.0,-0.7,-0.7,-1.0,1.0,0.0,-1.0,0.0,-1.0,-0.7,-0.7,0.0,-0.7,-1.0,-0.7,0.0,-1.0,-1.0,0.0,0.0,1.0,-0.7,-1.0,-0.7,-1.0,-1.0,-0.7,0.0,-1.0,-1.0,-1.0,0.0,0.0,0.0,-1.0,-1.0,-1.0,0.0,-1.0,-0.7,-1.0,-0.7,1.0,-1.0,-0.7,-1.0,0.0,-0.7,-1.0,-1.0,-1.0,-1.0,-0.7,-1.0,-1.0,-1.0,-0.7,-0.7,-1.0,0.0,
Hogback,-1.0,-1.0,-1.0,-1.0,-1.0,-1.0,-1.0,-1.0,-1.0,-1.0,-1.0,1.0,-1.0,-1.0,-1.0,-1.0,-1.0,1.0,-1.0,-1.0,1.0,-1.0,-1.0,-1.0,-1.0,-1.0,-1.0,-1.0,-1.0,-1.0,-1.0,-1.0,-1.0,-1.0,-1.0,-1.0,-1.0,1.0,-1.0,-1.0,-1.0,-1.0,-1.0,-1.0,-1.0,-1.0,-1.0,-1.0,-1.0,-1.0,-1.0,-1.0,-1.0,-1.0,-1.0,-1.0,-1.0,-1.0,-1.0,-1.0,-1.0,-1.0,-1.0,-1.0,-1.0,-1.0,-1.0,-1.0,-1.0,-1.0,-1.0,-1.0,-1.0,-1.0,-1.0,-1.0,-1.0,-1.0,-1.0,-1.0,-1.0,-1.0,-1.0,-1.0,1.0,-1.0,-1.0,-1.0,-1.0,-1.0,-1.0,-1.0,-1.0,
Hogback,-0.7,-0.7,-1.0,-0.7,-0.7,-1.0,-1.0,-1.0,-1.0,-0.7,-1.0,1.0,-1.0,-0.7,-0.7,-0.7,-1.0,0.7,-1.0,-0.7,1.0,-1.0,-0.7,-0.7,-0.7,0.0,0.0,-1.0,-0.7,-0.7,-1.0,-1.0,0.0,0.0,-1.0,-1.0,-1.0,0.7,-0.7,-0.7,-1.0,-0.7,-0.7,-0.7,-0.7,-1.0,-0.7,-1.0,-0.7,-1.0,0.0,0.0,-0.7,-0.7,-0.7,-0.7,-0.7,-1.0,0.0,-0.7,0.0,-0.7,-1.0,-1.0,-0.7,0.0,-0.7,-0.7,-1.0,-1.0,-1.0,-0.7,0.0,-1.0,-1.0,-0.7,-1.0,-0.7,0.0,-0.7,-1.0,-1.0,-0.7,0.0,0.7,-1.0,-1.0,-0.7,-1.0,-1.0,-1.0,-0.7,-1.0,
Hogback,-0.7,-0.7,-1.0,0.0,-1.0,-0.7,-1.0,0.0,-0.7,-0.7,-1.0,1.0,-0.7,-0.7,-1.0,0.0,-0.7,0.7,-1.0,-1.0,0.7,0.0,-1.0,-1.0,-0.7,-1.0,-1.0,-1.0,-1.0,-0.7,0.0,0.0,-0.7,-1.0,-0.7,-0.7,-1.0,0.7,0.0,-1.0,-1.0,-0.7,-0.7,-0.7,-0.7,-1.0,-0.7,-1.0,-1.0,-0.7,0.0,-0.7,-1.0,-0.7,0.0,-0.7,-1.0,-0.7,-1.0,0.0,-1.0,-1.0,-1.0,-1.0,0.0,-0.7,-0.7,-1.0,-0.7,-0.7,-1.0,-1.0,-0.7,0.0,-0.7,-0.7,0.0,-1.0,-0.7,0.0,-0.7,-0.7,-0.7,-0.7,0.7,-1.0,-0.7,-1.0,-1.0,-0.7,-0.7,-0.7,-1.0,
Hody Jones,-1.0,-1.0,-1.0,-1.0,-1.0,-1.0,-1.0,-1.0,-1.0,-1.0,-1.0,-1.0,-1.0,1.0,1.0,-1.0,-1.0,1.0,-1.0,-1.0,1.0,-1.0,-1.0,-1.0,-1.0,-1.0,-1.0,-1.0,-1.0,-1.0,-1.0,-1.0,-1.0,-1.0,-1.0,-1.0,-1.0,1.0,-1.0,-1.0,-1.0,-1.0,-1.0,-1.0,-1.0,-1.0,-1.0,-1.0,-1.0,-1.0,-1.0,-1.0,-1.0,-1.0,-1.0,-1.0,-1.0,-1.0,-1.0,-1.0,-1.0,-1.0,-1.0,-1.0,-1.0,-1.0,-1.0,-1.0,-1.0,-1.0,-1.0,-1.0,-1.0,-1.0,1.0,-1.0,-1.0,-1.0,-1.0,-1.0,-1.0,-1.0,-1.0,-1.0,-1.0,-1.0,-1.0,-1.0,-1.0,-1.0,-1.0,-1.0,-1.0,
Hody Jones,0.0,-0.7,-0.7,-1.0,-0.7,-1.0,-0.7,-0.7,-1.0,-0.7,-1.0,-0.7,0.0,0.0,1.0,-1.0,-0.7,0.7,-0.7,0.0,1.0,-1.0,-0.7,-1.0,-0.7,-0.7,-1.0,-1.0,-0.7,-0.7,-0.7,-1.0,-0.7,-1.0,0.0,-0.7,-1.0,1.0,0.0,-1.0,0.0,0.0,-1.0,-0.7,-0.7,-0.7,-1.0,-0.7,-1.0,-1.0,-0.7,-1.0,-1.0,0.0,-1.0,0.0,-1.0,-1.0,-1.0,-0.7,-0.7,0.0,-0.7,-1.0,-1.0,-1.0,-0.7,-1.0,-1.0,-0.7,-1.0,-1.0,-1.0,-1.0,1.0,-0.7,-0.7,-1.0,-0.7,-1.0,0.0,-1.0,-0.7,-1.0,-0.7,-0.7,-1.0,-0.7,-1.0,-0.7,-1.0,0.0,0.0,
Hody Jones,-0.7,-0.7,0.0,-0.7,-0.7,-0.7,0.0,-1.0,0.0,-0.7,-0.7,0.0,-0.7,0.7,0.7,0.0,-0.7,1.0,-0.7,0.0,0.7,-1.0,-0.7,-1.0,-0.7,-1.0,-1.0,-0.7,-1.0,-1.0,0.0,0.0,0.0,0.0,0.0,0.0,-0.7,1.0,-0.7,-1.0,-0.7,-0.7,-1.0,0.0,-0.7,-1.0,-0.7,0.0,-0.7,-0.7,-0.7,-1.0,-0.7,-1.0,-1.0,-0.7,-1.0,-1.0,-0.7,-0.7,-0.7,-0.7,0.0,-1.0,-1.0,-0.7,-0.7,-1.0,-0.7,-0.7,-0.7,-0.7,-1.0,-1.0,0.7,-0.7,-0.7,-0.7,0.0,-0.7,-1.0,-1.0,-1.0,-1.0,-1.0,-1.0,-0.7,-1.0,-0.7,-1.0,-1.0,-1.0,-0.7,
Hiriluk,-1.0,-1.0,-1.0,-1.0,-1.0,-1.0,-1.0,-1.0,-1.0,-1.0,-1.0,1.0,-1.0,1.0,-1.0,-1.0,-1.0,-1.0,-1.0,-1.0,-1.0,-1.0,-1.0,-1.0,-1.0,-1.0,-1.0,-1.0,-1.0,-1.0,-1.0,-1.0,-1.0,-1.0,-1.0,-1.0,-1.0,1.0,-1.0,-1.0,-1.0,-1.0,-1.0,-1.0,-1.0,-1.0,-1.0,-1.0,-1.0,-1.0,-1.0,-1.0,-1.0,-1.0,-1.0,-1.0,-1.0,-1.0,-1.0,-1.0,-1.0,-1.0,-1.0,-1.0,-1.0,-1.0,-1.0,-1.0,-1.0,-1.0,-1.0,-1.0,-1.0,-1.0,-1.0,-1.0,-1.0,-1.0,1.0,-1.0,-1.0,-1.0,-1.0,-1.0,-1.0,-1.0,-1.0,-1.0,-1.0,-1.0,-1.0,-1.0,-1.0,
Hiriluk,-1.0,-0.7,-0.7,0.0,-0.7,-0.7,-0.7,-1.0,-0.7,-0.7,-0.7,1.0,0.0,0.0,-0.7,-1.0,-0.7,-0.7,-0.7,-1.0,0.0,-1.0,-1.0,-1.0,-1.0,-1.0,0.0,-0.7,-1.0,-0.7,-1.0,-0.7,-0.7,0.0,-0.7,-0.7,-1.0,0.0,-0.7,-1.0,-1.0,-0.7,-0.7,-1.0,-1.0,-1.0,0.0,0.0,-0.7,-1.0,0.0,-1.0,0.0,-0.7,-0.7,-1.0,-1.0,-0.7,-1.0,-1.0,-0.7,-0.7,-1.0,-1.0,-1.0,-0.7,-1.0,-1.0,-1.0,-0.7,-0.7,-0.7,-0.7,0.0,-0.7,-0.7,0.0,-1.0,0.7,-0.7,0.0,-0.7,-0.7,-0.7,-1.0,0.0,0.0,-0.7,-1.0,-1.0,-1.0,-1.0,-0.7,
Hiriluk,-1.0,-1.0,-1.0,-1.0,-0.7,-1.0,0.0,0.0,-1.0,0.0,-1.0,1.0,0.0,0.7,-1.0,-0.7,-0.7,0.0,0.0,0.0,-0.7,-0.7,0.0,-1.0,-0.7,-1.0,0.0,-1.0,-0.7,-0.7,-1.0,-0.7,-1.0,-1.0,-1.0,-0.7,-1.0,0.0,-1.0,-0.7,-0.7,-0.7,-1.0,0.0,-0.7,-1.0,-1.0,-0.7,0.0,-1.0,0.0,-0.7,-1.0,-0.7,-0.7,-0.7,0.0,0.0,-1.0,-1.0,-1.0,0.0,0.0,0.0,0.0,-1.0,0.0,-0.7,-0.7,-0.7,0.0,-1.0,0.0,-1.0,-0.7,0.0,-0.7,-1.0,0.7,-0.7,-1.0,-0.7,-1.0,0.0,-1.0,-0.7,-0.7,0.0,-1.0,-0.7,-1.0,0.0,0.0,
Hina,1.0,-1.0,-1.0,-1.0,-1.0,-1.0,-1.0,-1.0,-1.0,-1.0,-1.0,-1.0,-1.0,-1.0,1.0,-1.0,-1.0,1.0,-1.0,-1.0,1.0,-1.0,-1.0,-1.0,-1.0,-1.0,-1.0,-1.0,-1.0,-1.0,-1.0,-1.0,-1.0,-1.0,-1.0,-1.0,-1.0,1.0,1.0,1.0,-1.0,-1.0,-1.0,-1.0,-1.0,-1.0,-1.0,-1.0,-1.0,-1.0,-1.0,-1.0,-1.0,-1.0,-1.0,-1.0,-1.0,-1.0,-1.0,-1.0,-1.0,-1.0,-1.0,-1.0,-1.0,-1.0,-1.0,-1.0,-1.0,-1.0,-1.0,-1.0,-1.0,-1.0,-1.0,-1.0,-1.0,-1.0,-1.0,-1.0,-1.0,-1.0,-1.0,1.0,-1.0,-1.0,-1.0,-1.0,-1.0,-1.0,-1.0,-1.0,-1.0,
Hina,0.0,0.0,-1.0,-0.7,-1.0,0.0,-0.7,-0.7,-1.0,0.0,-0.7,-0.7,-0.7,-1.0,0.7,0.0,-0.7,0.0,-1.0,-0.7,1.0,-1.0,0.0,-0.7,-0.7,-0.7,-1.0,-1.0,-0.7,-0.7,-0.7,-1.0,-0.7,-0.7,-1.0,-0.7,0.0,0.0,0.7,1.0,-0.7,-0.7,0.0,-0.7,-1.0,-1.0,-1.0,-1.0,-0.7,-1.0,-1.0,-0.7,-0.7,-1.0,-1.0,-1.0,-0.7,0.0,-0.7,-0.7,0.0,-1.0,-1.0,-0.7,-0.7,-0.7,0.0,-1.0,-0.7,0.0,0.0,-1.0,-1.0,-0.7,-1.0,0.0,-0.7,-1.0,-0.7,-0.7,-1.0,-0.7,0.0,1.0,0.0,-0.7,0.0,-1.0,-0.7,-0.7,-1.0,-0.7,0.0,
Hina,1.0,-0.7,0.0,-0.7,-1.0,-0.7,-0.7,-1.0,-1.0,-0.7,-0.7,-1.0,0.0,-0.7,1.0,-0.7,-0.7,0.7,-1.0,-0.7,1.0,-0.7,-0.7,-0.7,-0.7,-1.0,-0.7,-1.0,-1.0,0.0,-1.0,-0.7,0.0,0.0,0.0,0.0,-1.0,1.0,1.0,1.0,-0.7,-1.0,-1.0,-0.7,-1.0,-1.0,0.0,-0.7,-1.0,-0.7,-1.0,-1.0,-1.0,-1.0,-1.0,-0.7,-0.7,-0.7,-1.0,-1.0,-0.7,0.0,0.0,-1.0,0.0,-0.7,-0.7,0.0,-1.0,-1.0,-1.0,0.0,0.0,-1.0,-0.7,-1.0,0.0,0.0,-0.7,0.0,-0.7,-1.0,0.0,1.0,-1.0,-0.7,-0.7,-1.0,-0.7,-1.0,-0.7,-0.7,0.0,
Higuma,-1.0,-1.0,-1.0,-1.0,-1.0,-1.0,-1.0,-1.0,-1.0,-1.0,-1.0,-1.0,-1.0,-1.0,-1.0,-1.0,1.0,-1.0,-1.0,-1.0,-1.0,-1.0,-1.0,-1.0,-1.0,-1.0,-1.0,-1.0,-1.0,-1.0,-1.0,-1.0,-1.0,-1.0,-1.0,-1.0,-1.0,1.0,-1.0,-1.0,-1.0,-1.0,-1.0,-1.0,-1.0,-1.0,-1.0,-1.0,-1.0,-1.0,-1.0,-1.0,-1.0,-1.0,-1.0,-1.0,-1.0,-1.0,-1.0,-1.0,-1.0,-1.0,-1.0,-1.0,-1.0,-1.0,-1.0,-1.0,-1.0,-1.0,-1.0,-1.0,-1.0,-1.0,-1.0,-1.0,-1.0,-1.0,-1.0,-1.0,-1.0,-1.0,-1.0,-1.0,-1.0,-1.0,-1.0,-1.0,-1.0,-1.0,-1.0,-1.0,-1.0,
Higuma,-1.0,0.0,-1.0,-0.7,-0.7,-1.0,-1.0,-1.0,-1.0,-1.0,-0.7,-0.7,-0.7,-0.7,-1.0,-1.0,0.7,-0.7,-0.7,0.0,-1.0,0.0,0.0,0.0,-0.7,0.0,0.0,-0.7,0.0,0.0,-1.0,-0.7,-0.7,-1.0,-1.0,-1.0,-0.7,1.0,-0.7,-0.7,-0.7,-1.0,-1.0,0.0,-0.7,0.0,-1.0,-1.0,-1.0,-1.0,-1.0,-1.0,-1.0,-1.0,-0.7,-0.7,-1.0,0.0,-1.0,-1.0,-1.0,-1.0,-0.7,-1.0,-0.7,-1.0,-1.0,0.0,-1.0,0.0,-1.0,0.0,0.0,0.0,0.0,0.0,-0.7,0.0,-0.7,0.0,0.0,-0.7,0.0,-0.7,0.0,-1.0,-1.0,-1.0,-1.0,0.0,-0.7,-1.0,0.0,
Higuma,-1.0,-1.0,-0.7,-1.0,-1.0,-0.7,-1.0,-1.0,-0.7,-0.7,-1.0,-1.0,-0.7,-1.0,0.0,-1.0,0.7,-1.0,-0.7,-1.0,-1.0,0.0,-0.7,-1.0,0.0,-1.0,-1.0,-1.0,0.0,-0.7,0.0,-1.0,-1.0,-0.7,-1.0,-0.7,0.0,0.0,-1.0,-0.7,-1.0,0.0,-0.7,-1.0,0.0,-0.7,-0.7,0.0,-1.0,-0.7,-1.0,-1.0,-1.0,-0.7,-1.0,-0.7,-0.7,-0.7,-1.0,-0.7,-0.7,-1.0,-1.0,-0.7,-1.0,-1.0,-0.7,-0.7,-0.7,-1.0,-1.0,-0.7,-0.7,0.0,-0.7,-0.7,-1.0,-0.7,-0.7,-1.0,-1.0,-1.0,-1.0,-1.0,-0.7,-0.7,-0.7,-0.7,-1.0,0.0,-0.7,-0.7,-1.0,
Heracles,-1.0,-1.0,-1.0,-1.0,-1.0,-1.0,-1.0,-1.0,-1.0,-1.0,-1.0,-1.0,-1.0,-1.0,-1.0,-1.0,-1.0,1.0,-1.0,-1.0,1.0,-1.0,-1.0,-1.0,-1.0,-1.0,-1.0,-1.0,-1.0,-1.0,-1.0,-1.0,-1.0,-1.0,-1.0,-1.0,-1.0,1.0,-1.0,-1.0,-1.0,-1.0,-1.0,-1.0,-1.0,-1.0,-1.0,-1.0,-1.0,-1.0,-1.0,-1.0,-1.0,-1.0,-1.0,-1.0,-1.0,-1.0,-1.0,-1.0,-1.0,-1.0,-1.0,-1.0,-1.0,-1.0,-1.0,-1.0,-1.0,-1.0,-1.0,-1.0,-1.0,-1.0,-1.0,-1.0,-1.0,-1.0,-1.0,-1.0,-1.0,-1.0,-1.0,-1.0,-1.0,-1.0,-1.0,-1.0,-1.0,-1.0,1.0,-1.0,-1.0,
Heracles,0.0,-1.0,-0.7,-1.0,0.0,-0.7,-1.0,-1.0,-1.0,-1.0,-0.7,-1.0,-1.0,-0.7,-1.0,-0.7,-1.0,0.7,-1.0,-0.7,0.7,-1.0,-1.0,0.0,-1.0,-1.0,-1.0,-0.7,-1.0,-1.0,-0.7,-1.0,-1.0,0.0,-1.0,-0.7,-0.7,0.7,-1.0,-1.0,0.0,0.0,-0.7,-0.7,-1.0,-0.7,-0.7,-0.7,-0.7,-1.0,-0.7,-0.7,-1.0,-1.0,-0.7,-1.0,0.0,-0.7,-0.7,-0.7,-0.7,0.0,-1.0,-1.0,-1.0,-1.0,0.0,-1.0,-1.0,-0.7,-1.0,0.0,-1.0,-1.0,-0.7,-0.7,-1.0,-0.7,-1.0,-1.0,-0.7,0.0,-1.0,0.0,-0.7,-1.0,-1.0,0.0,-1.0,-1.0,0.7,-0.7,-1.0,
Heracles,-1.0,-0.7,-0.7,-1.0,0.0,-0.7,-1.0,-0.7,-0.7,-1.0,0.0,-1.0,0.0,-1.0,-0.7,0.0,-1.0,0.7,-0.7,-0.7,1.0,-1.0,-0.7,-0.7,-1.0,-1.0,-1.0,-0.7,-0.7,-1.0,-1.0,0.0,0.0,-0.7,-0.7,0.0,-0.7,1.0,-1.0,-1.0,-1.0,-1.0,-0.7,-0.7,-0.7,-1.0,-1.0,-0.7,-0.7,0.0,0.0,-1.0,-0.7,-1.0,-1.0,-0.7,0.0,-0.7,-1.0,-1.0,-0.7,0.0,0.0,-0.7,-0.7,0.0,0.0,0.0,-0.7,-1.0,-1.0,-1.0,-1.0,-1.0,0.0,-0.7,-1.0,-1.0,0.0,-1.0,-0.7,-1.0,-1.0,-0.7,-0.7,-0.7,-1.0,-1.0,-0.7,-1.0,0.0,-1.0,-0.7,
Hatchan,-1.0,-1.0,-1.0,-1.0,-1.0,-1.0,-1.0,-1.0,-1.0,-1.0,-1.0,-1.0,-1.0,-1.0,-1.0,-1.0,-1.0,1.0,-1.0,-1.0,1.0,-1.0,-1.0,-1.0,-1.0,-1.0,-1.0,-1.0,-1.0,-1.0,-1.0,-1.0,-1.0,-1.0,-1.0,-1.0,-1.0,1.0,-1.0,-1.0,-1.0,-1.0,-1.0,-1.0,-1.0,-1.0,-1.0,-1.0,-1.0,-1.0,-1.0,-1.0,-1.0,-1.0,-1.0,-1.0,-1.0,-1.0,-1.0,-1.0,-1.0,-1.0,-1.0,-1.0,-1.0,-1.0,-1.0,-1.0,-1.0,-1.0,-1.0,-1.0,-1.0,-1.0,-1.0,-1.0,-1.0,-1.0,-1.0,-1.0,-1.0,-1.0,-1.0,-1.0,-1.0,-1.0,1.0,-1.0,-1.0,-1.0,-1.0,-1.0,-1.0,
Hatchan,-1.0,-0.7,-1.0,-1.0,-0.7,0.0,0.0,-0.7,-1.0,0.0,0.0,-1.0,-1.0,-0.7,-0.7,-1.0,-1.0,0.7,-0.7,0.0,1.0,-0.7,-0.7,-0.7,0.0,-1.0,0.0,0.0,-1.0,-0.7,-0.7,-0.7,0.0,-0.7,-1.0,0.0,-1.0,0.7,-0.7,-1.0,-0.7,0.0,-0.7,-0.7,-1.0,0.0,0.0,-1.0,0.0,-1.0,-0.7,-1.0,-1.0,0.0,-0.7,-1.0,-0.7,-0.7,-0.7,-0.7,-1.0,-0.7,-1.0,-1.0,-1.0,-0.7,-1.0,-0.7,0.0,-0.7,-1.0,-0.7,-0.7,0.0,-1.0,-0.7,-1.0,-0.7,-0.7,-1.0,-0.7,-0.7,-1.0,-0.7,-0.7,0.0,1.0,0.0,-1.0,0.0,-1.0,-1.0,-1.0,
Hatchan,-1.0,-1.0,-0.7,0.0,-0.7,-0.7,-0.7,-1.0,-1.0,0.0,-1.0,-0.7,0.0,-1.0,0.0,-0.7,0.0,0.7,-1.0,-0.7,0.0,-1.0,0.0,-0.7,-1.0,-1.0,-1.0,0.0,-1.0,-0.7,-0.7,-0.7,0.0,-0.7,-0.7,0.0,-0.7,0.0,-0.7,-0.7,-1.0,-1.0,0.0,-1.0,-1.0,-1.0,-0.7,-1.0,-0.7,-0.7,-1.0,-1.0,-1.0,-1.0,-0.7,-1.0,-0.7,0.0,0.0,-0.7,0.0,-0.7,-0.7,-0.7,0.0,-0.7,-1.0,-1.0,-1.0,-0.7,-0.7,-1.0,0.0,0.0,-0.7,-1.0,-0.7,0.0,-1.0,-0.7,-1.0,0.0,0.0,-1.0,-1.0,-1.0,1.0,-0.7,-1.0,-1.0,-0.7,-0.7,0.0,
Helmeppo,-1.0,-1.0,-1.0,-1.0,-1.0,-1.0,-1.0,-1.0,-1.0,-1.0,-1.0,-1.0,-1.0,-1.0,-1.0,-1.0,1.0,1.0,-1.0,-1.0,1.0,-1.0,-1.0,-1.0,-1.0,-1.0,-1.0,-1.0,-1.0,-1.0,-1.0,-1.0,-1.0,-1.0,-1.0,-1.0,-1.0,-1.0,-1.0,-1.0,-1.0,-1.0,-1.0,-1.0,-1.0,-1.0,-1.0,-1.0,-1.0,-1.0,-1.0,-1.0,-1.0,-1.0,-1.0,-1.0,-1.0,-1.0,-1.0,-1.0,-1.0,-1.0,-1.0,-1.0,-1.0,-1.0,-1.0,-1.0,-1.0,-1.0,-1.0,-1.0,-1.0,-1.0,-1.0,-1.0,-1.0,-1.0,-1.0,-1.0,-1.0,-1.0,-1.0,-1.0,-1.0,-1.0,-1.0,-1.0,-1.0,-1.0,-1.0,-1.0,-1.0,
Helmeppo,-1.0,-1.0,-0.7,-1.0,-1.0,-0.7,-0.7,-1.0,-0.7,0.0,-0.7,-0.7,-1.0,-0.7,-1.0,-0.7,0.0,1.0,-0.7,-1.0,0.0,0.0,-1.0,0.0,-1.0,-1.0,-1.0,-0.7,0.0,-1.0,0.0,-1.0,-0.7,0.0,-1.0,-0.7,-0.7,-1.0,-1.0,-0.7,-1.0,0.0,-0.7,0.0,0.0,-1.0,-0.7,0.0,-1.0,-1.0,-0.7,-0.7,-0.7,-1.0,-1.0,0.0,-1.0,-0.7,-1.0,-0.7,-1.0,-1.0,-1.0,0.0,-1.0,-0.7,0.0,-1.0,-1.0,0.0,-0.7,-0.7,-0.7,0.0,-1.0,-1.0,-1.0,-1.0,-1.0,-1.0,0.0,-0.7,0.0,0.0,-0.7,-1.0,-0.7,-1.0,-1.0,0.0,-0.7,0.0,-1.0,
Helmeppo,-1.0,-0.7,-0.7,-1.0,-0.7,-1.0,0.0,-1.0,-1.0,-1.0,0.0,0.0,-0.7,-1.0,-1.0,-1.0,1.0,1.0,0.0,-0.7,0.0,-0.7,-1.0,-1.0,-0.7,-0.7,-1.0,-1.0,0.0,0.0,-0.7,-1.0,-1.0,-1.0,-1.0,-1.0,-1.0,-0.7,-1.0,-0.7,-0.7,-1.0,-0.7,-1.0,-0.7,0.0,-1.0,-1.0,-1.0,-1.0,0.0,0.0,0.0,-0.7,-0.7,-1.0,-1.0,-1.0,-1.0,0.0,-1.0,-1.0,-1.0,0.0,0.0,0.0,0.0,-0.7,-1.0,-1.0,-0.7,-0.7,0.0,-0.7,-1.0,-1.0,-1.0,-1.0,-1.0,-1.0,-0.7,-0.7,-1.0,-0.7,-0.7,-0.7,-1.0,-1.0,-1.0,-1.0,-1.0,-0.7,-0.7,
Hatcha,-1.0,-1.0,-1.0,-1.0,-1.0,-1.0,-1.0,-1.0,-1.0,-1.0,-1.0,-1.0,-1.0,-1.0,-1.0,-1.0,-1.0,1.0,-1.0,-1.0,1.0,-1.0,-1.0,-1.0,-1.0,-1.0,-1.0,-1.0,-1.0,-1.0,-1.0,-1.0,-1.0,-1.0,-1.0,-1.0,-1.0,1.0,-1.0,-1.0,-1.0,-1.0,-1.0,-1.0,-1.0,-1.0,-1.0,-1.0,-1.0,-1.0,-1.0,-1.0,-1.0,-1.0,-1.0,-1.0,-1.0,-1.0,-1.0,-1.0,-1.0,-1.0,-1.0,-1.0,-1.0,-1.0,-1.0,-1.0,-1.0,-1.0,-1.0,-1.0,-1.0,-1.0,-1.0,1.0,-1.0,-1.0,-1.0,-1.0,-1.0,-1.0,-1.0,-1.0,-1.0,-1.0,-1.0,-1.0,-1.0,-1.0,-1.0,-1.0,-1.0,
Hatcha,0.0,-0.7,0.0,-0.7,0.0,0.0,-0.7,-0.7,0.0,-0.7,-1.0,-0.7,0.0,-0.7,-0.7,-1.0,-0.7,1.0,0.0,0.0,0.0,-1.0,-0.7,-0.7,-0.7,-0.7,0.0,0.0,-0.7,-0.7,-0.7,-0.7,-0.7,0.0,0.0,0.0,-1.0,0.7,-0.7,-1.0,-0.7,0.0,-1.0,-1.0,0.0,-1.0,0.0,-1.0,-0.7,-0.7,-0.7,0.0,-1.0,-0.7,0.0,-0.7,0.0,-0.7,-0.7,-0.7,-1.0,-0.7,-1.0,-0.7,0.0,-0.7,-0.7,-0.7,-0.7,-0.7,-1.0,-0.7,-0.7,-0.7,-1.0,0.7,-0.7,-0.7,-1.0,0.0,-0.7,-0.7,-0.7,-0.7,0.0,-1.0,0.0,-0.7,-0.7,-0.7,-1.0,-0.7,-1.0,
Hatcha,0.0,-0.7,-1.0,-1.0,-0.7,-0.7,-1.0,-1.0,-0.7,-1.0,0.0,-0.7,0.0,0.0,-1.0,-0.7,-0.7,1.0,-0.7,-0.7,1.0,0.0,-1.0,-0.7,-1.0,-1.0,0.0,-1.0,-0.7,-0.7,-0.7,-1.0,-1.0,0.0,0.0,-0.7,-0.7,0.7,-0.7,0.0,-0.7,-0.7,-0.7,-1.0,0.0,0.0,0.0,-1.0,-0.7,-0.7,-1.0,0.0,-0.7,-0.7,-1.0,0.0,-0.7,0.0,-1.0,-0.7,-0.7,-1.0,-1.0,-0.7,-0.7,0.0,-0.7,-1.0,0.0,-1.0,-0.7,-0.7,-1.0,0.0,-0.7,1.0,-1.0,-0.7,-0.7,-1.0,-0.7,-1.0,-0.7,-1.0,-0.7,0.0,-1.0,-1.0,-1.0,0.0,-0.7,-0.7,-1.0,
Haredas,-1.0,-1.0,-1.0,-1.0,-1.0,-1.0,-1.0,-1.0,-1.0,-1.0,-1.0,-1.0,-1.0,-1.0,-1.0,-1.0,-1.0,1.0,-1.0,-1.0,1.0,-1.0,-1.0,-1.0,-1.0,-1.0,-1.0,-1.0,-1.0,-1.0,-1.0,-1.0,-1.0,-1.0,1.0,-1.0,-1.0,1.0,-1.0,-1.0,-1.0,-1.0,-1.0,-1.0,-1.0,-1.0,-1.0,-1.0,-1.0,-1.0,-1.0,-1.0,-1.0,-1.0,-1.0,-1.0,-1.0,-1.0,-1.0,-1.0,-1.0,-1.0,-1.0,-1.0,-1.0,-1.0,-1.0,-1.0,-1.0,1.0,-1.0,-1.0,-1.0,-1.0,-1.0,-1.0,-1.0,-1.0,-1.0,-1.0,-1.0,-1.0,-1.0,-1.0,-1.0,-1.0,-1.0,-1.0,-1.0,-1.0,1.0,1.0,-1.0,
Haredas,-1.0,-0.7,-0.7,-0.7,-0.7,-0.7,-1.0,-0.7,-0.7,0.0,-0.7,-0.7,-0.7,0.0,-1.0,0.0,-1.0,0.7,-0.7,-1.0,1.0,-1.0,-0.7,-1.0,-0.7,0.0,-0.7,-1.0,-0.7,0.0,0.0,-0.7,-1.0,-1.0,0.7,-0.7,-0.7,1.0,-0.7,-0.7,-1.0,-0.7,-1.0,0.0,-0.7,-1.0,-0.7,0.0,0.0,-1.0,-1.0,-0.7,-1.0,-0.7,-0.7,-0.7,-1.0,-1.0,-0.7,-0.7,-0.7,-1.0,0.0,-1.0,-1.0,-0.7,-0.7,-1.0,-1.0,0.7,-1.0,-1.0,0.0,-1.0,-1.0,-1.0,0.0,0.0,-1.0,0.0,-1.0,-1.0,-0.7,-0.7,-1.0,-0.7,-0.7,0.0,-1.0,-0.7,1.0,1.0,-1.0,
Haredas,-0.7,-1.0,-0.7,0.0,-1.0,-0.7,-0.7,0.0,0.0,-1.0,-1.0,-1.0,-1.0,-1.0,-1.0,-0.7,0.0,0.0,-1.0,-0.7,0.0,0.0,-0.7,-1.0,-0.7,-0.7,-1.0,-1.0,-0.7,0.0,-1.0,0.0,-1.0,-1.0,1.0,-1.0,-1.0,0.7,0.0,-1.0,-0.7,-0.7,0.0,-1.0,-1.0,-1.0,0.0,-0.7,-0.7,-1.0,-1.0,-0.7,-0.7,-1.0,-0.7,0.0,-1.0,0.0,-0.7,-1.0,0.0,-0.7,-0.7,-0.7,-1.0,-0.7,-0.7,-1.0,-0.7,0.7,-1.0,-1.0,-1.0,-1.0,0.0,-0.7,-0.7,-0.7,-1.0,-0.7,0.0,-0.7,-0.7,-0.7,-0.7,-1.0,0.0,0.0,0.0,0.0,1.0,0.7,-1.0,
Hannyabal,-1.0,-1.0,-1.0,-1.0,-1.0,-1.0,-1.0,-1.0,-1.0,-1.0,-1.0,-1.0,-1.0,-1.0,-1.0,-1.0,-1.0,1.0,-1.0,-1.0,1.0,-1.0,-1.0,-1.0,-1.0,-1.0,-1.0,-1.0,-1.0,-1.0,-1.0,-1.0,-1.0,-1.0,-1.0,-1.0,-1.0,1.0,-1.0,-1.0,-1.0,-1.0,-1.0,-1.0,-1.0,-1.0,-1.0,-1.0,-1.0,-1.0,-1.0,-1.0,-1.0,-1.0,-1.0,-1.0,-1.0,-1.0,-1.0,-1.0,-1.0,-1.0,-1.0,-1.0,-1.0,-1.0,-1.0,-1.0,-1.0,-1.0,-1.0,-1.0,-1.0,-1.0,-1.0,-1.0,-1.0,-1.0,-1.0,-1.0,-1.0,-1.0,-1.0,-1.0,-1.0,1.0,-1.0,-1.0,-1.0,-1.0,-1.0,-1.0,-1.0,
Hannyabal,-1.0,-0.7,-0.7,-1.0,-0.7,0.0,-1.0,-1.0,-0.7,-1.0,0.0,-0.7,-1.0,-0.7,-1.0,-1.0,-1.0,0.7,-1.0,-1.0,0.7,-0.7,-1.0,-0.7,-1.0,-1.0,-1.0,-0.7,-0.7,-1.0,-0.7,-0.7,-1.0,-0.7,-1.0,-1.0,0.0,0.7,-0.7,0.0,-1.0,-1.0,0.0,-1.0,-0.7,0.0,-1.0,0.0,-0.7,0.0,-1.0,-0.7,0.0,-1.0,-1.0,-1.0,0.0,-1.0,-1.0,-0.7,-0.7,-0.7,-0.7,-0.7,-0.7,0.0,-1.0,0.0,-1.0,-1.0,-0.7,0.0,-1.0,-1.0,-0.7,0.0,-1.0,-1.0,-0.7,-1.0,-1.0,0.0,-0.7,-1.0,0.0,0.7,-0.7,-0.7,0.0,0.0,-1.0,-1.0,-0.7,
Hannyabal,-1.0,-0.7,-1.0,0.0,-1.0,-1.0,-1.0,-1.0,-0.7,-0.7,-0.7,-1.0,-0.7,-1.0,-0.7,-1.0,0.0,0.0,-1.0,0.0,1.0,0.0,-1.0,-1.0,0.0,-1.0,-0.7,-0.7,0.0,0.0,-0.7,-0.7,-1.0,-1.0,-0.7,-1.0,-1.0,1.0,-1.0,-0.7,-1.0,0.0,-1.0,-1.0,-1.0,-0.7,-0.7,-1.0,-1.0,0.0,-0.7,-0.7,-0.7,-0.7,-0.7,-0.7,0.0,-0.7,-1.0,0.0,-0.7,-0.7,-0.7,-0.7,-0.7,-0.7,0.0,-0.7,-1.0,-1.0,-0.7,-0.7,0.0,-1.0,-0.7,-1.0,-0.7,-0.7,0.0,-0.7,-0.7,-1.0,-0.7,-0.7,-1.0,0.7,-1.0,-1.0,-1.0,-0.7,-1.0,-0.7,-1.0,
Hanzo,-1.0,-1.0,-1.0,-1.0,-1.0,-1.0,-1.0,-1.0,-1.0,-1.0,-1.0,-1.0,-1.0,1.0,-1.0,-1.0,-1.0,1.0,-1.0,-1.0,1.0,-1.0,-1.0,-1.0,-1.0,-1.0,-1.0,-1.0,-1.0,-1.0,-1.0,-1.0,-1.0,-1.0,-1.0,-1.0,-1.0,1.0,-1.0,-1.0,-1.0,-1.0,-1.0,-1.0,-1.0,-1.0,-1.0,-1.0,-1.0,-1.0,-1.0,-1.0,-1.0,-1.0,-1.0,-1.0,-1.0,-1.0,-1.0,-1.0,-1.0,-1.0,-1.0,-1.0,-1.0,-1.0,-1.0,-1.0,-1.0,-1.0,-1.0,-1.0,-1.0,-1.0,-1.0,1.0,-1.0,-1.0,-1.0,-1.0,-1.0,-1.0,-1.0,-1.0,-1.0,-1.0,-1.0,-1.0,-1.0,-1.0,-1.0,-1.0,-1.0,
Hanzo,-1.0,-1.0,-1.0,-1.0,-1.0,-1.0,-0.7,-1.0,0.0,-0.7,-0.7,-1.0,-0.7,1.0,0.0,-1.0,-1.0,0.7,0.0,-0.7,1.0,0.0,-0.7,-1.0,-1.0,-0.7,-1.0,-0.7,-1.0,-0.7,-1.0,-0.7,0.0,-0.7,0.0,-0.7,-0.7,1.0,-1.0,-1.0,-1.0,-1.0,-1.0,-1.0,-0.7,-0.7,-0.7,-1.0,-0.7,0.0,-0.7,-0.7,-0.7,-0.7,-1.0,-1.0,-1.0,-0.7,-1.0,0.0,-0.7,-0.7,0.0,-0.7,-1.0,0.0,0.0,-1.0,-0.7,-1.0,-1.0,-0.7,-1.0,0.0,-0.7,0.7,-1.0,0.0,-1.0,-0.7,-0.7,-1.0,0.0,-1.0,-0.7,-0.7,-1.0,0.0,-1.0,-1.0,-1.0,-1.0,-0.7,
Hanzo,-1.0,-0.7,-0.7,0.0,-0.7,-1.0,-1.0,-0.7,0.0,-0.7,-0.7,-1.0,-0.7,1.0,-0.7,0.0,0.0,0.0,0.0,-1.0,0.7,-1.0,-1.0,0.0,-1.0,-1.0,-1.0,-1.0,-1.0,-0.7,0.0,-0.7,-0.7,-0.7,-0.7,0.0,-0.7,1.0,-0.7,0.0,-1.0,-1.0,-0.7,-0.7,0.0,-0.7,-0.7,-1.0,0.0,-1.0,-0.7,-0.7,-1.0,-1.0,-0.7,-1.0,-1.0,0.0,-1.0,-0.7,-0.7,0.0,-1.0,-0.7,-1.0,0.0,-0.7,-1.0,-1.0,-1.0,-0.7,-0.7,-1.0,-1.0,0.0,0.0,-1.0,-0.7,-0.7,-0.7,-1.0,-1.0,-1.0,-1.0,-1.0,-1.0,-0.7,-0.7,-1.0,-0.7,-1.0,-1.0,-1.0,
Hajrudin,-1.0,-1.0,-1.0,-1.0,-1.0,-1.0,-1.0,-1.0,-1.0,-1.0,-1.0,-1.0,-1.0,-1.0,1.0,-1.0,-1.0,1.0,-1.0,-1.0,1.0,-1.0,-1.0,-1.0,-1.0,-1.0,-1.0,-1.0,-1.0,-1.0,-1.0,-1.0,-1.0,-1.0,-1.0,-1.0,-1.0,1.0,-1.0,-1.0,-1.0,-1.0,-1.0,-1.0,-1.0,-1.0,-1.0,-1.0,-1.0,-1.0,-1.0,-1.0,-1.0,-1.0,-1.0,-1.0,-1.0,-1.0,-1.0,-1.0,-1.0,-1.0,-1.0,-1.0,-1.0,-1.0,1.0,-1.0,-1.0,-1.0,-1.0,-1.0,-1.0,-1.0,-1.0,-1.0,1.0,-1.0,-1.0,-1.0,-1.0,-1.0,-1.0,-1.0,-1.0,-1.0,-1.0,-1.0,-1.0,-1.0,-1.0,-1.0,-1.0,
Hajrudin,-0.7,-1.0,-0.7,-1.0,0.0,-1.0,-1.0,-0.7,-0.7,-1.0,-1.0,-0.7,-0.7,-0.7,0.7,-0.7,-0.7,0.7,-0.7,-0.7,1.0,-1.0,0.0,-0.7,-0.7,-1.0,-0.7,-0.7,-0.7,-0.7,-0.7,-1.0,0.0,0.0,-0.7,-0.7,-1.0,1.0,-0.7,-1.0,-0.7,-0.7,-0.7,-1.0,-0.7,-1.0,-0.7,0.0,-0.7,0.0,-1.0,-0.7,-0.7,-1.0,-1.0,-1.0,-0.7,-0.7,-1.0,-0.7,-1.0,-1.0,-1.0,-0.7,-1.0,-1.0,1.0,-0.7,-0.7,-0.7,-1.0,-0.7,-1.0,0.0,-0.7,0.0,1.0,-0.7,-0.7,-0.7,-0.7,-1.0,-1.0,-1.0,-1.0,-1.0,-1.0,-0.7,-0.7,-1.0,-0.7,-0.7,-0.7,
Hajrudin,-0.7,-1.0,-1.0,-0.7,-1.0,-0.7,-0.7,0.0,0.0,0.0,0.0,-1.0,0.0,-1.0,0.0,-0.7,0.0,0.0,0.0,0.0,1.0,0.0,-1.0,-0.7,-0.7,-0.7,-0.7,-1.0,-0.7,-0.7,-0.7,-0.7,-1.0,-1.0,0.0,0.0,-0.7,1.0,-1.0,0.0,0.0,-1.0,-0.7,0.0,-1.0,-0.7,0.0,0.0,-1.0,0.0,-1.0,-1.0,-1.0,-1.0,-0.7,-1.0,0.0,0.0,-1.0,-0.7,-0.7,-0.7,-1.0,-1.0,-0.7,-0.7,0.0,-1.0,-0.7,0.0,0.0,-1.0,-0.7,-1.0,-1.0,-0.7,1.0,-0.7,-1.0,0.0,-1.0,-1.0,-0.7,-0.7,-1.0,-0.7,-0.7,-0.7,-1.0,0.0,-0.7,-1.0,-0.7,
Hack,-1.0,-1.0,-1.0,-1.0,-1.0,-1.0,-1.0,-1.0,-1.0,-1.0,-1.0,-1.0,-1.0,-1.0,-1.0,-1.0,-1.0,1.0,-1.0,-1.0,1.0,-1.0,-1.0,-1.0,-1.0,-1.0,-1.0,-1.0,-1.0,-1.0,-1.0,-1.0,-1.0,-1.0,-1.0,-1.0,-1.0,1.0,-1.0,-1.0,-1.0,-1.0,-1.0,-1.0,-1.0,-1.0,-1.0,-1.0,-1.0,-1.0,-1.0,-1.0,-1.0,-1.0,-1.0,-1.0,-1.0,-1.0,-1.0,-1.0,-1.0,-1.0,-1.0,-1.0,-1.0,-1.0,-1.0,-1.0,-1.0,-1.0,-1.0,-1.0,-1.0,-1.0,-1.0,-1.0,1.0,-1.0,-1.0,-1.0,-1.0,-1.0,-1.0,-1.0,-1.0,-1.0,-1.0,-1.0,-1.0,-1.0,-1.0,-1.0,-1.0,
Hack,-1.0,-1.0,-0.7,-0.7,0.0,0.0,-0.7,-0.7,-0.7,-1.0,-1.0,0.0,-1.0,-0.7,-1.0,-0.7,-1.0,0.0,-1.0,-0.7,1.0,0.0,-0.7,-0.7,-1.0,-0.7,-1.0,0.0,-0.7,-1.0,0.0,0.0,-1.0,0.0,-1.0,-0.7,-1.0,0.0,-1.0,-1.0,-0.7,-0.7,-0.7,-0.7,-1.0,-0.7,-0.7,-1.0,-0.7,-0.7,-0.7,-1.0,-0.7,-1.0,-0.7,-0.7,-1.0,-0.7,0.0,0.0,0.0,0.0,-1.0,-0.7,-0.7,-1.0,-0.7,-1.0,0.0,0.0,-0.7,-0.7,-0.7,-0.7,0.0,-1.0,1.0,-1.0,-1.0,0.0,-0.7,-0.7,-1.0,-0.7,-0.7,-0.7,0.0,-0.7,-0.7,-0.7,-0.7,0.0,-1.0,
Hack,-1.0,0.0,-1.0,-0.7,-0.7,-0.7,0.0,-0.7,0.0,0.0,0.0,0.0,-0.7,-1.0,-0.7,0.0,0.0,0.7,-0.7,-1.0,1.0,-0.7,-1.0,-1.0,-0.7,0.0,0.0,-1.0,-1.0,-1.0,-0.7,-0.7,-0.7,0.0,-0.7,-0.7,-0.7,0.0,-1.0,-1.0,-1.0,-0.7,-0.7,-1.0,-0.7,-1.0,-0.7,0.0,0.0,-1.0,-1.0,-0.7,0.0,-0.7,-0.7,-0.7,-1.0,-1.0,-0.7,-0.7,0.0,-0.7,-0.7,-0.7,-1.0,-1.0,-1.0,-0.7,0.0,-1.0,-0.7,-1.0,-0.7,-1.0,-1.0,-1.0,0.7,-0.7,-1.0,-1.0,0.0,0.0,-0.7,0.0,0.0,-0.7,-0.7,-0.7,-0.7,0.0,-0.7,-0.7,-1.0,
Gotti,-1.0,-1.0,-1.0,-1.0,-1.0,-1.0,-1.0,-1.0,-1.0,-1.0,-1.0,-1.0,-1.0,-1.0,-1.0,-1.0,-1.0,1.0,-1.0,-1.0,1.0,-1.0,-1.0,-1.0,-1.0,-1.0,-1.0,-1.0,-1.0,-1.0,-1.0,-1.0,-1.0,-1.0,-1.0,-1.0,-1.0,1.0,-1.0,-1.0,-1.0,-1.0,-1.0,-1.0,-1.0,-1.0,-1.0,-1.0,-1.0,-1.0,-1.0,-1.0,-1.0,-1.0,-1.0,-1.0,-1.0,-1.0,-1.0,-1.0,-1.0,-1.0,-1.0,-1.0,-1.0,-1.0,-1.0,-1.0,-1.0,-1.0,-1.0,-1.0,-1.0,-1.0,-1.0,-1.0,-1.0,1.0,-1.0,-1.0,-1.0,-1.0,-1.0,-1.0,-1.0,-1.0,-1.0,-1.0,-1.0,-1.0,-1.0,-1.0,-1.0,
Gotti,-0.7,-1.0,-0.7,-0.7,0.0,-0.7,-1.0,-1.0,-0.7,-0.7,-1.0,-1.0,-1.0,-1.0,0.0,-1.0,-0.7,0.7,-1.0,-1.0,0.0,0.0,0.0,-1.0,-0.7,-1.0,-1.0,-0.7,-0.7,-1.0,-1.0,-1.0,-1.0,-0.7,-0.7,0.0,-0.7,0.7,-0.7,-1.0,-0.7,-1.0,-1.0,0.0,-1.0,-0.7,-0.7,-0.7,-1.0,-1.0,-0.7,0.0,-0.7,-0.7,-1.0,-0.7,-1.0,-1.0,-0.7,-0.7,-0.7,-0.7,-0.7,-1.0,0.0,-0.7,0.0,-0.7,-1.0,-0.7,-0.7,-1.0,-0.7,0.0,-1.0,-1.0,-0.7,0.0,-0.7,-0.7,-1.0,-1.0,0.0,0.0,0.0,-1.0,-1.0,0.0,0.0,-0.7,-0.7,-0.7,-1.0,
Gotti,-0.7,-1.0,-1.0,-0.7,0.0,-0.7,-0.7,-0.7,-0.7,-0.7,-0.7,-1.0,-1.0,-0.7,-0.7,-0.7,-0.7,0.7,0.0,-1.0,0.7,-0.7,-0.7,-1.0,0.0,-1.0,-1.0,-1.0,-0.7,-0.7,-1.0,-0.7,-1.0,-1.0,-0.7,-1.0,-1.0,0.7,-0.7,-0.7,-0.7,-0.7,0.0,0.0,-1.0,-1.0,-0.7,-0.7,-1.0,-0.7,-0.7,-0.7,0.0,-0.7,-0.7,-0.7,0.0,-1.0,0.0,-0.7,-0.7,-0.7,-1.0,-0.7,-0.7,0.0,-1.0,-1.0,-1.0,-0.7,0.0,-1.0,-1.0,-0.7,-1.0,-1.0,-0.7,0.7,0.0,0.0,-1.0,-1.0,0.0,-1.0,-1.0,-0.7,-1.0,-0.7,0.0,-1.0,-0.7,-1.0,0.0,
Gol D. Roger,-1.0,-1.0,-1.0,-1.0,-1.0,-1.0,-1.0,-1.0,-1.0,-1.0,-1.0,-1.0,-1.0,-1.0,1.0,-1.0,1.0,-1.0,-1.0,-1.0,-1.0,-1.0,-1.0,-1.0,-1.0,-1.0,-1.0,-1.0,-1.0,-1.0,-1.0,-1.0,-1.0,-1.0,-1.0,-1.0,-1.0,1.0,-1.0,-1.0,-1.0,-1.0,-1.0,-1.0,-1.0,-1.0,-1.0,-1.0,-1.0,-1.0,-1.0,-1.0,-1.0,-1.0,-1.0,-1.0,-1.0,-1.0,-1.0,-1.0,-1.0,-1.0,-1.0,-1.0,-1.0,-1.0,-1.0,-1.0,-1.0,-1.0,-1.0,-1.0,-1.0,-1.0,-1.0,-1.0,-1.0,-1.0,-1.0,-1.0,-1.0,-1.0,-1.0,-1.0,-1.0,-1.0,-1.0,-1.0,-1.0,-1.0,-1.0,-1.0,-1.0,
Gol D. Roger,-0.7,-1.0,-1.0,-1.0,-1.0,-1.0,-1.0,-1.0,-0.7,-1.0,0.0,-0.7,-1.0,-1.0,0.0,-1.0,1.0,-1.0,-0.7,-0.7,-1.0,-1.0,-1.0,-1.0,-1.0,-1.0,-0.7,-0.7,-0.7,-0.7,-1.0,-0.7,-0.7,-0.7,0.0,0.0,-1.0,0.7,-1.0,-0.7,-0.7,0.0,-0.7,-0.7,-1.0,-0.7,-1.0,-1.0,-0.7,0.0,0.0,-0.7,-1.0,-0.7,-1.0,-1.0,-1.0,0.0,-0.7,-1.0,0.0,-0.7,-0.7,-0.7,0.0,-1.0,0.0,-1.0,0.0,-0.7,-0.7,0.0,-1.0,-0.7,0.0,0.0,-1.0,-1.0,-0.7,-0.7,-0.7,-0.7,-0.7,-1.0,-0.7,-0.7,-0.7,-1.0,-0.7,0.0,-0.7,-0.7,-1.0,
Gol D. Roger,-0.7,-0.7,-0.7,0.0,-0.7,-0.7,-1.0,-0.7,-1.0,-1.0,-1.0,-1.0,-0.7,-0.7,0.7,-0.7,0.7,-0.7,-0.7,0.0,-0.7,-0.7,-1.0,-0.7,-0.7,-1.0,-0.7,-0.7,-0.7,0.0,-0.7,0.0,-0.7,-1.0,-0.7,-0.7,-0.7,0.0,0.0,-1.0,-1.0,-0.7,-1.0,0.0,0.0,-0.7,0.0,0.0,0.0,-0.7,-1.0,-1.0,-1.0,-0.7,-1.0,-1.0,-0.7,-1.0,0.0,0.0,-0.7,0.0,-0.7,0.0,0.0,-1.0,-0.7,-0.7,-1.0,-0.7,-1.0,-0.7,-0.7,0.0,-0.7,-0.7,-1.0,-0.7,-1.0,0.0,-1.0,-1.0,-0.7,0.0,-1.0,-1.0,0.0,-1.0,-0.7,-1.0,-1.0,-1.0,-0.7,
Gladius,-1.0,-1.0,-1.0,-1.0,-1.0,-1.0,-1.0,-1.0,-1.0,-1.0,-1.0,-1.0,-1.0,-1.0,-1.0,-1.0,-1.0,1.0,-1.0,-1.0,1.0,-1.0,-1.0,-1.0,-1.0,-1.0,-1.0,-1.0,-1.0,-1.0,-1.0,-1.0,-1.0,-1.0,-1.0,-1.0,-1.0,1.0,1.0,1.0,-1.0,-1.0,-1.0,-1.0,-1.0,-1.0,-1.0,-1.0,-1.0,-1.0,-1.0,-1.0,-1.0,-1.0,-1.0,-1.0,-1.0,-1.0,-1.0,-1.0,-1.0,-1.0,-1.0,-1.0,-1.0,-1.0,-1.0,-1.0,-1.0,-1.0,-1.0,-1.0,-1.0,-1.0,-1.0,-1.0,-1.0,-1.0,-1.0,-1.0,-1.0,1.0,-1.0,-1.0,-1.0,-1.0,-1.0,-1.0,-1.0,-1.0,-1.0,-1.0,-1.0,
Gladius,-0.7,-1.0,-1.0,0.0,-0.7,-0.7,-1.0,-1.0,-1.0,-0.7,-1.0,-0.7,-0.7,-0.7,-1.0,-0.7,-1.0,1.0,-1.0,-0.7,0.7,-0.7,-0.7,0.0,-0.7,-1.0,-0.7,-1.0,-1.0,-1.0,-0.7,-0.7,-0.7,-0.7,-1.0,-0.7,-0.7,0.7,1.0,0.0,-1.0,-0.7,-1.0,0.0,-0.7,-1.0,-0.7,-1.0,-1.0,-0.7,-0.7,-1.0,-0.7,-0.7,-1.0,-0.7,-0.7,-0.7,0.0,-1.0,-0.7,-1.0,-1.0,0.0,0.0,-0.7,-1.0,-1.0,-0.7,-0.7,-0.7,-0.7,-1.0,-1.0,-1.0,-1.0,-1.0,-1.0,-0.7,0.0,-0.7,0.7,-0.7,-0.7,-1.0,-0.7,-0.7,-0.7,-0.7,0.0,-0.7,0.0,-0.7,
Gladius,-1.0,-0.7,0.0,-0.7,0.0,-1.0,-1.0,-1.0,-0.7,-1.0,0.0,-0.7,-1.0,-1.0,-0.7,0.0,-1.0,0.7,-1.0,-1.0,0.7,0.0,0.0,-0.7,-1.0,-1.0,-0.7,-1.0,-0.7,-1.0,0.0,-1.0,-0.7,-1.0,-1.0,-0.7,-0.7,1.0,0.0,0.7,0.0,-1.0,-1.0,0.0,-0.7,-1.0,-0.7,-0.7,-1.0,-0.7,-0.7,-0.7,-0.7,-0.7,-0.7,0.0,0.0,-0.7,-1.0,-1.0,-0.7,-1.0,-1.0,-0.7,0.0,-1.0,-1.0,-1.0,-1.0,0.0,-1.0,-0.7,-1.0,-1.0,-1.0,-1.0,-1.0,-1.0,-0.7,-1.0,-1.0,1.0,-0.7,-1.0,-0.7,-1.0,-1.0,-0.7,-0.7,-1.0,-0.7,-0.7,-1.0,
Giovanni,-1.0,-1.0,-1.0,-1.0,-1.0,-1.0,-1.0,-1.0,-1.0,-1.0,-1.0,-1.0,-1.0,-1.0,-1.0,-1.0,-1.0,1.0,-1.0,-1.0,1.0,-1.0,-1.0,-1.0,-1.0,-1.0,-1.0,-1.0,-1.0,-1.0,-1.0,-1.0,-1.0,-1.0,-1.0,-1.0,-1.0,1.0,-1.0,-1.0,-1.0,-1.0,-1.0,-1.0,-1.0,-1.0,-1.0,-1.0,-1.0,-1.0,-1.0,-1.0,-1.0,-1.0,-1.0,-1.0,-1.0,-1.0,-1.0,-1.0,-1.0,1.0,-1.0,-1.0,-1.0,-1.0,-1.0,-1.0,-1.0,-1.0,-1.0,1.0,-1.0,-1.0,-1.0,-1.0,-1.0,-1.0,-1.0,-1.0,-1.0,-1.0,-1.0,-1.0,-1.0,-1.0,-1.0,1.0,-1.0,-1.0,-1.0,-1.0,-1.0,
Giovanni,-1.0,-0.7,0.0,0.0,-0.7,-0.7,-0.7,0.0,-1.0,-0.7,-0.7,-1.0,0.0,-1.0,0.0,-1.0,0.0,1.0,-0.7,-1.0,1.0,0.0,-0.7,-0.7,0.0,-0.7,-0.7,-0.7,-1.0,-1.0,-0.7,0.0,-0.7,-0.7,-0.7,-0.7,-1.0,0.0,-0.7,0.0,-1.0,-1.0,-1.0,0.0,0.0,-0.7,-0.7,-1.0,-0.7,-0.7,-1.0,-0.7,-1.0,-0.7,-1.0,0.0,-0.7,-1.0,-1.0,-1.0,-0.7,0.7,0.0,-0.7,-0.7,-0.7,0.0,-1.0,-0.7,0.0,-1.0,1.0,-0.7,-0.7,-1.0,-0.7,-0.7,-0.7,-1.0,-1.0,-0.7,-0.7,-0.7,-1.0,-1.0,-1.0,-0.7,0.0,-1.0,0.0,-1.0,-0.7,0.0,
Giovanni,0.0,-0.7,-1.0,-1.0,-1.0,-0.7,-1.0,-0.7,-0.7,-0.7,-0.7,-1.0,0.0,-1.0,-0.7,0.0,-0.7,0.7,-0.7,0.0,0.0,0.0,-1.0,-1.0,-0.7,0.0,-0.7,-1.0,0.0,-0.7,-0.7,-1.0,-1.0,-0.7,-0.7,-1.0,-1.0,0.7,-0.7,0.0,0.0,-1.0,-1.0,-0.7,-1.0,-1.0,-0.7,-0.7,-0.7,-1.0,-0.7,-0.7,-0.7,-1.0,-1.0,-0.7,-1.0,-1.0,-0.7,-0.7,-1.0,0.7,-1.0,-1.0,0.0,-0.7,-0.7,-1.0,-0.7,-1.0,-1.0,1.0,0.0,0.0,-0.7,0.0,-1.0,-0.7,-0.7,-0.7,-1.0,-1.0,-0.7,-0.7,-1.0,-0.7,-1.0,1.0,-1.0,-0.7,-0.7,0.0,-0.7,
Giolla,-1.0,-1.0,-1.0,-1.0,-1.0,-1.0,-1.0,-1.0,-1.0,-1.0,-1.0,-1.0,-1.0,-1.0,-1.0,-1.0,-1.0,1.0,-1.0,-1.0,1.0,-1.0,-1.0,-1.0,-1.0,-1.0,-1.0,-1.0,-1.0,-1.0,-1.0,-1.0,-1.0,-1.0,-1.0,-1.0,-1.0,1.0,1.0,1.0,-1.0,-1.0,-1.0,-1.0,-1.0,-1.0,-1.0,-1.0,-1.0,-1.0,-1.0,-1.0,-1.0,-1.0,-1.0,-1.0,-1.0,-1.0,-1.0,-1.0,-1.0,-1.0,-1.0,-1.0,-1.0,-1.0,-1.0,-1.0,-1.0,-1.0,-1.0,-1.0,-1.0,-1.0,-1.0,-1.0,-1.0,-1.0,-1.0,-1.0,-1.0,1.0,-1.0,-1.0,-1.0,-1.0,-1.0,-1.0,-1.0,-1.0,-1.0,-1.0,-1.0,
Giolla,-0.7,-1.0,-1.0,-1.0,-0.7,-1.0,-1.0,-0.7,-1.0,-0.7,0.0,0.0,-1.0,-1.0,-1.0,-1.0,-1.0,1.0,-1.0,-0.7,0.7,-0.7,-0.7,-1.0,-0.7,0.0,-1.0,-1.0,-0.7,0.0,0.0,-1.0,-1.0,0.0,-1.0,-1.0,-0.7,0.7,0.0,0.7,-0.7,-1.0,0.0,-0.7,-0.7,-0.7,-0.7,-0.7,-1.0,-0.7,0.0,-0.7,0.0,-0.7,-0.7,0.0,-0.7,-1.0,-0.7,-1.0,-1.0,-1.0,-1.0,-0.7,-0.7,-0.7,0.0,-1.0,-1.0,0.0,-0.7,-0.7,-0.7,-1.0,-0.7,-0.7,-1.0,0.0,-1.0,-1.0,-1.0,1.0,0.0,-1.0,0.0,-1.0,0.0,-1.0,-1.0,-0.7,-1.0,-0.7,-0.7,
Giolla,0.0,0.0,-0.7,-1.0,-1.0,-1.0,-1.0,0.0,-1.0,-0.7,0.0,-1.0,-0.7,-0.7,0.0,-1.0,-0.7,0.7,-0.7,-0.7,0.7,-0.7,0.0,-1.0,-1.0,-1.0,-1.0,0.0,-0.7,0.0,0.0,-1.0,-0.7,-1.0,0.0,-0.7,-1.0,1.0,0.7,1.0,-0.7,-1.0,-0.7,-1.0,-0.7,-1.0,-0.7,-0.7,-1.0,0.0,-1.0,-1.0,-1.0,-1.0,-1.0,-1.0,-1.0,-0.7,-1.0,-0.7,-1.0,-1.0,-1.0,-0.7,-0.7,-1.0,0.0,-0.7,-0.7,-1.0,-0.7,-0.7,-1.0,0.0,-1.0,-1.0,-0.7,-0.7,-0.7,-1.0,-1.0,0.7,-1.0,-1.0,-0.7,-1.0,0.0,-0.7,-0.7,-1.0,-1.0,-1.0,-0.7,
Gin,-1.0,-1.0,-1.0,-1.0,-1.0,-1.0,-1.0,-1.0,-1.0,-1.0,-1.0,-1.0,-1.0,1.0,-1.0,-1.0,-1.0,-1.0,-1.0,-1.0,-1.0,-1.0,-1.0,-1.0,-1.0,-1.0,-1.0,-1.0,-1.0,-1.0,-1.0,-1.0,-1.0,-1.0,-1.0,-1.0,-1.0,1.0,-1.0,-1.0,-1.0,-1.0,-1.0,-1.0,-1.0,-1.0,-1.0,-1.0,-1.0,-1.0,-1.0,-1.0,-1.0,-1.0,-1.0,-1.0,-1.0,-1.0,-1.0,-1.0,-1.0,-1.0,-1.0,-1.0,-1.0,-1.0,-1.0,-1.0,-1.0,-1.0,-1.0,-1.0,-1.0,-1.0,-1.0,-1.0,-1.0,-1.0,-1.0,-1.0,-1.0,-1.0,1.0,-1.0,-1.0,-1.0,-1.0,-1.0,-1.0,-1.0,-1.0,-1.0,-1.0,
Gin,-0.7,-0.7,-0.7,0.0,-0.7,-0.7,0.0,-1.0,-1.0,-0.7,-1.0,-1.0,-1.0,1.0,-1.0,-1.0,-1.0,-0.7,-0.7,-0.7,0.0,-1.0,-1.0,0.0,-1.0,-0.7,-1.0,-0.7,0.0,-0.7,-1.0,-0.7,-1.0,0.0,-1.0,0.0,-0.7,1.0,-0.7,-1.0,-0.7,-0.7,-0.7,-1.0,0.0,-0.7,-1.0,-0.7,-0.7,0.0,-1.0,-1.0,-1.0,0.0,-1.0,-0.7,-1.0,0.0,-1.0,0.0,-0.7,-0.7,-0.7,-0.7,-0.7,-0.7,0.0,-0.7,-0.7,0.0,-1.0,-0.7,-1.0,-0.7,-1.0,-1.0,0.0,-0.7,-1.0,-0.7,-1.0,-0.7,0.7,-1.0,0.0,-0.7,-1.0,0.0,-1.0,-0.7,-0.7,-1.0,-1.0,
Gin,-0.7,-0.7,-1.0,-1.0,-1.0,-1.0,-0.7,-1.0,-1.0,-0.7,-0.7,0.0,-0.7,1.0,-1.0,-1.0,-1.0,-1.0,-0.7,-1.0,-1.0,-0.7,0.0,-1.0,-1.0,0.0,-1.0,-1.0,-1.0,0.0,-1.0,0.0,-0.7,-0.7,-0.7,-0.7,-1.0,1.0,-1.0,-1.0,-0.7,-0.7,-1.0,-0.7,-1.0,-1.0,0.0,-1.0,-1.0,-1.0,0.0,-1.0,-0.7,-0.7,0.0,-0.7,-0.7,0.0,-1.0,-0.7,-0.7,-0.7,-1.0,0.0,0.0,-1.0,-0.7,-1.0,0.0,-0.7,-1.0,-0.7,0.0,-0.7,-1.0,-1.0,-1.0,-1.0,-0.7,-1.0,-1.0,-0.7,0.7,-1.0,0.0,-0.7,-1.0,0.0,-0.7,-1.0,-1.0,-0.7,0.0,
Gerd,-1.0,-1.0,-1.0,-1.0,-1.0,-1.0,-1.0,-1.0,-1.0,-1.0,-1.0,1.0,-1.0,1.0,-1.0,-1.0,-1.0,1.0,-1.0,-1.0,1.0,-1.0,-1.0,-1.0,-1.0,-1.0,-1.0,-1.0,-1.0,-1.0,-1.0,-1.0,-1.0,-1.0,-1.0,-1.0,-1.0,1.0,-1.0,-1.0,-1.0,-1.0,-1.0,-1.0,-1.0,-1.0,-1.0,-1.0,-1.0,-1.0,-1.0,-1.0,-1.0,-1.0,-1.0,-1.0,-1.0,-1.0,-1.0,-1.0,-1.0,-1.0,-1.0,-1.0,-1.0,-1.0,1.0,-1.0,-1.0,-1.0,-1.0,-1.0,-1.0,-1.0,-1.0,-1.0,-1.0,1.0,-1.0,-1.0,-1.0,-1.0,-1.0,-1.0,-1.0,-1.0,-1.0,-1.0,-1.0,-1.0,-1.0,-1.0,-1.0,
Gerd,-1.0,-0.7,-1.0,-0.7,0.0,-1.0,-1.0,-1.0,-1.0,-1.0,-0.7,1.0,-0.7,1.0,-1.0,-1.0,-1.0,1.0,-0.7,0.0,0.7,-1.0,-1.0,-0.7,-1.0,-1.0,-1.0,0.0,-0.7,-0.7,-0.7,-0.7,-0.7,-0.7,-1.0,-1.0,-0.7,0.7,-0.7,-1.0,-1.0,-1.0,-1.0,-0.7,-1.0,-0.7,-1.0,-1.0,-0.7,-0.7,0.0,-1.0,-0.7,-1.0,-1.0,-0.7,0.0,-1.0,-1.0,0.0,-0.7,-1.0,-0.7,-0.7,-0.7,-0.7,0.0,-1.0,-1.0,-0.7,-1.0,-0.7,-1.0,-1.0,0.0,-1.0,-0.7,0.7,-1.0,-0.7,-0.7,0.0,-0.7,-1.0,-0.7,-1.0,-1.0,-1.0,0.0,-0.7,-0.7,-0.7,0.0,
Gerd,0.0,-1.0,-1.0,-1.0,-0.7,-1.0,0.0,-0.7,-1.0,-1.0,-1.0,0.7,0.0,0.7,-0.7,-1.0,0.0,1.0,0.0,-0.7,0.7,-0.7,-1.0,0.0,0.0,-1.0,-1.0,-0.7,-0.7,-1.0,-0.7,-1.0,0.0,-0.7,-1.0,0.0,-1.0,0.7,-0.7,-0.7,0.0,-0.7,0.0,0.0,-0.7,-0.7,-1.0,-1.0,-0.7,-1.0,-1.0,0.0,0.0,-0.7,0.0,-1.0,-1.0,0.0,-0.7,-0.7,0.0,-1.0,-0.7,-1.0,0.0,-1.0,0.7,0.0,-1.0,-0.7,-0.7,-0.7,0.0,-1.0,0.0,-0.7,-1.0,1.0,-1.0,-1.0,-0.7,-1.0,-0.7,0.0,-1.0,-0.7,-1.0,-0.7,0.0,-0.7,-1.0,-1.0,-1.0,
Genzo,-1.0,-1.0,-1.0,-1.0,-1.0,-1.0,-1.0,-1.0,-1.0,-1.0,-1.0,-1.0,-1.0,-1.0,-1.0,-1.0,-1.0,1.0,-1.0,-1.0,1.0,-1.0,-1.0,-1.0,-1.0,-1.0,-1.0,-1.0,-1.0,-1.0,-1.0,-1.0,-1.0,-1.0,-1.0,-1.0,-1.0,-1.0,-1.0,-1.0,-1.0,-1.0,-1.0,-1.0,-1.0,-1.0,-1.0,-1.0,-1.0,-1.0,-1.0,-1.0,-1.0,-1.0,-1.0,-1.0,-1.0,-1.0,-1.0,-1.0,-1.0,-1.0,-1.0,-1.0,-1.0,-1.0,-1.0,-1.0,-1.0,-1.0,-1.0,-1.0,-1.0,-1.0,-1.0,-1.0,-1.0,-1.0,-1.0,-1.0,-1.0,-1.0,-1.0,-1.0,-1.0,-1.0,1.0,-1.0,-1.0,-1.0,-1.0,-1.0,-1.0,
Genzo,-0.7,-0.7,0.0,-0.7,-0.7,-1.0,-1.0,-1.0,-1.0,-0.7,0.0,-0.7,-0.7,-0.7,-1.0,-1.0,-1.0,1.0,-1.0,-0.7,0.0,-1.0,0.0,-1.0,-0.7,-1.0,-1.0,-1.0,-1.0,0.0,-1.0,-1.0,-1.0,-0.7,-0.7,0.0,-0.7,-0.7,-1.0,-1.0,0.0,-0.7,-0.7,-1.0,-1.0,-0.7,-0.7,-0.7,-0.7,-1.0,-0.7,-1.0,-0.7,-1.0,-0.7,-1.0,0.0,-0.7,-0.7,-1.0,-0.7,-0.7,0.0,-0.7,-0.7,-1.0,-1.0,-0.7,-1.0,0.0,-1.0,-0.7,-0.7,-0.7,-0.7,-1.0,-0.7,-0.7,-0.7,-0.7,-0.7,-1.0,-1.0,-1.0,-0.7,-1.0,1.0,-1.0,-0.7,-0.7,-1.0,0.0,-1.0,
Genzo,-0.7,-1.0,-0.7,-0.7,-1.0,0.0,0.0,-1.0,-0.7,-0.7,-1.0,0.0,-1.0,0.0,-0.7,-0.7,-0.7,0.7,-0.7,0.0,0.7,-0.7,0.0,-0.7,-1.0,-0.7,0.0,-0.7,-0.7,-1.0,0.0,-0.7,-1.0,0.0,-0.7,-1.0,-1.0,0.0,-0.7,-0.7,-0.7,-0.7,-1.0,-0.7,-0.7,-0.7,-0.7,0.0,0.0,-0.7,-1.0,-1.0,0.0,-1.0,-1.0,-0.7,0.0,-1.0,-1.0,0.0,-1.0,-0.7,0.0,-1.0,-0.7,0.0,-0.7,-1.0,-0.7,-1.0,-1.0,-0.7,-1.0,-1.0,-1.0,-1.0,-0.7,-1.0,0.0,-0.7,-1.0,-0.7,0.0,0.0,-1.0,-0.7,1.0,-1.0,-1.0,-0.7,-1.0,-1.0,-0.7,
Genbo,-1.0,-1.0,-1.0,-1.0,-1.0,-1.0,-1.0,-1.0,-1.0,-1.0,-1.0,-1.0,-1.0,-1.0,-1.0,-1.0,-1.0,1.0,-1.0,-1.0,1.0,-1.0,-1.0,-1.0,-1.0,-1.0,-1.0,-1.0,-1.0,-1.0,-1.0,-1.0,-1.0,-1.0,-1.0,-1.0,-1.0,1.0,-1.0,-1.0,-1.0,-1.0,-1.0,-1.0,-1.0,-1.0,-1.0,-1.0,-1.0,-1.0,-1.0,-1.0,-1.0,-1.0,-1.0,-1.0,-1.0,-1.0,-1.0,-1.0,1.0,-1.0,-1.0,-1.0,-1.0,-1.0,-1.0,1.0,-1.0,-1.0,-1.0,-1.0,-1.0,1.0,-1.0,-1.0,-1.0,-1.0,-1.0,-1.0,-1.0,-1.0,-1.0,-1.0,-1.0,-1.0,-1.0,-1.0,-1.0,-1.0,-1.0,-1.0,-1.0,
Genbo,-0.7,-0.7,-0.7,-0.7,-1.0,-1.0,0.0,-1.0,-1.0,-0.7,-1.0,-1.0,-0.7,-0.7,-1.0,-1.0,-0.7,1.0,-1.0,-1.0,0.7,-1.0,-1.0,-1.0,-0.7,-0.7,-1.0,-0.7,-1.0,-0.7,-0.7,-0.7,-0.7,-1.0,-1.0,-0.7,-1.0,1.0,-0.7,-0.7,-1.0,0.0,0.0,-1.0,-0.7,0.0,-0.7,-1.0,-1.0,-0.7,-1.0,-0.7,-1.0,-0.7,-0.7,0.0,-0.7,-0.7,-1.0,-1.0,1.0,0.0,-0.7,-1.0,0.0,-1.0,-0.7,0.7,-1.0,-1.0,-1.0,0.0,-0.7,1.0,-0.7,-1.0,-1.0,0.0,-1.0,-0.7,0.0,-0.7,0.0,-1.0,0.0,-1.0,-0.7,0.0,-0.7,-0.7,-1.0,0.0,-1.0,
Genbo,0.0,0.0,-1.0,-0.7,-1.0,-0.7,-0.7,-1.0,0.0,-0.7,-1.0,-0.7,-1.0,-0.7,-0.7,-1.0,-1.0,0.7,-0.7,-1.0,0.7,-0.7,-1.0,-0.7,-1.0,-0.7,-1.0,-0.7,0.0,-0.7,-0.7,-0.7,-1.0,-1.0,0.0,0.0,-0.7,1.0,0.0,-1.0,0.0,-0.7,-1.0,0.0,-0.7,-1.0,-0.7,0.0,-1.0,-1.0,-0.7,-0.7,0.0,-1.0,-0.7,-1.0,0.0,-1.0,-1.0,-0.7,0.7,-1.0,-1.0,-1.0,0.0,-0.7,-1.0,1.0,0.0,-0.7,-1.0,-1.0,-1.0,1.0,-0.7,-1.0,0.0,-1.0,-1.0,-1.0,-0.7,0.0,0.0,-1.0,-0.7,-0.7,-1.0,-1.0,-1.0,-1.0,-0.7,-0.7,-1.0,
Gem,-1.0,-1.0,-1.0,-1.0,-1.0,-1.0,-1.0,-1.0,-1.0,-1.0,-1.0,-1.0,-1.0,-1.0,-1.0,-1.0,-1.0,1.0,-1.0,-1.0,1.0,-1.0,-1.0,-1.0,-1.0,-1.0,-1.0,-1.0,-1.0,-1.0,-1.0,-1.0,-1.0,-1.0,-1.0,-1.0,-1.0,1.0,1.0,1.0,-1.0,-1.0,-1.0,-1.0,-1.0,-1.0,-1.0,-1.0,-1.0,-1.0,-1.0,-1.0,-1.0,-1.0,-1.0,-1.0,1.0,-1.0,-1.0,-1.0,-1.0,-1.0,-1.0,-1.0,-1.0,-1.0,-1.0,-1.0,-1.0,-1.0,-1.0,-1.0,-1.0,-1.0,-1.0,-1.0,-1.0,-1.0,1.0,-1.0,-1.0,-1.0,-1.0,-1.0,-1.0,-1.0,-1.0,-1.0,-1.0,-1.0,-1.0,-1.0,-1.0,
Gem,0.0,-0.7,-0.7,-0.7,-0.7,-1.0,0.0,-1.0,0.0,-1.0,-1.0,-0.7,-0.7,-0.7,-0.7,-0.7,-1.0,0.0,-0.7,-1.0,1.0,-0.7,-1.0,0.0,-0.7,-1.0,0.0,0.0,0.0,-1.0,-0.7,-0.7,-0.7,-0.7,-1.0,-1.0,-0.7,0.0,1.0,0.7,-1.0,-0.7,-1.0,-0.7,-0.7,-1.0,-0.7,-0.7,-0.7,-0.7,0.0,-1.0,0.0,-1.0,-1.0,0.0,0.0,-1.0,-0.7,-1.0,-1.0,-1.0,-1.0,-0.7,-0.7,-0.7,-1.0,-0.7,0.0,0.0,-0.7,-1.0,-1.0,-0.7,-0.7,0.0,0.0,-0.7,1.0,-1.0,-1.0,-0.7,-1.0,-1.0,0.0,-0.7,-0.7,0.0,-1.0,-1.0,-1.0,0.0,0.0,
Gem,-0.7,-0.7,0.0,-1.0,-0.7,-0.7,-0.7,-0.7,0.0,-1.0,-0.7,0.0,-1.0,0.0,-0.7,-1.0,-0.7,0.0,0.0,-1.0,0.0,-1.0,-1.0,-0.7,-0.7,-0.7,-1.0,-0.7,-1.0,-0.7,-1.0,-1.0,-0.7,-0.7,0.0,-0.7,-1.0,1.0,0.7,1.0,-1.0,-0.7,-0.7,-1.0,-1.0,-0.7,-1.0,-0.7,-0.7,-1.0,0.0,-1.0,-0.7,-1.0,-0.7,-1.0,0.7,-1.0,-1.0,-0.7,-0.7,-1.0,-1.0,-1.0,0.0,0.0,-1.0,-0.7,-0.7,-1.0,-0.7,-0.7,-0.7,-1.0,-1.0,0.0,0.0,-1.0,0.7,-1.0,-0.7,-1.0,-0.7,-0.7,-1.0,-0.7,0.0,-1.0,-0.7,-1.0,-1.0,-0.7,0.0,
Gedatsu,-1.0,-1.0,-1.0,-1.0,-1.0,-1.0,-1.0,-1.0,-1.0,-1.0,-1.0,-1.0,-1.0,-1.0,-1.0,-1.0,-1.0,1.0,-1.0,-1.0,1.0,-1.0,-1.0,-1.0,-1.0,-1.0,-1.0,-1.0,-1.0,-1.0,-1.0,-1.0,-1.0,-1.0,-1.0,-1.0,-1.0,1.0,-1.0,-1.0,-1.0,-1.0,-1.0,-1.0,-1.0,-1.0,-1.0,-1.0,-1.0,-1.0,-1.0,-1.0,-1.0,-1.0,-1.0,-1.0,-1.0,-1.0,-1.0,-1.0,-1.0,-1.0,-1.0,-1.0,-1.0,-1.0,-1.0,-1.0,-1.0,1.0,-1.0,-1.0,-1.0,1.0,-1.0,-1.0,-1.0,-1.0,-1.0,-1.0,-1.0,-1.0,-1.0,-1.0,-1.0,-1.0,-1.0,-1.0,-1.0,-1.0,-1.0,-1.0,-1.0,
Gedatsu,-1.0,0.0,-1.0,0.0,-1.0,-1.0,0.0,-1.0,-1.0,0.0,0.0,-0.7,0.0,-1.0,-0.7,-0.7,0.0,0.0,-1.0,-1.0,0.7,0.0,-1.0,-1.0,-1.0,-0.7,-1.0,-1.0,-0.7,-0.7,-0.7,-0.7,-0.7,-1.0,-1.0,-0.7,-0.7,1.0,-1.0,-1.0,0.0,0.0,-1.0,-0.7,-1.0,0.0,0.0,-1.0,-0.7,-0.7,-0.7,-0.7,-1.0,0.0,-1.0,-1.0,0.0,-0.7,0.0,-1.0,0.0,-0.7,-0.7,0.0,0.0,-1.0,0.0,-1.0,-1.0,0.7,-0.7,-1.0,-1.0,0.0,0.0,-0.7,0.0,0.0,-1.0,-1.0,0.0,-0.7,0.0,-0.7,-0.7,0.0,-0.7,-1.0,-0.7,-0.7,-1.0,-0.7,-0.7,
Gedatsu,-0.7,-0.7,-0.7,-0.7,-0.7,-0.7,0.0,-0.7,-1.0,-1.0,-1.0,-0.7,0.0,0.0,-0.7,-0.7,-0.7,0.7,0.0,-1.0,0.7,-1.0,-1.0,0.0,-0.7,-0.7,0.0,0.0,-1.0,-0.7,-0.7,-0.7,-1.0,-0.7,-1.0,-1.0,-0.7,1.0,-0.7,-1.0,0.0,0.0,0.0,-1.0,-1.0,-0.7,0.0,-0.7,-1.0,-1.0,-1.0,-0.7,-1.0,-0.7,0.0,-1.0,0.0,-0.7,-0.7,0.0,-0.7,-1.0,0.0,-1.0,0.0,-1.0,-1.0,0.0,0.0,1.0,-0.7,-1.0,-1.0,1.0,-1.0,-0.7,-1.0,-0.7,-0.7,-0.7,-1.0,-1.0,-0.7,-1.0,-1.0,-0.7,-0.7,-1.0,-0.7,0.0,0.0,-0.7,-1.0,
Gecko Moria,-1.0,-1.0,-1.0,-1.0,-1.0,-1.0,-1.0,-1.0,-1.0,-1.0,-1.0,-1.0,-1.0,-1.0,-1.0,-1.0,-1.0,1.0,-1.0,-1.0,1.0,-1.0,-1.0,-1.0,-1.0,-1.0,-1.0,-1.0,-1.0,-1.0,-1.0,-1.0,-1.0,-1.0,-1.0,-1.0,-1.0,1.0,1.0,1.0,-1.0,-1.0,-1.0,-1.0,-1.0,-1.0,-1.0,-1.0,-1.0,-1.0,-1.0,-1.0,-1.0,-1.0,-1.0,-1.0,-1.0,-1.0,-1.0,-1.0,-1.0,-1.0,-1.0,-1.0,-1.0,-1.0,-1.0,-1.0,-1.0,-1.0,-1.0,-1.0,-1.0,-1.0,-1.0,-1.0,-1.0,-1.0,-1.0,-1.0,-1.0,-1.0,-1.0,-1.0,1.0,-1.0,-1.0,-1.0,-1.0,-1.0,-1.0,-1.0,-1.0,
Gecko Moria,-0.7,-1.0,0.0,-1.0,0.0,0.0,-0.7,-1.0,-0.7,-1.0,0.0,-1.0,-0.7,-0.7,-1.0,-0.7,-1.0,0.7,-1.0,-1.0,0.7,-0.7,-1.0,-0.7,-0.7,-1.0,-0.7,-1.0,0.0,-1.0,-0.7,-0.7,-0.7,0.0,0.0,-1.0,0.0,1.0,1.0,0.7,0.0,-0.7,0.0,0.0,-0.7,-0.7,-1.0,-1.0,-0.7,-1.0,-1.0,-1.0,0.0,-1.0,-1.0,-0.7,0.0,-0.7,-1.0,-1.0,-0.7,-1.0,-0.7,-1.0,-0.7,-0.7,-0.7,0.0,-0.7,-1.0,0.0,-0.7,-1.0,-0.7,-0.7,-0.7,-0.7,-1.0,0.0,-0.7,-0.7,-0.7,-0.7,-0.7,1.0,-0.7,-1.0,-0.7,-0.7,0.0,-0.7,-1.0,-1.0,
Gecko Moria,-1.0,-1.0,-0.7,0.0,-0.7,-1.0,-1.0,-1.0,-1.0,-0.7,-0.7,0.0,-0.7,-1.0,-1.0,-0.7,-0.7,0.7,0.0,-1.0,0.0,0.0,-1.0,-1.0,-0.7,-0.7,-0.7,-1.0,-0.7,-0.7,-1.0,-0.7,-0.7,-1.0,-0.7,-1.0,-0.7,0.7,0.7,1.0,-0.7,-1.0,-1.0,-1.0,-1.0,-1.0,-1.0,-0.7,-1.0,-0.7,-1.0,-1.0,0.0,-0.7,-0.7,-0.7,-1.0,-0.7,-1.0,-1.0,-0.7,-1.0,-1.0,-1.0,-1.0,-0.7,-0.7,-1.0,-0.7,0.0,-1.0,-1.0,-0.7,-0.7,-1.0,-1.0,-0.7,-1.0,0.0,-1.0,-0.7,-1.0,-0.7,-0.7,1.0,-0.7,-1.0,0.0,0.0,0.0,0.0,-0.7,-1.0,
Gan Fall,-1.0,-1.0,-1.0,-1.0,-1.0,-1.0,-1.0,-1.0,-1.0,-1.0,-1.0,-1.0,-1.0,-1.0,-1.0,-1.0,-1.0,1.0,-1.0,-1.0,1.0,-1.0,-1.0,-1.0,-1.0,-1.0,-1.0,-1.0,-1.0,-1.0,-1.0,-1.0,-1.0,-1.0,-1.0,-1.0,-1.0,1.0,-1.0,-1.0,-1.0,-1.0,-1.0,-1.0,-1.0,-1.0,-1.0,-1.0,-1.0,-1.0,-1.0,-1.0,-1.0,-1.0,-1.0,-1.0,-1.0,-1.0,-1.0,-1.0,-1.0,-1.0,-1.0,-1.0,-1.0,-1.0,-1.0,-1.0,1.0,-1.0,-1.0,-1.0,-1.0,1.0,-1.0,-1.0,-1.0,-1.0,-1.0,-1.0,-1.0,-1.0,-1.0,-1.0,-1.0,-1.0,-1.0,-1.0,-1.0,-1.0,-1.0,-1.0,-1.0,
Gan Fall,-1.0,0.0,-1.0,-1.0,-0.7,-1.0,-0.7,-0.7,0.0,-1.0,-1.0,-0.7,-1.0,-1.0,-0.7,-1.0,-1.0,1.0,-1.0,-0.7,1.0,-0.7,0.0,0.0,-1.0,-0.7,-0.7,-1.0,-1.0,0.0,-0.7,-0.7,-0.7,-1.0,-1.0,-0.7,-1.0,1.0,-1.0,0.0,-0.7,-1.0,-1.0,-0.7,-1.0,-0.7,0.0,0.0,0.0,-1.0,-1.0,-0.7,-0.7,-1.0,-1.0,-1.0,-0.7,-1.0,-1.0,-0.7,-1.0,-0.7,-1.0,-1.0,-0.7,0.0,-1.0,-0.7,0.0,-1.0,-1.0,0.0,-0.7,0.0,-0.7,-1.0,-1.0,-0.7,-0.7,-0.7,-0.7,-1.0,-1.0,-1.0,-1.0,-0.7,-1.0,-1.0,-0.7,-0.7,-1.0,-0.7,-0.7,
Gan Fall,-1.0,-1.0,0.0,-0.7,-1.0,-0.7,-0.7,-1.0,0.0,-0.7,-1.0,0.0,-1.0,-0.7,-0.7,-0.7,-0.7,1.0,-1.0,-0.7,0.0,-1.0,-1.0,-1.0,-0.7,-1.0,-1.0,-1.0,-0.7,-0.7,0.0,-0.7,-0.7,-0.7,0.0,0.0,-0.7,0.7,0.0,-1.0,-0.7,-1.0,-0.7,-0.7,-1.0,-1.0,-0.7,-0.7,-0.7,-1.0,-0.7,0.0,0.0,-1.0,0.0,-0.7,-0.7,-1.0,-0.7,-1.0,-0.7,-0.7,-0.7,-1.0,-1.0,-0.7,-0.7,-0.7,1.0,-0.7,-0.7,0.0,-0.7,0.0,-1.0,0.0,-0.7,-0.7,-1.0,-1.0,-0.7,0.0,-1.0,-1.0,0.0,-1.0,-0.7,-0.7,-0.7,-1.0,-0.7,-1.0,-1.0,
Galdino,-1.0,-1.0,-1.0,-1.0,-1.0,-1.0,-1.0,-1.0,-1.0,-1.0,-1.0,-1.0,-1.0,1.0,-1.0,-1.0,-1.0,1.0,-1.0,-1.0,1.0,-1.0,-1.0,-1.0,-1.0,-1.0,-1.0,-1.0,-1.0,-1.0,-1.0,-1.0,-1.0,-1.0,-1.0,-1.0,1.0,-1.0,1.0,1.0,-1.0,-1.0,-1.0,-1.0,-1.0,-1.0,-1.0,-1.0,-1.0,-1.0,-1.0,-1.0,-1.0,-1.0,-1.0,-1.0,1.0,-1.0,-1.0,-1.0,-1.0,-1.0,-1.0,-1.0,-1.0,-1.0,-1.0,-1.0,-1.0,-1.0,-1.0,-1.0,-1.0,-1.0,-1.0,-1.0,-1.0,-1.0,1.0,-1.0,-1.0,-1.0,-1.0,-1.0,-1.0,-1.0,-1.0,-1.0,-1.0,-1.0,-1.0,1.0,1.0,
Galdino,-1.0,-0.7,-1.0,-1.0,-1.0,-1.0,-0.7,-1.0,-0.7,0.0,-0.7,-0.7,-0.7,1.0,-1.0,-0.7,-1.0,1.0,-1.0,-0.7,0.7,-0.7,-1.0,-0.7,-1.0,-1.0,-0.7,-0.7,-0.7,-1.0,-1.0,-0.7,-0.7,-0.7,-1.0,0.0,1.0,-1.0,0.7,0.7,-0.7,-1.0,0.0,-0.7,-0.7,-1.0,-1.0,-0.7,0.0,0.0,-0.7,-1.0,-1.0,-0.7,-0.7,-0.7,0.0,-1.0,-0.7,-1.0,-1.0,-1.0,-0.7,-0.7,-0.7,-1.0,-0.7,-0.7,-1.0,0.0,-1.0,0.0,-0.7,-0.7,-1.0,-0.7,0.0,-1.0,1.0,-0.7,-1.0,-1.0,-0.7,-1.0,-0.7,-1.0,0.0,-0.7,0.0,0.0,0.0,1.0,0.7,
Galdino,-0.7,-0.7,-1.0,-1.0,-1.0,-0.7,-0.7,-0.7,0.0,-1.0,-1.0,0.0,0.0,1.0,-1.0,0.0,-1.0,1.0,-1.0,-1.0,0.0,-0.7,-1.0,0.0,-0.7,-0.7,-0.7,-0.7,0.0,-0.7,-0.7,-1.0,0.0,-0.7,-0.7,-1.0,0.7,-0.7,1.0,1.0,-0.7,-0.7,-0.7,-1.0,-1.0,-0.7,-1.0,-0.7,-0.7,-1.0,-1.0,0.0,-0.7,-0.7,-0.7,0.0,1.0,0.0,0.0,-1.0,-1.0,-1.0,-0.7,-1.0,-1.0,-1.0,-1.0,-1.0,-0.7,-0.7,-1.0,-0.7,-1.0,-0.7,-1.0,0.0,-0.7,0.0,0.0,-1.0,-1.0,-0.7,-0.7,-0.7,-1.0,-1.0,-0.7,-0.7,-0.7,-0.7,0.0,0.7,0.0,
Gaimon,-1.0,-1.0,-1.0,-1.0,-1.0,-1.0,-1.0,-1.0,-1.0,-1.0,-1.0,-1.0,-1.0,-1.0,-1.0,-1.0,1.0,1.0,-1.0,-1.0,1.0,-1.0,-1.0,-1.0,-1.0,-1.0,-1.0,-1.0,-1.0,-1.0,-1.0,-1.0,-1.0,-1.0,-1.0,-1.0,-1.0,-1.0,-1.0,-1.0,-1.0,-1.0,-1.0,-1.0,-1.0,-1.0,-1.0,-1.0,-1.0,-1.0,-1.0,-1.0,-1.0,-1.0,-1.0,-1.0,-1.0,-1.0,-1.0,-1.0,-1.0,-1.0,-1.0,-1.0,-1.0,-1.0,-1.0,-1.0,-1.0,-1.0,-1.0,-1.0,-1.0,-1.0,-1.0,-1.0,-1.0,-1.0,-1.0,-1.0,-1.0,-1.0,-1.0,-1.0,-1.0,-1.0,-1.0,-1.0,-1.0,-1.0,-1.0,-1.0,-1.0,
Gaimon,-1.0,0.0,-0.7,-1.0,-0.7,-1.0,-1.0,-0.7,0.0,0.0,-1.0,0.0,-0.7,-1.0,0.0,0.0,0.0,0.7,-1.0,-1.0,0.0,-1.0,-0.7,-0.7,0.0,-0.7,-1.0,-1.0,-1.0,-0.7,-1.0,0.0,-1.0,-1.0,-1.0,-1.0,0.0,-0.7,-1.0,-1.0,-0.7,-0.7,-1.0,-1.0,-0.7,-1.0,-1.0,-1.0,-0.7,0.0,-1.0,-0.7,-1.0,-1.0,-0.7,-0.7,-0.7,0.0,-0.7,-1.0,-0.7,-1.0,-0.7,-1.0,-1.0,-0.7,-0.7,-0.7,-1.0,-1.0,0.0,-0.7,-0.7,0.0,-1.0,-0.7,-1.0,-1.0,-0.7,-1.0,-0.7,-0.7,-1.0,0.0,-0.7,-0.7,-0.7,-1.0,-1.0,-1.0,-1.0,-1.0,-0.7,
Gaimon,-1.0,-1.0,-0.7,-1.0,-1.0,-0.7,0.0,-1.0,-0.7,-0.7,-1.0,-1.0,-0.7,0.0,-1.0,-1.0,1.0,0.0,-0.7,-1.0,1.0,-1.0,-1.0,0.0,0.0,-1.0,-1.0,-1.0,-1.0,0.0,0.0,-0.7,0.0,-0.7,-1.0,0.0,-0.7,-0.7,0.0,-0.7,-1.0,0.0,-1.0,-0.7,-0.7,-1.0,-1.0,-1.0,0.0,-0.7,-1.0,0.0,-1.0,-0.7,-0.7,-1.0,-0.7,-1.0,-1.0,-1.0,0.0,-1.0,-1.0,-0.7,-1.0,-1.0,-0.7,0.0,0.0,-1.0,-0.7,-0.7,-1.0,-1.0,0.0,-1.0,-0.7,-1.0,-1.0,-0.7,-0.7,-0.7,0.0,-1.0,-1.0,0.0,-0.7,0.0,-1.0,-1.0,-0.7,-1.0,-0.7,
Funkfreed,-1.0,-1.0,-1.0,-1.0,-1.0,-1.0,-1.0,-1.0,-1.0,-1.0,-1.0,-1.0,-1.0,-1.0,-1.0,-1.0,-1.0,1.0,-1.0,-1.0,1.0,-1.0,-1.0,-1.0,-1.0,-1.0,-1.0,-1.0,-1.0,-1.0,-1.0,-1.0,-1.0,-1.0,-1.0,-1.0,-1.0,-1.0,1.0,-1.0,-1.0,1.0,-1.0,-1.0,-1.0,-1.0,-1.0,-1.0,-1.0,-1.0,-1.0,-1.0,-1.0,-1.0,-1.0,-1.0,-1.0,-1.0,-1.0,-1.0,-1.0,-1.0,-1.0,-1.0,-1.0,-1.0,-1.0,-1.0,-1.0,-1.0,-1.0,-1.0,1.0,-1.0,-1.0,-1.0,-1.0,-1.0,-1.0,-1.0,-1.0,-1.0,-1.0,-1.0,-1.0,-1.0,-1.0,-1.0,-1.0,-1.0,-1.0,-1.0,-1.0,
Funkfreed,-1.0,-1.0,-1.0,-1.0,-1.0,-1.0,-0.7,-1.0,-1.0,-1.0,-1.0,-1.0,-1.0,-0.7,0.0,-0.7,0.0,1.0,-0.7,-1.0,0.0,-1.0,-0.7,-1.0,-1.0,-0.7,-1.0,-1.0,0.0,-1.0,0.0,0.0,-0.7,-1.0,-1.0,-1.0,-0.7,-1.0,1.0,-0.7,-0.7,0.7,-0.7,-0.7,-1.0,0.0,0.0,-1.0,-1.0,0.0,-0.7,-1.0,-0.7,-0.7,-1.0,-0.7,-1.0,0.0,-1.0,0.0,-1.0,-1.0,-0.7,-0.7,-1.0,0.0,0.0,-1.0,-0.7,-0.7,0.0,-0.7,1.0,-0.7,-0.7,-0.7,0.0,-0.7,0.0,-0.7,-1.0,-1.0,-0.7,-0.7,0.0,-0.7,0.0,-1.0,0.0,-0.7,-1.0,-1.0,0.0,
Funkfreed,0.0,-1.0,-1.0,0.0,-1.0,0.0,-1.0,-1.0,-1.0,0.0,0.0,-1.0,-0.7,0.0,0.0,-1.0,0.0,1.0,-0.7,-0.7,0.7,-1.0,-0.7,-0.7,-1.0,-1.0,-1.0,0.0,0.0,-1.0,0.0,0.0,0.0,-1.0,-0.7,-1.0,-0.7,0.0,1.0,-0.7,-0.7,1.0,-1.0,-0.7,0.0,-0.7,-1.0,-1.0,0.0,-0.7,-1.0,-0.7,-1.0,0.0,-1.0,-1.0,-0.7,-0.7,-1.0,-1.0,-1.0,-0.7,-1.0,-1.0,-1.0,0.0,-0.7,-0.7,-0.7,-0.7,-0.7,0.0,1.0,-1.0,-1.0,-0.7,-0.7,-0.7,0.0,-0.7,-1.0,-0.7,-1.0,-0.7,-1.0,-0.7,0.0,-1.0,-1.0,-0.7,-0.7,-0.7,-1.0,
Fukurokuju,-1.0,-1.0,-1.0,-1.0,-1.0,-1.0,-1.0,-1.0,-1.0,-1.0,-1.0,-1.0,-1.0,-1.0,-1.0,-1.0,-1.0,-1.0,-1.0,-1.0,-1.0,-1.0,-1.0,-1.0,-1.0,-1.0,-1.0,-1.0,-1.0,-1.0,-1.0,-1.0,-1.0,-1.0,-1.0,-1.0,-1.0,1.0,-1.0,-1.0,-1.0,-1.0,-1.0,-1.0,-1.0,-1.0,-1.0,-1.0,-1.0,-1.0,-1.0,-1.0,-1.0,-1.0,-1.0,-1.0,-1.0,-1.0,-1.0,-1.0,-1.0,-1.0,-1.0,-1.0,-1.0,-1.0,-1.0,-1.0,-1.0,-1.0,-1.0,-1.0,-1.0,-1.0,-1.0,1.0,-1.0,-1.0,-1.0,-1.0,-1.0,-1.0,-1.0,-1.0,-1.0,-1.0,-1.0,-1.0,-1.0,-1.0,-1.0,-1.0,-1.0,
Fukurokuju,-1.0,0.0,0.0,0.0,-0.7,-0.7,-1.0,-0.7,0.0,-1.0,-1.0,-0.7,-0.7,0.0,-0.7,-0.7,-1.0,-0.7,0.0,-1.0,-0.7,-1.0,-0.7,-1.0,-1.0,-0.7,-1.0,-0.7,-1.0,-1.0,0.0,-0.7,-1.0,-0.7,-1.0,-0.7,-1.0,1.0,0.0,-1.0,-1.0,-0.7,-1.0,-0.7,0.0,-1.0,-0.7,-0.7,-1.0,-0.7,-0.7,-0.7,-0.7,-0.7,-0.7,-1.0,-0.7,-0.7,0.0,-0.7,0.0,-0.7,-1.0,-0.7,-0.7,-1.0,-0.7,0.0,0.0,-0.7,-0.7,-1.0,-1.0,-0.7,-0.7,0.7,-0.7,-0.7,0.0,-1.0,0.0,-1.0,0.0,-1.0,-0.7,-1.0,-1.0,-1.0,-0.7,-0.7,-1.0,-0.7,-1.0,
Fukurokuju,0.0,-0.7,-1.0,-0.7,0.0,-0.7,-0.7,-1.0,-1.0,-0.7,-0.7,-1.0,-1.0,-0.7,0.0,-1.0,-0.7,0.0,-1.0,0.0,-1.0,0.0,-0.7,-0.7,-1.0,-1.0,0.0,0.0,-1.0,-1.0,-1.0,0.0,0.0,-1.0,-1.0,0.0,-1.0,0.0,-1.0,-1.0,-1.0,-0.7,-1.0,-1.0,-0.7,-0.7,0.0,-0.7,-1.0,-1.0,-0.7,0.0,0.0,-1.0,-0.7,-1.0,-0.7,-1.0,0.0,-1.0,-1.0,-1.0,-0.7,-1.0,-1.0,-0.7,0.0,-0.7,-1.0,-1.0,-1.0,-0.7,-1.0,-0.7,0.0,0.7,-0.7,0.0,-1.0,-0.7,-0.7,-1.0,0.0,-0.7,-1.0,-0.7,-1.0,-1.0,-1.0,-1.0,-0.7,-0.7,-0.7,
Fukurou,-1.0,-1.0,-1.0,-1.0,-1.0,-1.0,-1.0,-1.0,-1.0,-1.0,-1.0,-1.0,1.0,-1.0,-1.0,-1.0,-1.0,1.0,-1.0,-1.0,1.0,-1.0,-1.0,-1.0,-1.0,-1.0,-1.0,-1.0,-1.0,-1.0,-1.0,-1.0,-1.0,-1.0,-1.0,-1.0,-1.0,1.0,-1.0,-1.0,-1.0,-1.0,-1.0,-1.0,-1.0,-1.0,-1.0,-1.0,-1.0,-1.0,-1.0,-1.0,-1.0,-1.0,-1.0,-1.0,-1.0,-1.0,-1.0,-1.0,-1.0,-1.0,-1.0,-1.0,-1.0,-1.0,-1.0,-1.0,-1.0,-1.0,-1.0,-1.0,1.0,-1.0,-1.0,-1.0,-1.0,-1.0,-1.0,-1.0,-1.0,-1.0,-1.0,-1.0,-1.0,-1.0,-1.0,-1.0,-1.0,-1.0,-1.0,-1.0,-1.0,
Fukurou,-0.7,-1.0,-1.0,-1.0,-1.0,0.0,-0.7,0.0,-1.0,-0.7,-1.0,-0.7,0.7,-0.7,-0.7,-0.7,-0.7,1.0,-1.0,-1.0,0.7,-1.0,-1.0,0.0,0.0,-1.0,-1.0,-0.7,-0.7,0.0,-0.7,0.0,-0.7,-0.7,-0.7,-1.0,-1.0,0.7,0.0,-0.7,-1.0,0.0,-0.7,-0.7,-1.0,-0.7,-0.7,-0.7,-0.7,-0.7,-1.0,0.0,-0.7,-0.7,-1.0,0.0,-1.0,0.0,-0.7,-1.0,-1.0,-0.7,-0.7,-0.7,0.0,-0.7,-0.7,-1.0,-1.0,-0.7,-1.0,-1.0,0.0,-1.0,-1.0,-0.7,-1.0,-0.7,0.0,-1.0,-1.0,-0.7,0.0,-0.7,-1.0,-0.7,-1.0,-0.7,-0.7,-0.7,-1.0,0.0,0.0,
Fukurou,0.0,-0.7,-1.0,-1.0,-0.7,-0.7,-0.7,-1.0,-0.7,-1.0,0.0,-1.0,0.7,-1.0,-1.0,-0.7,-0.7,1.0,-0.7,-1.0,0.0,0.0,-1.0,-1.0,0.0,-1.0,-1.0,0.0,0.0,-1.0,-1.0,0.0,-1.0,-0.7,-1.0,0.0,-0.7,0.7,0.0,-0.7,-1.0,-0.7,-0.7,-0.7,-1.0,-1.0,-0.7,-0.7,-1.0,0.0,-1.0,-0.7,-1.0,0.0,0.0,-1.0,-1.0,-1.0,0.0,-1.0,-0.7,0.0,-1.0,-0.7,0.0,-0.7,-1.0,-0.7,-1.0,-0.7,-0.7,0.0,1.0,-0.7,-0.7,-0.7,-1.0,-0.7,0.0,-1.0,-1.0,-0.7,-0.7,-0.7,-1.0,-1.0,0.0,-1.0,-0.7,-0.7,-1.0,-1.0,-1.0,
Fullbody,-1.0,-1.0,-1.0,-1.0,-1.0,-1.0,-1.0,-1.0,-1.0,-1.0,-1.0,-1.0,-1.0,-1.0,-1.0,-1.0,-1.0,1.0,-1.0,-1.0,1.0,-1.0,-1.0,-1.0,-1.0,-1.0,-1.0,-1.0,-1.0,-1.0,-1.0,-1.0,-1.0,-1.0,-1.0,-1.0,-1.0,1.0,-1.0,-1.0,-1.0,-1.0,-1.0,-1.0,-1.0,-1.0,-1.0,-1.0,-1.0,-1.0,-1.0,-1.0,-1.0,-1.0,-1.0,-1.0,-1.0,-1.0,-1.0,-1.0,-1.0,-1.0,-1.0,-1.0,-1.0,-1.0,-1.0,-1.0,-1.0,-1.0,-1.0,-1.0,-1.0,-1.0,-1.0,-1.0,-1.0,-1.0,-1.0,-1.0,-1.0,-1.0,1.0,-1.0,-1.0,-1.0,-1.0,-1.0,-1.0,-1.0,-1.0,-1.0,-1.0,
Fullbody,-1.0,-1.0,-1.0,0.0,-0.7,-1.0,-0.7,0.0,0.0,-0.7,0.0,-0.7,-1.0,0.0,-0.7,-0.7,0.0,1.0,-1.0,-0.7,0.7,-0.7,-1.0,0.0,-1.0,-0.7,-0.7,-0.7,-1.0,-0.7,-1.0,-0.7,-1.0,-1.0,-0.7,0.0,-0.7,0.7,-1.0,-0.7,-1.0,0.0,-0.7,-1.0,-0.7,0.0,-0.7,-1.0,-0.7,-1.0,-1.0,-0.7,-0.7,-1.0,-1.0,0.0,-0.7,0.0,-1.0,-0.7,-0.7,-1.0,-1.0,-0.7,-0.7,-1.0,-0.7,-0.7,-1.0,-1.0,0.0,0.0,-0.7,-1.0,-0.7,-1.0,-0.7,-1.0,0.0,-1.0,-0.7,-0.7,0.7,-1.0,-0.7,-0.7,-1.0,-1.0,-1.0,-1.0,-1.0,-0.7,-0.7,
Fullbody,0.0,-0.7,-1.0,-1.0,-0.7,-1.0,-1.0,-0.7,-0.7,-0.7,0.0,-0.7,-0.7,0.0,-0.7,-0.7,-1.0,0.0,-1.0,-1.0,0.0,-1.0,-0.7,-0.7,-1.0,-0.7,-1.0,0.0,-0.7,0.0,-1.0,-0.7,-1.0,-1.0,-1.0,-0.7,-0.7,1.0,-1.0,-0.7,-0.7,-1.0,-1.0,-1.0,-0.7,-0.7,-1.0,-0.7,0.0,-0.7,0.0,-0.7,-1.0,-1.0,-1.0,-1.0,-0.7,-0.7,-0.7,-0.7,0.0,-0.7,-1.0,-0.7,-1.0,-1.0,-0.7,0.0,0.0,-0.7,-0.7,0.0,0.0,-0.7,-1.0,-1.0,-1.0,-0.7,-1.0,-1.0,-1.0,-0.7,0.7,-1.0,-0.7,-1.0,0.0,0.0,-0.7,-0.7,-0.7,0.0,-0.7,
Fujin,-1.0,-1.0,-1.0,-1.0,-1.0,-1.0,-1.0,-1.0,-1.0,-1.0,-1.0,-1.0,-1.0,1.0,-1.0,-1.0,-1.0,1.0,-1.0,-1.0,1.0,-1.0,-1.0,-1.0,-1.0,-1.0,-1.0,-1.0,-1.0,-1.0,-1.0,-1.0,-1.0,-1.0,-1.0,-1.0,-1.0,1.0,-1.0,-1.0,-1.0,-1.0,-1.0,-1.0,-1.0,-1.0,-1.0,-1.0,-1.0,-1.0,-1.0,-1.0,-1.0,-1.0,-1.0,-1.0,-1.0,-1.0,-1.0,-1.0,-1.0,-1.0,-1.0,-1.0,-1.0,-1.0,-1.0,-1.0,-1.0,-1.0,-1.0,-1.0,-1.0,-1.0,-1.0,1.0,-1.0,-1.0,-1.0,-1.0,-1.0,-1.0,-1.0,-1.0,-1.0,-1.0,-1.0,-1.0,-1.0,-1.0,-1.0,-1.0,-1.0,
Fujin,-0.7,-1.0,-1.0,-0.7,0.0,-0.7,-0.7,-0.7,0.0,0.0,0.0,-1.0,-0.7,0.7,-1.0,-0.7,-1.0,1.0,-0.7,-1.0,1.0,-0.7,0.0,-1.0,0.0,-0.7,-0.7,-1.0,0.0,-0.7,-0.7,-0.7,-0.7,0.0,-1.0,-0.7,-0.7,1.0,-0.7,-0.7,-1.0,-1.0,-1.0,-0.7,-1.0,-0.7,0.0,-1.0,-1.0,-1.0,-0.7,0.0,-1.0,-1.0,-0.7,0.0,0.0,-1.0,-0.7,-0.7,-0.7,-0.7,-1.0,-1.0,-0.7,-0.7,-1.0,-0.7,0.0,-0.7,-0.7,-1.0,-1.0,-0.7,-0.7,0.7,-1.0,-0.7,-1.0,-0.7,0.0,-1.0,-1.0,0.0,-0.7,-0.7,-1.0,-0.7,-0.7,-0.7,-1.0,-0.7,-1.0,
Fujin,0.0,0.0,-0.7,0.0,-0.7,-1.0,-0.7,-0.7,-0.7,-0.7,0.0,0.0,-0.7,0.7,-0.7,0.0,-1.0,0.7,-0.7,-1.0,0.7,-1.0,-0.7,-0.7,-1.0,-1.0,-1.0,-0.7,0.0,-1.0,-0.7,-1.0,0.0,0.0,-1.0,-0.7,0.0,0.7,-1.0,0.0,-1.0,-1.0,0.0,-0.7,-1.0,-0.7,0.0,-1.0,-1.0,-0.7,-1.0,0.0,-0.7,-0.7,-1.0,-0.7,-1.0,0.0,-1.0,-0.7,-0.7,-0.7,-0.7,-1.0,-1.0,-1.0,0.0,-1.0,-1.0,-1.0,-1.0,0.0,-1.0,-1.0,0.0,1.0,-1.0,-0.7,0.0,0.0,-0.7,0.0,-0.7,-0.7,-0.7,-0.7,-0.7,0.0,-0.7,0.0,-0.7,0.0,-0.7,
Fukaboshi,-1.0,-1.0,-1.0,-1.0,-1.0,-1.0,-1.0,-1.0,-1.0,-1.0,-1.0,-1.0,-1.0,-1.0,-1.0,-1.0,-1.0,1.0,-1.0,-1.0,1.0,-1.0,-1.0,-1.0,-1.0,-1.0,-1.0,-1.0,-1.0,-1.0,-1.0,-1.0,-1.0,-1.0,-1.0,-1.0,-1.0,1.0,-1.0,-1.0,-1.0,-1.0,-1.0,-1.0,-1.0,-1.0,-1.0,-1.0,-1.0,-1.0,-1.0,-1.0,-1.0,-1.0,-1.0,-1.0,-1.0,-1.0,-1.0,-1.0,-1.0,-1.0,-1.0,-1.0,1.0,1.0,-1.0,-1.0,-1.0,-1.0,-1.0,-1.0,-1.0,-1.0,1.0,-1.0,-1.0,-1.0,-1.0,-1.0,-1.0,-1.0,-1.0,-1.0,-1.0,-1.0,-1.0,-1.0,-1.0,-1.0,-1.0,-1.0,-1.0,
Fukaboshi,-0.7,-1.0,0.0,0.0,0.0,-0.7,-0.7,-1.0,-1.0,-1.0,-0.7,-1.0,0.0,0.0,-0.7,-0.7,-1.0,0.0,0.0,-1.0,1.0,0.0,0.0,0.0,-1.0,-0.7,0.0,-1.0,-0.7,-0.7,-1.0,0.0,0.0,-0.7,-0.7,-0.7,-1.0,1.0,-0.7,-1.0,-0.7,-0.7,-0.7,-0.7,0.0,-1.0,0.0,0.0,-0.7,-1.0,0.0,-0.7,0.0,-0.7,0.0,-1.0,-0.7,-0.7,0.0,0.0,-0.7,-1.0,0.0,-0.7,0.0,0.0,-0.7,-0.7,0.0,-1.0,0.0,-1.0,-1.0,0.0,0.0,-1.0,0.0,-0.7,-0.7,-0.7,-0.7,-1.0,-1.0,0.0,0.0,-1.0,-0.7,-0.7,0.0,-1.0,-0.7,-1.0,-1.0,
Fukaboshi,-0.7,0.0,-0.7,-0.7,0.0,-1.0,-0.7,-1.0,-1.0,-0.7,-1.0,-1.0,-0.7,0.0,-0.7,-0.7,-1.0,0.7,-1.0,0.0,1.0,0.0,-1.0,0.0,-1.0,-1.0,-0.7,-1.0,-1.0,-1.0,-1.0,-0.7,-1.0,-1.0,-0.7,-0.7,-1.0,1.0,-0.7,0.0,-0.7,0.0,0.0,-0.7,-0.7,-0.7,-1.0,0.0,-0.7,0.0,-0.7,-1.0,-1.0,-1.0,-1.0,-1.0,0.0,-1.0,0.0,-0.7,-0.7,-0.7,0.0,-0.7,1.0,0.7,-1.0,-0.7,-0.7,-0.7,0.0,0.0,-1.0,-0.7,0.7,-1.0,-0.7,0.0,-1.0,-1.0,0.0,-1.0,-0.7,-0.7,-1.0,-0.7,-1.0,-1.0,-1.0,-0.7,-1.0,-0.7,-0.7,
Franky,-1.0,-1.0,-1.0,-1.0,-1.0,-1.0,-1.0,-1.0,-1.0,-1.0,-1.0,-1.0,-1.0,-1.0,-1.0,-1.0,-1.0,1.0,-1.0,-1.0,1.0,-1.0,-1.0,-1.0,-1.0,-1.0,-1.0,-1.0,-1.0,-1.0,-1.0,-1.0,-1.0,-1.0,-1.0,-1.0,-1.0,1.0,-1.0,-1.0,-1.0,-1.0,-1.0,-1.0,-1.0,-1.0,-1.0,-1.0,-1.0,-1.0,-1.0,-1.0,-1.0,-1.0,-1.0,-1.0,-1.0,-1.0,-1.0,-1.0,-1.0,-1.0,-1.0,-1.0,-1.0,-1.0,-1.0,-1.0,-1.0,-1.0,-1.0,-1.0,1.0,-1.0,-1.0,-1.0,-1.0,-1.0,-1.0,-1.0,-1.0,-1.0,-1.0,-1.0,-1.0,-1.0,-1.0,-1.0,-1.0,-1.0,-1.0,-1.0,-1.0,
Franky,-0.7,0.0,-0.7,-0.7,0.0,-0.7,-1.0,0.0,-1.0,-1.0,0.0,-1.0,-0.7,-1.0,0.0,0.0,0.0,1.0,-1.0,-0.7,1.0,-0.7,0.0,-1.0,-1.0,0.0,-0.7,-1.0,-0.7,-0.7,0.0,-0.7,-0.7,-0.7,-0.7,0.0,0.0,0.7,-0.7,-1.0,-1.0,0.0,-0.7,-0.7,-0.7,-1.0,0.0,-0.7,-1.0,-1.0,-0.7,0.0,-0.7,-1.0,-0.7,-0.7,-0.7,-1.0,0.0,-0.7,-0.7,0.0,-0.7,-0.7,-0.7,-1.0,0.0,-0.7,-1.0,0.0,-0.7,-0.7,0.0,-0.7,-1.0,-1.0,0.0,-1.0,-0.7,-0.7,-0.7,-0.7,-0.7,-0.7,-1.0,-1.0,-0.7,-0.7,-1.0,-0.7,0.0,-1.0,-1.0,
Franky,-0.7,0.0,-1.0,-1.0,-1.0,-1.0,-0.7,-0.7,-1.0,-1.0,-0.7,-0.7,-0.7,-0.7,-0.7,0.0,-1.0,0.0,-1.0,0.0,0.7,-0.7,-0.7,-0.7,-0.7,-1.0,-0.7,-1.0,-1.0,-0.7,0.0,-0.7,0.0,-0.7,-1.0,-1.0,-1.0,0.7,-1.0,-0.7,0.0,-0.7,-0.7,-1.0,-0.7,-1.0,0.0,-1.0,-1.0,-0.7,-1.0,-1.0,-0.7,-1.0,0.0,-1.0,-1.0,-1.0,-1.0,0.0,-1.0,-0.7,0.0,-1.0,-0.7,-0.7,-0.7,0.0,-0.7,-1.0,-1.0,-1.0,1.0,-0.7,0.0,-0.7,0.0,-0.7,0.0,-1.0,-0.7,-1.0,-0.7,0.0,-1.0,-1.0,-1.0,0.0,-0.7,-0.7,-0.7,-0.7,0.0,
Foxy,-1.0,-1.0,-1.0,-1.0,-1.0,-1.0,-1.0,-1.0,-1.0,-1.0,-1.0,-1.0,-1.0,-1.0,1.0,-1.0,-1.0,1.0,-1.0,-1.0,1.0,-1.0,-1.0,-1.0,-1.0,-1.0,-1.0,-1.0,-1.0,-1.0,-1.0,-1.0,-1.0,-1.0,-1.0,-1.0,-1.0,1.0,1.0,1.0,-1.0,-1.0,-1.0,-1.0,-1.0,-1.0,-1.0,-1.0,-1.0,-1.0,-1.0,-1.0,-1.0,-1.0,-1.0,-1.0,-1.0,-1.0,-1.0,-1.0,-1.0,-1.0,-1.0,-1.0,-1.0,-1.0,-1.0,-1.0,-1.0,-1.0,-1.0,-1.0,1.0,1.0,-1.0,-1.0,-1.0,-1.0,-1.0,-1.0,-1.0,-1.0,-1.0,-1.0,-1.0,-1.0,-1.0,-1.0,-1.0,-1.0,-1.0,-1.0,-1.0,
Foxy,-0.7,-0.7,0.0,-0.7,-1.0,-0.7,-0.7,-1.0,-1.0,-1.0,-0.7,-1.0,0.0,-0.7,0.0,-1.0,0.0,0.0,-1.0,-1.0,0.7,-0.7,-0.7,-1.0,-0.7,-1.0,-1.0,-0.7,-1.0,-0.7,-1.0,-0.7,-0.7,-0.7,-1.0,-1.0,0.0,1.0,0.0,0.7,-0.7,0.0,-0.7,-1.0,-1.0,-0.7,-0.7,-1.0,-1.0,-0.7,-0.7,0.0,0.0,0.0,-0.7,-0.7,-1.0,0.0,0.0,-0.7,-0.7,0.0,0.0,0.0,0.0,-0.7,-0.7,-0.7,-0.7,0.0,-1.0,-1.0,0.7,0.0,-0.7,-1.0,-0.7,-0.7,0.0,0.0,-1.0,-1.0,-0.7,-0.7,-1.0,0.0,0.0,-0.7,-1.0,-1.0,-1.0,-1.0,0.0,
Foxy,-1.0,-1.0,-1.0,-1.0,-1.0,0.0,0.0,-0.7,-1.0,-0.7,0.0,0.0,-0.7,-1.0,0.0,-0.7,-0.7,1.0,-1.0,-0.7,1.0,-0.7,-0.7,0.0,-1.0,-0.7,-1.0,0.0,-0.7,-1.0,-0.7,-0.7,-0.7,0.0,0.0,-1.0,-0.7,0.7,0.7,0.0,-0.7,-1.0,-0.7,-1.0,-1.0,-0.7,-1.0,-0.7,0.0,0.0,-1.0,-0.7,-0.7,-0.7,-1.0,-1.0,-0.7,-0.7,-0.7,-0.7,0.0,0.0,-1.0,-0.7,-0.7,-1.0,-0.7,-1.0,-1.0,-1.0,-1.0,-0.7,1.0,0.7,0.0,-0.7,0.0,-1.0,-1.0,0.0,0.0,-1.0,-0.7,-0.7,-0.7,-0.7,-1.0,-1.0,-1.0,-1.0,-1.0,-1.0,-1.0,
Fisher Tiger,-1.0,-1.0,-1.0,-1.0,-1.0,-1.0,-1.0,-1.0,-1.0,-1.0,-1.0,-1.0,-1.0,1.0,1.0,-1.0,-1.0,-1.0,-1.0,-1.0,-1.0,-1.0,-1.0,-1.0,-1.0,-1.0,-1.0,-1.0,-1.0,-1.0,-1.0,-1.0,-1.0,-1.0,-1.0,-1.0,-1.0,1.0,-1.0,-1.0,-1.0,-1.0,-1.0,-1.0,-1.0,-1.0,-1.0,-1.0,-1.0,-1.0,-1.0,-1.0,-1.0,-1.0,-1.0,-1.0,-1.0,-1.0,-1.0,-1.0,-1.0,-1.0,-1.0,-1.0,-1.0,-1.0,-1.0,-1.0,-1.0,-1.0,-1.0,-1.0,-1.0,-1.0,-1.0,-1.0,-1.0,-1.0,-1.0,-1.0,-1.0,-1.0,-1.0,-1.0,-1.0,-1.0,-1.0,-1.0,-1.0,-1.0,1.0,1.0,-1.0,
Fisher Tiger,-1.0,-0.7,-1.0,0.0,-0.7,0.0,-0.7,-1.0,0.0,-1.0,-1.0,-1.0,-0.7,0.7,1.0,-0.7,0.0,-0.7,-1.0,-1.0,-0.7,-1.0,-0.7,-0.7,-1.0,-0.7,0.0,-0.7,0.0,-0.7,-0.7,0.0,-0.7,-1.0,-1.0,0.0,-0.7,0.7,-0.7,-0.7,-0.7,-0.7,0.0,-1.0,-0.7,-0.7,-1.0,-1.0,-0.7,-1.0,-0.7,-1.0,-1.0,0.0,-1.0,0.0,-0.7,-1.0,-0.7,-0.7,0.0,-1.0,-0.7,-0.7,-0.7,-0.7,-0.7,-0.7,0.0,0.0,-1.0,-0.7,0.0,0.0,-1.0,0.0,-1.0,-0.7,-0.7,0.0,0.0,0.0,-0.7,-1.0,-1.0,-1.0,-1.0,0.0,-0.7,0.0,0.7,0.0,0.0,
Fisher Tiger,-0.7,-1.0,-1.0,-1.0,-1.0,-0.7,-0.7,-1.0,0.0,0.0,-1.0,-1.0,-1.0,0.7,0.0,-0.7,-0.7,-1.0,-0.7,-1.0,-0.7,-1.0,-1.0,-0.7,-1.0,-0.7,-0.7,0.0,0.0,-0.7,-0.7,-1.0,-0.7,-0.7,-1.0,-0.7,-1.0,0.0,-1.0,-0.7,-1.0,-1.0,-1.0,-0.7,-0.7,-0.7,-0.7,-1.0,-1.0,-1.0,-0.7,-1.0,-1.0,-1.0,-0.7,-0.7,-0.7,-0.7,-1.0,-0.7,-1.0,0.0,-1.0,0.0,-1.0,-0.7,0.0,-0.7,-0.7,-1.0,-0.7,-0.7,-0.7,-1.0,-1.0,0.0,0.0,0.0,-0.7,0.0,-1.0,-0.7,-1.0,-0.7,-1.0,-1.0,-1.0,-1.0,0.0,-0.7,0.7,0.0,-0.7,
Eustass Kid,-1.0,-1.0,-1.0,-1.0,-1.0,-1.0,-1.0,-1.0,-1.0,-1.0,-1.0,-1.0,-1.0,-1.0,1.0,-1.0,-1.0,-1.0,-1.0,-1.0,-1.0,-1.0,-1.0,-1.0,-1.0,-1.0,-1.0,-1.0,-1.0,-1.0,-1.0,-1.0,-1.0,-1.0,-1.0,-1.0,-1.0,1.0,1.0,1.0,-1.0,-1.0,-1.0,-1.0,-1.0,-1.0,-1.0,-1.0,-1.0,-1.0,-1.0,-1.0,-1.0,-1.0,-1.0,-1.0,-1.0,-1.0,-1.0,-1.0,-1.0,-1.0,-1.0,-1.0,-1.0,-1.0,-1.0,-1.0,-1.0,-1.0,-1.0,-1.0,-1.0,-1.0,-1.0,-1.0,-1.0,-1.0,-1.0,1.0,-1.0,-1.0,-1.0,-1.0,-1.0,-1.0,-1.0,-1.0,-1.0,-1.0,-1.0,-1.0,-1.0,
Eustass Kid,-0.7,-0.7,-1.0,-0.7,-0.7,-1.0,-1.0,-0.7,0.0,-0.7,-0.7,0.0,-1.0,-1.0,0.7,-1.0,-1.0,0.0,-1.0,-0.7,-1.0,-1.0,-1.0,-0.7,-0.7,-1.0,-1.0,-0.7,-1.0,-1.0,0.0,-1.0,-0.7,-1.0,0.0,-0.7,-0.7,0.7,0.7,0.0,-1.0,-1.0,-1.0,-0.7,-1.0,-0.7,-0.7,-1.0,-0.7,-0.7,-1.0,-1.0,-0.7,0.0,-1.0,-0.7,0.0,-1.0,-0.7,-1.0,-1.0,-1.0,-0.7,-0.7,-1.0,-1.0,-0.7,-1.0,-0.7,-0.7,0.0,-1.0,-0.7,-1.0,-1.0,-0.7,-1.0,-1.0,-1.0,1.0,-1.0,0.0,-0.7,-1.0,-1.0,-0.7,-1.0,-1.0,-1.0,-1.0,0.0,-0.7,-0.7,
Eustass Kid,-0.7,-1.0,-0.7,-0.7,-0.7,-1.0,-0.7,-0.7,-1.0,-1.0,-0.7,-1.0,-0.7,-0.7,0.7,-0.7,-1.0,-0.7,0.0,-1.0,-0.7,-0.7,-1.0,0.0,-0.7,0.0,-0.7,-1.0,-0.7,-0.7,-1.0,-0.7,-0.7,-1.0,0.0,-0.7,-0.7,1.0,0.0,0.7,-1.0,-0.7,-0.7,-1.0,0.0,0.0,-1.0,-0.7,-1.0,-1.0,-1.0,-1.0,-0.7,-0.7,-1.0,-1.0,-1.0,-0.7,-0.7,-1.0,-1.0,-1.0,-0.7,-0.7,-0.7,-0.7,-0.7,-0.7,-0.7,-1.0,0.0,-1.0,0.0,0.0,0.0,-1.0,-1.0,0.0,0.0,0.7,-0.7,0.0,-1.0,0.0,-1.0,-1.0,-0.7,-0.7,-0.7,-1.0,-1.0,-0.7,-1.0,
Enel,-1.0,-1.0,-1.0,-1.0,-1.0,-1.0,-1.0,-1.0,-1.0,-1.0,-1.0,-1.0,-1.0,-1.0,-1.0,-1.0,-1.0,1.0,-1.0,-1.0,1.0,-1.0,-1.0,-1.0,-1.0,-1.0,-1.0,-1.0,-1.0,-1.0,-1.0,-1.0,-1.0,-1.0,-1.0,-1.0,-1.0,1.0,1.0,-1.0,1.0,-1.0,-1.0,-1.0,-1.0,-1.0,-1.0,-1.0,-1.0,-1.0,-1.0,-1.0,-1.0,-1.0,-1.0,-1.0,-1.0,-1.0,-1.0,-1.0,-1.0,-1.0,-1.0,-1.0,-1.0,-1.0,-1.0,-1.0,-1.0,1.0,-1.0,-1.0,-1.0,1.0,-1.0,-1.0,-1.0,-1.0,-1.0,-1.0,-1.0,-1.0,-1.0,-1.0,-1.0,-1.0,-1.0,-1.0,-1.0,-1.0,-1.0,-1.0,-1.0,
Enel,-0.7,0.0,0.0,-1.0,-1.0,-1.0,-0.7,-0.7,-1.0,-1.0,-0.7,-1.0,0.0,-0.7,-1.0,-1.0,-1.0,0.0,-0.7,-1.0,0.0,-1.0,-0.7,-0.7,0.0,0.0,-0.7,-1.0,0.0,0.0,-0.7,0.0,-0.7,-1.0,-1.0,-0.7,-0.7,0.0,0.0,-1.0,0.0,0.0,-0.7,0.0,-1.0,-0.7,-0.7,-1.0,-1.0,-1.0,0.0,-0.7,-1.0,0.0,0.0,-1.0,-0.7,-1.0,-0.7,0.0,-1.0,-0.7,-0.7,-0.7,-1.0,-1.0,-0.7,-0.7,-0.7,1.0,-0.7,0.0,-1.0,1.0,-1.0,-0.7,-0.7,-1.0,-0.7,0.0,-0.7,-0.7,0.0,-0.7,0.0,-1.0,-1.0,0.0,-0.7,-1.0,-1.0,0.0,-0.7,
Enel,-0.7,-0.7,-1.0,-1.0,-1.0,-1.0,0.0,-0.7,-1.0,-0.7,-0.7,-0.7,-0.7,-1.0,-1.0,-1.0,-1.0,1.0,-0.7,0.0,0.0,-0.7,-1.0,0.0,0.0,-0.7,-0.7,-1.0,0.0,-1.0,-1.0,-0.7,-1.0,-0.7,-0.7,0.0,-0.7,0.7,0.7,-1.0,0.0,-0.7,-0.7,0.0,0.0,0.0,-1.0,0.0,0.0,-0.7,-0.7,0.0,-1.0,-1.0,-0.7,0.0,-1.0,-0.7,-0.7,-0.7,0.0,-1.0,-1.0,0.0,0.0,-1.0,-0.7,-0.7,-0.7,0.0,-0.7,-0.7,-1.0,1.0,0.0,-0.7,-1.0,-1.0,-0.7,-1.0,-1.0,-0.7,-1.0,0.0,0.0,-0.7,-0.7,0.0,-1.0,0.0,-0.7,-1.0,-1.0,
Emporio Ivankov,-1.0,-1.0,-1.0,-1.0,-1.0,-1.0,-1.0,-1.0,-1.0,-1.0,-1.0,-1.0,-1.0,-1.0,-1.0,-1.0,-1.0,1.0,-1.0,-1.0,1.0,-1.0,-1.0,-1.0,-1.0,-1.0,-1.0,-1.0,-1.0,-1.0,-1.0,-1.0,-1.0,-1.0,-1.0,-1.0,-1.0,1.0,1.0,1.0,-1.0,-1.0,-1.0,-1.0,-1.0,-1.0,-1.0,-1.0,-1.0,-1.0,-1.0,-1.0,-1.0,-1.0,-1.0,-1.0,-1.0,-1.0,-1.0,-1.0,-1.0,-1.0,-1.0,-1.0,-1.0,-1.0,-1.0,-1.0,-1.0,-1.0,-1.0,-1.0,-1.0,-1.0,-1.0,-1.0,-1.0,-1.0,-1.0,-1.0,-1.0,-1.0,-1.0,-1.0,-1.0,1.0,-1.0,-1.0,-1.0,-1.0,-1.0,1.0,-1.0,
Emporio Ivankov,-0.7,0.0,-1.0,-0.7,-1.0,-1.0,-1.0,0.0,-1.0,-0.7,-1.0,-0.7,-0.7,-1.0,-1.0,-1.0,-1.0,1.0,0.0,0.0,0.7,-1.0,-1.0,-0.7,-1.0,-0.7,-0.7,0.0,-1.0,-1.0,-0.7,0.0,0.0,-1.0,-0.7,-0.7,-0.7,1.0,1.0,1.0,-1.0,-1.0,-0.7,-0.7,0.0,-0.7,-0.7,-1.0,-0.7,0.0,-0.7,-0.7,-0.7,-0.7,-0.7,-1.0,-0.7,-1.0,-1.0,0.0,-0.7,-0.7,-0.7,-1.0,-0.7,-1.0,0.0,-0.7,-1.0,-0.7,-1.0,-0.7,-0.7,-0.7,0.0,-1.0,-1.0,-0.7,-0.7,0.0,-0.7,-0.7,-0.7,-1.0,-1.0,1.0,-0.7,0.0,-0.7,-0.7,-1.0,1.0,0.0,
Emporio Ivankov,-1.0,0.0,-1.0,-0.7,0.0,-0.7,-1.0,-1.0,-1.0,-1.0,-0.7,-0.7,0.0,-1.0,0.0,-0.7,-1.0,1.0,-0.7,-1.0,1.0,-1.0,-0.7,-1.0,-1.0,-1.0,-1.0,-1.0,-0.7,-1.0,-1.0,-1.0,-1.0,-0.7,-0.7,-0.7,0.0,1.0,1.0,0.7,-1.0,-0.7,0.0,-0.7,-1.0,-0.7,-1.0,-0.7,-1.0,-1.0,-1.0,-1.0,-0.7,-1.0,-1.0,-1.0,-0.7,-1.0,-0.7,-1.0,-1.0,-0.7,-0.7,0.0,-1.0,0.0,-0.7,0.0,-0.7,-0.7,-0.7,-1.0,0.0,-0.7,0.0,-1.0,0.0,0.0,-1.0,-1.0,-0.7,-0.7,-0.7,0.0,-0.7,1.0,0.0,-0.7,-0.7,-0.7,0.0,0.0,-1.0,
Elizabello II,-1.0,-1.0,-1.0,-1.0,-1.0,-1.0,-1.0,-1.0,-1.0,-1.0,-1.0,-1.0,-1.0,-1.0,-1.0,1.0,-1.0,1.0,-1.0,-1.0,1.0,-1.0,-1.0,-1.0,-1.0,-1.0,-1.0,-1.0,-1.0,-1.0,-1.0,-1.0,-1.0,-1.0,-1.0,-1.0,-1.0,1.0,-1.0,-1.0,-1.0,-1.0,-1.0,-1.0,-1.0,-1.0,-1.0,-1.0,-1.0,-1.0,-1.0,-1.0,-1.0,-1.0,-1.0,-1.0,-1.0,-1.0,-1.0,-1.0,-1.0,-1.0,-1.0,-1.0,-1.0,-1.0,-1.0,-1.0,-1.0,-1.0,-1.0,-1.0,-1.0,-1.0,-1.0,-1.0,1.0,-1.0,-1.0,-1.0,-1.0,-1.0,-1.0,-1.0,-1.0,-1.0,-1.0,-1.0,-1.0,-1.0,-1.0,-1.0,-1.0,
Elizabello II,-1.0,-1.0,0.0,-0.7,-1.0,-0.7,-0.7,-1.0,-1.0,-1.0,-0.7,-0.7,-0.7,-0.7,-0.7,0.7,0.0,0.7,-1.0,0.0,1.0,-1.0,0.0,0.0,-0.7,-1.0,-0.7,0.0,0.0,0.0,-1.0,0.0,-0.7,0.0,-0.7,-1.0,-0.7,1.0,-1.0,0.0,0.0,-0.7,-1.0,-1.0,-1.0,-0.7,-1.0,0.0,-0.7,-0.7,0.0,-1.0,0.0,0.0,-0.7,-1.0,-1.0,-1.0,-1.0,-0.7,-1.0,-1.0,-1.0,-0.7,-1.0,-1.0,-1.0,-1.0,-0.7,-0.7,-0.7,-0.7,-1.0,-1.0,-0.7,-0.7,1.0,-1.0,-1.0,-0.7,-0.7,-1.0,-0.7,-1.0,-0.7,-1.0,-0.7,-0.7,-1.0,0.0,-0.7,-1.0,-1.0,
Elizabello II,0.0,-1.0,-1.0,-0.7,-1.0,-1.0,-0.7,0.0,0.0,-0.7,-0.7,-1.0,-0.7,0.0,0.0,1.0,0.0,1.0,-1.0,-1.0,1.0,-1.0,-1.0,-0.7,-0.7,-0.7,-1.0,0.0,-1.0,-0.7,-0.7,-1.0,-0.7,-1.0,-1.0,0.0,-0.7,1.0,-1.0,0.0,-1.0,0.0,-1.0,0.0,-0.7,-0.7,-1.0,-0.7,-0.7,-0.7,-0.7,-1.0,-0.7,-1.0,-0.7,0.0,-1.0,-1.0,-1.0,0.0,-0.7,-1.0,-1.0,-0.7,-0.7,-1.0,-0.7,0.0,-0.7,-1.0,0.0,-1.0,-0.7,-0.7,-0.7,-0.7,0.7,-1.0,-0.7,-1.0,-0.7,-1.0,-1.0,-0.7,-1.0,0.0,-1.0,-1.0,-0.7,-1.0,0.0,-1.0,-0.7,
Edward Weevil,-1.0,-1.0,-1.0,-1.0,-1.0,-1.0,-1.0,-1.0,-1.0,-1.0,-1.0,-1.0,-1.0,1.0,-1.0,-1.0,-1.0,1.0,-1.0,-1.0,1.0,-1.0,-1.0,-1.0,-1.0,-1.0,-1.0,-1.0,-1.0,-1.0,-1.0,-1.0,-1.0,-1.0,-1.0,-1.0,-1.0,1.0,-1.0,-1.0,-1.0,-1.0,-1.0,-1.0,-1.0,-1.0,-1.0,-1.0,-1.0,-1.0,-1.0,-1.0,-1.0,-1.0,-1.0,-1.0,-1.0,-1.0,-1.0,-1.0,-1.0,-1.0,-1.0,-1.0,-1.0,-1.0,-1.0,-1.0,-1.0,-1.0,-1.0,-1.0,-1.0,-1.0,-1.0,-1.0,-1.0,-1.0,-1.0,-1.0,-1.0,-1.0,-1.0,-1.0,-1.0,-1.0,-1.0,1.0,1.0,-1.0,-1.0,-1.0,-1.0,
Edward Weevil,-1.0,-1.0,-0.7,-0.7,-1.0,0.0,-1.0,-0.7,-0.7,-1.0,-0.7,-1.0,0.0,0.0,-0.7,-0.7,0.0,0.7,-1.0,-1.0,0.7,-1.0,0.0,-0.7,0.0,-1.0,-0.7,-0.7,-0.7,0.0,-0.7,-0.7,-0.7,-0.7,-0.7,-1.0,-1.0,0.0,-1.0,-1.0,-1.0,-0.7,0.0,0.0,-0.7,0.0,-0.7,-1.0,-1.0,-1.0,0.0,0.0,-1.0,-0.7,0.0,0.0,-0.7,-0.7,0.0,-1.0,0.0,-1.0,0.0,-1.0,0.0,-1.0,0.0,-1.0,-1.0,0.0,-0.7,0.0,-0.7,-1.0,-1.0,0.0,-1.0,-0.7,-0.7,-0.7,0.0,-0.7,-0.7,0.0,-1.0,-1.0,-0.7,0.0,0.7,0.0,0.0,0.0,-1.0,
Edward Weevil,-1.0,-1.0,-1.0,-0.7,-0.7,-0.7,-0.7,-1.0,-1.0,-1.0,-0.7,-0.7,0.0,1.0,-1.0,-1.0,-1.0,1.0,-1.0,-0.7,1.0,-0.7,-0.7,-1.0,-0.7,-1.0,0.0,-1.0,-0.7,-1.0,-1.0,0.0,-0.7,-0.7,-0.7,-0.7,-0.7,0.7,-0.7,-0.7,-0.7,-0.7,-0.7,-1.0,-0.7,-0.7,-1.0,-0.7,0.0,-0.7,-1.0,-0.7,-1.0,-0.7,-0.7,-0.7,-1.0,0.0,-1.0,-1.0,0.0,-1.0,-0.7,-0.7,-1.0,-1.0,-0.7,-1.0,-1.0,-0.7,-0.7,-1.0,-1.0,-1.0,-0.7,-1.0,-1.0,0.0,-1.0,-1.0,-0.7,-1.0,-1.0,-1.0,-1.0,-1.0,-1.0,0.7,1.0,-0.7,-0.7,0.0,-0.7,
Edward Newgate,-1.0,-1.0,-1.0,-1.0,-1.0,-1.0,-1.0,-1.0,-1.0,-1.0,-1.0,-1.0,-1.0,-1.0,1.0,-1.0,-1.0,-1.0,-1.0,-1.0,-1.0,-1.0,-1.0,-1.0,-1.0,-1.0,-1.0,-1.0,-1.0,-1.0,-1.0,-1.0,-1.0,-1.0,-1.0,-1.0,-1.0,1.0,1.0,1.0,-1.0,-1.0,-1.0,-1.0,-1.0,1.0,-1.0,-1.0,-1.0,-1.0,-1.0,1.0,1.0,-1.0,-1.0,-1.0,-1.0,-1.0,-1.0,-1.0,-1.0,-1.0,-1.0,-1.0,-1.0,-1.0,-1.0,-1.0,-1.0,-1.0,-1.0,-1.0,-1.0,-1.0,-1.0,-1.0,-1.0,-1.0,-1.0,-1.0,-1.0,-1.0,-1.0,1.0,1.0,-1.0,-1.0,-1.0,-1.0,-1.0,-1.0,-1.0,-1.0,
Edward Newgate,0.0,-0.7,-0.7,-0.7,-0.7,-0.7,-1.0,-1.0,0.0,-1.0,-0.7,0.0,-1.0,-0.7,0.0,-0.7,-0.7,-1.0,-0.7,-0.7,0.0,0.0,-0.7,-0.7,-0.7,-1.0,-0.7,-0.7,-1.0,0.0,-0.7,-0.7,0.0,-1.0,-1.0,-1.0,-1.0,0.0,0.7,0.7,-0.7,-1.0,-0.7,-1.0,-1.0,0.7,0.0,-0.7,-0.7,0.0,-1.0,0.7,1.0,0.0,-1.0,-0.7,-1.0,-1.0,-1.0,-1.0,0.0,-0.7,0.0,-1.0,0.0,-0.7,0.0,-0.7,-0.7,0.0,-1.0,-0.7,-0.7,-0.7,-1.0,-0.7,-1.0,0.0,0.0,-0.7,0.0,-1.0,-1.0,0.7,0.7,-1.0,0.0,-1.0,0.0,-1.0,-1.0,-0.7,-1.0,
Edward Newgate,0.0,-0.7,-0.7,-0.7,-0.7,0.0,-1.0,-0.7,0.0,-1.0,-1.0,0.0,0.0,-1.0,0.7,-0.7,-0.7,0.0,-0.7,-1.0,0.0,-1.0,-0.7,-0.7,0.0,0.0,0.0,-0.7,-0.7,-1.0,-1.0,-1.0,-0.7,-0.7,-1.0,-1.0,-0.7,0.0,1.0,0.7,-1.0,-1.0,0.0,-1.0,-1.0,1.0,-0.7,-1.0,-1.0,0.0,-1.0,0.0,1.0,-1.0,-0.7,-1.0,-1.0,-0.7,-1.0,0.0,-1.0,-0.7,-1.0,-1.0,0.0,-0.7,0.0,-1.0,-1.0,-0.7,-0.7,-1.0,-1.0,-1.0,-0.7,-1.0,-1.0,-1.0,-1.0,-0.7,-0.7,-1.0,-1.0,0.7,1.0,-1.0,-1.0,-1.0,-1.0,-1.0,-0.7,-1.0,-1.0,
Duval,-1.0,-1.0,-1.0,-1.0,-1.0,-1.0,-1.0,-1.0,-1.0,-1.0,-1.0,-1.0,-1.0,-1.0,-1.0,-1.0,-1.0,1.0,-1.0,-1.0,1.0,-1.0,-1.0,-1.0,-1.0,-1.0,-1.0,-1.0,-1.0,-1.0,-1.0,-1.0,-1.0,-1.0,-1.0,-1.0,-1.0,1.0,-1.0,-1.0,-1.0,-1.0,-1.0,-1.0,-1.0,-1.0,-1.0,-1.0,-1.0,-1.0,-1.0,-1.0,-1.0,-1.0,-1.0,-1.0,-1.0,-1.0,-1.0,-1.0,-1.0,-1.0,-1.0,-1.0,-1.0,-1.0,-1.0,-1.0,-1.0,-1.0,-1.0,-1.0,-1.0,-1.0,-1.0,-1.0,-1.0,-1.0,-1.0,1.0,-1.0,-1.0,-1.0,-1.0,-1.0,-1.0,-1.0,-1.0,-1.0,-1.0,-1.0,-1.0,-1.0,
Duval,-1.0,-1.0,0.0,-1.0,-0.7,-0.7,-1.0,-0.7,-0.7,-0.7,-1.0,0.0,-1.0,-1.0,-0.7,-1.0,-0.7,0.7,-1.0,-1.0,0.7,-0.7,-1.0,-0.7,-0.7,-0.7,-1.0,-0.7,-1.0,-0.7,-1.0,-1.0,-0.7,-1.0,-1.0,-0.7,-1.0,1.0,-0.7,-1.0,-1.0,-1.0,-1.0,-0.7,0.0,-0.7,-1.0,-0.7,-1.0,0.0,-0.7,0.0,-0.7,0.0,-1.0,0.0,-1.0,0.0,-1.0,-0.7,-0.7,-0.7,-0.7,-1.0,-1.0,-0.7,0.0,-0.7,-0.7,-0.7,-0.7,0.0,-1.0,-1.0,-1.0,-0.7,-1.0,0.0,-1.0,0.7,-1.0,-0.7,-1.0,-1.0,-0.7,-0.7,0.0,-1.0,-0.7,-1.0,-1.0,-0.7,-0.7,
Duval,-1.0,0.0,-1.0,-0.7,-1.0,0.0,-1.0,-1.0,0.0,-1.0,0.0,-0.7,-1.0,-1.0,-0.7,-1.0,-0.7,1.0,0.0,-1.0,1.0,-0.7,0.0,-1.0,0.0,-1.0,-1.0,-1.0,-0.7,-1.0,0.0,-0.7,0.0,-1.0,0.0,-0.7,-0.7,0.7,0.0,-1.0,-1.0,-1.0,0.0,-1.0,0.0,-1.0,-0.7,-0.7,0.0,-0.7,-1.0,-0.7,-0.7,-1.0,-0.7,0.0,-1.0,0.0,-1.0,-0.7,-1.0,-0.7,-0.7,-1.0,-0.7,-1.0,-1.0,-0.7,-0.7,-1.0,0.0,-1.0,-1.0,-1.0,-1.0,-1.0,0.0,-1.0,-1.0,0.7,-0.7,-0.7,-0.7,-0.7,0.0,-1.0,-0.7,0.0,0.0,-1.0,0.0,-0.7,-0.7,
Drophy,-1.0,-1.0,-1.0,-1.0,-1.0,-1.0,-1.0,-1.0,-1.0,-1.0,-1.0,-1.0,-1.0,-1.0,-1.0,-1.0,-1.0,1.0,-1.0,-1.0,-1.0,-1.0,-1.0,-1.0,-1.0,-1.0,-1.0,-1.0,-1.0,-1.0,-1.0,-1.0,-1.0,-1.0,-1.0,-1.0,-1.0,-1.0,1.0,-1.0,-1.0,1.0,-1.0,-1.0,-1.0,-1.0,-1.0,-1.0,-1.0,-1.0,-1.0,-1.0,-1.0,-1.0,-1.0,-1.0,1.0,-1.0,-1.0,-1.0,-1.0,-1.0,-1.0,-1.0,-1.0,-1.0,-1.0,-1.0,-1.0,-1.0,-1.0,-1.0,-1.0,-1.0,-1.0,-1.0,-1.0,-1.0,-1.0,-1.0,-1.0,-1.0,-1.0,1.0,-1.0,-1.0,-1.0,-1.0,-1.0,-1.0,-1.0,-1.0,-1.0,
Drophy,-1.0,-0.7,-1.0,-0.7,-0.7,-1.0,-1.0,-1.0,-0.7,-0.7,-0.7,0.0,-0.7,-0.7,-0.7,-0.7,0.0,0.0,-0.7,-0.7,-0.7,-0.7,-1.0,0.0,-0.7,0.0,-0.7,-1.0,-1.0,-1.0,-1.0,0.0,-0.7,0.0,-1.0,-1.0,-0.7,0.0,1.0,-0.7,-1.0,1.0,-0.7,-1.0,-1.0,-1.0,-0.7,-0.7,-0.7,-0.7,-1.0,-1.0,-1.0,-0.7,0.0,-1.0,1.0,-1.0,0.0,-1.0,-0.7,-1.0,-0.7,-1.0,0.0,-1.0,-0.7,-0.7,-0.7,0.0,-0.7,-1.0,-0.7,-0.7,-1.0,-1.0,0.0,-0.7,-1.0,-0.7,-0.7,-1.0,-0.7,0.0,-0.7,-1.0,-1.0,-1.0,-1.0,-1.0,0.0,-1.0,-1.0,
Drophy,-1.0,-0.7,-1.0,-0.7,-1.0,-1.0,-1.0,-0.7,-1.0,-1.0,-1.0,0.0,-0.7,0.0,0.0,-0.7,-0.7,0.0,0.0,-0.7,0.0,-0.7,-1.0,-1.0,-0.7,0.0,0.0,-1.0,-0.7,-0.7,-1.0,-0.7,-0.7,0.0,-1.0,-1.0,-0.7,-1.0,1.0,0.0,-1.0,0.0,-1.0,-0.7,-1.0,-0.7,-1.0,-0.7,-1.0,-0.7,-0.7,-1.0,-1.0,-1.0,-0.7,-0.7,0.7,-1.0,0.0,-0.7,-1.0,-1.0,-1.0,0.0,-0.7,-1.0,-0.7,-0.7,-0.7,0.0,-0.7,-1.0,-1.0,0.0,-1.0,-0.7,-1.0,0.0,-1.0,-1.0,-0.7,-0.7,-1.0,0.7,0.0,-1.0,-1.0,-0.7,-1.0,-1.0,-0.7,-0.7,-1.0,
Drip,-1.0,-1.0,-1.0,-1.0,-1.0,-1.0,-1.0,-1.0,-1.0,-1.0,-1.0,-1.0,-1.0,1.0,-1.0,-1.0,-1.0,-1.0,-1.0,-1.0,-1.0,-1.0,-1.0,-1.0,-1.0,-1.0,-1.0,-1.0,-1.0,-1.0,-1.0,-1.0,-1.0,-1.0,-1.0,-1.0,-1.0,1.0,-1.0,-1.0,-1.0,-1.0,-1.0,-1.0,-1.0,-1.0,-1.0,-1.0,-1.0,-1.0,-1.0,-1.0,-1.0,-1.0,-1.0,-1.0,-1.0,-1.0,-1.0,-1.0,-1.0,-1.0,-1.0,-1.0,-1.0,-1.0,-1.0,-1.0,-1.0,-1.0,-1.0,-1.0,-1.0,-1.0,1.0,1.0,-1.0,-1.0,-1.0,-1.0,-1.0,-1.0,-1.0,-1.0,-1.0,-1.0,-1.0,-1.0,-1.0,-1.0,-1.0,-1.0,-1.0,
Drip,-1.0,-0.7,0.0,-0.7,-1.0,0.0,-0.7,-1.0,-0.7,0.0,-0.7,-0.7,-1.0,1.0,-0.7,-0.7,-0.7,-1.0,-0.7,-1.0,-1.0,-0.7,-0.7,0.0,-1.0,-0.7,-1.0,-1.0,-0.7,-0.7,-1.0,-0.7,0.0,-0.7,0.0,0.0,-0.7,1.0,-1.0,-0.7,-1.0,-0.7,0.0,0.0,-0.7,-0.7,0.0,-1.0,-0.7,-0.7,-0.7,0.0,-1.0,-0.7,-1.0,-0.7,-1.0,-0.7,-1.0,-0.7,-0.7,-0.7,-1.0,0.0,0.0,-0.7,-1.0,-0.7,-0.7,-0.7,0.0,0.0,-0.7,-0.7,1.0,1.0,-1.0,-1.0,-0.7,-0.7,-0.7,-1.0,-1.0,-0.7,-1.0,-1.0,0.0,-0.7,0.0,-1.0,0.0,-0.7,-0.7,
Drip,0.0,-0.7,-1.0,0.0,0.0,-0.7,-1.0,0.0,-0.7,-1.0,0.0,-1.0,-1.0,0.7,-1.0,-0.7,-1.0,-0.7,-1.0,0.0,-0.7,-1.0,-0.7,-1.0,-0.7,-1.0,-0.7,0.0,-0.7,-0.7,0.0,-0.7,0.0,-0.7,-0.7,-1.0,-0.7,1.0,-1.0,-1.0,-0.7,-0.7,-0.7,-0.7,0.0,-1.0,-1.0,-1.0,-1.0,-0.7,-1.0,-0.7,-0.7,-0.7,-0.7,-0.7,-0.7,-0.7,-0.7,-0.7,0.0,0.0,-0.7,-0.7,-1.0,-0.7,-0.7,0.0,-1.0,-1.0,-0.7,-0.7,-0.7,-1.0,0.7,0.7,-1.0,0.0,-0.7,0.0,-0.7,-0.7,0.0,-1.0,0.0,-1.0,-1.0,-0.7,-1.0,0.0,0.0,-1.0,0.0,
Dracule Mihawk,-1.0,-1.0,-1.0,-1.0,-1.0,-1.0,-1.0,-1.0,-1.0,-1.0,-1.0,-1.0,-1.0,1.0,-1.0,-1.0,-1.0,1.0,-1.0,-1.0,1.0,-1.0,-1.0,-1.0,-1.0,-1.0,-1.0,-1.0,-1.0,-1.0,-1.0,-1.0,-1.0,-1.0,-1.0,-1.0,-1.0,1.0,-1.0,-1.0,-1.0,-1.0,-1.0,-1.0,-1.0,-1.0,-1.0,-1.0,-1.0,-1.0,-1.0,-1.0,1.0,-1.0,-1.0,-1.0,-1.0,-1.0,-1.0,-1.0,-1.0,-1.0,-1.0,-1.0,-1.0,-1.0,-1.0,-1.0,-1.0,-1.0,-1.0,-1.0,-1.0,-1.0,-1.0,-1.0,-1.0,-1.0,-1.0,-1.0,-1.0,-1.0,1.0,-1.0,-1.0,-1.0,-1.0,-1.0,-1.0,-1.0,-1.0,-1.0,-1.0,
Dracule Mihawk,-1.0,-0.7,-1.0,-1.0,-1.0,-1.0,-1.0,-0.7,-0.7,-1.0,-0.7,-1.0,-1.0,1.0,-0.7,-1.0,-0.7,1.0,-1.0,-1.0,0.0,-0.7,0.0,-1.0,-1.0,-0.7,-1.0,-1.0,0.0,-1.0,-0.7,0.0,-1.0,-0.7,0.0,-0.7,-1.0,0.7,-1.0,-0.7,-1.0,-1.0,-1.0,-1.0,-1.0,-0.7,0.0,-1.0,-1.0,-0.7,-1.0,-0.7,0.7,-1.0,0.0,-1.0,0.0,-1.0,-1.0,-1.0,-0.7,-1.0,0.0,-1.0,-0.7,-1.0,0.0,-0.7,0.0,-0.7,-1.0,-0.7,-1.0,-1.0,0.0,-0.7,0.0,-0.7,-1.0,0.0,-0.7,-1.0,1.0,-1.0,-1.0,-1.0,-1.0,-1.0,0.0,-0.7,-0.7,-1.0,-1.0,
Dracule Mihawk,-1.0,-1.0,0.0,-1.0,-0.7,-0.7,-0.7,0.0,-1.0,-0.7,-0.7,-1.0,0.0,1.0,-1.0,0.0,0.0,0.7,-1.0,0.0,1.0,-1.0,-1.0,-1.0,-0.7,-1.0,-0.7,-1.0,-1.0,-1.0,-1.0,-1.0,-0.7,-0.7,-1.0,0.0,-1.0,1.0,-0.7,-1.0,-1.0,-1.0,0.0,-0.7,0.0,-1.0,-1.0,-0.7,-1.0,-1.0,0.0,-1.0,0.0,-1.0,-1.0,-1.0,-0.7,-1.0,-0.7,-0.7,-0.7,-0.7,-0.7,-0.7,-0.7,0.0,-0.7,-1.0,-0.7,0.0,0.0,-0.7,-1.0,-1.0,-1.0,-1.0,0.0,-0.7,-1.0,-1.0,-1.0,0.0,0.7,-1.0,-0.7,-0.7,-0.7,-0.7,-0.7,-1.0,0.0,-1.0,0.0,
Dorry,-1.0,-1.0,-1.0,-1.0,-1.0,-1.0,-1.0,-1.0,-1.0,-1.0,-1.0,-1.0,-1.0,-1.0,1.0,-1.0,-1.0,1.0,-1.0,-1.0,1.0,-1.0,-1.0,-1.0,-1.0,-1.0,-1.0,-1.0,-1.0,-1.0,-1.0,-1.0,-1.0,-1.0,-1.0,-1.0,-1.0,1.0,-1.0,-1.0,-1.0,-1.0,-1.0,-1.0,-1.0,-1.0,-1.0,-1.0,-1.0,-1.0,-1.0,-1.0,-1.0,-1.0,-1.0,-1.0,-1.0,-1.0,-1.0,-1.0,-1.0,-1.0,-1.0,-1.0,-1.0,-1.0,1.0,-1.0,-1.0,-1.0,-1.0,-1.0,-1.0,-1.0,-1.0,-1.0,-1.0,-1.0,1.0,-1.0,-1.0,-1.0,-1.0,-1.0,-1.0,-1.0,-1.0,-1.0,-1.0,-1.0,-1.0,-1.0,-1.0,
Dorry,0.0,-1.0,-0.7,0.0,-0.7,-0.7,0.0,-0.7,-1.0,-0.7,-1.0,-1.0,-1.0,-1.0,1.0,-1.0,-0.7,1.0,-0.7,0.0,0.7,-0.7,-0.7,-1.0,-1.0,0.0,-0.7,0.0,-1.0,-1.0,-0.7,0.0,-0.7,-0.7,-0.7,-0.7,-1.0,1.0,-0.7,0.0,-1.0,-1.0,-0.7,-1.0,-1.0,-1.0,-0.7,-1.0,-1.0,-1.0,-0.7,-1.0,-0.7,-1.0,-1.0,-1.0,-1.0,-0.7,-0.7,-1.0,-1.0,-1.0,0.0,-0.7,0.0,-1.0,0.0,-0.7,-0.7,-0.7,-1.0,-1.0,-0.7,-0.7,-1.0,0.0,0.0,-0.7,0.0,-0.7,0.0,-0.7,-1.0,-0.7,-1.0,-0.7,-0.7,-0.7,-0.7,-0.7,0.0,-1.0,-1.0,
Dorry,-0.7,-0.7,0.0,-0.7,-1.0,0.0,-0.7,-1.0,-0.7,-0.7,-1.0,-1.0,-1.0,0.0,0.7,-0.7,0.0,0.7,-1.0,-0.7,0.7,-0.7,0.0,-1.0,0.0,-1.0,0.0,-0.7,-1.0,-0.7,0.0,-0.7,-1.0,0.0,-0.7,-0.7,0.0,0.7,-0.7,-0.7,-0.7,0.0,-1.0,0.0,-0.7,-0.7,0.0,-1.0,-0.7,-1.0,-0.7,-0.7,-1.0,0.0,-0.7,-1.0,-1.0,-1.0,-0.7,-1.0,0.0,0.0,0.0,-1.0,0.0,-0.7,0.7,-1.0,-0.7,-0.7,-0.7,-1.0,-0.7,-1.0,-1.0,-1.0,0.0,-0.7,0.0,-1.0,-1.0,-0.7,-0.7,-1.0,-0.7,-1.0,-1.0,-0.7,-0.7,-0.7,-1.0,-0.7,0.0,
Dosun,-1.0,-1.0,-1.0,-1.0,-1.0,-1.0,-1.0,-1.0,-1.0,-1.0,-1.0,-1.0,-1.0,1.0,-1.0,-1.0,-1.0,1.0,-1.0,-1.0,1.0,-1.0,-1.0,-1.0,-1.0,-1.0,-1.0,-1.0,-1.0,-1.0,-1.0,-1.0,-1.0,-1.0,-1.0,-1.0,-1.0,1.0,-1.0,-1.0,-1.0,-1.0,-1.0,-1.0,-1.0,-1.0,-1.0,-1.0,-1.0,-1.0,-1.0,-1.0,-1.0,-1.0,-1.0,-1.0,-1.0,-1.0,-1.0,-1.0,-1.0,-1.0,-1.0,-1.0,-1.0,-1.0,-1.0,-1.0,-1.0,-1.0,-1.0,-1.0,-1.0,-1.0,1.0,-1.0,-1.0,-1.0,-1.0,-1.0,-1.0,-1.0,-1.0,-1.0,-1.0,-1.0,-1.0,-1.0,-1.0,-1.0,-1.0,-1.0,-1.0,
Dosun,0.0,-0.7,0.0,-0.7,-0.7,-0.7,-1.0,0.0,-1.0,-0.7,-1.0,0.0,-1.0,0.7,-0.7,-1.0,-1.0,1.0,-0.7,-1.0,1.0,0.0,0.0,-1.0,-1.0,-0.7,-1.0,-1.0,-0.7,-1.0,-0.7,-1.0,-1.0,-1.0,-1.0,-0.7,-0.7,1.0,-0.7,-1.0,-1.0,-0.7,0.0,0.0,-0.7,0.0,-0.7,-0.7,-0.7,-0.7,-0.7,0.0,-0.7,-0.7,0.0,-0.7,-0.7,-0.7,-0.7,-1.0,-0.7,-1.0,-1.0,0.0,-0.7,-0.7,-0.7,-0.7,-1.0,-0.7,-1.0,-0.7,-0.7,-1.0,0.7,-1.0,-1.0,-1.0,-0.7,-1.0,-0.7,-0.7,-1.0,-0.7,-0.7,-1.0,0.0,-0.7,-0.7,-1.0,-0.7,0.0,-0.7,
Dosun,-1.0,0.0,-1.0,0.0,-0.7,-0.7,-0.7,-1.0,-0.7,-1.0,0.0,0.0,-1.0,0.0,-1.0,-0.7,-1.0,1.0,-0.7,0.0,0.0,-1.0,0.0,-1.0,-0.7,-1.0,0.0,-0.7,-0.7,-0.7,-0.7,-0.7,-0.7,0.0,-1.0,0.0,0.0,0.0,0.0,0.0,-1.0,0.0,0.0,-1.0,-0.7,0.0,-1.0,-1.0,0.0,-0.7,-1.0,0.0,0.0,0.0,-0.7,-0.7,0.0,-1.0,-1.0,-1.0,-0.7,-1.0,-1.0,-0.7,-0.7,-0.7,-0.7,-1.0,-0.7,-1.0,0.0,0.0,0.0,-1.0,0.7,-1.0,-0.7,-1.0,0.0,-1.0,-1.0,-1.0,-0.7,-0.7,-1.0,-0.7,0.0,-0.7,-0.7,-0.7,-1.0,-1.0,-1.0,
Donquixote Rosinante,-1.0,-1.0,-1.0,-1.0,-1.0,-1.0,-1.0,-1.0,-1.0,-1.0,-1.0,-1.0,-1.0,-1.0,-1.0,1.0,-1.0,-1.0,-1.0,-1.0,-1.0,-1.0,-1.0,-1.0,-1.0,-1.0,-1.0,-1.0,-1.0,-1.0,-1.0,-1.0,-1.0,-1.0,-1.0,-1.0,-1.0,1.0,1.0,1.0,-1.0,-1.0,-1.0,-1.0,-1.0,-1.0,-1.0,-1.0,-1.0,-1.0,-1.0,-1.0,-1.0,-1.0,-1.0,-1.0,-1.0,-1.0,-1.0,-1.0,-1.0,-1.0,-1.0,1.0,-1.0,-1.0,-1.0,-1.0,-1.0,-1.0,-1.0,-1.0,-1.0,-1.0,-1.0,-1.0,1.0,-1.0,-1.0,-1.0,-1.0,-1.0,-1.0,-1.0,-1.0,-1.0,-1.0,-1.0,-1.0,-1.0,-1.0,-1.0,-1.0,
Donquixote Rosinante,0.0,-1.0,-1.0,-0.7,0.0,-1.0,-1.0,0.0,-0.7,-0.7,-0.7,-0.7,-0.7,-1.0,0.0,0.7,-0.7,0.0,-1.0,-0.7,-1.0,-1.0,-0.7,0.0,0.0,-1.0,-0.7,-1.0,-0.7,-1.0,0.0,-0.7,0.0,-1.0,-1.0,0.0,0.0,1.0,0.7,1.0,-1.0,-0.7,0.0,-0.7,-0.7,-1.0,-1.0,-1.0,-1.0,-1.0,-0.7,-1.0,-1.0,-0.7,0.0,-0.7,-1.0,-0.7,0.0,-1.0,-1.0,-1.0,-0.7,0.7,-0.7,-1.0,-0.7,-1.0,0.0,-0.7,0.0,-0.7,-1.0,-0.7,-0.7,-0.7,0.7,0.0,-1.0,0.0,-1.0,0.0,-1.0,-0.7,-0.7,0.0,-0.7,-1.0,-0.7,-0.7,-1.0,-1.0,-1.0,
Donquixote Rosinante,0.0,0.0,0.0,-1.0,-0.7,-1.0,-0.7,0.0,-0.7,0.0,-1.0,-0.7,-0.7,0.0,-0.7,0.7,-0.7,0.0,-0.7,-1.0,0.0,-0.7,-0.7,-0.7,-0.7,0.0,-0.7,-1.0,0.0,0.0,-1.0,0.0,-0.7,-1.0,0.0,-1.0,-0.7,0.0,0.0,1.0,-0.7,-1.0,-1.0,0.0,0.0,-0.7,0.0,-1.0,0.0,-0.7,-0.7,-1.0,-1.0,-1.0,-1.0,-1.0,-0.7,-0.7,-1.0,-1.0,0.0,-1.0,-0.7,1.0,-0.7,-1.0,-0.7,-1.0,-0.7,-0.7,0.0,-0.7,-1.0,-0.7,-0.7,-1.0,0.7,-1.0,-0.7,-1.0,-1.0,-0.7,-0.7,-1.0,0.0,-1.0,-1.0,0.0,-0.7,-0.7,-0.7,0.0,-1.0,
Donquixote Doflamingo,-1.0,-1.0,-1.0,-1.0,-1.0,-1.0,-1.0,-1.0,-1.0,-1.0,-1.0,-1.0,-1.0,-1.0,1.0,1.0,-1.0,1.0,-1.0,-1.0,1.0,-1.0,-1.0,-1.0,-1.0,-1.0,-1.0,-1.0,-1.0,-1.0,-1.0,-1.0,-1.0,-1.0,-1.0,-1.0,-1.0,1.0,1.0,1.0,-1.0,-1.0,-1.0,-1.0,-1.0,-1.0,-1.0,-1.0,-1.0,-1.0,-1.0,-1.0,-1.0,-1.0,-1.0,-1.0,-1.0,-1.0,-1.0,-1.0,-1.0,-1.0,-1.0,1.0,-1.0,-1.0,-1.0,-1.0,-1.0,-1.0,-1.0,-1.0,-1.0,1.0,1.0,-1.0,-1.0,-1.0,-1.0,-1.0,-1.0,-1.0,-1.0,-1.0,-1.0,-1.0,-1.0,-1.0,-1.0,-1.0,-1.0,-1.0,1.0,
Donquixote Doflamingo,-0.7,-0.7,-1.0,-1.0,-1.0,-1.0,-0.7,-0.7,-0.7,-0.7,0.0,-0.7,-0.7,-1.0,1.0,0.0,0.0,0.0,0.0,-1.0,0.7,0.0,-0.7,0.0,-0.7,-0.7,0.0,-0.7,0.0,-1.0,-0.7,-1.0,-1.0,-1.0,-1.0,-0.7,-0.7,0.0,1.0,0.7,-1.0,0.0,-0.7,0.0,-1.0,-1.0,-1.0,-1.0,0.0,-1.0,-1.0,-0.7,-0.7,-1.0,-0.7,-0.7,0.0,-1.0,-0.7,-0.7,0.0,-1.0,-1.0,0.7,-0.7,-0.7,-0.7,-1.0,-0.7,-1.0,-0.7,-0.7,0.0,1.0,1.0,-0.7,-1.0,-0.7,-1.0,-0.7,-0.7,-0.7,-1.0,-1.0,-0.7,0.0,-0.7,-1.0,-0.7,-0.7,-1.0,-0.7,1.0,
Donquixote Doflamingo,-1.0,-1.0,-0.7,0.0,-1.0,-0.7,-1.0,0.0,-0.7,-1.0,0.0,-1.0,-1.0,-1.0,0.7,1.0,-0.7,0.0,0.0,0.0,0.7,-1.0,-1.0,-1.0,-1.0,0.0,-0.7,0.0,-1.0,-1.0,0.0,-0.7,-0.7,-1.0,-1.0,-1.0,0.0,1.0,0.7,0.0,-0.7,-0.7,0.0,-0.7,-0.7,-1.0,-0.7,-1.0,-0.7,-1.0,-1.0,-1.0,-1.0,-0.7,0.0,-0.7,-1.0,-1.0,-1.0,-1.0,0.0,-0.7,-1.0,0.7,-1.0,-1.0,-0.7,-0.7,0.0,-0.7,-1.0,-0.7,-0.7,0.7,1.0,-1.0,-0.7,-0.7,-1.0,-0.7,-0.7,0.0,-1.0,-1.0,0.0,-1.0,-1.0,-1.0,0.0,-1.0,-1.0,-0.7,1.0,
Doc Q,-1.0,-1.0,-1.0,-1.0,-1.0,-1.0,-1.0,-1.0,-1.0,-1.0,-1.0,1.0,-1.0,1.0,-1.0,-1.0,-1.0,1.0,-1.0,-1.0,1.0,-1.0,-1.0,-1.0,-1.0,-1.0,-1.0,-1.0,-1.0,-1.0,-1.0,-1.0,-1.0,-1.0,-1.0,-1.0,-1.0,1.0,1.0,1.0,-1.0,-1.0,-1.0,-1.0,-1.0,-1.0,-1.0,-1.0,-1.0,-1.0,-1.0,-1.0,-1.0,-1.0,-1.0,-1.0,-1.0,-1.0,-1.0,-1.0,-1.0,-1.0,-1.0,-1.0,-1.0,-1.0,-1.0,-1.0,-1.0,-1.0,-1.0,-1.0,-1.0,1.0,1.0,-1.0,-1.0,-1.0,-1.0,-1.0,-1.0,-1.0,-1.0,-1.0,-1.0,-1.0,-1.0,-1.0,-1.0,-1.0,-1.0,-1.0,-1.0,
Doc Q,-0.7,-0.7,-1.0,-1.0,-0.7,-0.7,0.0,-1.0,-0.7,-1.0,-0.7,0.7,-0.7,1.0,-1.0,-0.7,-0.7,1.0,-1.0,0.0,1.0,-0.7,-1.0,-0.7,0.0,0.0,-1.0,0.0,-0.7,-1.0,0.0,-0.7,-0.7,-0.7,0.0,-0.7,0.0,0.7,1.0,1.0,-1.0,-1.0,-0.7,-1.0,-1.0,-1.0,-0.7,-1.0,-1.0,-1.0,-1.0,0.0,0.0,-1.0,-1.0,-1.0,-1.0,0.0,-0.7,-1.0,-0.7,0.0,-1.0,0.0,-0.7,-1.0,-0.7,-1.0,-1.0,-0.7,0.0,-0.7,-1.0,0.7,1.0,-0.7,-1.0,-0.7,-1.0,-1.0,-0.7,-0.7,-1.0,-0.7,-1.0,-1.0,-1.0,-1.0,-0.7,0.0,0.0,-1.0,0.0,
Doc Q,-1.0,-0.7,-1.0,-0.7,-0.7,-0.7,-0.7,0.0,-0.7,0.0,-0.7,1.0,-0.7,0.7,-0.7,-0.7,0.0,0.7,-0.7,-0.7,1.0,-0.7,-1.0,-0.7,-1.0,0.0,-0.7,-1.0,-1.0,-0.7,-0.7,-0.7,-0.7,-1.0,-1.0,-1.0,-1.0,1.0,0.7,0.7,0.0,-1.0,-0.7,0.0,-1.0,0.0,-1.0,0.0,-0.7,-0.7,-1.0,0.0,-0.7,-1.0,-0.7,0.0,0.0,-0.7,-0.7,-0.7,-1.0,-1.0,-0.7,0.0,0.0,-1.0,-1.0,-1.0,-0.7,-1.0,-0.7,-0.7,0.0,0.0,1.0,-1.0,-1.0,-0.7,-0.7,-1.0,-1.0,-1.0,-1.0,-0.7,-1.0,0.0,-0.7,-0.7,-0.7,-0.7,-0.7,-1.0,-1.0,
Diamante,-1.0,-1.0,-1.0,-1.0,-1.0,-1.0,-1.0,1.0,-1.0,-1.0,-1.0,-1.0,-1.0,-1.0,-1.0,-1.0,-1.0,1.0,-1.0,-1.0,1.0,-1.0,-1.0,-1.0,-1.0,-1.0,-1.0,-1.0,-1.0,-1.0,-1.0,-1.0,-1.0,-1.0,-1.0,-1.0,-1.0,1.0,1.0,1.0,-1.0,-1.0,-1.0,-1.0,-1.0,-1.0,-1.0,-1.0,-1.0,-1.0,-1.0,-1.0,-1.0,-1.0,-1.0,-1.0,-1.0,-1.0,-1.0,-1.0,-1.0,-1.0,-1.0,-1.0,-1.0,-1.0,-1.0,-1.0,-1.0,-1.0,-1.0,-1.0,-1.0,-1.0,-1.0,-1.0,1.0,-1.0,-1.0,-1.0,-1.0,1.0,-1.0,-1.0,-1.0,-1.0,-1.0,-1.0,-1.0,-1.0,-1.0,-1.0,-1.0,
Diamante,-0.7,-1.0,-1.0,-0.7,-0.7,-0.7,0.0,1.0,-0.7,-1.0,-0.7,-1.0,0.0,-1.0,-0.7,-0.7,-0.7,1.0,-1.0,-0.7,0.7,-1.0,-0.7,-0.7,-0.7,-1.0,-0.7,-0.7,-1.0,-0.7,-1.0,-1.0,-1.0,-0.7,-1.0,-1.0,0.0,0.7,0.7,1.0,-0.7,-0.7,-1.0,-1.0,-0.7,0.0,-0.7,-0.7,-1.0,0.0,-0.7,-1.0,0.0,-0.7,-1.0,-1.0,0.0,-0.7,-0.7,-1.0,-1.0,-0.7,-1.0,0.0,-1.0,-1.0,-0.7,-0.7,-0.7,-1.0,-1.0,-1.0,-1.0,-1.0,0.0,0.0,1.0,-0.7,0.0,-0.7,-0.7,1.0,-0.7,-0.7,-1.0,-1.0,-0.7,0.0,-0.7,0.0,0.0,-1.0,-1.0,
Diamante,-0.7,0.0,0.0,-1.0,-1.0,-0.7,-1.0,0.0,-0.7,-1.0,-1.0,-0.7,-1.0,0.0,-0.7,0.0,-0.7,0.7,-0.7,-0.7,1.0,-0.7,-0.7,-1.0,-0.7,-1.0,-0.7,0.0,-0.7,-1.0,-0.7,-1.0,0.0,-1.0,-0.7,-1.0,-0.7,0.7,1.0,0.7,-1.0,-0.7,-1.0,-0.7,0.0,-1.0,-1.0,-1.0,0.0,-1.0,-1.0,-0.7,-0.7,0.0,-0.7,0.0,-1.0,-1.0,0.0,0.0,-0.7,-0.7,-1.0,-0.7,-0.7,-1.0,-1.0,-1.0,-1.0,-1.0,-1.0,-1.0,-0.7,-1.0,0.0,-0.7,0.7,-0.7,-0.7,-1.0,-1.0,0.0,-1.0,-1.0,-1.0,0.0,-1.0,-0.7,-0.7,0.0,-1.0,-0.7,0.0,
Denjiro,-1.0,-1.0,-1.0,-1.0,-1.0,-1.0,-1.0,-1.0,-1.0,-1.0,-1.0,-1.0,-1.0,1.0,-1.0,-1.0,-1.0,1.0,-1.0,-1.0,1.0,-1.0,-1.0,-1.0,-1.0,-1.0,-1.0,-1.0,-1.0,-1.0,-1.0,-1.0,-1.0,-1.0,-1.0,-1.0,-1.0,1.0,-1.0,-1.0,-1.0,-1.0,-1.0,-1.0,-1.0,-1.0,-1.0,-1.0,-1.0,-1.0,-1.0,-1.0,-1.0,-1.0,-1.0,-1.0,-1.0,-1.0,-1.0,-1.0,-1.0,-1.0,-1.0,-1.0,-1.0,-1.0,-1.0,-1.0,-1.0,-1.0,-1.0,-1.0,-1.0,-1.0,-1.0,1.0,-1.0,-1.0,-1.0,-1.0,-1.0,-1.0,-1.0,-1.0,-1.0,-1.0,-1.0,-1.0,-1.0,-1.0,-1.0,-1.0,-1.0,
Denjiro,-1.0,-1.0,-1.0,-0.7,-1.0,-0.7,-0.7,-0.7,-0.7,0.0,-0.7,-1.0,-1.0,0.7,-0.7,-0.7,0.0,0.7,-1.0,0.0,0.7,-1.0,-0.7,-0.7,-0.7,0.0,-1.0,-1.0,0.0,-1.0,-0.7,-1.0,0.0,0.0,-1.0,-1.0,0.0,0.7,-1.0,-1.0,-0.7,0.0,-1.0,-0.7,-1.0,-0.7,-0.7,-1.0,-1.0,-0.7,-1.0,-0.7,-0.7,-0.7,-1.0,-0.7,-0.7,0.0,-0.7,-0.7,-1.0,-1.0,0.0,-0.7,-1.0,0.0,0.0,-0.7,-1.0,-1.0,0.0,-0.7,0.0,0.0,-0.7,0.7,-1.0,-0.7,-1.0,-0.7,-1.0,-0.7,-0.7,-0.7,-0.7,-0.7,-0.7,-0.7,0.0,-0.7,-1.0,-1.0,-0.7,
Denjiro,-1.0,-1.0,-1.0,-0.7,0.0,-1.0,0.0,-1.0,-0.7,-1.0,-1.0,-1.0,-1.0,1.0,-0.7,-1.0,0.0,0.7,-1.0,-0.7,0.7,-0.7,-0.7,0.0,0.0,0.0,0.0,-0.7,-0.7,-0.7,-0.7,0.0,-1.0,0.0,0.0,-1.0,-0.7,0.0,0.0,-1.0,0.0,-1.0,-1.0,-1.0,-0.7,0.0,-1.0,-1.0,-1.0,-1.0,0.0,-0.7,-0.7,-1.0,-1.0,0.0,0.0,-1.0,-0.7,-0.7,-0.7,-1.0,-0.7,-1.0,0.0,-1.0,-1.0,-1.0,-1.0,0.0,-1.0,0.0,0.0,0.0,0.0,0.7,-0.7,-0.7,-1.0,-0.7,-1.0,0.0,0.0,-1.0,-0.7,-0.7,-0.7,-1.0,-1.0,-0.7,-0.7,-1.0,-0.7,
Den,-1.0,-1.0,-1.0,-1.0,-1.0,-1.0,-1.0,-1.0,-1.0,-1.0,-1.0,-1.0,-1.0,-1.0,-1.0,-1.0,-1.0,1.0,-1.0,-1.0,1.0,-1.0,-1.0,-1.0,-1.0,-1.0,-1.0,-1.0,-1.0,-1.0,-1.0,-1.0,-1.0,-1.0,-1.0,-1.0,-1.0,1.0,-1.0,-1.0,-1.0,-1.0,-1.0,-1.0,-1.0,-1.0,-1.0,-1.0,-1.0,-1.0,-1.0,-1.0,-1.0,-1.0,-1.0,-1.0,-1.0,-1.0,-1.0,-1.0,-1.0,-1.0,-1.0,-1.0,-1.0,-1.0,-1.0,-1.0,-1.0,-1.0,-1.0,-1.0,-1.0,-1.0,1.0,-1.0,-1.0,-1.0,-1.0,-1.0,-1.0,-1.0,-1.0,-1.0,-1.0,-1.0,-1.0,-1.0,-1.0,-1.0,-1.0,-1.0,-1.0,
Den,0.0,0.0,-0.7,-0.7,-0.7,-1.0,-1.0,-0.7,-0.7,-1.0,-0.7,-0.7,-1.0,-1.0,-1.0,-1.0,-1.0,0.7,-0.7,-0.7,0.7,-1.0,-0.7,-0.7,-1.0,-0.7,-1.0,-1.0,-0.7,-1.0,-0.7,-0.7,0.0,-0.7,-1.0,-0.7,-1.0,0.7,0.0,-1.0,-0.7,-0.7,-1.0,-0.7,-0.7,-0.7,-0.7,0.0,-0.7,-0.7,-0.7,-0.7,-0.7,0.0,0.0,-0.7,0.0,-0.7,-0.7,-0.7,-0.7,0.0,-0.7,-0.7,-1.0,-0.7,-0.7,0.0,-1.0,-0.7,-1.0,-1.0,-1.0,0.0,0.7,-1.0,-0.7,-0.7,-1.0,-1.0,-1.0,-0.7,0.0,-0.7,0.0,0.0,-1.0,0.0,-1.0,-0.7,-0.7,-0.7,-0.7,
Den,-1.0,0.0,-1.0,0.0,0.0,-0.7,-0.7,0.0,-1.0,-0.7,-0.7,-1.0,-1.0,-0.7,-1.0,-0.7,-1.0,0.7,-0.7,-0.7,0.0,-0.7,-1.0,0.0,-0.7,0.0,-1.0,-0.7,-1.0,-1.0,0.0,-1.0,-0.7,-1.0,-0.7,-1.0,-0.7,1.0,-1.0,-1.0,-1.0,-0.7,-0.7,-0.7,-0.7,-1.0,-0.7,-0.7,-1.0,-1.0,-0.7,-0.7,-0.7,-1.0,-1.0,0.0,-0.7,0.0,-1.0,-0.7,-1.0,0.0,-0.7,-0.7,0.0,-1.0,-0.7,-1.0,-1.0,-1.0,-1.0,-0.7,-1.0,-1.0,0.0,-0.7,-1.0,0.0,-0.7,0.0,-1.0,0.0,0.0,0.0,-1.0,-0.7,0.0,-1.0,-1.0,-1.0,-0.7,-1.0,-0.7,
Demaro Black,-1.0,-1.0,-1.0,-1.0,-1.0,-1.0,-1.0,-1.0,-1.0,-1.0,-1.0,-1.0,-1.0,1.0,1.0,-1.0,-1.0,1.0,-1.0,-1.0,1.0,-1.0,-1.0,-1.0,-1.0,-1.0,-1.0,-1.0,-1.0,-1.0,-1.0,-1.0,-1.0,-1.0,-1.0,-1.0,-1.0,1.0,-1.0,-1.0,-1.0,-1.0,-1.0,-1.0,-1.0,-1.0,-1.0,-1.0,-1.0,-1.0,-1.0,-1.0,-1.0,-1.0,-1.0,-1.0,-1.0,-1.0,-1.0,-1.0,-1.0,-1.0,-1.0,-1.0,-1.0,-1.0,-1.0,-1.0,-1.0,-1.0,-1.0,-1.0,-1.0,-1.0,1.0,1.0,-1.0,-1.0,-1.0,-1.0,-1.0,-1.0,-1.0,-1.0,-1.0,-1.0,-1.0,-1.0,-1.0,-1.0,-1.0,-1.0,-1.0,-1.0
Demaro Black,-1.0,-1.0,-0.7,-1.0,-0.7,0.0,-0.7,-1.0,0.0,-0.7,-0.7,-1.0,-1.0,1.0,0.0,-1.0,-0.7,0.7,-1.0,0.0,0.0,-1.0,-0.7,-1.0,-0.7,-0.7,-1.0,-0.7,-1.0,-0.7,0.0,-1.0,-1.0,-1.0,-0.7,0.0,-0.7,1.0,0.0,-0.7,0.0,-0.7,0.0,-0.7,0.0,-0.7,-0.7,-1.0,0.0,-1.0,-0.7,-1.0,0.0,-1.0,0.0,-0.7,0.0,-0.7,-0.7,-1.0,-1.0,-1.0,-1.0,-0.7,-1.0,-1.0,0.0,-1.0,-1.0,-1.0,-0.7,0.0,0.0,0.0,0.7,0.7,-0.7,0.0,-0.7,-0.7,-0.7,-1.0,-1.0,-1.0,-1.0,-0.7,-0.7,0.0,-0.7,-1.0,-0.7,-1.0,-1.0,-1.0
Demaro Black,-0.7,0.0,-0.7,-1.0,-1.0,0.0,-0.7,-0.7,0.0,0.0,-0.7,-0.7,-1.0,0.0,1.0,-0.7,-0.7,0.0,-1.0,-0.7,0.0,-0.7,-0.7,-0.7,0.0,-1.0,-0.7,-1.0,-0.7,0.0,-0.7,-0.7,-0.7,-1.0,-0.7,-1.0,-0.7,1.0,-1.0,-0.7,-0.7,-0.7,-0.7,-1.0,-1.0,-1.0,-0.7,-0.7,-0.7,-0.7,-0.7,-1.0,-0.7,-1.0,-0.7,-0.7,-0.7,0.0,0.0,0.0,-0.7,-1.0,-1.0,-1.0,-0.7,0.0,-0.7,-0.7,-1.0,-1.0,-1.0,-0.7,-0.7,-1.0,1.0,1.0,-1.0,-0.7,-1.0,-1.0,-1.0,-0.7,-1.0,-1.0,-1.0,-1.0,0.0,-1.0,-0.7,-0.7,-1.0,0.0,0.0,-1.0
Dellinger,-1.0,-1.0,-1.0,-1.0,-1.0,-1.0,-1.0,-1.0,-1.0,-1.0,-1.0,-1.0,-1.0,-1.0,-1.0,-1.0,-1.0,1.0,-1.0,-1.0,-1.0,-1.0,-1.0,-1.0,-1.0,-1.0,-1.0,-1.0,-1.0,-1.0,-1.0,-1.0,-1.0,-1.0,-1.0,-1.0,-1.0,-1.0,-1.0,-1.0,-1.0,-1.0,-1.0,-1.0,-1.0,-1.0,-1.0,-1.0,-1.0,-1.0,-1.0,-1.0,-1.0,-1.0,-1.0,-1.0,-1.0,-1.0,-1.0,-1.0,-1.0,-1.0,-1.0,-1.0,-1.0,-1.0,-1.0,-1.0,-1.0,-1.0,-1.0,-1.0,-1.0,-1.0,-1.0,-1.0,1.0,-1.0,-1.0,-1.0,-1.0,-1.0,-1.0,-1.0,-1.0,-1.0,-1.0,-1.0,-1.0,-1.0,-1.0,-1.0,-1.0,
Dellinger,0.0,-0.7,0.0,-0.7,-0.7,-1.0,0.0,-0.7,-1.0,0.0,0.0,-1.0,-0.7,0.0,-0.7,-0.7,-0.7,1.0,-0.7,0.0,-1.0,-0.7,0.0,-1.0,0.0,-1.0,-0.7,-1.0,-1.0,-0.7,-1.0,-1.0,-1.0,-1.0,-1.0,0.0,-1.0,-0.7,-1.0,0.0,-1.0,-1.0,-0.7,-0.7,-0.7,-0.7,0.0,-1.0,0.0,-0.7,-1.0,-1.0,0.0,-1.0,-1.0,-0.7,0.0,-1.0,-0.7,-1.0,-1.0,-0.7,-1.0,-1.0,-1.0,-0.7,0.0,-1.0,-0.7,-1.0,0.0,-0.7,-1.0,-1.0,-1.0,-0.7,0.7,-0.7,-0.7,-1.0,-1.0,0.0,-1.0,-0.7,-1.0,0.0,-0.7,-1.0,-0.7,-1.0,-0.7,0.0,-1.0,
Dellinger,-1.0,-0.7,-0.7,-1.0,0.0,-0.7,-1.0,-1.0,-0.7,-1.0,-0.7,-1.0,-0.7,0.0,0.0,-1.0,-0.7,0.0,-1.0,-1.0,-1.0,-1.0,-1.0,0.0,-0.7,-1.0,-0.7,0.0,-0.7,-1.0,0.0,-1.0,-1.0,-1.0,-1.0,-0.7,-1.0,-0.7,-1.0,-0.7,0.0,-1.0,0.0,-1.0,-1.0,-1.0,0.0,-0.7,-0.7,-1.0,-0.7,-0.7,-0.7,-1.0,-1.0,-0.7,-0.7,-0.7,-1.0,-0.7,-0.7,0.0,-1.0,-0.7,0.0,-0.7,-1.0,-1.0,0.0,-0.7,-1.0,-0.7,0.0,-1.0,-0.7,-1.0,0.7,-0.7,-0.7,0.0,-0.7,0.0,-1.0,-1.0,-1.0,-1.0,-0.7,-1.0,-0.7,-0.7,-1.0,-0.7,-1.0,
Daruma,-1.0,-1.0,-1.0,-1.0,-1.0,-1.0,-1.0,-1.0,-1.0,-1.0,-1.0,-1.0,-1.0,1.0,-1.0,-1.0,-1.0,1.0,-1.0,-1.0,-1.0,-1.0,-1.0,-1.0,-1.0,-1.0,-1.0,-1.0,-1.0,-1.0,-1.0,-1.0,-1.0,-1.0,-1.0,-1.0,-1.0,-1.0,-1.0,-1.0,-1.0,-1.0,-1.0,-1.0,-1.0,-1.0,-1.0,-1.0,-1.0,-1.0,-1.0,-1.0,-1.0,-1.0,-1.0,-1.0,-1.0,-1.0,-1.0,-1.0,-1.0,-1.0,-1.0,-1.0,-1.0,-1.0,-1.0,-1.0,-1.0,-1.0,-1.0,-1.0,-1.0,-1.0,1.0,-1.0,-1.0,-1.0,-1.0,-1.0,-1.0,-1.0,-1.0,-1.0,-1.0,-1.0,-1.0,-1.0,-1.0,-1.0,-1.0,-1.0,-1.0,
Daruma,-1.0,-0.7,-0.7,-0.7,-0.7,-0.7,-0.7,0.0,0.0,-1.0,0.0,0.0,-0.7,1.0,-0.7,0.0,-1.0,0.7,-1.0,-1.0,-1.0,0.0,-1.0,-0.7,-0.7,0.0,-0.7,0.0,-0.7,-0.7,0.0,-1.0,-1.0,-0.7,-1.0,0.0,-0.7,-0.7,0.0,0.0,-0.7,-1.0,-0.7,-0.7,-1.0,-1.0,-1.0,0.0,-1.0,-1.0,-0.7,-0.7,-1.0,-1.0,-0.7,0.0,-1.0,-1.0,0.0,-0.7,-1.0,-0.7,0.0,-0.7,-1.0,-1.0,0.0,-1.0,-0.7,-1.0,-0.7,0.0,-0.7,-1.0,0.7,-1.0,0.0,-1.0,-1.0,-0.7,-0.7,-0.7,-1.0,-0.7,-1.0,-1.0,0.0,-0.7,-0.7,-0.7,-0.7,-0.7,-0.7,
Daruma,-0.7,0.0,-1.0,-1.0,-1.0,0.0,0.0,-1.0,0.0,0.0,-0.7,-0.7,-1.0,1.0,-1.0,-0.7,-0.7,0.0,-0.7,-0.7,-1.0,0.0,0.0,-1.0,-0.7,-1.0,-0.7,-0.7,-0.7,-0.7,-1.0,-1.0,-0.7,-1.0,0.0,0.0,-1.0,-0.7,0.0,-0.7,-1.0,-1.0,-0.7,-1.0,0.0,-1.0,-1.0,-0.7,-0.7,-0.7,-1.0,-1.0,-0.7,-1.0,-1.0,-0.7,-0.7,0.0,-0.7,-1.0,-1.0,-1.0,-1.0,-0.7,0.0,-0.7,-1.0,-0.7,0.0,-0.7,-0.7,-1.0,-1.0,-1.0,0.7,-1.0,-0.7,-0.7,-0.7,-1.0,0.0,-0.7,-0.7,-1.0,-1.0,-0.7,-1.0,0.0,-0.7,-1.0,-0.7,0.0,0.0,
Daz Bonez,-1.0,-1.0,-1.0,-1.0,-1.0,-1.0,-1.0,-1.0,-1.0,-1.0,-1.0,-1.0,-1.0,1.0,-1.0,-1.0,-1.0,1.0,-1.0,-1.0,-1.0,-1.0,-1.0,-1.0,-1.0,-1.0,-1.0,-1.0,-1.0,-1.0,-1.0,-1.0,-1.0,-1.0,-1.0,-1.0,-1.0,1.0,1.0,1.0,-1.0,-1.0,-1.0,-1.0,-1.0,-1.0,-1.0,-1.0,-1.0,-1.0,-1.0,-1.0,-1.0,-1.0,-1.0,-1.0,1.0,-1.0,-1.0,-1.0,-1.0,-1.0,-1.0,-1.0,-1.0,-1.0,-1.0,-1.0,-1.0,-1.0,-1.0,-1.0,-1.0,-1.0,-1.0,-1.0,-1.0,-1.0,-1.0,-1.0,-1.0,-1.0,-1.0,1.0,-1.0,-1.0,-1.0,-1.0,-1.0,-1.0,-1.0,-1.0,-1.0,
Daz Bonez,-0.7,-0.7,-0.7,0.0,-0.7,-0.7,-0.7,-0.7,-0.7,0.0,-0.7,-1.0,0.0,0.0,-0.7,-1.0,-0.7,1.0,-1.0,-1.0,-1.0,-0.7,-1.0,-1.0,-0.7,-0.7,-1.0,-0.7,-0.7,-1.0,0.0,-0.7,-0.7,-1.0,-0.7,-1.0,-0.7,1.0,0.7,1.0,-1.0,-0.7,-1.0,-1.0,-0.7,-0.7,-1.0,0.0,-1.0,-0.7,-1.0,-1.0,0.0,0.0,0.0,0.0,1.0,-1.0,-1.0,-1.0,-0.7,-0.7,-0.7,-0.7,-1.0,-1.0,-0.7,0.0,-1.0,-1.0,0.0,0.0,-0.7,-1.0,-0.7,-1.0,0.0,-1.0,-0.7,-1.0,-0.7,-0.7,-0.7,1.0,-1.0,0.0,-1.0,0.0,-1.0,-1.0,-0.7,0.0,0.0,
Daz Bonez,-0.7,-0.7,-0.7,-0.7,-0.7,-1.0,0.0,0.0,0.0,-0.7,-1.0,-1.0,-0.7,1.0,-0.7,-1.0,-1.0,0.7,-1.0,-1.0,-1.0,-1.0,-1.0,-0.7,-1.0,0.0,-0.7,0.0,-1.0,-1.0,-1.0,-0.7,0.0,-1.0,0.0,-0.7,-0.7,0.7,1.0,0.7,-0.7,0.0,-0.7,-0.7,-0.7,-0.7,-1.0,-1.0,-1.0,-0.7,-0.7,-0.7,-0.7,-0.7,-1.0,-0.7,1.0,-1.0,-1.0,-0.7,-1.0,-0.7,0.0,-1.0,-1.0,0.0,-0.7,-1.0,-0.7,-1.0,-0.7,-0.7,0.0,-1.0,0.0,0.0,-0.7,-0.7,-0.7,-1.0,-1.0,-0.7,-0.7,0.7,-0.7,-1.0,-0.7,-0.7,0.0,-1.0,-1.0,-1.0,-0.7,
Dalton,-1.0,-1.0,-1.0,-1.0,-1.0,-1.0,-1.0,-1.0,-1.0,-1.0,-1.0,-1.0,-1.0,-1.0,-1.0,-1.0,-1.0,1.0,-1.0,-1.0,-1.0,-1.0,-1.0,-1.0,-1.0,-1.0,-1.0,-1.0,-1.0,-1.0,-1.0,-1.0,-1.0,-1.0,-1.0,-1.0,-1.0,1.0,1.0,-1.0,-1.0,1.0,-1.0,-1.0,-1.0,-1.0,-1.0,-1.0,-1.0,-1.0,-1.0,-1.0,-1.0,-1.0,-1.0,-1.0,-1.0,-1.0,-1.0,-1.0,-1.0,-1.0,-1.0,-1.0,-1.0,-1.0,-1.0,-1.0,-1.0,-1.0,-1.0,-1.0,-1.0,-1.0,-1.0,-1.0,-1.0,-1.0,1.0,-1.0,-1.0,-1.0,-1.0,-1.0,-1.0,-1.0,-1.0,-1.0,-1.0,-1.0,-1.0,-1.0,-1.0,
Dalton,-0.7,-1.0,0.0,-0.7,-0.7,-0.7,-0.7,-1.0,-0.7,0.0,-1.0,-1.0,-1.0,-0.7,-0.7,0.0,-0.7,0.7,0.0,-1.0,-0.7,-1.0,0.0,-0.7,-1.0,-0.7,0.0,-1.0,-0.7,-0.7,0.0,0.0,-1.0,-0.7,-0.7,0.0,-0.7,1.0,0.7,-1.0,-1.0,0.7,-0.7,-1.0,-0.7,-0.7,-1.0,-1.0,0.0,0.0,-1.0,-0.7,0.0,-0.7,-1.0,-0.7,-1.0,-0.7,0.0,-0.7,-0.7,-1.0,-0.7,-0.7,0.0,-1.0,-1.0,0.0,-1.0,-1.0,0.0,-0.7,-0.7,-0.7,-1.0,-0.7,-0.7,-0.7,1.0,-0.7,-0.7,-0.7,-1.0,-1.0,-0.7,-0.7,-1.0,0.0,-1.0,-0.7,0.0,-0.7,-1.0,
Dalton,-1.0,-0.7,-0.7,-1.0,-0.7,-1.0,-0.7,0.0,-0.7,-1.0,-0.7,-0.7,-1.0,0.0,-0.7,0.0,-0.7,0.7,-0.7,0.0,-1.0,0.0,-0.7,-1.0,-0.7,-0.7,-0.7,-1.0,-1.0,0.0,-0.7,-0.7,-1.0,-0.7,-1.0,-1.0,-0.7,0.0,0.7,-0.7,0.0,0.7,-1.0,-0.7,-0.7,-0.7,-0.7,-1.0,-1.0,-1.0,-1.0,-0.7,0.0,-1.0,0.0,-1.0,0.0,-1.0,-1.0,-0.7,0.0,-0.7,0.0,-1.0,-1.0,0.0,-1.0,-0.7,0.0,-1.0,-0.7,-1.0,-0.7,-0.7,-1.0,-1.0,-1.0,-0.7,0.0,-1.0,-1.0,-1.0,-0.7,-0.7,-0.7,-1.0,0.0,0.0,-1.0,0.0,0.0,-0.7,-0.7,
Daikoku,-1.0,-1.0,-1.0,-1.0,-1.0,-1.0,-1.0,-1.0,-1.0,-1.0,-1.0,-1.0,-1.0,1.0,-1.0,-1.0,-1.0,1.0,-1.0,-1.0,-1.0,-1.0,-1.0,-1.0,-1.0,-1.0,-1.0,-1.0,-1.0,-1.0,-1.0,-1.0,-1.0,-1.0,-1.0,-1.0,-1.0,1.0,-1.0,-1.0,-1.0,-1.0,-1.0,-1.0,-1.0,-1.0,-1.0,-1.0,-1.0,-1.0,-1.0,-1.0,-1.0,-1.0,-1.0,-1.0,-1.0,-1.0,-1.0,-1.0,-1.0,-1.0,-1.0,-1.0,-1.0,-1.0,-1.0,-1.0,-1.0,-1.0,-1.0,-1.0,-1.0,-1.0,-1.0,1.0,-1.0,-1.0,-1.0,-1.0,-1.0,-1.0,-1.0,-1.0,-1.0,-1.0,-1.0,-1.0,-1.0,-1.0,-1.0,-1.0,-1.0,
Daikoku,-0.7,0.0,-1.0,-1.0,-0.7,-1.0,-1.0,-0.7,-1.0,0.0,-1.0,-0.7,-1.0,0.7,0.0,0.0,-0.7,1.0,-1.0,-1.0,-1.0,-0.7,-0.7,0.0,-1.0,-0.7,-0.7,0.0,-1.0,0.0,-0.7,-1.0,-0.7,-1.0,-0.7,-1.0,-0.7,0.7,-0.7,-0.7,0.0,-1.0,-0.7,0.0,-0.7,-1.0,-1.0,-0.7,-1.0,0.0,-1.0,-0.7,0.0,-0.7,-0.7,-1.0,-0.7,0.0,-1.0,-1.0,-0.7,-0.7,-1.0,-0.7,-0.7,-1.0,-0.7,-1.0,-1.0,-1.0,0.0,-0.7,0.0,-1.0,-0.7,1.0,-0.7,0.0,-1.0,-0.7,-1.0,0.0,0.0,0.0,-1.0,-1.0,-1.0,0.0,-1.0,0.0,-0.7,-0.7,-0.7,
Daikoku,-0.7,-1.0,-0.7,-0.7,0.0,0.0,-0.7,-0.7,-0.7,-0.7,0.0,0.0,-0.7,1.0,-1.0,-1.0,-0.7,0.0,-0.7,-0.7,-1.0,-1.0,0.0,-1.0,-0.7,-0.7,-1.0,-0.7,0.0,-1.0,-1.0,-1.0,-0.7,-0.7,-0.7,-1.0,-1.0,0.7,0.0,-0.7,-1.0,-0.7,-0.7,0.0,-1.0,0.0,-0.7,0.0,-1.0,0.0,-0.7,-0.7,-1.0,-1.0,-0.7,-0.7,-0.7,-1.0,0.0,0.0,-1.0,-1.0,0.0,-0.7,0.0,0.0,0.0,-0.7,-1.0,-0.7,-0.7,-1.0,-0.7,0.0,-1.0,0.0,0.0,-1.0,0.0,-0.7,-0.7,-0.7,-1.0,-0.7,0.0,-1.0,-1.0,0.0,-0.7,-0.7,0.0,-0.7,-1.0,
Curly Dadan,-1.0,-1.0,-1.0,-1.0,-1.0,-1.0,-1.0,-1.0,-1.0,-1.0,-1.0,-1.0,-1.0,-1.0,-1.0,-1.0,-1.0,1.0,-1.0,-1.0,-1.0,-1.0,-1.0,-1.0,-1.0,-1.0,-1.0,-1.0,-1.0,-1.0,-1.0,-1.0,-1.0,-1.0,-1.0,-1.0,-1.0,1.0,-1.0,-1.0,-1.0,-1.0,-1.0,-1.0,-1.0,-1.0,-1.0,-1.0,-1.0,-1.0,-1.0,-1.0,-1.0,-1.0,-1.0,-1.0,-1.0,-1.0,-1.0,-1.0,-1.0,-1.0,-1.0,-1.0,-1.0,-1.0,-1.0,-1.0,-1.0,-1.0,-1.0,-1.0,1.0,-1.0,-1.0,-1.0,-1.0,-1.0,-1.0,-1.0,-1.0,-1.0,-1.0,-1.0,-1.0,-1.0,-1.0,-1.0,-1.0,-1.0,-1.0,-1.0,-1.0,
Curly Dadan,-1.0,-0.7,-1.0,-0.7,-0.7,0.0,-0.7,-1.0,-1.0,-0.7,-0.7,-0.7,0.0,-0.7,-1.0,0.0,-0.7,0.7,0.0,-1.0,-0.7,0.0,-0.7,-1.0,-0.7,-1.0,-1.0,-1.0,-0.7,-0.7,0.0,-0.7,-0.7,0.0,-1.0,-1.0,-1.0,1.0,-1.0,-1.0,-0.7,-0.7,-1.0,0.0,-0.7,0.0,0.0,-1.0,-0.7,0.0,0.0,-0.7,0.0,-0.7,-1.0,-0.7,-0.7,-0.7,-1.0,-1.0,-0.7,-0.7,-1.0,-0.7,-1.0,-1.0,0.0,-1.0,-1.0,-1.0,0.0,-1.0,0.7,-0.7,-1.0,0.0,0.0,0.0,-1.0,-1.0,0.0,-1.0,-0.7,-0.7,-0.7,-1.0,-1.0,-0.7,-1.0,0.0,0.0,-1.0,-0.7,
Curly Dadan,-0.7,-1.0,-1.0,-0.7,0.0,0.0,-1.0,-0.7,-0.7,-0.7,-1.0,-1.0,-1.0,-0.7,-0.7,-1.0,-1.0,1.0,-0.7,0.0,0.0,0.0,0.0,-0.7,-1.0,-0.7,-0.7,-1.0,-1.0,-1.0,-0.7,-1.0,0.0,-1.0,-1.0,0.0,0.0,0.7,0.0,-1.0,-0.7,-0.7,-0.7,-0.7,-0.7,-1.0,-0.7,-1.0,-1.0,-1.0,-1.0,-1.0,0.0,-0.7,-0.7,-0.7,-1.0,-1.0,-1.0,0.0,-1.0,-1.0,0.0,0.0,-1.0,-0.7,-0.7,-1.0,-0.7,-1.0,0.0,-1.0,1.0,-1.0,-1.0,-1.0,-1.0,-0.7,-1.0,0.0,-1.0,-1.0,-1.0,-0.7,-0.7,-0.7,0.0,-0.7,-1.0,-1.0,-1.0,0.0,-0.7,
Crocus,-1.0,-1.0,-1.0,-1.0,-1.0,-1.0,-1.0,-1.0,-1.0,-1.0,-1.0,1.0,-1.0,-1.0,-1.0,-1.0,-1.0,1.0,-1.0,-1.0,-1.0,-1.0,-1.0,-1.0,-1.0,-1.0,-1.0,-1.0,-1.0,-1.0,-1.0,-1.0,-1.0,-1.0,-1.0,-1.0,-1.0,1.0,-1.0,-1.0,-1.0,-1.0,-1.0,-1.0,-1.0,-1.0,-1.0,-1.0,-1.0,-1.0,-1.0,-1.0,-1.0,-1.0,-1.0,-1.0,-1.0,-1.0,-1.0,-1.0,-1.0,-1.0,-1.0,-1.0,-1.0,-1.0,-1.0,-1.0,-1.0,-1.0,-1.0,-1.0,-1.0,-1.0,-1.0,-1.0,-1.0,-1.0,1.0,-1.0,-1.0,-1.0,-1.0,-1.0,-1.0,-1.0,-1.0,-1.0,-1.0,-1.0,-1.0,-1.0,-1.0,
Crocus,0.0,-1.0,-0.7,-0.7,-1.0,-1.0,-1.0,0.0,-0.7,-0.7,0.0,1.0,-1.0,-0.7,-0.7,-1.0,-0.7,1.0,-1.0,0.0,-0.7,-1.0,-1.0,-0.7,0.0,-0.7,0.0,-1.0,-1.0,-1.0,-1.0,0.0,-1.0,-1.0,-0.7,-0.7,-1.0,1.0,-0.7,0.0,0.0,0.0,0.0,-0.7,0.0,-1.0,-1.0,-1.0,-0.7,-1.0,-1.0,-1.0,-1.0,-0.7,-1.0,0.0,0.0,-0.7,-0.7,-1.0,-0.7,0.0,-1.0,0.0,-1.0,-1.0,0.0,-0.7,-1.0,0.0,-0.7,-0.7,-1.0,0.0,-0.7,0.0,-0.7,-0.7,0.7,-1.0,-1.0,-1.0,0.0,-1.0,0.0,-1.0,-0.7,-0.7,-0.7,0.0,-0.7,-1.0,-1.0,
Crocus,-1.0,-1.0,-1.0,0.0,-0.7,-0.7,-1.0,-1.0,-1.0,-1.0,-1.0,1.0,0.0,-0.7,-1.0,-1.0,-1.0,0.7,0.0,-0.7,-1.0,-1.0,-1.0,-0.7,-1.0,0.0,-1.0,-0.7,-0.7,0.0,-0.7,-1.0,0.0,-1.0,-0.7,-1.0,-1.0,0.7,-0.7,-1.0,-0.7,-1.0,-0.7,-0.7,-1.0,-0.7,-0.7,0.0,-0.7,-0.7,-0.7,-0.7,-0.7,-1.0,0.0,-0.7,-1.0,-0.7,-0.7,-1.0,-0.7,0.0,0.0,-1.0,-0.7,-0.7,-0.7,-0.7,0.0,-0.7,0.0,-0.7,-1.0,-0.7,-1.0,-0.7,-0.7,-0.7,0.7,-0.7,-1.0,0.0,0.0,0.0,-1.0,-1.0,-1.0,0.0,-0.7,-1.0,-0.7,-0.7,-0.7,
Crocodile,-1.0,-1.0,-1.0,-1.0,-1.0,-1.0,-1.0,-1.0,-1.0,-1.0,-1.0,-1.0,-1.0,1.0,-1.0,-1.0,-1.0,1.0,-1.0,-1.0,1.0,-1.0,-1.0,-1.0,-1.0,-1.0,-1.0,-1.0,-1.0,-1.0,-1.0,-1.0,-1.0,-1.0,-1.0,-1.0,-1.0,1.0,1.0,-1.0,1.0,1.0,-1.0,-1.0,-1.0,-1.0,-1.0,-1.0,-1.0,-1.0,-1.0,-1.0,-1.0,-1.0,-1.0,-1.0,-1.0,-1.0,-1.0,-1.0,-1.0,-1.0,-1.0,-1.0,-1.0,-1.0,-1.0,-1.0,-1.0,-1.0,-1.0,-1.0,-1.0,-1.0,-1.0,-1.0,-1.0,-1.0,1.0,-1.0,-1.0,-1.0,-1.0,-1.0,-1.0,-1.0,-1.0,-1.0,-1.0,-1.0,-1.0,1.0,1.0,
Crocodile,-1.0,-1.0,-0.7,-0.7,-1.0,-0.7,-1.0,0.0,-0.7,0.0,-1.0,0.0,-0.7,0.0,-1.0,-1.0,-1.0,1.0,0.0,-0.7,0.7,-0.7,-0.7,-0.7,-0.7,-1.0,0.0,-1.0,-0.7,-0.7,-1.0,-1.0,-0.7,-1.0,-1.0,-1.0,-1.0,1.0,1.0,0.0,0.0,0.7,-1.0,-0.7,-1.0,-1.0,-1.0,-0.7,0.0,-0.7,-1.0,-1.0,0.0,-0.7,-0.7,-0.7,-1.0,-1.0,0.0,-0.7,0.0,0.0,-1.0,-1.0,-1.0,0.0,-0.7,-1.0,0.0,-0.7,0.0,-1.0,-0.7,0.0,-1.0,-0.7,-0.7,-1.0,1.0,-1.0,-1.0,-1.0,-0.7,-1.0,-0.7,-0.7,-1.0,0.0,-0.7,-0.7,-0.7,1.0,0.7,
Crocodile,-1.0,0.0,0.0,-0.7,-0.7,-0.7,-0.7,-1.0,-1.0,0.0,-0.7,0.0,0.0,0.7,-0.7,-0.7,-0.7,0.0,-1.0,-1.0,1.0,0.0,0.0,0.0,-0.7,0.0,-1.0,-0.7,-1.0,-1.0,-1.0,-1.0,-1.0,-1.0,-0.7,-1.0,-0.7,1.0,1.0,-1.0,0.0,0.7,-0.7,-0.7,-0.7,-1.0,-1.0,-1.0,-1.0,-1.0,0.0,-1.0,-0.7,-0.7,0.0,0.0,-1.0,-1.0,0.0,-1.0,-1.0,0.0,-0.7,-1.0,-1.0,-0.7,-1.0,0.0,-1.0,-1.0,-1.0,-0.7,-1.0,-1.0,-1.0,0.0,-0.7,-0.7,0.7,-1.0,0.0,-1.0,-1.0,-0.7,-1.0,-0.7,-0.7,-0.7,0.0,-0.7,-0.7,0.7,1.0,
Coribou,-1.0,-1.0,-1.0,-1.0,-1.0,-1.0,-1.0,-1.0,-1.0,-1.0,-1.0,-1.0,-1.0,1.0,1.0,-1.0,-1.0,1.0,-1.0,-1.0,-1.0,-1.0,-1.0,-1.0,-1.0,-1.0,-1.0,-1.0,-1.0,-1.0,-1.0,-1.0,-1.0,-1.0,-1.0,-1.0,-1.0,1.0,-1.0,-1.0,-1.0,-1.0,-1.0,-1.0,-1.0,-1.0,-1.0,-1.0,-1.0,-1.0,-1.0,-1.0,-1.0,-1.0,-1.0,-1.0,-1.0,-1.0,-1.0,-1.0,-1.0,-1.0,-1.0,-1.0,-1.0,-1.0,-1.0,-1.0,-1.0,-1.0,-1.0,-1.0,-1.0,-1.0,1.0,-1.0,-1.0,-1.0,-1.0,-1.0,-1.0,-1.0,-1.0,-1.0,-1.0,-1.0,-1.0,-1.0,-1.0,-1.0,-1.0,-1.0,-1.0,
Coribou,-1.0,-0.7,-0.7,-1.0,0.0,-0.7,-0.7,-0.7,-0.7,-1.0,-1.0,0.0,-1.0,0.7,1.0,-0.7,-0.7,0.7,-1.0,-0.7,-0.7,-1.0,-0.7,-1.0,-1.0,-1.0,-1.0,-0.7,-1.0,-0.7,-1.0,-1.0,0.0,-1.0,-0.7,-0.7,-1.0,0.7,-1.0,-0.7,-0.7,-1.0,0.0,-0.7,-1.0,0.0,0.0,-0.7,-0.7,-0.7,-0.7,-1.0,-0.7,-0.7,-1.0,-1.0,-1.0,-1.0,-0.7,0.0,-0.7,0.0,-1.0,0.0,-0.7,-1.0,-1.0,-0.7,-0.7,-1.0,0.0,0.0,0.0,-0.7,0.0,-1.0,0.0,0.0,-0.7,-0.7,-1.0,0.0,-1.0,0.0,-1.0,0.0,-1.0,-1.0,-1.0,0.0,-1.0,-1.0,-1.0,
Coribou,0.0,-0.7,-1.0,0.0,-0.7,-0.7,-0.7,-0.7,-0.7,-1.0,-0.7,0.0,-0.7,1.0,1.0,-1.0,-0.7,0.7,0.0,-0.7,-1.0,-1.0,-0.7,-0.7,-0.7,-1.0,-1.0,0.0,-1.0,-1.0,-0.7,-0.7,-1.0,0.0,-1.0,-1.0,-1.0,1.0,-1.0,-1.0,-0.7,-0.7,-0.7,-0.7,-1.0,0.0,-1.0,-1.0,-1.0,-0.7,-1.0,-1.0,-1.0,-0.7,0.0,-1.0,-1.0,-0.7,-1.0,0.0,0.0,-1.0,0.0,-1.0,-1.0,-1.0,-1.0,-0.7,-1.0,-1.0,-0.7,-1.0,-1.0,-0.7,1.0,-0.7,-1.0,-1.0,-1.0,-1.0,-1.0,-1.0,-1.0,0.0,0.0,0.0,-0.7,-1.0,-0.7,0.0,-1.0,-1.0,-0.7,
Conis,-1.0,-1.0,-1.0,-1.0,-1.0,-1.0,-1.0,-1.0,-1.0,-1.0,-1.0,-1.0,-1.0,-1.0,-1.0,-1.0,-1.0,1.0,-1.0,-1.0,-1.0,-1.0,-1.0,-1.0,-1.0,-1.0,-1.0,-1.0,-1.0,-1.0,-1.0,-1.0,-1.0,-1.0,-1.0,-1.0,-1.0,-1.0,-1.0,-1.0,-1.0,-1.0,-1.0,-1.0,-1.0,-1.0,-1.0,-1.0,-1.0,-1.0,-1.0,-1.0,-1.0,-1.0,-1.0,-1.0,-1.0,-1.0,-1.0,-1.0,-1.0,-1.0,-1.0,-1.0,-1.0,-1.0,-1.0,-1.0,1.0,-1.0,-1.0,-1.0,-1.0,1.0,-1.0,-1.0,-1.0,-1.0,-1.0,-1.0,-1.0,-1.0,-1.0,-1.0,-1.0,-1.0,-1.0,-1.0,-1.0,-1.0,-1.0,-1.0,-1.0,
Conis,-1.0,-1.0,-1.0,-1.0,-0.7,-1.0,-1.0,-0.7,-0.7,-0.7,-1.0,-0.7,0.0,-1.0,0.0,-1.0,-0.7,0.7,-0.7,-0.7,-0.7,-0.7,0.0,0.0,-0.7,-1.0,-1.0,-1.0,0.0,-0.7,-1.0,-0.7,-1.0,-0.7,-0.7,-1.0,-1.0,-0.7,-0.7,0.0,-0.7,-0.7,-0.7,-1.0,-1.0,-0.7,-0.7,0.0,-0.7,0.0,0.0,-0.7,-1.0,-1.0,0.0,-0.7,-0.7,0.0,-1.0,-1.0,-1.0,-1.0,-0.7,-1.0,0.0,-1.0,-1.0,-0.7,0.0,-0.7,-1.0,-1.0,0.0,1.0,-1.0,-1.0,-0.7,0.0,-0.7,-1.0,-1.0,-0.7,-0.7,-1.0,-1.0,-0.7,0.0,-0.7,-1.0,-1.0,-0.7,-0.7,0.0,
Conis,0.0,-1.0,-1.0,-1.0,-0.7,-1.0,-1.0,-0.7,-1.0,0.0,-1.0,-1.0,-0.7,-0.7,-1.0,-0.7,-1.0,0.7,-0.7,-1.0,-0.7,-0.7,-0.7,-0.7,-1.0,-1.0,-1.0,0.0,-1.0,-1.0,-0.7,0.0,-1.0,-0.7,-0.7,0.0,0.0,-0.7,-0.7,0.0,-0.7,-1.0,0.0,0.0,0.0,-1.0,-1.0,-0.7,-0.7,-1.0,-0.7,-1.0,-0.7,-0.7,-0.7,-0.7,-0.7,0.0,-0.7,-1.0,-0.7,-1.0,-0.7,0.0,-0.7,0.0,-1.0,-1.0,1.0,-1.0,-1.0,-1.0,-1.0,0.7,0.0,-0.7,-1.0,-1.0,-1.0,-1.0,0.0,-0.7,-0.7,-0.7,-0.7,0.0,-1.0,-1.0,-1.0,0.0,-1.0,-1.0,0.0,
Concelot,-1.0,-1.0,-1.0,-1.0,-1.0,-1.0,-1.0,-1.0,-1.0,-1.0,-1.0,-1.0,-1.0,-1.0,-1.0,-1.0,-1.0,1.0,-1.0,-1.0,1.0,-1.0,-1.0,-1.0,-1.0,-1.0,-1.0,-1.0,-1.0,-1.0,-1.0,-1.0,-1.0,-1.0,-1.0,-1.0,-1.0,1.0,-1.0,-1.0,-1.0,-1.0,-1.0,-1.0,-1.0,-1.0,-1.0,-1.0,-1.0,-1.0,-1.0,-1.0,-1.0,-1.0,-1.0,-1.0,-1.0,-1.0,-1.0,-1.0,-1.0,1.0,-1.0,-1.0,-1.0,-1.0,-1.0,-1.0,-1.0,-1.0,-1.0,1.0,-1.0,-1.0,-1.0,-1.0,-1.0,-1.0,-1.0,-1.0,-1.0,-1.0,-1.0,-1.0,-1.0,-1.0,-1.0,1.0,-1.0,-1.0,-1.0,-1.0,-1.0,
Concelot,-0.7,-0.7,0.0,0.0,0.0,0.0,0.0,-1.0,-0.7,-0.7,-0.7,0.0,-1.0,-0.7,-1.0,-0.7,-0.7,1.0,0.0,0.0,0.0,-1.0,0.0,0.0,0.0,-1.0,-0.7,0.0,-0.7,0.0,-0.7,-1.0,0.0,-0.7,-1.0,-0.7,-0.7,0.7,-0.7,-1.0,0.0,-0.7,-0.7,-0.7,-0.7,-0.7,-1.0,-0.7,-0.7,0.0,0.0,0.0,-1.0,-1.0,-0.7,-1.0,0.0,-0.7,-0.7,-1.0,-0.7,1.0,-1.0,-0.7,0.0,-1.0,0.0,-1.0,-0.7,-0.7,-1.0,0.7,-0.7,-0.7,-0.7,0.0,-0.7,-1.0,0.0,-0.7,-1.0,-0.7,-1.0,0.0,-0.7,-1.0,-0.7,1.0,-1.0,-1.0,-0.7,-1.0,-1.0,
Concelot,-1.0,-1.0,-0.7,-0.7,-1.0,-1.0,-1.0,0.0,-1.0,0.0,0.0,0.0,-0.7,-1.0,-1.0,-0.7,-1.0,0.0,-0.7,0.0,0.7,-1.0,-1.0,-1.0,-1.0,-0.7,-1.0,-1.0,-0.7,-0.7,-1.0,-0.7,0.0,-1.0,0.0,-0.7,-1.0,0.0,-0.7,-0.7,-0.7,-1.0,-0.7,-0.7,0.0,-1.0,0.0,0.0,-0.7,-1.0,-0.7,-1.0,0.0,-1.0,-1.0,-0.7,-0.7,-0.7,-0.7,-0.7,-1.0,1.0,0.0,-0.7,-0.7,-1.0,-0.7,-1.0,-1.0,0.0,-0.7,0.7,-0.7,-1.0,-0.7,-0.7,-1.0,-0.7,-1.0,-0.7,-0.7,-1.0,-1.0,-0.7,-0.7,-0.7,-0.7,0.7,-1.0,-0.7,-1.0,-1.0,0.0,
Cocoa,-1.0,-1.0,-1.0,-1.0,-1.0,-1.0,-1.0,-1.0,-1.0,-1.0,-1.0,-1.0,-1.0,1.0,-1.0,-1.0,-1.0,1.0,-1.0,-1.0,-1.0,-1.0,-1.0,-1.0,-1.0,-1.0,-1.0,-1.0,-1.0,-1.0,-1.0,-1.0,-1.0,-1.0,-1.0,-1.0,-1.0,-1.0,-1.0,-1.0,-1.0,-1.0,-1.0,-1.0,-1.0,-1.0,-1.0,-1.0,-1.0,-1.0,-1.0,-1.0,-1.0,-1.0,-1.0,-1.0,-1.0,-1.0,-1.0,-1.0,-1.0,-1.0,-1.0,-1.0,-1.0,-1.0,-1.0,-1.0,-1.0,-1.0,-1.0,-1.0,-1.0,-1.0,1.0,1.0,-1.0,-1.0,-1.0,-1.0,-1.0,-1.0,-1.0,-1.0,-1.0,-1.0,-1.0,-1.0,-1.0,-1.0,-1.0,-1.0,-1.0,
Cocoa,-1.0,-1.0,-1.0,-1.0,-1.0,-0.7,-1.0,-1.0,-1.0,-0.7,-1.0,-0.7,-1.0,0.0,-1.0,-0.7,-0.7,0.0,-1.0,-0.7,-1.0,-0.7,-0.7,0.0,-0.7,-0.7,-0.7,-1.0,0.0,0.0,-0.7,-1.0,0.0,-0.7,-1.0,-1.0,-0.7,-0.7,-1.0,0.0,-0.7,-1.0,-0.7,0.0,-1.0,-1.0,-0.7,-1.0,-1.0,-1.0,0.0,-0.7,-0.7,-1.0,-1.0,-0.7,0.0,-1.0,-1.0,0.0,-1.0,-0.7,-1.0,-0.7,-0.7,0.0,-1.0,-1.0,-0.7,0.0,-1.0,0.0,-1.0,-1.0,0.7,0.7,0.0,-1.0,-0.7,-0.7,0.0,-1.0,-1.0,-0.7,-0.7,-1.0,-0.7,-1.0,-1.0,-0.7,-0.7,0.0,-0.7,
Cocoa,-1.0,-0.7,-1.0,-0.7,-0.7,-1.0,-0.7,-0.7,-0.7,-0.7,-1.0,0.0,-0.7,0.0,-1.0,-1.0,-0.7,0.7,-0.7,0.0,-1.0,-0.7,-1.0,-0.7,0.0,0.0,-1.0,-0.7,-0.7,-0.7,-1.0,-0.7,-0.7,-0.7,-0.7,0.0,-0.7,-0.7,0.0,-1.0,0.0,-1.0,-0.7,-1.0,-1.0,-0.7,0.0,-0.7,-1.0,-1.0,-1.0,0.0,-0.7,0.0,-0.7,-0.7,-0.7,-1.0,-1.0,0.0,-1.0,-1.0,-0.7,-0.7,-1.0,-1.0,-1.0,-0.7,-0.7,-0.7,-1.0,-1.0,-1.0,-0.7,0.7,1.0,0.0,0.0,-0.7,-0.7,-0.7,-1.0,0.0,-0.7,0.0,-0.7,-0.7,-1.0,-1.0,-1.0,-0.7,-0.7,0.0,
Clover,-1.0,-1.0,-1.0,-1.0,-1.0,-1.0,-1.0,-1.0,-1.0,-1.0,-1.0,-1.0,-1.0,-1.0,-1.0,-1.0,-1.0,-1.0,-1.0,-1.0,-1.0,-1.0,-1.0,-1.0,-1.0,-1.0,-1.0,-1.0,-1.0,-1.0,-1.0,-1.0,-1.0,-1.0,-1.0,-1.0,-1.0,-1.0,-1.0,-1.0,-1.0,-1.0,-1.0,-1.0,-1.0,-1.0,-1.0,-1.0,-1.0,-1.0,-1.0,-1.0,-1.0,-1.0,-1.0,-1.0,-1.0,-1.0,-1.0,-1.0,-1.0,-1.0,-1.0,-1.0,-1.0,-1.0,-1.0,-1.0,-1.0,-1.0,-1.0,-1.0,1.0,-1.0,-1.0,-1.0,-1.0,-1.0,-1.0,-1.0,-1.0,-1.0,-1.0,-1.0,-1.0,-1.0,-1.0,-1.0,-1.0,-1.0,-1.0,-1.0,-1.0,
Clover,-0.7,0.0,-1.0,-0.7,-0.7,-1.0,-1.0,-0.7,-0.7,0.0,-1.0,-1.0,-1.0,-0.7,-1.0,0.0,0.0,-1.0,-1.0,-1.0,0.0,-1.0,-1.0,-0.7,-0.7,-1.0,0.0,-1.0,-0.7,-0.7,0.0,-1.0,-0.7,-0.7,-1.0,-0.7,-0.7,0.0,-0.7,-0.7,-0.7,-0.7,-1.0,-0.7,-1.0,-0.7,-1.0,-1.0,-0.7,-0.7,-1.0,-1.0,0.0,-1.0,-0.7,-1.0,-1.0,-0.7,-1.0,-1.0,-0.7,-1.0,-0.7,-1.0,-0.7,-0.7,-0.7,-1.0,0.0,-0.7,-1.0,0.0,0.7,-0.7,-1.0,-0.7,-0.7,0.0,0.0,0.0,-0.7,-1.0,-0.7,-1.0,-0.7,-1.0,-0.7,-0.7,0.0,-0.7,-1.0,-1.0,0.0,
Clover,-0.7,-1.0,-0.7,-0.7,-0.7,0.0,-0.7,-0.7,-0.7,-1.0,-0.7,-0.7,0.0,-0.7,-1.0,0.0,-1.0,-0.7,-1.0,-0.7,-0.7,-0.7,-1.0,-0.7,-0.7,-1.0,-1.0,0.0,-0.7,-1.0,0.0,-0.7,-0.7,-0.7,-0.7,-0.7,-1.0,0.0,-0.7,-1.0,-1.0,-0.7,-0.7,-1.0,0.0,-0.7,0.0,-0.7,-1.0,0.0,0.0,-1.0,-0.7,-1.0,-1.0,0.0,-0.7,0.0,-0.7,-0.7,-0.7,-0.7,-0.7,-1.0,-0.7,0.0,-1.0,-1.0,0.0,-1.0,0.0,-0.7,0.0,-1.0,-0.7,-1.0,-1.0,-1.0,-0.7,-0.7,-1.0,0.0,-0.7,-0.7,-0.7,-1.0,-0.7,0.0,-1.0,-1.0,-0.7,-1.0,-1.0,
Chome,-1.0,-1.0,-1.0,-1.0,-1.0,-1.0,-1.0,-1.0,-1.0,-1.0,-1.0,-1.0,-1.0,1.0,-1.0,-1.0,-1.0,1.0,-1.0,-1.0,-1.0,-1.0,-1.0,-1.0,-1.0,-1.0,-1.0,-1.0,-1.0,-1.0,-1.0,-1.0,-1.0,-1.0,-1.0,-1.0,-1.0,-1.0,-1.0,-1.0,-1.0,-1.0,-1.0,-1.0,-1.0,-1.0,-1.0,-1.0,-1.0,-1.0,-1.0,-1.0,-1.0,-1.0,-1.0,-1.0,-1.0,-1.0,-1.0,-1.0,-1.0,-1.0,-1.0,-1.0,-1.0,-1.0,-1.0,-1.0,-1.0,-1.0,-1.0,-1.0,-1.0,-1.0,-1.0,1.0,-1.0,-1.0,-1.0,-1.0,-1.0,-1.0,-1.0,-1.0,-1.0,-1.0,-1.0,-1.0,-1.0,-1.0,-1.0,-1.0,-1.0,
Chome,0.0,-1.0,-1.0,-1.0,-0.7,-1.0,0.0,-0.7,-0.7,-1.0,-0.7,-1.0,-0.7,0.7,-0.7,-1.0,-1.0,0.0,0.0,0.0,-1.0,-1.0,0.0,-0.7,-0.7,-0.7,0.0,-1.0,-1.0,-0.7,-0.7,-0.7,-1.0,-0.7,-0.7,-1.0,-0.7,-0.7,0.0,-0.7,-0.7,0.0,-0.7,-1.0,-0.7,-0.7,0.0,-1.0,-0.7,-0.7,-1.0,-1.0,-0.7,-0.7,-1.0,-1.0,0.0,-1.0,-1.0,-0.7,-1.0,-1.0,-0.7,-0.7,0.0,0.0,-0.7,-1.0,-0.7,-0.7,-1.0,-0.7,-1.0,-1.0,0.0,0.7,-1.0,-0.7,-1.0,-1.0,0.0,-0.7,-0.7,0.0,-0.7,-1.0,-1.0,-1.0,-0.7,-0.7,-0.7,-0.7,-1.0,
Chome,-1.0,0.0,0.0,0.0,-1.0,-1.0,-1.0,-0.7,-0.7,-0.7,-0.7,0.0,-1.0,0.7,0.0,-0.7,-0.7,0.7,0.0,-1.0,0.0,-1.0,-1.0,-1.0,-1.0,-0.7,-0.7,-0.7,-0.7,-1.0,0.0,-1.0,0.0,-0.7,-1.0,-0.7,0.0,0.0,-1.0,-0.7,-1.0,-1.0,-0.7,-1.0,0.0,-1.0,-1.0,-1.0,-1.0,-1.0,-0.7,-1.0,-1.0,-1.0,-1.0,0.0,-0.7,-0.7,-0.7,-1.0,-0.7,-1.0,-0.7,-1.0,-0.7,-0.7,-1.0,-0.7,-0.7,-1.0,0.0,-1.0,-1.0,-0.7,-1.0,0.0,-0.7,-0.7,-1.0,0.0,-0.7,-0.7,-1.0,-0.7,-0.7,-0.7,0.0,0.0,-1.0,-1.0,-0.7,-0.7,-1.0,
Chouchou,-1.0,-1.0,-1.0,-1.0,-1.0,-1.0,-1.0,-1.0,-1.0,-1.0,-1.0,-1.0,-1.0,-1.0,-1.0,-1.0,1.0,1.0,-1.0,-1.0,-1.0,-1.0,-1.0,-1.0,-1.0,-1.0,-1.0,-1.0,-1.0,-1.0,-1.0,-1.0,-1.0,-1.0,-1.0,-1.0,-1.0,-1.0,-1.0,-1.0,-1.0,-1.0,-1.0,-1.0,-1.0,-1.0,-1.0,-1.0,-1.0,-1.0,-1.0,-1.0,-1.0,-1.0,-1.0,-1.0,-1.0,-1.0,-1.0,-1.0,-1.0,-1.0,-1.0,-1.0,-1.0,-1.0,-1.0,-1.0,-1.0,-1.0,-1.0,-1.0,-1.0,-1.0,-1.0,-1.0,-1.0,-1.0,-1.0,-1.0,-1.0,-1.0,-1.0,-1.0,-1.0,-1.0,-1.0,-1.0,-1.0,-1.0,-1.0,-1.0,-1.0,
Chouchou,-1.0,-1.0,-1.0,-0.7,-1.0,-1.0,-1.0,-0.7,0.0,-1.0,-1.0,0.0,-0.7,-0.7,-1.0,-0.7,0.7,1.0,-0.7,-0.7,0.0,-1.0,0.0,0.0,-1.0,-1.0,-1.0,-1.0,-0.7,-1.0,0.0,0.0,-1.0,-0.7,-1.0,-0.7,-1.0,0.0,0.0,-0.7,0.0,0.0,-1.0,-1.0,-1.0,-1.0,-0.7,-1.0,-1.0,-1.0,-0.7,-1.0,0.0,-0.7,-1.0,-1.0,-1.0,-1.0,-0.7,-0.7,-1.0,-0.7,-0.7,-0.7,0.0,0.0,-0.7,-0.7,-0.7,-0.7,-1.0,0.0,-0.7,-0.7,-0.7,-1.0,-0.7,-0.7,-1.0,0.0,-1.0,0.0,-0.7,0.0,-0.7,-1.0,-0.7,-1.0,0.0,-0.7,-0.7,-1.0,-0.7,
Chouchou,-0.7,0.0,-0.7,-1.0,-1.0,-0.7,-1.0,-0.7,-1.0,-0.7,0.0,0.0,0.0,-0.7,0.0,0.0,1.0,1.0,0.0,-1.0,-1.0,-1.0,0.0,-1.0,-0.7,-1.0,-1.0,-1.0,-0.7,-1.0,0.0,-0.7,-1.0,-0.7,0.0,0.0,-0.7,-0.7,0.0,-0.7,-0.7,-0.7,-0.7,0.0,-0.7,-1.0,0.0,-1.0,-0.7,-1.0,-0.7,-1.0,-1.0,-1.0,-0.7,-1.0,0.0,-0.7,-0.7,0.0,0.0,-0.7,-0.7,-1.0,-1.0,-0.7,-0.7,-0.7,-1.0,-0.7,0.0,-0.7,-0.7,0.0,-1.0,-1.0,-1.0,-0.7,-0.7,0.0,0.0,-0.7,-0.7,-0.7,-0.7,-1.0,-1.0,0.0,-1.0,-1.0,-0.7,-1.0,0.0,
Chocolat,-1.0,-1.0,-1.0,-1.0,-1.0,-1.0,-1.0,-1.0,-1.0,-1.0,-1.0,-1.0,-1.0,1.0,-1.0,-1.0,-1.0,-1.0,-1.0,-1.0,-1.0,-1.0,-1.0,-1.0,-1.0,-1.0,-1.0,-1.0,-1.0,-1.0,-1.0,-1.0,-1.0,-1.0,-1.0,-1.0,-1.0,1.0,-1.0,-1.0,-1.0,-1.0,-1.0,-1.0,-1.0,-1.0,-1.0,-1.0,-1.0,-1.0,-1.0,-1.0,-1.0,-1.0,-1.0,-1.0,-1.0,-1.0,-1.0,-1.0,-1.0,-1.0,-1.0,-1.0,-1.0,-1.0,-1.0,-1.0,-1.0,-1.0,-1.0,-1.0,-1.0,-1.0,1.0,-1.0,-1.0,-1.0,-1.0,-1.0,-1.0,-1.0,-1.0,-1.0,-1.0,-1.0,-1.0,-1.0,-1.0,-1.0,-1.0,-1.0,-1.0,
Chocolat,-1.0,0.0,-0.7,0.0,-1.0,-0.7,0.0,-0.7,-0.7,-0.7,-1.0,-0.7,-1.0,1.0,-0.7,-1.0,-1.0,-1.0,-0.7,-1.0,-1.0,-0.7,-0.7,-1.0,-1.0,0.0,-1.0,0.0,-1.0,-0.7,0.0,-0.7,-1.0,0.0,0.0,-1.0,-0.7,0.7,-0.7,-1.0,-0.7,-1.0,-1.0,-0.7,-1.0,0.0,-0.7,-1.0,-1.0,-0.7,0.0,-1.0,-0.7,-0.7,0.0,-1.0,-1.0,-1.0,-0.7,-1.0,-0.7,-0.7,0.0,-1.0,-0.7,0.0,-0.7,-0.7,-1.0,-1.0,-1.0,-1.0,0.0,0.0,0.7,-0.7,-1.0,-0.7,-0.7,0.0,-0.7,-0.7,-1.0,-1.0,-1.0,0.0,-1.0,-0.7,-0.7,-0.7,0.0,-0.7,-1.0,
Chocolat,0.0,-1.0,-1.0,-0.7,-1.0,0.0,-0.7,-1.0,-1.0,-1.0,-0.7,-1.0,-1.0,0.7,-0.7,-0.7,-0.7,-1.0,-0.7,0.0,-1.0,-1.0,-1.0,-1.0,-1.0,-1.0,-0.7,-0.7,-0.7,-1.0,0.0,-0.7,0.0,-1.0,-0.7,-1.0,-0.7,0.7,-1.0,0.0,-0.7,-1.0,-1.0,-1.0,-1.0,-0.7,-0.7,-0.7,0.0,-1.0,-1.0,0.0,-1.0,-1.0,-1.0,0.0,-0.7,-0.7,0.0,-0.7,0.0,-1.0,-1.0,0.0,-1.0,-1.0,-1.0,0.0,-1.0,0.0,-0.7,-0.7,-1.0,-0.7,0.7,-0.7,-0.7,0.0,-1.0,0.0,-1.0,-0.7,0.0,-0.7,0.0,0.0,-0.7,-0.7,-1.0,-1.0,-1.0,-0.7,-0.7,
Chimney,-1.0,-1.0,-1.0,-1.0,-1.0,-1.0,-1.0,-1.0,-1.0,-1.0,-1.0,-1.0,-1.0,-1.0,-1.0,-1.0,-1.0,1.0,-1.0,-1.0,-1.0,-1.0,-1.0,-1.0,-1.0,-1.0,-1.0,-1.0,-1.0,-1.0,-1.0,-1.0,-1.0,-1.0,-1.0,-1.0,-1.0,-1.0,-1.0,-1.0,-1.0,-1.0,-1.0,-1.0,-1.0,-1.0,-1.0,-1.0,-1.0,-1.0,-1.0,-1.0,-1.0,-1.0,-1.0,-1.0,-1.0,-1.0,-1.0,-1.0,-1.0,-1.0,-1.0,-1.0,-1.0,-1.0,-1.0,-1.0,-1.0,-1.0,-1.0,-1.0,1.0,-1.0,-1.0,-1.0,-1.0,-1.0,-1.0,-1.0,-1.0,-1.0,-1.0,-1.0,-1.0,-1.0,-1.0,-1.0,-1.0,-1.0,-1.0,-1.0,-1.0,
Chimney,-0.7,0.0,0.0,-1.0,0.0,-0.7,0.0,0.0,-0.7,-0.7,0.0,-1.0,-0.7,-1.0,-1.0,-0.7,-0.7,1.0,-1.0,-1.0,-1.0,0.0,0.0,0.0,-1.0,0.0,-0.7,0.0,-0.7,-0.7,-0.7,-0.7,-1.0,-1.0,-0.7,0.0,-0.7,0.0,-0.7,-0.7,0.0,0.0,-0.7,-1.0,-1.0,-0.7,-1.0,0.0,-0.7,-1.0,-1.0,-1.0,-1.0,-0.7,-1.0,-1.0,-0.7,-1.0,0.0,-1.0,-0.7,0.0,-1.0,-1.0,-1.0,-1.0,-0.7,-0.7,-1.0,-0.7,-0.7,-1.0,1.0,-1.0,-0.7,-1.0,-1.0,-1.0,-1.0,-1.0,-1.0,0.0,-1.0,-0.7,0.0,-1.0,-0.7,0.0,-1.0,0.0,-0.7,0.0,-1.0,
Chimney,-1.0,-1.0,0.0,0.0,-0.7,-0.7,-1.0,-1.0,-1.0,-0.7,-0.7,-0.7,0.0,-1.0,-1.0,0.0,-0.7,0.7,-0.7,-0.7,-1.0,-0.7,-1.0,-1.0,-1.0,-1.0,0.0,0.0,-1.0,0.0,0.0,-0.7,-0.7,-1.0,-0.7,-1.0,-1.0,0.0,0.0,-1.0,-1.0,0.0,-1.0,-1.0,-1.0,-0.7,0.0,-0.7,-0.7,-1.0,-1.0,-1.0,-1.0,-1.0,0.0,-0.7,-0.7,0.0,-1.0,0.0,-1.0,-0.7,-1.0,-1.0,-0.7,-0.7,0.0,-1.0,-0.7,0.0,-0.7,-0.7,1.0,0.0,-0.7,0.0,-0.7,0.0,-0.7,-1.0,-0.7,0.0,-1.0,-1.0,0.0,-1.0,-1.0,-1.0,-1.0,-1.0,0.0,-1.0,-0.7,
Chinjao,-1.0,-1.0,-1.0,-1.0,-1.0,-1.0,-1.0,-1.0,-1.0,-1.0,-1.0,-1.0,-1.0,-1.0,-1.0,-1.0,-1.0,1.0,-1.0,-1.0,-1.0,-1.0,-1.0,-1.0,-1.0,-1.0,-1.0,-1.0,-1.0,-1.0,-1.0,-1.0,-1.0,-1.0,-1.0,-1.0,-1.0,1.0,-1.0,-1.0,-1.0,-1.0,-1.0,-1.0,-1.0,-1.0,-1.0,-1.0,-1.0,-1.0,-1.0,-1.0,-1.0,-1.0,-1.0,-1.0,-1.0,-1.0,-1.0,-1.0,-1.0,-1.0,-1.0,-1.0,-1.0,-1.0,-1.0,-1.0,-1.0,-1.0,-1.0,-1.0,-1.0,-1.0,-1.0,-1.0,1.0,-1.0,-1.0,-1.0,-1.0,-1.0,-1.0,-1.0,-1.0,-1.0,-1.0,-1.0,-1.0,-1.0,-1.0,-1.0,-1.0,
Chinjao,-1.0,-1.0,0.0,-1.0,-0.7,-0.7,-0.7,-0.7,-0.7,-1.0,-1.0,-1.0,-0.7,-0.7,-0.7,-0.7,0.0,0.7,-1.0,-1.0,-0.7,-0.7,-1.0,-1.0,-0.7,-1.0,-0.7,-1.0,-0.7,-1.0,0.0,-1.0,0.0,-0.7,-1.0,0.0,-0.7,1.0,-1.0,-0.7,-0.7,0.0,-1.0,-1.0,-0.7,-1.0,-1.0,-0.7,-1.0,-0.7,-0.7,-1.0,-1.0,-1.0,-0.7,-1.0,-0.7,-1.0,0.0,-1.0,-0.7,-0.7,-0.7,-0.7,-1.0,-0.7,-0.7,0.0,0.0,-1.0,0.0,-0.7,0.0,-1.0,-0.7,-0.7,1.0,-1.0,-1.0,-1.0,-0.7,-1.0,0.0,-0.7,-0.7,-0.7,-1.0,-0.7,-0.7,0.0,-0.7,0.0,-1.0,
Chinjao,-0.7,-1.0,-0.7,-0.7,-0.7,-0.7,-1.0,0.0,0.0,-0.7,-1.0,0.0,0.0,-0.7,-0.7,0.0,-0.7,1.0,-0.7,-0.7,-0.7,-0.7,-1.0,-1.0,-1.0,-1.0,-1.0,-1.0,-1.0,-0.7,-0.7,-0.7,-0.7,-1.0,-1.0,-1.0,0.0,0.0,-1.0,-1.0,0.0,-1.0,-1.0,-1.0,0.0,-1.0,-1.0,0.0,-0.7,-0.7,0.0,-0.7,-0.7,-0.7,-0.7,-1.0,-0.7,-0.7,-1.0,-0.7,-0.7,0.0,0.0,-1.0,-0.7,-0.7,-1.0,-1.0,0.0,-1.0,0.0,-0.7,-0.7,-0.7,-0.7,0.0,0.0,-1.0,-0.7,-0.7,-1.0,-1.0,-1.0,-0.7,-0.7,-0.7,-1.0,-0.7,-0.7,-1.0,-0.7,-0.7,0.0,
Chew,-1.0,-1.0,-1.0,-1.0,-1.0,-1.0,-1.0,-1.0,1.0,-1.0,-1.0,-1.0,-1.0,-1.0,-1.0,-1.0,-1.0,1.0,-1.0,-1.0,-1.0,-1.0,-1.0,-1.0,-1.0,-1.0,-1.0,-1.0,-1.0,-1.0,-1.0,-1.0,-1.0,-1.0,-1.0,-1.0,-1.0,1.0,-1.0,-1.0,-1.0,-1.0,-1.0,-1.0,-1.0,-1.0,-1.0,-1.0,-1.0,-1.0,-1.0,-1.0,-1.0,-1.0,-1.0,-1.0,-1.0,-1.0,-1.0,-1.0,-1.0,-1.0,-1.0,-1.0,1.0,-1.0,-1.0,-1.0,-1.0,-1.0,-1.0,-1.0,-1.0,-1.0,-1.0,-1.0,-1.0,-1.0,-1.0,-1.0,-1.0,-1.0,-1.0,-1.0,-1.0,-1.0,1.0,-1.0,-1.0,-1.0,-1.0,-1.0,-1.0,
Chew,-1.0,0.0,-0.7,-0.7,0.0,-1.0,-0.7,-1.0,0.7,-1.0,0.0,-1.0,0.0,-0.7,0.0,-1.0,-1.0,1.0,-0.7,-1.0,0.0,-1.0,-1.0,-1.0,-1.0,0.0,-1.0,-0.7,-0.7,-0.7,-0.7,-0.7,-0.7,-1.0,-1.0,-0.7,0.0,0.7,-1.0,0.0,-0.7,-1.0,0.0,-0.7,-0.7,-1.0,-0.7,-0.7,-1.0,-1.0,-1.0,-0.7,0.0,-1.0,-0.7,0.0,-1.0,-1.0,-0.7,0.0,-1.0,-1.0,-1.0,-0.7,0.0,-1.0,-1.0,-0.7,-0.7,-0.7,-1.0,-1.0,-1.0,-0.7,-1.0,0.0,-0.7,-1.0,-1.0,-1.0,-0.7,0.0,-1.0,0.0,-0.7,-1.0,0.7,-0.7,-1.0,0.0,-0.7,-1.0,-0.7,
Chew,-0.7,-0.7,-0.7,-1.0,-0.7,-1.0,-1.0,-0.7,1.0,-1.0,-0.7,-0.7,-0.7,0.0,-1.0,-1.0,-1.0,0.7,-1.0,-0.7,-1.0,0.0,0.0,0.0,-1.0,-1.0,0.0,0.0,-1.0,-0.7,-1.0,0.0,-1.0,-0.7,-1.0,-1.0,-0.7,0.7,-0.7,-0.7,-1.0,-0.7,-0.7,-1.0,0.0,-1.0,0.0,-0.7,-0.7,-0.7,0.0,-1.0,-0.7,-1.0,0.0,-0.7,-1.0,-0.7,-0.7,-1.0,-1.0,-1.0,-1.0,-0.7,1.0,0.0,-1.0,0.0,-1.0,0.0,0.0,-0.7,0.0,0.0,0.0,-1.0,-0.7,-1.0,-1.0,-0.7,-0.7,0.0,-1.0,-0.7,0.0,-1.0,1.0,-1.0,-1.0,-1.0,-1.0,0.0,-1.0,
Chess,-1.0,-1.0,-1.0,-1.0,-1.0,-1.0,-1.0,-1.0,-1.0,-1.0,-1.0,-1.0,-1.0,1.0,-1.0,-1.0,-1.0,1.0,-1.0,-1.0,-1.0,-1.0,-1.0,-1.0,-1.0,-1.0,-1.0,-1.0,-1.0,-1.0,-1.0,-1.0,-1.0,-1.0,-1.0,-1.0,-1.0,1.0,-1.0,-1.0,-1.0,-1.0,-1.0,-1.0,-1.0,-1.0,-1.0,-1.0,-1.0,-1.0,-1.0,-1.0,-1.0,-1.0,-1.0,-1.0,-1.0,-1.0,-1.0,-1.0,-1.0,-1.0,-1.0,-1.0,-1.0,-1.0,-1.0,-1.0,-1.0,-1.0,-1.0,-1.0,-1.0,-1.0,-1.0,-1.0,-1.0,-1.0,1.0,-1.0,-1.0,-1.0,-1.0,-1.0,-1.0,-1.0,-1.0,-1.0,-1.0,-1.0,-1.0,-1.0,-1.0,
Chess,-1.0,0.0,-1.0,-1.0,-0.7,-0.7,-1.0,-1.0,-1.0,-0.7,-0.7,-0.7,-1.0,0.7,0.0,-0.7,-1.0,0.0,-0.7,-1.0,-1.0,-0.7,0.0,-0.7,-1.0,-1.0,-1.0,-1.0,-0.7,-0.7,-0.7,0.0,-0.7,-1.0,-1.0,-1.0,-0.7,0.7,-1.0,-1.0,-1.0,-1.0,-0.7,-1.0,-0.7,-0.7,0.0,-0.7,-0.7,-1.0,0.0,-1.0,-1.0,-0.7,-0.7,-1.0,-0.7,-1.0,-1.0,-0.7,0.0,0.0,-1.0,-1.0,-1.0,-0.7,-1.0,-0.7,0.0,-0.7,-1.0,0.0,-1.0,-1.0,-1.0,0.0,-1.0,-1.0,1.0,0.0,-1.0,-1.0,0.0,0.0,-0.7,0.0,-0.7,-1.0,-0.7,-0.7,-0.7,-0.7,-0.7,
Chess,0.0,-0.7,-0.7,-1.0,0.0,-0.7,-0.7,-0.7,-0.7,0.0,-0.7,0.0,-1.0,0.7,-1.0,-0.7,-0.7,0.7,-0.7,0.0,-1.0,0.0,-1.0,-0.7,-0.7,-0.7,-0.7,-0.7,-0.7,-1.0,-1.0,0.0,0.0,-0.7,-1.0,-1.0,-1.0,0.0,-0.7,-0.7,-0.7,-0.7,-1.0,-0.7,-0.7,0.0,-1.0,-1.0,-1.0,-1.0,-0.7,0.0,-1.0,-0.7,-0.7,0.0,0.0,-0.7,-1.0,-1.0,-1.0,-0.7,-0.7,-1.0,-1.0,-0.7,-0.7,-1.0,-0.7,-0.7,0.0,0.0,0.0,-1.0,0.0,-1.0,-0.7,-0.7,0.7,-1.0,-1.0,-0.7,0.0,-0.7,-0.7,-1.0,-1.0,-1.0,-1.0,-0.7,0.0,-1.0,-0.7,
Charlotte Smoothie,-1.0,-1.0,-1.0,-1.0,-1.0,-1.0,-1.0,-1.0,-1.0,-1.0,-1.0,-1.0,-1.0,-1.0,-1.0,-1.0,-1.0,1.0,-1.0,-1.0,-1.0,-1.0,-1.0,-1.0,-1.0,-1.0,-1.0,-1.0,-1.0,-1.0,-1.0,-1.0,-1.0,-1.0,-1.0,-1.0,-1.0,1.0,1.0,1.0,-1.0,-1.0,-1.0,-1.0,-1.0,-1.0,-1.0,-1.0,-1.0,-1.0,-1.0,-1.0,-1.0,-1.0,-1.0,1.0,-1.0,-1.0,-1.0,-1.0,-1.0,-1.0,-1.0,-1.0,-1.0,-1.0,-1.0,-1.0,-1.0,-1.0,-1.0,-1.0,-1.0,-1.0,-1.0,-1.0,-1.0,1.0,-1.0,-1.0,-1.0,-1.0,-1.0,-1.0,-1.0,-1.0,-1.0,-1.0,-1.0,-1.0,-1.0,-1.0,-1.0,
Charlotte Smoothie,-1.0,0.0,-1.0,-0.7,-1.0,-1.0,-1.0,-1.0,-0.7,-0.7,-1.0,-1.0,-1.0,0.0,-0.7,-1.0,-1.0,0.7,0.0,-0.7,-1.0,0.0,-1.0,-0.7,-1.0,0.0,-1.0,-1.0,-1.0,-0.7,0.0,-0.7,-1.0,0.0,-0.7,-1.0,0.0,1.0,0.7,0.7,-0.7,0.0,-1.0,-0.7,-0.7,-1.0,-0.7,-0.7,-0.7,-1.0,-1.0,0.0,-1.0,-0.7,-1.0,1.0,-1.0,-1.0,0.0,-1.0,0.0,-0.7,-1.0,-0.7,0.0,-0.7,-0.7,-0.7,-0.7,0.0,-0.7,-0.7,0.0,-0.7,-0.7,-0.7,-1.0,1.0,-0.7,-1.0,-0.7,0.0,-1.0,-0.7,-1.0,-1.0,-1.0,-0.7,-1.0,-0.7,-0.7,0.0,-0.7,
Charlotte Smoothie,0.0,0.0,0.0,-0.7,-1.0,-0.7,-1.0,0.0,-1.0,-0.7,-0.7,-0.7,-1.0,0.0,-0.7,-1.0,0.0,0.7,-1.0,-0.7,-1.0,-0.7,-1.0,0.0,-0.7,-1.0,-0.7,0.0,0.0,-1.0,-1.0,0.0,-1.0,-1.0,-0.7,-1.0,-1.0,0.7,0.7,0.0,-0.7,-0.7,-1.0,-1.0,-1.0,-1.0,0.0,-1.0,-0.7,0.0,-1.0,0.0,0.0,-0.7,-0.7,1.0,0.0,-0.7,-0.7,-0.7,-0.7,-1.0,-0.7,-1.0,-0.7,-0.7,-1.0,-1.0,-0.7,-0.7,-1.0,-0.7,-1.0,-1.0,-1.0,-0.7,-1.0,1.0,-0.7,-0.7,-1.0,0.0,-1.0,-1.0,0.0,-0.7,-0.7,0.0,-0.7,0.0,-1.0,-0.7,-0.7,
Charlotte Pudding,-1.0,-1.0,-1.0,-1.0,-1.0,-1.0,-1.0,-1.0,-1.0,-1.0,-1.0,-1.0,-1.0,-1.0,-1.0,-1.0,-1.0,1.0,-1.0,-1.0,-1.0,-1.0,-1.0,-1.0,-1.0,-1.0,-1.0,-1.0,-1.0,-1.0,-1.0,-1.0,-1.0,-1.0,-1.0,-1.0,-1.0,-1.0,1.0,1.0,-1.0,-1.0,-1.0,-1.0,-1.0,-1.0,-1.0,-1.0,-1.0,-1.0,-1.0,-1.0,-1.0,-1.0,-1.0,-1.0,-1.0,-1.0,-1.0,-1.0,-1.0,-1.0,-1.0,-1.0,-1.0,-1.0,-1.0,-1.0,-1.0,-1.0,-1.0,-1.0,-1.0,-1.0,1.0,-1.0,-1.0,-1.0,-1.0,-1.0,-1.0,-1.0,-1.0,-1.0,-1.0,-1.0,-1.0,-1.0,-1.0,-1.0,-1.0,-1.0,-1.0,
Charlotte Pudding,-1.0,0.0,0.0,0.0,-1.0,-1.0,-1.0,0.0,-0.7,-1.0,0.0,-0.7,-0.7,-0.7,-0.7,-1.0,0.0,0.0,-1.0,-1.0,0.0,0.0,-0.7,-1.0,-0.7,-0.7,-0.7,-0.7,-1.0,-1.0,-0.7,-1.0,0.0,-1.0,-1.0,-1.0,-1.0,-1.0,0.7,0.0,0.0,-0.7,-0.7,-0.7,-1.0,-0.7,-1.0,-1.0,-1.0,0.0,-1.0,-0.7,-1.0,-0.7,-0.7,-1.0,-0.7,-0.7,-0.7,-0.7,-1.0,-0.7,-0.7,-0.7,-0.7,0.0,0.0,-1.0,-0.7,-0.7,-0.7,0.0,-0.7,-0.7,0.7,0.0,-0.7,-1.0,0.0,0.0,-0.7,-0.7,-1.0,-1.0,-1.0,-0.7,-0.7,-0.7,-0.7,-1.0,0.0,-1.0,-1.0,
Charlotte Pudding,-0.7,0.0,0.0,-0.7,-0.7,0.0,-1.0,-1.0,-0.7,0.0,-1.0,-0.7,-1.0,0.0,0.0,0.0,0.0,0.0,-1.0,-0.7,-1.0,-1.0,-1.0,0.0,-0.7,-0.7,-0.7,-1.0,-1.0,-0.7,-1.0,-0.7,-0.7,-1.0,0.0,-0.7,0.0,-0.7,0.7,0.0,-0.7,-0.7,-0.7,-1.0,-0.7,-1.0,-0.7,-0.7,-0.7,-0.7,-1.0,-1.0,-0.7,0.0,-1.0,-1.0,0.0,-1.0,-1.0,-1.0,-1.0,-0.7,-1.0,-0.7,-0.7,-1.0,-0.7,-1.0,0.0,-1.0,-0.7,-0.7,-1.0,-0.7,0.0,-1.0,-0.7,-1.0,-1.0,-0.7,-0.7,-0.7,-0.7,-0.7,-0.7,-1.0,-1.0,-1.0,-1.0,-1.0,-0.7,-1.0,-1.0,
Charlotte Praline,-1.0,-1.0,-1.0,-1.0,-1.0,-1.0,-1.0,-1.0,-1.0,-1.0,-1.0,-1.0,-1.0,1.0,-1.0,-1.0,-1.0,1.0,-1.0,-1.0,-1.0,-1.0,-1.0,-1.0,-1.0,-1.0,-1.0,-1.0,-1.0,-1.0,-1.0,-1.0,-1.0,-1.0,-1.0,-1.0,-1.0,1.0,-1.0,-1.0,-1.0,-1.0,-1.0,-1.0,-1.0,-1.0,-1.0,-1.0,-1.0,-1.0,-1.0,-1.0,-1.0,-1.0,-1.0,-1.0,-1.0,-1.0,-1.0,-1.0,-1.0,-1.0,-1.0,-1.0,-1.0,-1.0,-1.0,-1.0,-1.0,-1.0,-1.0,-1.0,-1.0,-1.0,-1.0,-1.0,-1.0,1.0,-1.0,-1.0,-1.0,-1.0,-1.0,-1.0,-1.0,-1.0,-1.0,-1.0,-1.0,-1.0,-1.0,-1.0,-1.0,
Charlotte Praline,-0.7,-1.0,-0.7,-1.0,-1.0,-1.0,-1.0,-0.7,-0.7,-0.7,-1.0,-1.0,-0.7,0.7,0.0,-1.0,-1.0,0.7,-1.0,-0.7,-0.7,-0.7,-1.0,-0.7,-1.0,-0.7,-0.7,-0.7,0.0,-1.0,-0.7,-1.0,-1.0,-1.0,-0.7,0.0,0.0,1.0,-0.7,-1.0,-1.0,-0.7,-1.0,-0.7,0.0,-0.7,-0.7,-1.0,-1.0,-0.7,-1.0,-0.7,0.0,-0.7,-1.0,-1.0,-0.7,-1.0,0.0,-1.0,0.0,-1.0,-0.7,-1.0,0.0,-0.7,-1.0,-0.7,0.0,-1.0,0.0,-0.7,-1.0,-1.0,-1.0,-0.7,-0.7,1.0,-1.0,-1.0,0.0,0.0,-0.7,-1.0,-0.7,0.0,-1.0,-1.0,-0.7,-1.0,0.0,-1.0,0.0,
Charlotte Praline,0.0,-1.0,-1.0,-0.7,-1.0,-1.0,0.0,-1.0,0.0,-0.7,-1.0,-1.0,-0.7,1.0,-1.0,-1.0,-0.7,0.7,0.0,-1.0,-1.0,0.0,-1.0,-0.7,-0.7,-1.0,0.0,-1.0,-0.7,-1.0,-0.7,0.0,-1.0,-0.7,-1.0,0.0,-0.7,1.0,-1.0,-1.0,0.0,0.0,-1.0,-0.7,0.0,-0.7,-1.0,-1.0,-0.7,-1.0,-1.0,-1.0,-1.0,-1.0,-0.7,-0.7,0.0,-0.7,-1.0,0.0,-1.0,-0.7,0.0,0.0,-0.7,-0.7,0.0,-0.7,0.0,-1.0,-0.7,-1.0,0.0,-0.7,-1.0,-1.0,0.0,0.0,-0.7,-0.7,-1.0,-0.7,-0.7,0.0,0.0,0.0,-0.7,-0.7,-0.7,-0.7,-1.0,0.0,0.0,
Charlotte Perospero,-1.0,-1.0,-1.0,-1.0,-1.0,-1.0,-1.0,-1.0,-1.0,-1.0,-1.0,-1.0,-1.0,-1.0,-1.0,-1.0,-1.0,1.0,-1.0,-1.0,-1.0,-1.0,-1.0,-1.0,-1.0,-1.0,-1.0,-1.0,-1.0,-1.0,-1.0,-1.0,-1.0,-1.0,-1.0,-1.0,-1.0,1.0,1.0,1.0,-1.0,-1.0,-1.0,-1.0,-1.0,-1.0,-1.0,-1.0,-1.0,-1.0,-1.0,-1.0,-1.0,-1.0,-1.0,-1.0,-1.0,-1.0,-1.0,-1.0,-1.0,-1.0,-1.0,-1.0,-1.0,-1.0,-1.0,-1.0,-1.0,-1.0,-1.0,-1.0,-1.0,-1.0,-1.0,-1.0,-1.0,1.0,-1.0,-1.0,-1.0,-1.0,-1.0,-1.0,-1.0,-1.0,-1.0,-1.0,-1.0,-1.0,-1.0,-1.0,-1.0,
Charlotte Perospero,-0.7,-0.7,-1.0,-0.7,-0.7,-1.0,-1.0,-0.7,0.0,-0.7,-1.0,-1.0,-0.7,-0.7,-0.7,0.0,-1.0,0.7,-1.0,-0.7,-0.7,-0.7,0.0,-0.7,-0.7,-1.0,-0.7,0.0,-0.7,-1.0,0.0,-1.0,0.0,0.0,-0.7,0.0,-1.0,0.0,0.7,1.0,-1.0,-0.7,0.0,0.0,-1.0,0.0,-0.7,0.0,-0.7,-1.0,-1.0,-0.7,-1.0,0.0,-1.0,-0.7,-0.7,-0.7,-1.0,-1.0,0.0,-0.7,-0.7,-0.7,0.0,-1.0,0.0,-1.0,0.0,0.0,-0.7,-1.0,-1.0,-0.7,-0.7,0.0,-0.7,0.7,0.0,-1.0,-1.0,-0.7,-0.7,-1.0,0.0,-1.0,-1.0,-0.7,-1.0,-1.0,0.0,-0.7,-1.0,
Charlotte Perospero,-0.7,-0.7,-0.7,-1.0,-0.7,-0.7,-0.7,0.0,-1.0,-0.7,0.0,-1.0,-0.7,0.0,-1.0,-1.0,-1.0,0.7,0.0,-1.0,-1.0,-0.7,-1.0,0.0,-1.0,0.0,0.0,-1.0,-1.0,0.0,0.0,-0.7,-0.7,-1.0,-0.7,-1.0,-0.7,1.0,0.7,1.0,-0.7,-0.7,-1.0,-1.0,-1.0,-0.7,-1.0,-0.7,0.0,0.0,-1.0,-1.0,0.0,-0.7,-1.0,-1.0,-1.0,-0.7,-1.0,-1.0,-1.0,0.0,-0.7,-0.7,-0.7,0.0,-0.7,-1.0,-1.0,-0.7,-1.0,0.0,0.0,-0.7,-1.0,-1.0,0.0,0.7,-0.7,-1.0,-0.7,-0.7,-0.7,-1.0,-0.7,0.0,-0.7,-0.7,0.0,-0.7,-0.7,-0.7,-1.0,
Charlotte Oven,-1.0,-1.0,-1.0,-1.0,-1.0,-1.0,-1.0,-1.0,-1.0,-1.0,-1.0,-1.0,-1.0,-1.0,-1.0,-1.0,-1.0,1.0,-1.0,-1.0,-1.0,-1.0,-1.0,-1.0,-1.0,-1.0,-1.0,-1.0,-1.0,-1.0,-1.0,-1.0,-1.0,-1.0,-1.0,-1.0,-1.0,1.0,1.0,1.0,-1.0,-1.0,-1.0,-1.0,-1.0,-1.0,-1.0,-1.0,-1.0,-1.0,-1.0,-1.0,-1.0,-1.0,-1.0,-1.0,-1.0,-1.0,-1.0,-1.0,-1.0,-1.0,-1.0,-1.0,-1.0,-1.0,-1.0,-1.0,-1.0,-1.0,-1.0,-1.0,-1.0,-1.0,-1.0,-1.0,-1.0,1.0,-1.0,-1.0,-1.0,-1.0,-1.0,-1.0,-1.0,-1.0,-1.0,-1.0,-1.0,-1.0,-1.0,-1.0,-1.0,
Charlotte Oven,-1.0,-1.0,-0.7,-0.7,0.0,-1.0,-1.0,-0.7,0.0,-0.7,-0.7,0.0,-0.7,0.0,0.0,-0.7,-0.7,0.7,0.0,0.0,-1.0,-0.7,0.0,-1.0,-0.7,0.0,-1.0,-0.7,-1.0,-0.7,0.0,-1.0,0.0,-1.0,-1.0,-0.7,-1.0,1.0,1.0,1.0,0.0,-0.7,-0.7,-0.7,-1.0,-0.7,-1.0,-0.7,-0.7,-1.0,-0.7,-1.0,-1.0,0.0,-1.0,-0.7,-0.7,-0.7,-1.0,-1.0,-1.0,0.0,-1.0,-1.0,-1.0,-0.7,0.0,-0.7,-0.7,-0.7,-0.7,0.0,-0.7,-1.0,-1.0,-0.7,0.0,0.7,-0.7,-0.7,-1.0,-1.0,-1.0,-0.7,0.0,-1.0,-1.0,-0.7,0.0,0.0,-0.7,-1.0,-0.7,
Charlotte Oven,-1.0,0.0,0.0,-1.0,-1.0,-1.0,-0.7,0.0,-0.7,-1.0,0.0,-0.7,-1.0,-1.0,-1.0,-1.0,0.0,1.0,-0.7,-0.7,-1.0,-1.0,-0.7,-1.0,0.0,-1.0,-1.0,-0.7,-1.0,0.0,-0.7,-0.7,-1.0,0.0,-1.0,-1.0,-0.7,1.0,0.0,0.7,-0.7,-0.7,-1.0,-1.0,0.0,-1.0,-1.0,-0.7,-1.0,-0.7,-1.0,0.0,-0.7,-0.7,0.0,0.0,-0.7,0.0,-1.0,-0.7,-1.0,-1.0,-1.0,0.0,-0.7,-0.7,-0.7,-1.0,0.0,-0.7,-0.7,-0.7,-1.0,0.0,-0.7,-1.0,0.0,1.0,-1.0,-1.0,-1.0,0.0,-0.7,-0.7,-0.7,-1.0,0.0,-1.0,-1.0,0.0,-0.7,0.0,-1.0,
Charlotte Opera,-1.0,-1.0,-1.0,-1.0,-1.0,-1.0,-1.0,-1.0,-1.0,-1.0,-1.0,-1.0,-1.0,-1.0,-1.0,-1.0,-1.0,-1.0,-1.0,-1.0,-1.0,-1.0,-1.0,-1.0,-1.0,-1.0,-1.0,-1.0,-1.0,-1.0,-1.0,-1.0,-1.0,-1.0,-1.0,-1.0,-1.0,-1.0,1.0,1.0,-1.0,-1.0,-1.0,-1.0,-1.0,-1.0,-1.0,-1.0,-1.0,-1.0,-1.0,-1.0,-1.0,-1.0,-1.0,-1.0,-1.0,-1.0,-1.0,-1.0,-1.0,-1.0,-1.0,-1.0,-1.0,-1.0,-1.0,-1.0,-1.0,-1.0,-1.0,-1.0,-1.0,-1.0,-1.0,-1.0,-1.0,1.0,-1.0,-1.0,-1.0,-1.0,-1.0,-1.0,-1.0,-1.0,-1.0,-1.0,-1.0,-1.0,-1.0,-1.0,-1.0,
Charlotte Opera,-1.0,-1.0,0.0,0.0,-1.0,0.0,-0.7,-0.7,-1.0,-1.0,-0.7,-0.7,-1.0,0.0,-0.7,-0.7,-0.7,-0.7,-1.0,-1.0,0.0,0.0,0.0,0.0,-1.0,-1.0,0.0,-1.0,0.0,0.0,-0.7,0.0,-0.7,-1.0,0.0,-0.7,-1.0,0.0,0.7,1.0,0.0,0.0,-1.0,-1.0,-1.0,0.0,-0.7,0.0,0.0,-0.7,-1.0,-0.7,-0.7,-1.0,0.0,-0.7,0.0,-0.7,-1.0,-1.0,-0.7,-0.7,-1.0,-0.7,-1.0,-0.7,-1.0,-0.7,-1.0,-0.7,-1.0,-1.0,-0.7,-1.0,0.0,-1.0,-1.0,0.0,-1.0,0.0,-0.7,-1.0,-1.0,-0.7,-0.7,-1.0,0.0,-1.0,-0.7,-0.7,-1.0,-0.7,-1.0,
Charlotte Opera,-1.0,-0.7,-0.7,0.0,-0.7,-1.0,-0.7,-1.0,-1.0,-0.7,-0.7,-0.7,-0.7,-1.0,0.0,0.0,-0.7,-0.7,0.0,-0.7,-0.7,-0.7,0.0,-1.0,0.0,0.0,-0.7,-1.0,-1.0,-0.7,-1.0,-0.7,-1.0,-0.7,-1.0,0.0,-0.7,-1.0,0.7,0.7,-0.7,-0.7,-0.7,-1.0,-0.7,-0.7,-1.0,-0.7,0.0,0.0,-1.0,-1.0,0.0,-0.7,-1.0,-0.7,-0.7,-1.0,0.0,0.0,-0.7,-0.7,-1.0,-1.0,-0.7,-0.7,-1.0,-1.0,-0.7,-1.0,-1.0,-1.0,0.0,0.0,-1.0,-0.7,-1.0,1.0,-1.0,-1.0,0.0,-0.7,-1.0,-0.7,-0.7,-1.0,-0.7,-0.7,-1.0,0.0,-1.0,-1.0,0.0,
Charlotte Mont-d'Or,-1.0,-1.0,-1.0,-1.0,-1.0,-1.0,-1.0,-1.0,-1.0,-1.0,-1.0,-1.0,-1.0,-1.0,-1.0,-1.0,-1.0,1.0,-1.0,-1.0,-1.0,-1.0,-1.0,-1.0,-1.0,-1.0,-1.0,-1.0,-1.0,-1.0,-1.0,-1.0,-1.0,-1.0,-1.0,-1.0,-1.0,1.0,1.0,1.0,-1.0,-1.0,-1.0,-1.0,-1.0,-1.0,-1.0,-1.0,-1.0,-1.0,-1.0,-1.0,-1.0,-1.0,-1.0,-1.0,-1.0,-1.0,-1.0,-1.0,-1.0,-1.0,-1.0,-1.0,-1.0,-1.0,-1.0,-1.0,-1.0,-1.0,-1.0,-1.0,-1.0,-1.0,-1.0,-1.0,-1.0,1.0,-1.0,-1.0,-1.0,-1.0,-1.0,-1.0,-1.0,-1.0,-1.0,-1.0,-1.0,-1.0,-1.0,-1.0,-1.0,
Charlotte Mont-d'Or,-1.0,-1.0,-1.0,-1.0,-0.7,-0.7,-0.7,-1.0,-0.7,0.0,-1.0,-0.7,-0.7,-1.0,-1.0,-1.0,0.0,1.0,-0.7,-1.0,-1.0,-1.0,-1.0,-0.7,-0.7,-0.7,-1.0,-1.0,-1.0,-1.0,0.0,-1.0,-1.0,-0.7,0.0,-1.0,-0.7,1.0,0.7,0.7,-0.7,-1.0,0.0,-1.0,-0.7,0.0,-1.0,-0.7,-1.0,-1.0,-1.0,-1.0,0.0,-0.7,-0.7,0.0,0.0,-0.7,-1.0,0.0,-1.0,-1.0,-0.7,-1.0,-1.0,0.0,-0.7,-0.7,-0.7,-0.7,-1.0,0.0,-0.7,-0.7,0.0,-0.7,-1.0,1.0,-1.0,-0.7,-0.7,-0.7,-1.0,0.0,-0.7,0.0,0.0,-0.7,-1.0,-1.0,-1.0,-1.0,-0.7,
Charlotte Mont-d'Or,-1.0,-1.0,-1.0,-1.0,-0.7,-0.7,-0.7,-1.0,0.0,-1.0,-1.0,-1.0,-0.7,-0.7,-0.7,-1.0,0.0,0.0,0.0,-0.7,0.0,-0.7,0.0,-0.7,-1.0,-1.0,-0.7,-0.7,-1.0,-1.0,-1.0,-1.0,-1.0,-0.7,-1.0,-1.0,-1.0,0.7,1.0,0.7,-1.0,-1.0,0.0,-0.7,0.0,-1.0,-1.0,-1.0,0.0,-0.7,-1.0,-1.0,-0.7,-0.7,-1.0,-0.7,-1.0,-0.7,0.0,-1.0,-0.7,-1.0,-1.0,0.0,-0.7,0.0,0.0,0.0,0.0,0.0,-0.7,-0.7,0.0,0.0,0.0,-0.7,0.0,0.7,-0.7,0.0,0.0,0.0,0.0,-0.7,-0.7,-1.0,-0.7,0.0,0.0,-1.0,-0.7,-1.0,-1.0,
Charlotte Lola,-1.0,-1.0,-1.0,-1.0,-1.0,-1.0,-1.0,-1.0,-1.0,-1.0,-1.0,-1.0,-1.0,1.0,1.0,-1.0,-1.0,1.0,-1.0,-1.0,-1.0,-1.0,-1.0,-1.0,-1.0,-1.0,-1.0,-1.0,-1.0,-1.0,-1.0,-1.0,-1.0,-1.0,-1.0,-1.0,-1.0,1.0,-1.0,-1.0,-1.0,-1.0,-1.0,-1.0,-1.0,-1.0,-1.0,-1.0,-1.0,-1.0,-1.0,-1.0,-1.0,-1.0,-1.0,-1.0,-1.0,-1.0,-1.0,-1.0,-1.0,-1.0,-1.0,-1.0,-1.0,-1.0,-1.0,-1.0,-1.0,-1.0,-1.0,-1.0,-1.0,-1.0,-1.0,-1.0,-1.0,-1.0,-1.0,-1.0,-1.0,-1.0,-1.0,-1.0,1.0,-1.0,-1.0,-1.0,-1.0,-1.0,-1.0,-1.0,-1.0,
Charlotte Lola,-0.7,-1.0,-0.7,-0.7,-1.0,-0.7,-0.7,0.0,-0.7,-1.0,-0.7,0.0,0.0,0.7,0.7,-1.0,-1.0,1.0,-0.7,0.0,0.0,-0.7,-1.0,-1.0,-1.0,-1.0,-1.0,-0.7,-1.0,0.0,-0.7,-1.0,-0.7,-1.0,-0.7,-0.7,-1.0,1.0,-0.7,-1.0,-0.7,-0.7,0.0,-1.0,-1.0,0.0,-1.0,-0.7,-1.0,-0.7,-1.0,-0.7,-0.7,-0.7,-0.7,-1.0,0.0,-0.7,-0.7,-1.0,0.0,-0.7,-1.0,-1.0,-1.0,-0.7,-1.0,-1.0,-0.7,-1.0,0.0,-1.0,-1.0,-0.7,-1.0,-0.7,0.0,-1.0,0.0,-1.0,-0.7,-1.0,0.0,-0.7,0.0,-0.7,-0.7,-0.7,-0.7,-0.7,-0.7,-0.7,-0.7,
Charlotte Lola,0.0,0.0,-1.0,-1.0,0.0,-1.0,-1.0,-0.7,-0.7,-0.7,-1.0,-1.0,0.0,1.0,0.0,-0.7,-1.0,0.0,-1.0,-1.0,0.0,0.0,-0.7,-1.0,-1.0,-1.0,-0.7,0.0,-1.0,-1.0,-0.7,0.0,-0.7,-0.7,-0.7,0.0,0.0,0.0,-0.7,-1.0,-0.7,-0.7,-0.7,-1.0,-0.7,-1.0,-1.0,-1.0,-0.7,-1.0,-1.0,-0.7,0.0,0.0,-1.0,-0.7,-0.7,-0.7,-1.0,-0.7,-0.7,-0.7,-1.0,-0.7,-0.7,-1.0,-1.0,-1.0,-1.0,-0.7,-1.0,-0.7,-0.7,-1.0,-0.7,-0.7,-1.0,-0.7,-0.7,-1.0,-0.7,-1.0,-0.7,-1.0,1.0,-1.0,-1.0,-1.0,0.0,0.0,-0.7,-0.7,-1.0,
Charlotte Linlin,-1.0,-1.0,-1.0,-1.0,-1.0,-1.0,-1.0,-1.0,-1.0,-1.0,-1.0,-1.0,-1.0,-1.0,1.0,-1.0,-1.0,-1.0,-1.0,-1.0,-1.0,-1.0,-1.0,-1.0,-1.0,-1.0,-1.0,-1.0,-1.0,-1.0,-1.0,-1.0,-1.0,-1.0,-1.0,-1.0,-1.0,1.0,1.0,1.0,-1.0,-1.0,-1.0,-1.0,-1.0,-1.0,1.0,-1.0,-1.0,-1.0,-1.0,1.0,1.0,-1.0,-1.0,-1.0,-1.0,-1.0,-1.0,-1.0,-1.0,-1.0,-1.0,-1.0,-1.0,-1.0,-1.0,-1.0,-1.0,-1.0,-1.0,-1.0,-1.0,-1.0,1.0,1.0,-1.0,-1.0,-1.0,-1.0,-1.0,-1.0,-1.0,-1.0,-1.0,-1.0,-1.0,-1.0,-1.0,-1.0,-1.0,-1.0,-1.0,
Charlotte Linlin,-0.7,0.0,-0.7,-0.7,-0.7,-1.0,0.0,-1.0,-0.7,-1.0,-0.7,-0.7,-1.0,-0.7,0.7,-0.7,-0.7,0.0,-0.7,-0.7,-0.7,0.0,-0.7,0.0,-1.0,-0.7,-1.0,-1.0,0.0,-0.7,-0.7,-0.7,-0.7,-0.7,0.0,0.0,-0.7,1.0,0.7,0.7,-0.7,-1.0,-0.7,0.0,-1.0,-1.0,0.0,0.0,-0.7,-1.0,0.0,0.7,0.7,-0.7,-0.7,-0.7,0.0,-0.7,-0.7,-0.7,-1.0,-0.7,-1.0,-1.0,-1.0,-1.0,-0.7,-1.0,-0.7,-0.7,-0.7,-0.7,-0.7,-0.7,0.7,1.0,0.0,0.0,-0.7,0.0,-1.0,-1.0,0.0,-1.0,-0.7,-1.0,-0.7,-1.0,-1.0,-0.7,-1.0,-0.7,-0.7,
Charlotte Linlin,-0.7,-0.7,-0.7,-1.0,-0.7,-0.7,-1.0,-0.7,-0.7,-1.0,-1.0,-1.0,0.0,0.0,0.0,-0.7,0.0,-0.7,-1.0,-1.0,-1.0,-0.7,-1.0,-0.7,0.0,0.0,-0.7,-1.0,-0.7,0.0,-1.0,-1.0,0.0,-0.7,0.0,-0.7,-1.0,0.7,1.0,1.0,-0.7,-0.7,-1.0,-0.7,-0.7,-0.7,0.7,-0.7,-0.7,-0.7,-1.0,1.0,0.7,0.0,-0.7,-1.0,-0.7,-0.7,-1.0,-0.7,-1.0,-0.7,-0.7,-1.0,0.0,-1.0,-0.7,-1.0,-0.7,-1.0,-1.0,-0.7,-0.7,-0.7,0.0,0.7,-1.0,-0.7,-1.0,-1.0,-0.7,0.0,-1.0,-0.7,-1.0,-1.0,-1.0,-0.7,-1.0,0.0,-1.0,-1.0,-0.7,
Charlotte Katakuri,-1.0,-1.0,-1.0,-1.0,-1.0,-1.0,-1.0,-1.0,-1.0,-1.0,-1.0,-1.0,-1.0,-1.0,-1.0,-1.0,-1.0,1.0,-1.0,-1.0,-1.0,-1.0,-1.0,-1.0,-1.0,-1.0,-1.0,-1.0,-1.0,-1.0,-1.0,-1.0,-1.0,-1.0,-1.0,-1.0,-1.0,1.0,1.0,-1.0,-1.0,-1.0,-1.0,-1.0,-1.0,-1.0,-1.0,-1.0,-1.0,-1.0,-1.0,-1.0,-1.0,-1.0,-1.0,1.0,-1.0,-1.0,-1.0,-1.0,-1.0,-1.0,-1.0,-1.0,-1.0,-1.0,-1.0,-1.0,-1.0,-1.0,-1.0,-1.0,-1.0,-1.0,-1.0,-1.0,-1.0,1.0,-1.0,-1.0,-1.0,-1.0,-1.0,-1.0,-1.0,-1.0,-1.0,-1.0,-1.0,-1.0,-1.0,-1.0,-1.0,
Charlotte Katakuri,-1.0,0.0,-1.0,0.0,-0.7,-0.7,-1.0,-1.0,-1.0,-1.0,-1.0,0.0,-0.7,-1.0,-1.0,-0.7,0.0,0.7,-0.7,-0.7,0.0,-0.7,-0.7,0.0,-1.0,-1.0,-0.7,-1.0,-1.0,-0.7,-1.0,-0.7,-1.0,-1.0,-1.0,-0.7,-0.7,0.7,0.7,-0.7,-0.7,-1.0,-1.0,0.0,0.0,-0.7,-0.7,-0.7,-1.0,-1.0,-1.0,-1.0,-1.0,0.0,-1.0,0.7,-0.7,-1.0,-0.7,-1.0,-0.7,-1.0,0.0,0.0,-1.0,-1.0,-0.7,-1.0,-0.7,-0.7,0.0,-1.0,-0.7,-1.0,-0.7,-1.0,-0.7,1.0,0.0,-1.0,0.0,-0.7,0.0,-0.7,-1.0,-1.0,-1.0,0.0,-0.7,-0.7,-0.7,-0.7,-0.7,
Charlotte Katakuri,-0.7,-0.7,-0.7,-0.7,-0.7,-0.7,-0.7,-0.7,0.0,0.0,-0.7,-0.7,-0.7,-0.7,-1.0,-0.7,0.0,0.7,-1.0,-0.7,-1.0,-0.7,-0.7,-0.7,-0.7,-1.0,-1.0,0.0,-1.0,-0.7,-0.7,-0.7,0.0,-0.7,-0.7,-0.7,-1.0,0.0,1.0,-0.7,-1.0,0.0,0.0,-1.0,-1.0,0.0,-0.7,-0.7,-1.0,-0.7,-1.0,-0.7,-0.7,-0.7,-0.7,1.0,-1.0,-1.0,-1.0,-1.0,-1.0,-0.7,-0.7,-0.7,-1.0,-0.7,-1.0,-1.0,0.0,-0.7,-1.0,-1.0,0.0,-1.0,-1.0,0.0,-0.7,0.7,-0.7,-0.7,0.0,0.0,-1.0,-0.7,-0.7,0.0,0.0,-1.0,-1.0,-1.0,-0.7,0.0,-0.7,
Charlotte Galette,-1.0,-1.0,-1.0,-1.0,-1.0,-1.0,-1.0,-1.0,-1.0,-1.0,-1.0,-1.0,-1.0,-1.0,-1.0,-1.0,-1.0,1.0,-1.0,-1.0,-1.0,-1.0,-1.0,-1.0,-1.0,-1.0,-1.0,-1.0,-1.0,-1.0,-1.0,-1.0,-1.0,-1.0,-1.0,-1.0,-1.0,-1.0,1.0,1.0,-1.0,-1.0,-1.0,-1.0,-1.0,-1.0,-1.0,-1.0,-1.0,-1.0,-1.0,-1.0,-1.0,-1.0,-1.0,-1.0,-1.0,-1.0,-1.0,-1.0,-1.0,-1.0,-1.0,-1.0,-1.0,-1.0,-1.0,-1.0,-1.0,-1.0,-1.0,-1.0,-1.0,-1.0,-1.0,-1.0,-1.0,1.0,-1.0,-1.0,-1.0,-1.0,-1.0,-1.0,-1.0,-1.0,-1.0,-1.0,-1.0,-1.0,-1.0,-1.0,-1.0,
Charlotte Galette,-0.7,0.0,0.0,0.0,-0.7,0.0,-0.7,-0.7,-1.0,-1.0,-0.7,-0.7,-1.0,0.0,0.0,0.0,-0.7,1.0,0.0,-0.7,-1.0,-0.7,0.0,-0.7,-1.0,-1.0,-1.0,-0.7,-1.0,-1.0,-1.0,-1.0,-0.7,-0.7,-0.7,-0.7,-1.0,-1.0,0.7,1.0,0.0,0.0,-0.7,-1.0,-1.0,0.0,-1.0,-1.0,-1.0,-1.0,-0.7,-0.7,0.0,-1.0,-1.0,-0.7,-0.7,0.0,-0.7,-0.7,-1.0,-0.7,-0.7,-0.7,0.0,-0.7,-1.0,-1.0,0.0,0.0,-0.7,-0.7,-0.7,0.0,-1.0,-1.0,-1.0,0.0,-0.7,0.0,-0.7,0.0,-0.7,-0.7,-1.0,-0.7,-1.0,-0.7,-1.0,-1.0,-0.7,-1.0,-1.0,
Charlotte Galette,-1.0,-0.7,-1.0,-0.7,-1.0,-0.7,0.0,0.0,-0.7,-0.7,-1.0,-0.7,-0.7,-0.7,-0.7,0.0,-1.0,0.0,-0.7,0.0,0.0,0.0,-1.0,-0.7,-0.7,-0.7,-1.0,0.0,0.0,-1.0,0.0,0.0,-1.0,0.0,-1.0,-1.0,0.0,-0.7,1.0,0.0,-1.0,-1.0,-0.7,-0.7,0.0,-0.7,-0.7,-1.0,-1.0,-1.0,-1.0,-0.7,-1.0,-1.0,-1.0,-0.7,-0.7,-0.7,-0.7,0.0,-0.7,0.0,-1.0,-0.7,-0.7,0.0,-1.0,-1.0,-1.0,-1.0,-0.7,0.0,-1.0,-0.7,-0.7,-0.7,-1.0,0.7,0.0,-0.7,-1.0,-0.7,-1.0,-0.7,0.0,-1.0,-0.7,-0.7,-0.7,-0.7,-1.0,0.0,0.0,
Charlotte Flampe,-1.0,-1.0,-1.0,-1.0,-1.0,-1.0,-1.0,-1.0,-1.0,-1.0,-1.0,-1.0,-1.0,-1.0,-1.0,-1.0,-1.0,1.0,-1.0,-1.0,-1.0,-1.0,-1.0,-1.0,-1.0,-1.0,-1.0,-1.0,-1.0,-1.0,-1.0,-1.0,-1.0,-1.0,-1.0,-1.0,-1.0,-1.0,-1.0,-1.0,-1.0,-1.0,-1.0,-1.0,-1.0,-1.0,-1.0,-1.0,-1.0,-1.0,-1.0,-1.0,-1.0,-1.0,-1.0,-1.0,-1.0,-1.0,-1.0,-1.0,-1.0,-1.0,-1.0,-1.0,-1.0,-1.0,-1.0,-1.0,-1.0,-1.0,-1.0,-1.0,-1.0,-1.0,-1.0,-1.0,-1.0,1.0,-1.0,-1.0,-1.0,-1.0,-1.0,-1.0,-1.0,-1.0,-1.0,-1.0,-1.0,-1.0,-1.0,-1.0,-1.0,
Charlotte Flampe,-1.0,-1.0,0.0,-1.0,-0.7,-1.0,-1.0,-1.0,-1.0,0.0,-0.7,-0.7,-1.0,-1.0,-0.7,0.0,0.0,0.0,-1.0,-1.0,-1.0,-1.0,-1.0,-1.0,-1.0,-1.0,-1.0,-0.7,-1.0,-1.0,-0.7,-1.0,-0.7,0.0,0.0,-1.0,-0.7,-1.0,-0.7,-0.7,-1.0,-0.7,0.0,-1.0,-1.0,-1.0,-0.7,-1.0,-1.0,-1.0,-0.7,-1.0,0.0,-1.0,-0.7,-1.0,-0.7,-0.7,-1.0,-0.7,-1.0,-0.7,-0.7,-1.0,-0.7,-0.7,-0.7,-1.0,0.0,-0.7,-0.7,-1.0,0.0,-0.7,-0.7,0.0,-1.0,1.0,-1.0,-0.7,-1.0,-1.0,-0.7,-0.7,-0.7,-1.0,-1.0,-0.7,-0.7,-1.0,-1.0,0.0,-1.0,
Charlotte Flampe,-0.7,-0.7,0.0,-1.0,-1.0,0.0,-0.7,-0.7,-1.0,-1.0,-1.0,-0.7,-1.0,-1.0,-1.0,-0.7,-0.7,1.0,-0.7,-1.0,-0.7,0.0,-1.0,-1.0,0.0,-0.7,-1.0,-1.0,0.0,-1.0,-1.0,-1.0,-1.0,-1.0,-1.0,-1.0,0.0,-0.7,0.0,-1.0,-1.0,-1.0,-1.0,0.0,-1.0,-0.7,0.0,-0.7,-0.7,-0.7,-1.0,-0.7,0.0,-1.0,-0.7,-1.0,-0.7,-1.0,-1.0,0.0,0.0,-0.7,-0.7,-1.0,-1.0,-0.7,0.0,0.0,-0.7,0.0,-1.0,-0.7,-1.0,0.0,-1.0,-1.0,-0.7,1.0,-1.0,-0.7,0.0,-0.7,-0.7,-1.0,-1.0,0.0,0.0,-1.0,-0.7,0.0,-0.7,-1.0,-0.7,
Charlotte Daifuku,-1.0,-1.0,-1.0,-1.0,-1.0,-1.0,-1.0,-1.0,-1.0,-1.0,-1.0,-1.0,-1.0,-1.0,-1.0,-1.0,-1.0,1.0,-1.0,-1.0,-1.0,-1.0,-1.0,-1.0,-1.0,-1.0,-1.0,-1.0,-1.0,-1.0,-1.0,-1.0,-1.0,-1.0,-1.0,-1.0,-1.0,1.0,1.0,1.0,-1.0,-1.0,-1.0,-1.0,-1.0,-1.0,-1.0,-1.0,-1.0,-1.0,-1.0,-1.0,-1.0,-1.0,-1.0,-1.0,-1.0,-1.0,-1.0,-1.0,-1.0,-1.0,-1.0,-1.0,-1.0,-1.0,-1.0,-1.0,-1.0,-1.0,-1.0,-1.0,-1.0,-1.0,-1.0,-1.0,-1.0,1.0,-1.0,-1.0,-1.0,-1.0,-1.0,-1.0,-1.0,-1.0,-1.0,-1.0,-1.0,-1.0,-1.0,-1.0,-1.0,
Charlotte Daifuku,-1.0,-0.7,0.0,-0.7,-0.7,0.0,-1.0,-1.0,-0.7,-0.7,0.0,-0.7,-1.0,-0.7,0.0,-0.7,-1.0,0.7,-0.7,-0.7,0.0,-0.7,-1.0,-0.7,-0.7,-1.0,-1.0,-0.7,-1.0,-1.0,0.0,0.0,-1.0,0.0,-1.0,-1.0,-0.7,0.7,1.0,0.0,-0.7,0.0,-1.0,-0.7,-1.0,0.0,-1.0,-0.7,-1.0,0.0,-0.7,-1.0,0.0,-0.7,-1.0,-1.0,-1.0,-0.7,-0.7,-0.7,-1.0,-0.7,-1.0,-1.0,-0.7,-0.7,-1.0,-1.0,-1.0,0.0,0.0,-0.7,-1.0,-0.7,0.0,0.0,0.0,0.7,-0.7,-0.7,-0.7,-0.7,-1.0,0.0,-1.0,-1.0,-1.0,0.0,0.0,-1.0,-1.0,-1.0,0.0,
Charlotte Daifuku,-1.0,-0.7,-1.0,0.0,0.0,0.0,-0.7,-1.0,-0.7,-1.0,-1.0,0.0,0.0,-0.7,-1.0,-0.7,-0.7,1.0,0.0,-1.0,-0.7,-0.7,-1.0,-0.7,0.0,-1.0,0.0,-1.0,-0.7,-1.0,0.0,-1.0,-1.0,0.0,-0.7,-1.0,0.0,0.0,1.0,0.7,-0.7,-0.7,-0.7,-0.7,-1.0,-0.7,-1.0,-0.7,-1.0,-1.0,-1.0,-0.7,-0.7,0.0,0.0,-1.0,0.0,-1.0,-1.0,-0.7,-1.0,-0.7,-0.7,-1.0,-0.7,-0.7,-0.7,0.0,-0.7,-1.0,-1.0,-0.7,-0.7,-0.7,-0.7,-1.0,0.0,0.7,-1.0,-1.0,-0.7,-0.7,-1.0,-0.7,0.0,-0.7,0.0,-1.0,-0.7,-1.0,-1.0,-0.7,-1.0,
Charlotte Custard,-1.0,-1.0,-1.0,-1.0,-1.0,-1.0,-1.0,-1.0,-1.0,-1.0,-1.0,-1.0,-1.0,-1.0,-1.0,-1.0,-1.0,1.0,-1.0,-1.0,-1.0,-1.0,-1.0,-1.0,-1.0,-1.0,-1.0,-1.0,-1.0,-1.0,-1.0,-1.0,-1.0,-1.0,-1.0,-1.0,-1.0,-1.0,-1.0,-1.0,-1.0,-1.0,-1.0,-1.0,-1.0,-1.0,-1.0,-1.0,-1.0,-1.0,-1.0,-1.0,-1.0,-1.0,-1.0,-1.0,-1.0,-1.0,-1.0,-1.0,-1.0,-1.0,-1.0,-1.0,-1.0,-1.0,-1.0,-1.0,-1.0,-1.0,-1.0,-1.0,-1.0,-1.0,-1.0,-1.0,-1.0,1.0,-1.0,-1.0,-1.0,-1.0,-1.0,-1.0,-1.0,-1.0,-1.0,-1.0,-1.0,-1.0,-1.0,-1.0,-1.0,
Charlotte Custard,-0.7,-0.7,-0.7,-1.0,-0.7,0.0,-1.0,-1.0,0.0,-0.7,-1.0,-0.7,0.0,-0.7,-0.7,-1.0,-1.0,0.7,-1.0,-0.7,-1.0,-1.0,-1.0,-0.7,-1.0,-1.0,-1.0,-1.0,-1.0,0.0,-1.0,-0.7,-0.7,-0.7,0.0,-0.7,0.0,-1.0,0.0,-0.7,-1.0,0.0,-0.7,-0.7,-0.7,-1.0,-1.0,-0.7,0.0,0.0,-0.7,-0.7,-1.0,-1.0,0.0,-1.0,-1.0,-0.7,-0.7,-0.7,-1.0,-0.7,0.0,0.0,-0.7,-0.7,-1.0,-1.0,-0.7,-0.7,-0.7,0.0,-0.7,-0.7,0.0,-1.0,-1.0,0.7,-1.0,-1.0,-0.7,-1.0,-1.0,-0.7,-0.7,-0.7,-0.7,-0.7,-1.0,-0.7,-1.0,-0.7,-1.0,
Charlotte Custard,-0.7,0.0,0.0,-1.0,0.0,-0.7,-1.0,-0.7,-1.0,-1.0,-1.0,-1.0,-1.0,0.0,-0.7,-1.0,-1.0,0.0,-0.7,-0.7,-1.0,-0.7,-0.7,0.0,-0.7,-0.7,-0.7,0.0,-1.0,0.0,-0.7,-0.7,-0.7,-0.7,-1.0,-0.7,-0.7,-0.7,-1.0,0.0,-0.7,-0.7,-0.7,-1.0,-0.7,-0.7,-0.7,-0.7,0.0,-1.0,-1.0,-1.0,-1.0,0.0,-1.0,-0.7,0.0,-0.7,-1.0,0.0,-0.7,0.0,-0.7,0.0,0.0,-1.0,-0.7,-0.7,-1.0,-0.7,-1.0,-0.7,-1.0,0.0,-0.7,0.0,-1.0,0.7,0.0,-1.0,-0.7,-1.0,0.0,-0.7,-0.7,-1.0,0.0,-1.0,-1.0,-1.0,0.0,-0.7,-0.7,
Charlotte Cracker,-1.0,-1.0,-1.0,-1.0,-1.0,-1.0,-1.0,-1.0,-1.0,-1.0,-1.0,-1.0,-1.0,-1.0,-1.0,-1.0,-1.0,1.0,-1.0,-1.0,-1.0,-1.0,-1.0,-1.0,-1.0,-1.0,-1.0,-1.0,-1.0,-1.0,-1.0,-1.0,-1.0,-1.0,-1.0,-1.0,-1.0,1.0,1.0,1.0,-1.0,-1.0,-1.0,-1.0,-1.0,-1.0,-1.0,-1.0,-1.0,-1.0,-1.0,-1.0,-1.0,-1.0,-1.0,1.0,-1.0,-1.0,-1.0,-1.0,-1.0,-1.0,-1.0,-1.0,-1.0,-1.0,-1.0,-1.0,-1.0,-1.0,-1.0,-1.0,-1.0,-1.0,-1.0,-1.0,-1.0,1.0,-1.0,-1.0,-1.0,-1.0,-1.0,-1.0,-1.0,-1.0,-1.0,-1.0,-1.0,-1.0,-1.0,-1.0,-1.0,
Charlotte Cracker,-1.0,-0.7,-1.0,0.0,-1.0,0.0,-0.7,-0.7,0.0,-0.7,-1.0,-0.7,-0.7,-1.0,-0.7,-1.0,0.0,0.7,-1.0,-0.7,-1.0,-0.7,0.0,-0.7,-1.0,-0.7,-0.7,-1.0,-1.0,-1.0,0.0,0.0,0.0,-1.0,-0.7,-0.7,0.0,0.7,0.7,0.7,-1.0,-1.0,-0.7,-0.7,-1.0,-0.7,-0.7,-1.0,-1.0,0.0,-1.0,-1.0,-1.0,-0.7,-0.7,0.0,-0.7,-0.7,-1.0,-1.0,0.0,-0.7,-1.0,0.0,0.0,-0.7,-1.0,-1.0,-0.7,0.0,0.0,0.0,0.0,0.0,0.0,0.0,-1.0,1.0,-1.0,-1.0,-1.0,0.0,0.0,-1.0,-0.7,0.0,-1.0,0.0,-1.0,-0.7,0.0,-1.0,-0.7,
Charlotte Cracker,-0.7,0.0,-0.7,0.0,-1.0,-0.7,-1.0,0.0,-1.0,0.0,-0.7,-1.0,-0.7,-1.0,0.0,-0.7,-1.0,0.7,-0.7,-0.7,0.0,-1.0,-1.0,-0.7,-0.7,0.0,-1.0,-1.0,0.0,-1.0,-0.7,-1.0,0.0,0.0,0.0,-0.7,-1.0,1.0,1.0,0.7,-0.7,-0.7,-0.7,-0.7,0.0,-1.0,0.0,-1.0,-1.0,0.0,-1.0,-1.0,0.0,-0.7,0.0,1.0,-0.7,-1.0,-0.7,-1.0,-1.0,-0.7,-0.7,-0.7,-1.0,-1.0,-1.0,-1.0,-1.0,-0.7,-1.0,0.0,-1.0,-0.7,-0.7,-0.7,-0.7,0.7,-0.7,-1.0,-0.7,0.0,-1.0,-1.0,-0.7,0.0,-0.7,0.0,-0.7,-1.0,-0.7,-0.7,-1.0,
Charlotte Citron,-1.0,-1.0,-1.0,-1.0,-1.0,-1.0,-1.0,-1.0,-1.0,-1.0,-1.0,-1.0,-1.0,-1.0,-1.0,-1.0,-1.0,1.0,-1.0,-1.0,-1.0,-1.0,-1.0,-1.0,-1.0,-1.0,-1.0,-1.0,-1.0,-1.0,-1.0,-1.0,-1.0,-1.0,-1.0,-1.0,-1.0,-1.0,-1.0,-1.0,-1.0,-1.0,-1.0,-1.0,-1.0,-1.0,-1.0,-1.0,-1.0,-1.0,-1.0,-1.0,-1.0,-1.0,-1.0,-1.0,-1.0,-1.0,-1.0,-1.0,-1.0,-1.0,-1.0,-1.0,-1.0,-1.0,-1.0,-1.0,-1.0,-1.0,-1.0,-1.0,-1.0,-1.0,-1.0,-1.0,-1.0,1.0,-1.0,-1.0,-1.0,-1.0,-1.0,-1.0,-1.0,-1.0,-1.0,-1.0,-1.0,-1.0,-1.0,-1.0,-1.0,
Charlotte Citron,-1.0,-1.0,0.0,-1.0,0.0,-1.0,-1.0,-1.0,-0.7,-1.0,-0.7,-0.7,-0.7,-1.0,0.0,-1.0,-1.0,0.7,-1.0,-0.7,-0.7,-0.7,0.0,-1.0,-0.7,-0.7,0.0,-0.7,-1.0,-1.0,-0.7,-0.7,-1.0,-1.0,-0.7,-1.0,-1.0,-0.7,-0.7,-0.7,-1.0,0.0,-1.0,-0.7,-1.0,0.0,-1.0,-0.7,-1.0,-0.7,-1.0,0.0,-0.7,-1.0,-0.7,-0.7,-0.7,-0.7,-1.0,-0.7,-0.7,0.0,0.0,-1.0,-1.0,-0.7,-1.0,-1.0,-1.0,-0.7,-0.7,-1.0,-1.0,-0.7,-1.0,-1.0,-1.0,1.0,-1.0,-1.0,-1.0,0.0,-1.0,-0.7,-1.0,-0.7,-0.7,-0.7,-0.7,-1.0,-1.0,-1.0,-1.0,
Charlotte Citron,-1.0,-0.7,0.0,-1.0,-0.7,0.0,-1.0,-1.0,0.0,-1.0,-0.7,-0.7,-0.7,-0.7,-0.7,-0.7,-0.7,0.0,-0.7,0.0,-0.7,0.0,-0.7,-1.0,0.0,-1.0,-1.0,-0.7,0.0,-1.0,0.0,-1.0,-1.0,-0.7,-1.0,-0.7,-1.0,-1.0,0.0,0.0,-1.0,0.0,-0.7,0.0,-1.0,-0.7,0.0,-1.0,0.0,0.0,-1.0,-1.0,-1.0,-1.0,-0.7,0.0,-1.0,0.0,-1.0,-0.7,0.0,-0.7,-1.0,-0.7,-0.7,-1.0,-0.7,-0.7,-0.7,-1.0,0.0,-1.0,-0.7,-0.7,0.0,0.0,0.0,0.7,-0.7,-0.7,-0.7,-0.7,-0.7,0.0,-0.7,-0.7,-0.7,-0.7,-1.0,-0.7,0.0,-1.0,-0.7,
Charlotte Chiffon,-1.0,-1.0,-1.0,-1.0,-1.0,-1.0,-1.0,-1.0,-1.0,-1.0,-1.0,-1.0,-1.0,-1.0,-1.0,-1.0,-1.0,1.0,-1.0,-1.0,-1.0,-1.0,-1.0,-1.0,-1.0,-1.0,-1.0,-1.0,-1.0,-1.0,-1.0,-1.0,-1.0,-1.0,-1.0,-1.0,-1.0,1.0,-1.0,-1.0,-1.0,-1.0,-1.0,-1.0,-1.0,-1.0,-1.0,-1.0,-1.0,-1.0,-1.0,-1.0,-1.0,-1.0,-1.0,-1.0,-1.0,-1.0,-1.0,-1.0,-1.0,-1.0,-1.0,-1.0,-1.0,-1.0,-1.0,-1.0,-1.0,-1.0,-1.0,-1.0,-1.0,-1.0,-1.0,-1.0,-1.0,1.0,-1.0,-1.0,-1.0,-1.0,-1.0,-1.0,-1.0,-1.0,-1.0,-1.0,-1.0,-1.0,-1.0,-1.0,-1.0,
Charlotte Chiffon,-1.0,-1.0,0.0,0.0,-0.7,-0.7,-0.7,-0.7,0.0,-1.0,-0.7,0.0,-1.0,-1.0,-0.7,-0.7,-0.7,1.0,-0.7,-1.0,-1.0,-1.0,-1.0,-0.7,-0.7,-0.7,0.0,-0.7,0.0,-1.0,-1.0,-0.7,0.0,-1.0,-0.7,-0.7,-0.7,0.7,0.0,-0.7,-0.7,-1.0,-0.7,-0.7,0.0,-0.7,-0.7,-1.0,-0.7,0.0,-0.7,0.0,-0.7,0.0,-0.7,0.0,-0.7,-0.7,-1.0,-0.7,-1.0,-1.0,-0.7,-0.7,-0.7,-0.7,0.0,-1.0,-0.7,-0.7,-0.7,-1.0,-0.7,-1.0,-1.0,-1.0,-1.0,1.0,0.0,-0.7,-0.7,0.0,-0.7,-0.7,-0.7,-0.7,-0.7,-1.0,-1.0,-1.0,-0.7,-0.7,-0.7,
Charlotte Chiffon,-1.0,0.0,-0.7,-1.0,-1.0,-0.7,-1.0,-1.0,-1.0,0.0,-1.0,-0.7,-0.7,-1.0,0.0,-0.7,-0.7,1.0,-0.7,-1.0,-1.0,-0.7,-1.0,-0.7,-1.0,-1.0,-1.0,-0.7,-1.0,-0.7,-0.7,-0.7,-0.7,-0.7,-0.7,-0.7,-1.0,0.0,0.0,0.0,-1.0,-0.7,0.0,0.0,0.0,-0.7,-1.0,-0.7,-1.0,0.0,-1.0,-1.0,-1.0,-0.7,-0.7,-0.7,-1.0,-0.7,0.0,0.0,-0.7,-1.0,0.0,-1.0,0.0,-1.0,0.0,-1.0,-1.0,-0.7,-1.0,-1.0,-1.0,-0.7,-1.0,-0.7,-0.7,1.0,-1.0,-0.7,-1.0,-0.7,-1.0,0.0,-1.0,-0.7,-0.7,-0.7,0.0,0.0,-0.7,-0.7,-1.0,
Charlotte Brûlée,-1.0,-1.0,-1.0,-1.0,-1.0,-1.0,-1.0,-1.0,-1.0,-1.0,-1.0,-1.0,-1.0,-1.0,-1.0,-1.0,-1.0,1.0,-1.0,-1.0,-1.0,-1.0,-1.0,-1.0,-1.0,-1.0,-1.0,-1.0,-1.0,-1.0,-1.0,-1.0,-1.0,-1.0,-1.0,-1.0,-1.0,1.0,1.0,1.0,-1.0,-1.0,-1.0,-1.0,-1.0,-1.0,-1.0,-1.0,-1.0,-1.0,-1.0,-1.0,-1.0,-1.0,-1.0,-1.0,-1.0,-1.0,-1.0,-1.0,-1.0,-1.0,-1.0,-1.0,-1.0,-1.0,-1.0,-1.0,-1.0,-1.0,-1.0,-1.0,-1.0,-1.0,-1.0,-1.0,-1.0,1.0,-1.0,-1.0,-1.0,-1.0,-1.0,-1.0,-1.0,-1.0,-1.0,-1.0,-1.0,-1.0,-1.0,-1.0,-1.0,
Charlotte Brûlée,-0.7,-1.0,-1.0,-1.0,-0.7,-0.7,-1.0,-0.7,-1.0,-0.7,-1.0,-0.7,-1.0,-1.0,-0.7,-0.7,-1.0,0.7,-1.0,-1.0,-1.0,-0.7,-0.7,-0.7,0.0,-0.7,-1.0,0.0,0.0,0.0,-1.0,0.0,0.0,0.0,-0.7,-1.0,-1.0,0.7,0.0,1.0,-0.7,-0.7,-0.7,-1.0,-0.7,-0.7,-0.7,-0.7,-1.0,-0.7,-1.0,-0.7,-1.0,-0.7,-0.7,-1.0,-1.0,-0.7,-0.7,-1.0,-1.0,-1.0,-1.0,-0.7,-1.0,0.0,0.0,0.0,0.0,-0.7,-1.0,-0.7,-1.0,-1.0,-0.7,0.0,0.0,0.7,-0.7,-1.0,-0.7,0.0,0.0,-0.7,0.0,-0.7,-0.7,-0.7,-0.7,-1.0,-1.0,-1.0,0.0,
Charlotte Brûlée,-0.7,-0.7,-1.0,-1.0,-1.0,-1.0,-0.7,-1.0,-0.7,-0.7,-1.0,-0.7,-1.0,-0.7,-1.0,-1.0,-0.7,0.7,-0.7,-1.0,-0.7,-0.7,-1.0,-1.0,0.0,-0.7,-1.0,0.0,-0.7,-0.7,-1.0,-1.0,-0.7,-0.7,0.0,-0.7,-1.0,0.7,1.0,0.0,-1.0,-0.7,-0.7,-0.7,-0.7,-0.7,-1.0,-0.7,-1.0,-0.7,-0.7,-0.7,-1.0,-0.7,-1.0,-0.7,-0.7,-1.0,-1.0,-1.0,0.0,-1.0,-0.7,-1.0,-0.7,0.0,-0.7,-0.7,-0.7,-0.7,-1.0,0.0,-0.7,-1.0,-0.7,-0.7,-0.7,1.0,-0.7,-0.7,-0.7,-0.7,-1.0,-0.7,-0.7,-0.7,-0.7,-1.0,0.0,-1.0,0.0,0.0,-1.0,
Charlos,-1.0,-1.0,-1.0,-1.0,-1.0,-1.0,-1.0,-1.0,-1.0,-1.0,-1.0,-1.0,-1.0,-1.0,-1.0,1.0,-1.0,1.0,-1.0,-1.0,-1.0,-1.0,-1.0,-1.0,-1.0,-1.0,-1.0,-1.0,-1.0,-1.0,-1.0,-1.0,-1.0,-1.0,-1.0,-1.0,-1.0,1.0,-1.0,-1.0,-1.0,-1.0,-1.0,-1.0,-1.0,-1.0,-1.0,-1.0,-1.0,-1.0,-1.0,-1.0,-1.0,-1.0,-1.0,-1.0,-1.0,-1.0,-1.0,-1.0,-1.0,-1.0,-1.0,1.0,-1.0,-1.0,-1.0,-1.0,-1.0,-1.0,-1.0,-1.0,-1.0,-1.0,-1.0,-1.0,-1.0,-1.0,1.0,1.0,-1.0,-1.0,-1.0,-1.0,-1.0,-1.0,-1.0,-1.0,-1.0,-1.0,-1.0,-1.0,-1.0,
Charlos,-0.7,-0.7,-0.7,-1.0,-0.7,-0.7,-0.7,-1.0,-0.7,0.0,0.0,-1.0,-0.7,-0.7,-0.7,0.7,-0.7,0.7,-1.0,-0.7,-1.0,-0.7,-0.7,0.0,0.0,-1.0,-0.7,-0.7,0.0,-1.0,0.0,-0.7,-0.7,-0.7,-1.0,-0.7,-1.0,0.0,-1.0,0.0,0.0,-1.0,-1.0,0.0,0.0,-0.7,-1.0,-0.7,0.0,-1.0,-0.7,0.0,-0.7,-1.0,0.0,-0.7,0.0,-0.7,-1.0,0.0,0.0,-1.0,-1.0,0.0,-0.7,0.0,-1.0,-1.0,-1.0,-1.0,-0.7,-1.0,-0.7,-1.0,0.0,-1.0,0.0,-0.7,0.7,1.0,-1.0,-0.7,-1.0,-1.0,-1.0,-0.7,-1.0,0.0,-1.0,-1.0,0.0,-1.0,0.0,
Charlos,0.0,0.0,-0.7,-0.7,-1.0,0.0,-0.7,-0.7,-1.0,-1.0,-0.7,-1.0,-0.7,-0.7,-0.7,0.7,-1.0,1.0,-0.7,-0.7,0.0,-1.0,-0.7,-0.7,-0.7,-0.7,-0.7,-1.0,-1.0,-1.0,-0.7,-0.7,-1.0,-0.7,0.0,-0.7,0.0,1.0,-1.0,0.0,-1.0,0.0,0.0,-0.7,-1.0,-0.7,-1.0,-1.0,-1.0,-1.0,-0.7,0.0,-0.7,-1.0,-1.0,0.0,-1.0,-1.0,-1.0,-1.0,-0.7,-0.7,-0.7,0.7,0.0,-0.7,-1.0,-1.0,-0.7,-0.7,-0.7,-1.0,-1.0,-0.7,-1.0,-0.7,-0.7,-1.0,1.0,1.0,-1.0,-0.7,-1.0,0.0,-0.7,-0.7,-1.0,-1.0,-0.7,-0.7,0.0,-0.7,-0.7,
Chaka,-1.0,-1.0,-1.0,-1.0,-1.0,-1.0,-1.0,-1.0,-1.0,-1.0,-1.0,-1.0,-1.0,-1.0,-1.0,-1.0,-1.0,1.0,-1.0,-1.0,-1.0,-1.0,-1.0,-1.0,-1.0,-1.0,-1.0,-1.0,-1.0,-1.0,-1.0,-1.0,-1.0,-1.0,-1.0,-1.0,-1.0,1.0,1.0,-1.0,-1.0,1.0,-1.0,-1.0,-1.0,-1.0,-1.0,-1.0,-1.0,-1.0,-1.0,-1.0,-1.0,-1.0,-1.0,-1.0,-1.0,-1.0,-1.0,-1.0,-1.0,-1.0,-1.0,-1.0,-1.0,-1.0,-1.0,-1.0,-1.0,-1.0,-1.0,-1.0,-1.0,-1.0,-1.0,-1.0,-1.0,-1.0,-1.0,-1.0,-1.0,-1.0,-1.0,1.0,-1.0,-1.0,-1.0,-1.0,-1.0,-1.0,-1.0,-1.0,-1.0,
Chaka,-0.7,-1.0,0.0,0.0,-0.7,-1.0,0.0,-1.0,-0.7,-0.7,-1.0,-0.7,-1.0,-0.7,0.0,-1.0,-1.0,0.0,-0.7,-1.0,-1.0,0.0,-0.7,0.0,-0.7,-0.7,-1.0,-1.0,-0.7,-1.0,-0.7,-1.0,-0.7,-0.7,-1.0,-1.0,-0.7,0.7,1.0,0.0,-0.7,1.0,-1.0,-0.7,-0.7,-0.7,-0.7,-1.0,-0.7,-0.7,-1.0,-1.0,0.0,-1.0,-1.0,-0.7,-1.0,-0.7,-0.7,0.0,-1.0,-1.0,-1.0,-1.0,-0.7,0.0,-1.0,-1.0,0.0,0.0,-1.0,0.0,-0.7,0.0,-1.0,-0.7,-1.0,-0.7,0.0,-1.0,-1.0,-1.0,-0.7,0.7,-0.7,-0.7,-0.7,-1.0,-0.7,-1.0,-0.7,-0.7,-0.7,
Chaka,-0.7,-0.7,-1.0,0.0,-0.7,-0.7,-1.0,-0.7,-0.7,-0.7,-0.7,-1.0,-0.7,-1.0,-0.7,-1.0,-0.7,0.7,-0.7,0.0,-0.7,-1.0,-1.0,0.0,0.0,0.0,0.0,-1.0,-1.0,-1.0,-1.0,-1.0,-0.7,-0.7,-1.0,-1.0,-1.0,1.0,0.7,-1.0,-0.7,1.0,-0.7,-0.7,-0.7,-1.0,-0.7,-0.7,-0.7,-1.0,-1.0,-1.0,0.0,0.0,-1.0,-1.0,-1.0,-1.0,0.0,-0.7,0.0,0.0,-1.0,-0.7,-0.7,-0.7,-1.0,0.0,-0.7,-1.0,-0.7,-1.0,-0.7,-1.0,-1.0,-1.0,0.0,0.0,0.0,-0.7,0.0,-1.0,0.0,0.7,-0.7,-0.7,-0.7,-1.0,-0.7,0.0,-0.7,-0.7,-1.0,
Chadros Higelyges,-1.0,-1.0,-1.0,-1.0,-1.0,-1.0,-1.0,-1.0,-1.0,-1.0,-1.0,-1.0,-1.0,1.0,1.0,-1.0,-1.0,1.0,-1.0,-1.0,-1.0,-1.0,-1.0,-1.0,-1.0,-1.0,-1.0,-1.0,-1.0,-1.0,-1.0,-1.0,-1.0,-1.0,-1.0,-1.0,-1.0,1.0,-1.0,-1.0,-1.0,-1.0,-1.0,-1.0,-1.0,-1.0,-1.0,-1.0,-1.0,-1.0,-1.0,-1.0,-1.0,-1.0,-1.0,-1.0,-1.0,-1.0,-1.0,-1.0,-1.0,-1.0,-1.0,-1.0,-1.0,-1.0,-1.0,-1.0,-1.0,-1.0,-1.0,-1.0,-1.0,-1.0,-1.0,-1.0,-1.0,-1.0,-1.0,-1.0,1.0,-1.0,-1.0,-1.0,-1.0,-1.0,-1.0,-1.0,-1.0,-1.0,-1.0,-1.0,-1.0,
Chadros Higelyges,0.0,0.0,-1.0,-0.7,-0.7,0.0,-0.7,-0.7,-1.0,-0.7,-1.0,0.0,-0.7,1.0,0.0,-0.7,-0.7,0.0,-0.7,0.0,-1.0,-1.0,0.0,-0.7,-0.7,-0.7,-0.7,-1.0,-1.0,0.0,-0.7,-1.0,0.0,0.0,-0.7,-0.7,0.0,1.0,-0.7,0.0,-0.7,-0.7,0.0,-1.0,-0.7,-1.0,-1.0,0.0,0.0,-1.0,-0.7,-1.0,-1.0,-1.0,-1.0,-0.7,0.0,-0.7,0.0,-1.0,-0.7,0.0,-1.0,-0.7,-1.0,0.0,-0.7,-0.7,0.0,-0.7,-1.0,-1.0,-0.7,-0.7,0.0,-0.7,-0.7,-0.7,-1.0,-1.0,0.7,-0.7,-0.7,0.0,-0.7,-1.0,-0.7,0.0,-1.0,0.0,-1.0,-0.7,-0.7,
Chadros Higelyges,-0.7,0.0,-0.7,-1.0,-0.7,-1.0,0.0,-1.0,-1.0,-1.0,0.0,0.0,-1.0,0.7,0.7,0.0,-1.0,1.0,-1.0,-0.7,-0.7,0.0,-0.7,-1.0,-1.0,-1.0,0.0,-1.0,-1.0,-1.0,-0.7,-1.0,-0.7,0.0,-1.0,-1.0,-0.7,1.0,-0.7,0.0,-0.7,-1.0,0.0,-0.7,-0.7,0.0,-0.7,-0.7,-1.0,-1.0,-0.7,-0.7,-0.7,-0.7,-1.0,-1.0,-1.0,-0.7,-1.0,0.0,-0.7,0.0,-0.7,-1.0,-1.0,-1.0,-0.7,0.0,-0.7,-1.0,-1.0,0.0,-0.7,-1.0,0.0,-0.7,0.0,-0.7,-0.7,-0.7,0.7,-1.0,0.0,0.0,-1.0,0.0,0.0,-1.0,-1.0,-0.7,-1.0,0.0,-1.0,
Cavendish,-1.0,-1.0,-1.0,-1.0,-1.0,-1.0,-1.0,-1.0,-1.0,-1.0,-1.0,-1.0,-1.0,-1.0,1.0,-1.0,-1.0,1.0,-1.0,-1.0,-1.0,-1.0,-1.0,-1.0,-1.0,-1.0,-1.0,-1.0,-1.0,-1.0,-1.0,-1.0,-1.0,-1.0,-1.0,-1.0,-1.0,1.0,-1.0,-1.0,-1.0,-1.0,-1.0,-1.0,-1.0,-1.0,-1.0,-1.0,-1.0,-1.0,-1.0,-1.0,-1.0,-1.0,-1.0,-1.0,-1.0,-1.0,-1.0,-1.0,-1.0,-1.0,-1.0,-1.0,-1.0,-1.0,-1.0,-1.0,-1.0,-1.0,-1.0,-1.0,-1.0,-1.0,-1.0,-1.0,1.0,-1.0,-1.0,-1.0,-1.0,-1.0,-1.0,-1.0,-1.0,-1.0,-1.0,-1.0,-1.0,-1.0,-1.0,-1.0,-1.0,
Cavendish,-1.0,-0.7,-0.7,-1.0,-1.0,-1.0,-0.7,-0.7,-0.7,0.0,-1.0,-0.7,-0.7,0.0,0.7,-1.0,0.0,0.0,-1.0,0.0,0.0,-0.7,-0.7,-1.0,-1.0,-1.0,-1.0,-0.7,-1.0,-1.0,-1.0,-0.7,-1.0,-1.0,0.0,-1.0,-0.7,0.0,-1.0,-0.7,-0.7,-0.7,0.0,-1.0,-1.0,-0.7,0.0,-0.7,0.0,-1.0,-1.0,0.0,-1.0,-0.7,-1.0,-0.7,0.0,-0.7,-0.7,0.0,-1.0,-0.7,-0.7,-1.0,-1.0,-0.7,-0.7,0.0,-1.0,-1.0,-0.7,-0.7,-0.7,-0.7,-1.0,-0.7,0.7,-0.7,-0.7,-1.0,-0.7,0.0,-1.0,-1.0,-1.0,-1.0,0.0,0.0,-0.7,-0.7,-1.0,-0.7,-0.7,
Cavendish,-1.0,-0.7,0.0,0.0,-1.0,0.0,-0.7,-0.7,-1.0,-0.7,-1.0,-0.7,-1.0,-1.0,0.7,-0.7,-0.7,0.7,0.0,-1.0,-1.0,-1.0,-0.7,-0.7,-0.7,-0.7,-0.7,-0.7,-1.0,-0.7,-1.0,-1.0,-1.0,-0.7,-1.0,-1.0,-0.7,1.0,-0.7,0.0,-0.7,-0.7,-1.0,-0.7,-1.0,-1.0,0.0,-1.0,-0.7,-1.0,0.0,-0.7,0.0,-0.7,-1.0,0.0,-0.7,0.0,0.0,-0.7,-0.7,-1.0,-0.7,-0.7,-1.0,0.0,-1.0,-0.7,0.0,0.0,0.0,0.0,0.0,-0.7,-1.0,-1.0,0.7,-0.7,-0.7,0.0,-1.0,-1.0,0.0,-0.7,-1.0,-1.0,-0.7,-1.0,-0.7,-0.7,-0.7,-0.7,-1.0,
Catarina Devon,-1.0,-1.0,-1.0,-1.0,-1.0,-1.0,-1.0,-1.0,-1.0,-1.0,-1.0,-1.0,-1.0,1.0,-1.0,-1.0,-1.0,1.0,-1.0,-1.0,-1.0,-1.0,-1.0,-1.0,-1.0,-1.0,-1.0,-1.0,-1.0,-1.0,-1.0,-1.0,-1.0,-1.0,-1.0,-1.0,-1.0,1.0,1.0,-1.0,-1.0,-1.0,-1.0,1.0,-1.0,-1.0,-1.0,-1.0,-1.0,-1.0,-1.0,-1.0,-1.0,-1.0,-1.0,-1.0,-1.0,-1.0,-1.0,-1.0,-1.0,-1.0,-1.0,-1.0,-1.0,-1.0,-1.0,-1.0,-1.0,-1.0,-1.0,-1.0,-1.0,-1.0,-1.0,-1.0,-1.0,-1.0,-1.0,-1.0,1.0,-1.0,-1.0,-1.0,-1.0,-1.0,-1.0,-1.0,-1.0,-1.0,-1.0,1.0,1.0,
Catarina Devon,-1.0,-0.7,-1.0,-0.7,-0.7,-1.0,-1.0,0.0,-0.7,-0.7,-0.7,-0.7,-0.7,1.0,-0.7,-0.7,-1.0,0.7,-1.0,-1.0,-0.7,-1.0,-0.7,-0.7,-1.0,-0.7,0.0,-0.7,-1.0,-1.0,0.0,-0.7,-1.0,-1.0,-0.7,-0.7,-0.7,0.7,0.7,-0.7,-0.7,-1.0,-0.7,0.7,0.0,-1.0,-0.7,-1.0,0.0,-1.0,-0.7,0.0,-1.0,-1.0,-1.0,0.0,-0.7,0.0,-0.7,-1.0,-1.0,-1.0,-0.7,-1.0,-0.7,-1.0,-0.7,-1.0,-0.7,-0.7,0.0,-1.0,0.0,0.0,-1.0,0.0,-1.0,-1.0,0.0,-0.7,0.7,-1.0,-0.7,0.0,-0.7,-1.0,-0.7,-0.7,0.0,0.0,0.0,0.0,1.0,
Catarina Devon,0.0,0.0,-0.7,-0.7,0.0,-0.7,0.0,-0.7,-1.0,0.0,0.0,0.0,0.0,0.7,-0.7,0.0,-1.0,1.0,-1.0,-1.0,-0.7,-0.7,-1.0,0.0,-1.0,-0.7,0.0,-0.7,-1.0,-1.0,0.0,-1.0,-0.7,0.0,-0.7,-0.7,-0.7,0.7,0.7,-0.7,-1.0,-1.0,-1.0,0.0,-0.7,0.0,-0.7,-0.7,0.0,0.0,-0.7,-0.7,-0.7,-1.0,-0.7,0.0,-0.7,-1.0,0.0,0.0,0.0,-1.0,-1.0,-0.7,-1.0,-0.7,-0.7,0.0,-1.0,-0.7,-0.7,-1.0,0.0,-1.0,-1.0,-1.0,0.0,-1.0,-0.7,-0.7,1.0,-0.7,-1.0,-0.7,-1.0,-1.0,-0.7,-0.7,-1.0,-1.0,-0.7,0.7,0.7,
Carne,-1.0,-1.0,-1.0,-1.0,-1.0,-1.0,-1.0,-1.0,-1.0,-1.0,-1.0,-1.0,-1.0,-1.0,-1.0,-1.0,-1.0,1.0,-1.0,-1.0,-1.0,-1.0,-1.0,-1.0,-1.0,-1.0,-1.0,-1.0,-1.0,-1.0,-1.0,-1.0,-1.0,-1.0,-1.0,-1.0,-1.0,-1.0,-1.0,-1.0,-1.0,-1.0,-1.0,-1.0,-1.0,-1.0,-1.0,-1.0,-1.0,-1.0,-1.0,-1.0,-1.0,-1.0,-1.0,-1.0,-1.0,-1.0,-1.0,-1.0,-1.0,-1.0,-1.0,-1.0,-1.0,-1.0,-1.0,-1.0,-1.0,-1.0,-1.0,-1.0,-1.0,-1.0,-1.0,-1.0,-1.0,-1.0,-1.0,-1.0,-1.0,-1.0,1.0,-1.0,-1.0,-1.0,-1.0,-1.0,-1.0,-1.0,-1.0,-1.0,-1.0,
Carne,-1.0,-1.0,-1.0,-0.7,-1.0,-0.7,0.0,-0.7,-1.0,-1.0,-0.7,-1.0,-0.7,-0.7,-0.7,-1.0,-0.7,0.7,-1.0,-0.7,-0.7,0.0,-1.0,-0.7,0.0,-0.7,-0.7,-1.0,-1.0,-1.0,-0.7,-0.7,-1.0,0.0,0.0,-0.7,-0.7,-1.0,0.0,-1.0,0.0,0.0,-0.7,-0.7,-1.0,-1.0,-0.7,-0.7,-1.0,0.0,-1.0,-1.0,-1.0,0.0,-1.0,-0.7,-1.0,-0.7,-0.7,0.0,-1.0,-0.7,0.0,-1.0,0.0,0.0,-1.0,-1.0,-1.0,0.0,-0.7,-1.0,0.0,-1.0,-0.7,-1.0,-0.7,-0.7,-1.0,-1.0,-0.7,0.0,0.7,-0.7,-1.0,-0.7,-1.0,-0.7,-1.0,-0.7,-1.0,-1.0,-0.7,
Carne,-1.0,-1.0,-0.7,0.0,-0.7,0.0,-1.0,-1.0,-0.7,-1.0,-0.7,-0.7,-0.7,0.0,-0.7,0.0,-1.0,0.7,-1.0,-0.7,-1.0,0.0,-0.7,-0.7,-0.7,-0.7,-0.7,0.0,-1.0,-1.0,-0.7,-1.0,-0.7,-0.7,-0.7,-1.0,-0.7,-1.0,0.0,0.0,-0.7,-0.7,-1.0,-0.7,-1.0,-0.7,-0.7,-1.0,0.0,0.0,-1.0,-1.0,0.0,-1.0,-1.0,0.0,-0.7,-1.0,-0.7,0.0,-1.0,-1.0,-1.0,-0.7,-0.7,-1.0,0.0,-1.0,-1.0,-1.0,-1.0,0.0,-0.7,-0.7,-1.0,0.0,0.0,0.0,-0.7,-0.7,0.0,-1.0,1.0,-1.0,0.0,-1.0,-1.0,0.0,-1.0,-1.0,0.0,0.0,-0.7,
Carmel,-1.0,-1.0,-1.0,-1.0,-1.0,-1.0,-1.0,-1.0,-1.0,-1.0,-1.0,-1.0,-1.0,-1.0,-1.0,-1.0,-1.0,-1.0,-1.0,-1.0,-1.0,-1.0,-1.0,-1.0,-1.0,-1.0,-1.0,-1.0,-1.0,-1.0,-1.0,-1.0,-1.0,-1.0,-1.0,-1.0,-1.0,1.0,1.0,1.0,-1.0,-1.0,-1.0,-1.0,-1.0,-1.0,1.0,-1.0,-1.0,-1.0,-1.0,-1.0,-1.0,-1.0,-1.0,-1.0,-1.0,-1.0,-1.0,-1.0,-1.0,-1.0,-1.0,-1.0,-1.0,-1.0,-1.0,-1.0,-1.0,-1.0,-1.0,-1.0,-1.0,-1.0,-1.0,-1.0,-1.0,1.0,1.0,-1.0,-1.0,-1.0,-1.0,-1.0,-1.0,-1.0,-1.0,-1.0,-1.0,-1.0,-1.0,-1.0,-1.0,
Carmel,-1.0,-1.0,-1.0,0.0,-1.0,-0.7,0.0,-0.7,-0.7,-1.0,-1.0,-1.0,-0.7,-0.7,-0.7,-1.0,0.0,-0.7,-0.7,-1.0,-0.7,-1.0,0.0,-0.7,-1.0,0.0,-1.0,-0.7,-1.0,-1.0,-1.0,-1.0,-0.7,-1.0,0.0,-0.7,0.0,1.0,1.0,0.7,0.0,-0.7,-0.7,-1.0,-0.7,-0.7,0.7,-0.7,-0.7,-0.7,-1.0,-1.0,-0.7,-1.0,-0.7,-1.0,-1.0,-0.7,-1.0,-0.7,-0.7,-1.0,-0.7,0.0,-0.7,-0.7,-1.0,-0.7,-0.7,-0.7,-1.0,-1.0,-1.0,-1.0,0.0,-0.7,0.0,1.0,1.0,0.0,-1.0,-0.7,-0.7,-1.0,-0.7,0.0,-1.0,-0.7,-0.7,-0.7,-0.7,-1.0,-1.0,
Carmel,-1.0,0.0,-0.7,0.0,-1.0,-0.7,-0.7,-1.0,-0.7,-1.0,-1.0,-1.0,-0.7,-0.7,-0.7,0.0,-1.0,-0.7,0.0,-0.7,-0.7,-1.0,-0.7,-0.7,-1.0,-0.7,-1.0,-0.7,-0.7,-1.0,-1.0,0.0,-1.0,-0.7,0.0,-0.7,-0.7,0.7,0.0,0.7,-1.0,-0.7,-0.7,-0.7,-1.0,0.0,1.0,-0.7,-1.0,-0.7,-1.0,-1.0,-0.7,-0.7,-1.0,0.0,-1.0,-0.7,0.0,0.0,-0.7,-1.0,-0.7,-1.0,-0.7,0.0,-1.0,-0.7,-1.0,-1.0,-1.0,-0.7,0.0,-0.7,-1.0,-1.0,-1.0,0.0,1.0,-1.0,-0.7,-0.7,-1.0,-1.0,0.0,-1.0,-0.7,-1.0,0.0,-0.7,-1.0,-0.7,0.0,
Carrot,-1.0,-1.0,-1.0,-1.0,-1.0,-1.0,-1.0,-1.0,-1.0,-1.0,-1.0,-1.0,-1.0,-1.0,-1.0,-1.0,-1.0,1.0,-1.0,-1.0,-1.0,-1.0,-1.0,-1.0,-1.0,-1.0,-1.0,-1.0,-1.0,-1.0,-1.0,-1.0,-1.0,-1.0,-1.0,-1.0,-1.0,-1.0,-1.0,-1.0,-1.0,-1.0,-1.0,-1.0,-1.0,-1.0,-1.0,-1.0,-1.0,-1.0,-1.0,-1.0,-1.0,-1.0,-1.0,-1.0,-1.0,-1.0,-1.0,-1.0,-1.0,-1.0,1.0,-1.0,-1.0,-1.0,-1.0,-1.0,-1.0,-1.0,-1.0,1.0,-1.0,-1.0,-1.0,-1.0,-1.0,-1.0,-1.0,-1.0,-1.0,-1.0,-1.0,-1.0,-1.0,-1.0,-1.0,1.0,-1.0,-1.0,-1.0,-1.0,-1.0,
Carrot,-1.0,-0.7,-0.7,-1.0,-1.0,-1.0,-0.7,0.0,-1.0,-1.0,-0.7,0.0,-0.7,-1.0,-1.0,-1.0,-1.0,0.7,0.0,0.0,-0.7,0.0,-0.7,-0.7,-1.0,-1.0,0.0,-1.0,-0.7,-1.0,-0.7,-0.7,0.0,-0.7,-1.0,-0.7,0.0,-0.7,-0.7,-1.0,-0.7,0.0,0.0,-0.7,-1.0,-0.7,-0.7,-0.7,0.0,-1.0,-0.7,-0.7,0.0,-1.0,-0.7,-1.0,0.0,-1.0,-1.0,-0.7,-1.0,-0.7,1.0,-1.0,-0.7,-0.7,-1.0,0.0,-1.0,0.0,0.0,1.0,0.0,-1.0,-0.7,-1.0,-1.0,-1.0,-1.0,-0.7,-1.0,-1.0,-1.0,-1.0,-1.0,-0.7,-1.0,0.0,-1.0,0.0,-0.7,-1.0,-1.0,
Carrot,-1.0,-1.0,-1.0,-0.7,-0.7,-1.0,0.0,-0.7,-0.7,-1.0,-1.0,-1.0,0.0,0.0,-1.0,-1.0,-0.7,1.0,-1.0,0.0,-1.0,0.0,-1.0,-0.7,-0.7,-0.7,-1.0,-1.0,-1.0,-0.7,-0.7,-1.0,-0.7,-1.0,-1.0,-0.7,-1.0,-0.7,-0.7,0.0,-1.0,-0.7,-1.0,-0.7,0.0,-0.7,-0.7,-0.7,-1.0,-0.7,-0.7,0.0,-0.7,-0.7,-0.7,0.0,-0.7,-0.7,-1.0,0.0,0.0,-1.0,0.7,-0.7,-1.0,-0.7,-0.7,-1.0,-1.0,-1.0,-0.7,0.7,-1.0,-0.7,-0.7,-1.0,-0.7,-0.7,-1.0,-0.7,-1.0,-1.0,-1.0,0.0,-0.7,-1.0,-1.0,0.0,-0.7,-1.0,-0.7,-0.7,-1.0,
Caribou,-1.0,-1.0,-1.0,-1.0,-1.0,-1.0,-1.0,-1.0,-1.0,-1.0,-1.0,-1.0,-1.0,-1.0,1.0,-1.0,-1.0,1.0,-1.0,-1.0,-1.0,-1.0,-1.0,-1.0,-1.0,-1.0,-1.0,-1.0,-1.0,-1.0,-1.0,-1.0,-1.0,-1.0,-1.0,-1.0,-1.0,1.0,1.0,-1.0,1.0,-1.0,-1.0,-1.0,-1.0,-1.0,-1.0,-1.0,-1.0,-1.0,-1.0,-1.0,-1.0,-1.0,-1.0,-1.0,-1.0,-1.0,-1.0,-1.0,-1.0,-1.0,-1.0,-1.0,-1.0,-1.0,-1.0,-1.0,-1.0,-1.0,-1.0,-1.0,-1.0,-1.0,1.0,-1.0,-1.0,-1.0,-1.0,-1.0,-1.0,-1.0,-1.0,-1.0,-1.0,-1.0,-1.0,-1.0,-1.0,-1.0,-1.0,-1.0,-1.0,
Caribou,-1.0,0.0,-1.0,-0.7,-1.0,-0.7,-1.0,0.0,-0.7,-1.0,-0.7,-0.7,-1.0,-0.7,0.0,-1.0,-1.0,1.0,-0.7,-1.0,-0.7,-1.0,-1.0,0.0,0.0,-0.7,-0.7,-0.7,-1.0,-1.0,0.0,0.0,0.0,0.0,-0.7,0.0,0.0,1.0,0.0,-0.7,0.7,-1.0,0.0,-1.0,-1.0,0.0,-1.0,-1.0,-0.7,0.0,-0.7,-1.0,-0.7,-0.7,0.0,0.0,-0.7,-0.7,0.0,0.0,-0.7,-0.7,0.0,-1.0,0.0,-1.0,0.0,-1.0,-0.7,-0.7,0.0,-1.0,-0.7,-1.0,0.7,-1.0,-0.7,-1.0,0.0,-1.0,-0.7,-0.7,-0.7,-1.0,-1.0,-1.0,-0.7,-1.0,-1.0,0.0,-1.0,-0.7,-0.7,
Caribou,0.0,-0.7,-1.0,-1.0,-0.7,-1.0,0.0,-1.0,0.0,-1.0,-1.0,0.0,-0.7,-0.7,1.0,-1.0,-1.0,1.0,-1.0,-1.0,0.0,-1.0,0.0,-0.7,-1.0,-0.7,0.0,0.0,-1.0,-0.7,-1.0,-0.7,-1.0,-1.0,-0.7,0.0,0.0,1.0,0.7,0.0,1.0,-0.7,-1.0,-1.0,-1.0,-0.7,-1.0,-0.7,-1.0,-1.0,-0.7,-0.7,0.0,-0.7,0.0,-1.0,-1.0,-1.0,-0.7,0.0,-0.7,-1.0,0.0,-0.7,-1.0,0.0,-0.7,-1.0,0.0,-0.7,-1.0,-0.7,0.0,-1.0,0.7,-0.7,-0.7,-1.0,-1.0,-0.7,-0.7,-1.0,-1.0,0.0,-0.7,0.0,-1.0,-0.7,-1.0,-0.7,-1.0,-1.0,-0.7,
Capone Bege,-1.0,-1.0,-1.0,-1.0,-1.0,-1.0,-1.0,-1.0,-1.0,-1.0,-1.0,-1.0,-1.0,1.0,1.0,-1.0,-1.0,1.0,-1.0,-1.0,-1.0,-1.0,-1.0,-1.0,-1.0,-1.0,-1.0,-1.0,-1.0,-1.0,-1.0,-1.0,-1.0,-1.0,-1.0,-1.0,-1.0,-1.0,1.0,1.0,-1.0,-1.0,-1.0,-1.0,-1.0,-1.0,-1.0,-1.0,-1.0,-1.0,-1.0,-1.0,-1.0,-1.0,-1.0,-1.0,-1.0,-1.0,-1.0,-1.0,-1.0,-1.0,-1.0,-1.0,-1.0,-1.0,-1.0,-1.0,-1.0,-1.0,-1.0,-1.0,-1.0,-1.0,-1.0,-1.0,-1.0,-1.0,-1.0,1.0,-1.0,-1.0,-1.0,-1.0,-1.0,-1.0,-1.0,-1.0,-1.0,-1.0,-1.0,-1.0,-1.0,
Capone Bege,0.0,0.0,-1.0,0.0,0.0,-1.0,0.0,0.0,-1.0,-1.0,-1.0,0.0,-1.0,0.7,0.7,-0.7,-1.0,0.7,-0.7,-0.7,-1.0,0.0,-0.7,-0.7,-1.0,-1.0,0.0,0.0,-0.7,-1.0,-0.7,-1.0,-0.7,0.0,-1.0,-0.7,-1.0,0.0,1.0,0.7,-0.7,-0.7,-0.7,-0.7,0.0,-1.0,-0.7,-1.0,-0.7,-0.7,-1.0,-1.0,-1.0,-1.0,-0.7,-1.0,-1.0,-0.7,-0.7,-1.0,-1.0,0.0,-0.7,0.0,-0.7,-1.0,-0.7,-1.0,0.0,-1.0,-0.7,0.0,-0.7,-0.7,-1.0,-0.7,-1.0,-0.7,-1.0,0.7,-0.7,-1.0,-1.0,-1.0,-1.0,-1.0,-1.0,-0.7,-0.7,-1.0,-1.0,-1.0,-1.0,
Capone Bege,-1.0,-0.7,-0.7,0.0,0.0,-1.0,-1.0,-1.0,-1.0,-0.7,-1.0,-1.0,-1.0,1.0,0.0,0.0,-1.0,1.0,-0.7,-1.0,-1.0,-1.0,-0.7,-1.0,-0.7,-1.0,-0.7,0.0,-0.7,-1.0,0.0,-1.0,-1.0,-0.7,-1.0,-0.7,-1.0,-1.0,0.0,0.7,-1.0,-0.7,-1.0,-1.0,0.0,0.0,-0.7,-0.7,-0.7,-0.7,-1.0,-0.7,0.0,-1.0,-1.0,0.0,-0.7,-1.0,-0.7,-1.0,0.0,-0.7,-1.0,-0.7,-1.0,-0.7,-0.7,-1.0,-0.7,-1.0,0.0,-1.0,-0.7,-0.7,-1.0,0.0,-1.0,-0.7,-0.7,1.0,-1.0,0.0,0.0,-0.7,-1.0,-0.7,0.0,0.0,-1.0,0.0,-0.7,0.0,-1.0,
Camie,-1.0,-1.0,-1.0,-1.0,-1.0,-1.0,-1.0,-1.0,-1.0,-1.0,-1.0,-1.0,-1.0,-1.0,-1.0,-1.0,-1.0,1.0,-1.0,-1.0,-1.0,-1.0,-1.0,-1.0,-1.0,-1.0,-1.0,-1.0,-1.0,-1.0,-1.0,-1.0,-1.0,-1.0,-1.0,-1.0,-1.0,1.0,-1.0,-1.0,-1.0,-1.0,-1.0,-1.0,-1.0,-1.0,-1.0,-1.0,-1.0,-1.0,-1.0,-1.0,-1.0,-1.0,-1.0,-1.0,-1.0,-1.0,-1.0,-1.0,-1.0,-1.0,-1.0,-1.0,1.0,-1.0,-1.0,-1.0,-1.0,-1.0,-1.0,-1.0,-1.0,-1.0,-1.0,-1.0,-1.0,-1.0,-1.0,-1.0,-1.0,-1.0,1.0,1.0,-1.0,-1.0,-1.0,-1.0,-1.0,-1.0,-1.0,-1.0,-1.0,
Camie,-0.7,-0.7,-0.7,-1.0,-0.7,-0.7,-1.0,0.0,-0.7,-0.7,-1.0,-0.7,-0.7,-0.7,-1.0,-1.0,-0.7,0.0,-0.7,-0.7,-0.7,-1.0,-1.0,0.0,0.0,-0.7,-0.7,-1.0,-1.0,-1.0,-0.7,-1.0,-1.0,0.0,-1.0,-1.0,-1.0,1.0,-1.0,0.0,-0.7,-0.7,0.0,-1.0,-1.0,0.0,-1.0,-0.7,-1.0,-0.7,-1.0,-1.0,-0.7,0.0,-1.0,-1.0,-1.0,-1.0,-1.0,0.0,-0.7,0.0,-1.0,-1.0,1.0,-0.7,-1.0,-1.0,-0.7,-1.0,-1.0,-1.0,-1.0,-1.0,-0.7,-1.0,-0.7,0.0,-1.0,-1.0,-0.7,-0.7,0.7,0.7,-0.7,-0.7,-1.0,0.0,-1.0,-0.7,-0.7,-0.7,-1.0,
Camie,-0.7,-1.0,0.0,-0.7,-0.7,-0.7,0.0,-0.7,-1.0,-1.0,-1.0,-1.0,-1.0,0.0,-0.7,0.0,-1.0,1.0,-1.0,-1.0,-0.7,-1.0,-1.0,0.0,0.0,-1.0,-1.0,-0.7,-1.0,-0.7,-0.7,-0.7,0.0,-1.0,0.0,-0.7,-1.0,1.0,-0.7,-1.0,-0.7,-1.0,0.0,-0.7,-0.7,-1.0,-1.0,-0.7,0.0,-0.7,-1.0,0.0,0.0,0.0,-0.7,0.0,-1.0,0.0,-0.7,0.0,-1.0,-1.0,-0.7,0.0,1.0,-1.0,-0.7,-0.7,-0.7,0.0,0.0,-0.7,-1.0,0.0,-0.7,0.0,-0.7,-0.7,-1.0,0.0,-0.7,-0.7,0.7,0.7,-1.0,-1.0,-1.0,-1.0,-1.0,-0.7,0.0,0.0,-0.7,
Byron,-1.0,-1.0,-1.0,-1.0,-1.0,-1.0,-1.0,-1.0,-1.0,-1.0,-1.0,-1.0,-1.0,1.0,-1.0,-1.0,-1.0,1.0,-1.0,-1.0,-1.0,-1.0,-1.0,-1.0,-1.0,-1.0,-1.0,-1.0,-1.0,-1.0,-1.0,-1.0,-1.0,-1.0,-1.0,-1.0,-1.0,1.0,-1.0,-1.0,-1.0,-1.0,-1.0,-1.0,-1.0,-1.0,-1.0,-1.0,-1.0,-1.0,-1.0,-1.0,-1.0,-1.0,-1.0,-1.0,-1.0,-1.0,-1.0,-1.0,-1.0,-1.0,-1.0,-1.0,-1.0,-1.0,-1.0,-1.0,-1.0,-1.0,-1.0,-1.0,-1.0,-1.0,-1.0,-1.0,-1.0,-1.0,-1.0,1.0,-1.0,-1.0,-1.0,-1.0,-1.0,-1.0,-1.0,-1.0,-1.0,-1.0,-1.0,-1.0,-1.0,
Byron,-1.0,-1.0,-1.0,0.0,-0.7,-1.0,-0.7,-0.7,-1.0,-0.7,0.0,-1.0,-1.0,1.0,-1.0,-1.0,0.0,0.0,-0.7,-0.7,-0.7,-1.0,-1.0,-0.7,-1.0,-0.7,0.0,-0.7,0.0,-0.7,-0.7,-1.0,-0.7,-0.7,0.0,-0.7,-1.0,0.0,-1.0,0.0,-0.7,-0.7,-1.0,-0.7,-1.0,-1.0,-1.0,-0.7,-0.7,-1.0,-0.7,-1.0,-0.7,-0.7,-1.0,0.0,-1.0,-0.7,-0.7,0.0,-1.0,-0.7,0.0,-0.7,-1.0,-1.0,-0.7,-0.7,-1.0,-0.7,-1.0,-0.7,-1.0,-1.0,0.0,-0.7,-0.7,-0.7,-0.7,0.7,-1.0,-1.0,0.0,-1.0,-0.7,0.0,0.0,-1.0,0.0,-1.0,-1.0,-0.7,-0.7,
Byron,-1.0,-1.0,-0.7,-1.0,-1.0,-0.7,-0.7,-0.7,-0.7,-1.0,-1.0,-0.7,-1.0,1.0,-0.7,0.0,-1.0,1.0,-1.0,-0.7,-0.7,-1.0,-0.7,0.0,-0.7,-0.7,-1.0,-0.7,0.0,-0.7,-1.0,0.0,-1.0,-0.7,-1.0,-0.7,-1.0,0.0,0.0,-0.7,0.0,-1.0,-0.7,0.0,-0.7,-0.7,-0.7,-1.0,-0.7,-1.0,-0.7,0.0,-1.0,-0.7,0.0,-1.0,-0.7,0.0,-0.7,-0.7,0.0,0.0,-0.7,-0.7,-1.0,0.0,-1.0,-1.0,-1.0,-1.0,0.0,0.0,-0.7,-1.0,0.0,0.0,0.0,-1.0,-0.7,0.7,-0.7,-0.7,-1.0,0.0,-0.7,-1.0,-0.7,-1.0,-1.0,-1.0,-0.7,-0.7,-1.0,
Cabaji,-1.0,-1.0,-1.0,-1.0,-1.0,-1.0,-1.0,1.0,1.0,-1.0,-1.0,-1.0,-1.0,1.0,-1.0,-1.0,1.0,1.0,-1.0,-1.0,-1.0,-1.0,-1.0,-1.0,-1.0,-1.0,-1.0,-1.0,-1.0,-1.0,-1.0,-1.0,-1.0,-1.0,-1.0,-1.0,-1.0,1.0,-1.0,-1.0,-1.0,-1.0,-1.0,-1.0,-1.0,-1.0,-1.0,-1.0,-1.0,-1.0,-1.0,-1.0,-1.0,-1.0,-1.0,-1.0,-1.0,-1.0,-1.0,-1.0,-1.0,-1.0,-1.0,-1.0,-1.0,-1.0,-1.0,-1.0,-1.0,-1.0,-1.0,-1.0,-1.0,-1.0,-1.0,-1.0,-1.0,-1.0,-1.0,-1.0,-1.0,-1.0,-1.0,-1.0,-1.0,-1.0,-1.0,-1.0,-1.0,-1.0,-1.0,-1.0,-1.0,
Cabaji,-0.7,-1.0,-0.7,0.0,-1.0,0.0,-1.0,0.7,0.0,-0.7,-1.0,-1.0,-1.0,1.0,0.0,-1.0,0.7,1.0,-0.7,0.0,-1.0,-1.0,-0.7,-0.7,-0.7,-1.0,-1.0,-1.0,0.0,-0.7,-0.7,-1.0,-0.7,0.0,-1.0,-1.0,-0.7,0.0,-0.7,-0.7,-0.7,0.0,-0.7,-0.7,-0.7,-0.7,-0.7,0.0,-0.7,-1.0,-1.0,-0.7,0.0,-1.0,-1.0,-0.7,-1.0,-0.7,0.0,-0.7,-0.7,0.0,-0.7,-0.7,-1.0,-0.7,-1.0,-1.0,-1.0,-1.0,-0.7,0.0,-1.0,-0.7,-0.7,-1.0,-1.0,-1.0,-0.7,-1.0,-1.0,-0.7,-0.7,-0.7,-0.7,-0.7,-0.7,-1.0,-1.0,0.0,-1.0,-1.0,0.0,
Cabaji,-0.7,-0.7,-1.0,-0.7,-1.0,-1.0,-1.0,0.7,0.7,-1.0,-1.0,-1.0,-0.7,1.0,0.0,-0.7,0.7,0.7,-1.0,-0.7,-1.0,-0.7,0.0,0.0,-0.7,-0.7,-0.7,-0.7,-1.0,-0.7,-1.0,-1.0,0.0,-0.7,-1.0,-1.0,-0.7,0.0,0.0,-0.7,-1.0,-1.0,-0.7,0.0,-1.0,-0.7,-0.7,0.0,-0.7,0.0,-1.0,-0.7,-0.7,0.0,-1.0,-0.7,0.0,-0.7,-0.7,0.0,-1.0,-1.0,0.0,-1.0,-0.7,-1.0,-0.7,0.0,-1.0,-0.7,-1.0,-1.0,-0.7,-1.0,-0.7,0.0,0.0,0.0,-1.0,-1.0,-0.7,-0.7,-1.0,-0.7,-0.7,-0.7,-0.7,-1.0,-0.7,0.0,-1.0,-0.7,-0.7,
Caesar Clown,-1.0,-1.0,-1.0,-1.0,-1.0,-1.0,-1.0,-1.0,-1.0,-1.0,-1.0,-1.0,-1.0,-1.0,-1.0,-1.0,-1.0,1.0,-1.0,-1.0,-1.0,-1.0,-1.0,-1.0,-1.0,-1.0,-1.0,-1.0,-1.0,-1.0,-1.0,-1.0,-1.0,-1.0,1.0,-1.0,-1.0,1.0,1.0,-1.0,1.0,-1.0,-1.0,-1.0,-1.0,-1.0,-1.0,-1.0,-1.0,-1.0,-1.0,-1.0,-1.0,-1.0,-1.0,-1.0,-1.0,-1.0,-1.0,-1.0,-1.0,-1.0,-1.0,-1.0,-1.0,-1.0,-1.0,-1.0,-1.0,-1.0,-1.0,-1.0,-1.0,-1.0,-1.0,-1.0,-1.0,-1.0,-1.0,-1.0,-1.0,1.0,-1.0,-1.0,-1.0,-1.0,-1.0,-1.0,-1.0,-1.0,-1.0,-1.0,-1.0,
Caesar Clown,-0.7,-0.7,0.0,-0.7,0.0,-1.0,-0.7,-0.7,-0.7,0.0,-1.0,-0.7,0.0,-0.7,-0.7,-0.7,-1.0,0.7,-1.0,-0.7,-0.7,-1.0,-0.7,-0.7,-1.0,0.0,-0.7,0.0,-1.0,-0.7,-1.0,-1.0,-1.0,-0.7,0.0,0.0,-0.7,0.7,0.7,-1.0,0.7,-0.7,-0.7,-1.0,-1.0,-0.7,-1.0,-0.7,-1.0,-0.7,-1.0,0.0,-0.7,-1.0,-1.0,-1.0,-0.7,-0.7,-0.7,-0.7,-0.7,-0.7,0.0,0.0,0.0,-1.0,0.0,-0.7,-0.7,-0.7,-0.7,-0.7,-0.7,0.0,-0.7,-1.0,-1.0,-1.0,-0.7,-1.0,-0.7,0.0,0.0,-1.0,-1.0,-1.0,-1.0,-0.7,-0.7,-1.0,-1.0,-1.0,-0.7,
Caesar Clown,-1.0,-0.7,-0.7,-0.7,-0.7,-0.7,-1.0,-0.7,0.0,-0.7,0.0,-0.7,0.0,-0.7,-0.7,0.0,-0.7,1.0,-1.0,-0.7,-0.7,-1.0,-0.7,-1.0,0.0,-0.7,-0.7,0.0,-1.0,-0.7,-1.0,-1.0,-1.0,0.0,1.0,-0.7,-1.0,0.7,0.7,-1.0,0.7,-1.0,-1.0,-0.7,-1.0,-0.7,-1.0,-0.7,-0.7,-0.7,-0.7,0.0,-1.0,-0.7,-1.0,0.0,-1.0,-0.7,0.0,-1.0,0.0,-1.0,-0.7,-0.7,-0.7,-0.7,0.0,-1.0,-1.0,-1.0,-0.7,-0.7,-1.0,-0.7,0.0,-0.7,0.0,-1.0,0.0,-0.7,-0.7,1.0,-0.7,-0.7,-1.0,-1.0,0.0,-1.0,-0.7,-0.7,0.0,-0.7,-1.0,
Buffalo,-1.0,-1.0,-1.0,-1.0,-1.0,-1.0,-1.0,-1.0,-1.0,-1.0,-1.0,-1.0,-1.0,-1.0,-1.0,-1.0,-1.0,1.0,-1.0,-1.0,-1.0,-1.0,-1.0,-1.0,-1.0,-1.0,-1.0,-1.0,-1.0,-1.0,-1.0,-1.0,-1.0,-1.0,-1.0,-1.0,-1.0,1.0,1.0,1.0,-1.0,-1.0,-1.0,-1.0,-1.0,-1.0,-1.0,-1.0,-1.0,-1.0,-1.0,-1.0,-1.0,-1.0,-1.0,-1.0,-1.0,-1.0,-1.0,-1.0,-1.0,-1.0,-1.0,-1.0,-1.0,-1.0,-1.0,-1.0,-1.0,-1.0,-1.0,-1.0,-1.0,-1.0,-1.0,-1.0,-1.0,-1.0,-1.0,-1.0,-1.0,1.0,-1.0,-1.0,-1.0,-1.0,-1.0,-1.0,-1.0,-1.0,-1.0,-1.0,-1.0,
Buffalo,-0.7,-0.7,-0.7,-1.0,-0.7,0.0,0.0,-1.0,-1.0,-0.7,-0.7,-0.7,0.0,0.0,0.0,-1.0,0.0,0.0,-1.0,-0.7,-1.0,0.0,-1.0,-0.7,-0.7,0.0,-0.7,-1.0,0.0,-0.7,-0.7,-0.7,0.0,-0.7,-1.0,0.0,-1.0,0.7,0.7,1.0,-1.0,-1.0,0.0,-0.7,-1.0,-0.7,-0.7,-1.0,-0.7,-1.0,-0.7,0.0,-0.7,-0.7,-0.7,-0.7,-1.0,-1.0,-0.7,-0.7,-0.7,-1.0,-0.7,-0.7,-0.7,-0.7,-1.0,-1.0,-1.0,-0.7,-0.7,-0.7,0.0,-1.0,-1.0,-0.7,-0.7,-0.7,-1.0,-1.0,-0.7,0.7,-1.0,-1.0,-1.0,-1.0,-0.7,-0.7,-0.7,-1.0,0.0,-1.0,0.0,
Buffalo,-1.0,-1.0,-0.7,-0.7,0.0,-0.7,0.0,0.0,-0.7,0.0,-0.7,-1.0,-1.0,-1.0,-0.7,-1.0,0.0,0.0,-0.7,0.0,0.0,-1.0,-1.0,-0.7,-1.0,-0.7,-0.7,0.0,-1.0,0.0,-1.0,0.0,-1.0,-1.0,-0.7,0.0,-0.7,1.0,0.0,0.7,-0.7,-1.0,-1.0,-0.7,-0.7,-1.0,0.0,-1.0,-1.0,0.0,-1.0,-1.0,-1.0,-1.0,0.0,-1.0,0.0,-0.7,0.0,-0.7,-0.7,-0.7,-0.7,-0.7,-0.7,-0.7,-1.0,0.0,-0.7,-0.7,-1.0,-1.0,0.0,-0.7,-1.0,-0.7,0.0,-1.0,0.0,-0.7,-1.0,0.0,-0.7,-1.0,-1.0,0.0,-0.7,-1.0,-0.7,-0.7,-0.7,-1.0,-0.7,
Buckingham Stussy,-1.0,-1.0,-1.0,-1.0,-1.0,-1.0,-1.0,-1.0,-1.0,-1.0,-1.0,-1.0,-1.0,-1.0,-1.0,-1.0,-1.0,1.0,-1.0,-1.0,-1.0,-1.0,-1.0,-1.0,-1.0,-1.0,-1.0,-1.0,-1.0,-1.0,-1.0,-1.0,-1.0,-1.0,-1.0,-1.0,-1.0,-1.0,-1.0,-1.0,-1.0,-1.0,-1.0,-1.0,-1.0,-1.0,-1.0,-1.0,-1.0,-1.0,-1.0,-1.0,-1.0,-1.0,-1.0,-1.0,-1.0,-1.0,-1.0,-1.0,-1.0,-1.0,-1.0,-1.0,-1.0,-1.0,-1.0,-1.0,-1.0,-1.0,-1.0,-1.0,-1.0,-1.0,-1.0,-1.0,-1.0,-1.0,-1.0,-1.0,-1.0,-1.0,-1.0,-1.0,-1.0,-1.0,-1.0,1.0,-1.0,-1.0,-1.0,-1.0,-1.0,
Buckingham Stussy,-1.0,-1.0,-0.7,-0.7,-1.0,-1.0,0.0,-0.7,-0.7,0.0,-0.7,-1.0,-0.7,-1.0,-0.7,-0.7,0.0,0.7,-0.7,-1.0,-1.0,-1.0,-1.0,0.0,0.0,-0.7,-1.0,-0.7,-0.7,-0.7,-0.7,-1.0,-1.0,-1.0,-0.7,-0.7,-1.0,-1.0,-0.7,-1.0,-1.0,-1.0,-1.0,-1.0,-0.7,-1.0,-1.0,-1.0,0.0,0.0,0.0,-1.0,0.0,0.0,0.0,-1.0,0.0,-1.0,-0.7,-0.7,-0.7,0.0,0.0,-0.7,-1.0,-0.7,-1.0,0.0,-0.7,0.0,0.0,-1.0,-1.0,-1.0,-0.7,0.0,-0.7,0.0,0.0,-1.0,-1.0,-1.0,0.0,-0.7,-1.0,-1.0,0.0,0.7,-0.7,-1.0,-0.7,0.0,0.0,
Buckingham Stussy,-0.7,-0.7,-0.7,-1.0,-1.0,-1.0,-1.0,0.0,0.0,-1.0,0.0,-0.7,0.0,-1.0,-0.7,-0.7,0.0,0.0,-1.0,-0.7,0.0,-0.7,-0.7,-0.7,-1.0,0.0,-0.7,-1.0,0.0,0.0,-0.7,-0.7,-1.0,0.0,-1.0,0.0,0.0,-1.0,0.0,0.0,0.0,-0.7,-0.7,-1.0,-0.7,-1.0,-1.0,-1.0,-0.7,-1.0,-1.0,-0.7,0.0,-1.0,0.0,-0.7,-0.7,-1.0,0.0,-1.0,-0.7,-0.7,0.0,0.0,-1.0,-1.0,-0.7,0.0,-0.7,0.0,-1.0,-1.0,-1.0,-1.0,0.0,0.0,0.0,-0.7,-0.7,-1.0,-0.7,-1.0,-0.7,-1.0,-0.7,0.0,0.0,0.7,-1.0,-1.0,-1.0,-0.7,-0.7,
Buchi,-1.0,-1.0,-1.0,-1.0,-1.0,-1.0,-1.0,-1.0,-1.0,-1.0,-1.0,-1.0,-1.0,-1.0,-1.0,-1.0,1.0,1.0,-1.0,-1.0,-1.0,-1.0,-1.0,-1.0,-1.0,-1.0,-1.0,-1.0,-1.0,-1.0,-1.0,-1.0,-1.0,-1.0,-1.0,-1.0,-1.0,1.0,-1.0,-1.0,-1.0,-1.0,-1.0,-1.0,-1.0,-1.0,-1.0,-1.0,-1.0,-1.0,-1.0,-1.0,-1.0,-1.0,-1.0,-1.0,-1.0,-1.0,-1.0,-1.0,-1.0,-1.0,-1.0,-1.0,-1.0,-1.0,-1.0,-1.0,-1.0,-1.0,-1.0,-1.0,-1.0,-1.0,-1.0,-1.0,-1.0,-1.0,-1.0,-1.0,-1.0,-1.0,-1.0,-1.0,-1.0,-1.0,-1.0,-1.0,-1.0,-1.0,-1.0,-1.0,-1.0,
Buchi,-1.0,0.0,-0.7,-1.0,0.0,-0.7,0.0,-0.7,-0.7,-1.0,-1.0,-0.7,-0.7,-1.0,-1.0,-0.7,0.7,0.7,-0.7,0.0,0.0,-0.7,-0.7,-0.7,-1.0,-0.7,0.0,-1.0,-0.7,-1.0,0.0,-1.0,-0.7,-0.7,-1.0,-0.7,-1.0,0.7,-1.0,-1.0,-1.0,-0.7,-0.7,-0.7,-1.0,-0.7,-1.0,-0.7,0.0,0.0,-1.0,-1.0,-0.7,-1.0,-0.7,-0.7,0.0,-1.0,0.0,0.0,-0.7,-0.7,-1.0,-0.7,-0.7,-0.7,-1.0,-0.7,-1.0,-1.0,-1.0,-0.7,-0.7,-0.7,-0.7,-0.7,-1.0,-0.7,-0.7,-1.0,0.0,-1.0,-0.7,-0.7,-1.0,-0.7,0.0,0.0,-1.0,-1.0,-1.0,-0.7,-0.7,
Buchi,-0.7,-0.7,0.0,-1.0,-0.7,-0.7,-1.0,-1.0,-1.0,0.0,-0.7,0.0,-0.7,-0.7,-0.7,-1.0,0.0,0.7,-1.0,-0.7,-1.0,-1.0,-0.7,-0.7,-1.0,-0.7,0.0,-1.0,-1.0,-1.0,0.0,-0.7,0.0,-0.7,-0.7,-0.7,-1.0,1.0,-1.0,0.0,-0.7,0.0,-0.7,-1.0,0.0,-0.7,0.0,-1.0,-1.0,-1.0,-1.0,-0.7,0.0,0.0,-0.7,-1.0,-1.0,-1.0,-0.7,-0.7,0.0,-1.0,-0.7,-0.7,-0.7,0.0,0.0,-1.0,0.0,-1.0,-1.0,0.0,0.0,-1.0,-1.0,0.0,0.0,-1.0,0.0,-0.7,-0.7,-0.7,-1.0,-0.7,-0.7,-0.7,-0.7,-1.0,0.0,-0.7,-0.7,-1.0,-1.0,
Buggy,-1.0,-1.0,-1.0,-1.0,-1.0,-1.0,-1.0,-1.0,-1.0,-1.0,-1.0,-1.0,-1.0,-1.0,1.0,-1.0,1.0,1.0,-1.0,-1.0,-1.0,-1.0,-1.0,-1.0,-1.0,-1.0,-1.0,-1.0,-1.0,-1.0,-1.0,-1.0,-1.0,-1.0,-1.0,-1.0,-1.0,1.0,1.0,1.0,-1.0,-1.0,-1.0,-1.0,-1.0,-1.0,-1.0,-1.0,-1.0,-1.0,1.0,1.0,-1.0,-1.0,-1.0,-1.0,-1.0,-1.0,-1.0,-1.0,-1.0,-1.0,-1.0,-1.0,-1.0,-1.0,-1.0,-1.0,-1.0,-1.0,-1.0,-1.0,-1.0,-1.0,-1.0,-1.0,-1.0,-1.0,-1.0,-1.0,-1.0,-1.0,-1.0,-1.0,-1.0,-1.0,-1.0,-1.0,-1.0,-1.0,-1.0,1.0,1.0,
Buggy,-1.0,-1.0,-1.0,-1.0,-1.0,-1.0,0.0,-1.0,-1.0,0.0,-1.0,-0.7,-0.7,-1.0,1.0,0.0,1.0,0.7,-1.0,0.0,-1.0,0.0,-1.0,-1.0,-0.7,-1.0,-1.0,0.0,-0.7,-1.0,-0.7,-0.7,-1.0,0.0,0.0,-0.7,-0.7,0.7,0.0,0.7,-1.0,-1.0,-0.7,0.0,0.0,0.0,-0.7,-1.0,-1.0,-1.0,0.7,1.0,-1.0,-1.0,-0.7,-1.0,-0.7,-0.7,0.0,0.0,-1.0,0.0,-0.7,-1.0,-1.0,-0.7,-1.0,-0.7,-1.0,-1.0,-0.7,-1.0,-1.0,-1.0,-1.0,-1.0,-1.0,0.0,0.0,-0.7,0.0,-1.0,-0.7,0.0,-0.7,-0.7,-1.0,-1.0,-1.0,-1.0,-1.0,0.0,1.0,
Buggy,-0.7,-0.7,-0.7,-0.7,0.0,-0.7,-0.7,-1.0,-0.7,-0.7,-1.0,0.0,0.0,-0.7,0.0,-1.0,0.7,0.7,-1.0,-0.7,-0.7,-1.0,-1.0,-1.0,-1.0,-0.7,-0.7,-1.0,-0.7,0.0,-1.0,-1.0,-0.7,0.0,-0.7,0.0,-0.7,1.0,1.0,0.7,-1.0,-1.0,-1.0,-0.7,-1.0,-0.7,-0.7,-1.0,-1.0,-0.7,0.0,0.0,-1.0,0.0,-1.0,-1.0,-1.0,-0.7,-0.7,-0.7,-1.0,-1.0,-0.7,-1.0,-0.7,-0.7,-0.7,-0.7,-1.0,-0.7,-0.7,0.0,-1.0,0.0,0.0,-0.7,-0.7,-0.7,-1.0,-0.7,-1.0,-0.7,-0.7,-0.7,-1.0,-0.7,0.0,-0.7,-0.7,-0.7,-0.7,1.0,0.7,
Brook,-1.0,-1.0,-1.0,-1.0,-1.0,-1.0,-1.0,1.0,1.0,-1.0,-1.0,-1.0,-1.0,-1.0,1.0,-1.0,-1.0,1.0,-1.0,-1.0,-1.0,-1.0,-1.0,-1.0,-1.0,-1.0,-1.0,-1.0,-1.0,-1.0,-1.0,-1.0,-1.0,-1.0,-1.0,-1.0,-1.0,1.0,1.0,1.0,-1.0,-1.0,-1.0,-1.0,-1.0,-1.0,-1.0,-1.0,-1.0,-1.0,-1.0,-1.0,-1.0,-1.0,-1.0,-1.0,-1.0,-1.0,-1.0,-1.0,-1.0,-1.0,-1.0,-1.0,-1.0,-1.0,-1.0,-1.0,-1.0,-1.0,-1.0,-1.0,-1.0,-1.0,-1.0,-1.0,-1.0,-1.0,-1.0,-1.0,-1.0,-1.0,-1.0,-1.0,1.0,-1.0,-1.0,-1.0,-1.0,-1.0,-1.0,-1.0,-1.0,
Brook,-1.0,-0.7,-0.7,-1.0,-1.0,-0.7,-1.0,1.0,0.7,-1.0,-1.0,-1.0,0.0,-1.0,0.0,-0.7,-1.0,0.0,-1.0,-0.7,-0.7,-0.7,-1.0,-1.0,0.0,-1.0,-0.7,-0.7,-1.0,-0.7,-1.0,-1.0,0.0,0.0,-1.0,-1.0,0.0,0.7,1.0,1.0,-0.7,-0.7,0.0,-0.7,0.0,-0.7,-1.0,-1.0,-1.0,-1.0,-0.7,-0.7,-0.7,-1.0,-1.0,-0.7,0.0,-0.7,-1.0,-1.0,0.0,0.0,-1.0,-1.0,-0.7,-0.7,-1.0,-0.7,-0.7,-1.0,-0.7,-1.0,-0.7,-1.0,-1.0,-0.7,-0.7,-0.7,-0.7,-1.0,-1.0,-0.7,-1.0,-0.7,0.0,-1.0,-1.0,-1.0,-0.7,-1.0,-1.0,-0.7,-0.7,
Brook,-1.0,-0.7,-1.0,-0.7,-1.0,-0.7,-0.7,0.0,0.7,0.0,-0.7,0.0,-0.7,-1.0,1.0,-0.7,-0.7,0.7,-0.7,-0.7,-0.7,-1.0,0.0,-0.7,-0.7,-0.7,0.0,-1.0,-0.7,0.0,-0.7,-0.7,-0.7,-1.0,-1.0,0.0,-0.7,0.0,0.7,0.7,-0.7,-1.0,-1.0,0.0,0.0,-0.7,-1.0,-0.7,-1.0,-0.7,-0.7,-0.7,-0.7,-1.0,-0.7,-1.0,-0.7,-0.7,-1.0,-0.7,-1.0,-1.0,-0.7,0.0,-1.0,-0.7,-1.0,-1.0,0.0,0.0,-1.0,0.0,-1.0,-1.0,-1.0,-0.7,-1.0,-0.7,-1.0,-1.0,-0.7,0.0,-0.7,-1.0,0.0,-1.0,-0.7,-0.7,-0.7,-0.7,-1.0,0.0,-1.0,
Brogy,-1.0,-1.0,-1.0,-1.0,-1.0,-1.0,-1.0,-1.0,-1.0,-1.0,-1.0,-1.0,-1.0,-1.0,1.0,-1.0,-1.0,1.0,-1.0,-1.0,-1.0,-1.0,-1.0,-1.0,-1.0,-1.0,-1.0,-1.0,-1.0,-1.0,-1.0,-1.0,-1.0,-1.0,-1.0,-1.0,-1.0,1.0,-1.0,-1.0,-1.0,-1.0,-1.0,-1.0,-1.0,-1.0,-1.0,-1.0,-1.0,-1.0,-1.0,-1.0,-1.0,-1.0,-1.0,-1.0,-1.0,-1.0,-1.0,-1.0,-1.0,-1.0,-1.0,-1.0,-1.0,-1.0,1.0,-1.0,-1.0,-1.0,-1.0,-1.0,-1.0,-1.0,-1.0,-1.0,-1.0,-1.0,1.0,-1.0,-1.0,-1.0,-1.0,-1.0,-1.0,-1.0,-1.0,-1.0,-1.0,-1.0,-1.0,-1.0,-1.0,
Brogy,0.0,-1.0,-1.0,-0.7,0.0,-0.7,-1.0,-1.0,-0.7,0.0,-0.7,-1.0,-1.0,0.0,1.0,-0.7,0.0,0.0,-1.0,-0.7,0.0,-0.7,-0.7,-0.7,-0.7,-0.7,-0.7,-0.7,-0.7,-0.7,-0.7,0.0,-1.0,0.0,-1.0,-0.7,0.0,1.0,0.0,0.0,0.0,-0.7,-1.0,-1.0,-1.0,-0.7,-0.7,-1.0,-0.7,-0.7,0.0,-1.0,-0.7,-0.7,-0.7,-1.0,-1.0,-0.7,-0.7,-0.7,0.0,-1.0,-1.0,-0.7,-1.0,0.0,1.0,0.0,-0.7,-1.0,-0.7,-0.7,-1.0,-0.7,-1.0,-1.0,-0.7,-0.7,1.0,0.0,-0.7,-1.0,-0.7,0.0,-0.7,-0.7,-1.0,-1.0,0.0,-1.0,-0.7,-1.0,-0.7,
Brogy,-1.0,-1.0,-0.7,0.0,-0.7,-1.0,-1.0,-0.7,-1.0,-1.0,-1.0,0.0,0.0,-0.7,0.7,-0.7,-0.7,1.0,-0.7,-0.7,-1.0,-0.7,-0.7,-0.7,0.0,-0.7,0.0,-1.0,-0.7,-1.0,-1.0,-0.7,-1.0,-0.7,0.0,-0.7,-0.7,0.7,0.0,-1.0,-1.0,0.0,0.0,-0.7,-1.0,0.0,-0.7,-0.7,0.0,-1.0,-1.0,-0.7,-1.0,0.0,-0.7,-1.0,-1.0,-1.0,0.0,-1.0,-1.0,-0.7,-0.7,-1.0,-0.7,0.0,0.7,-1.0,-0.7,0.0,-1.0,-0.7,-1.0,-0.7,-1.0,-0.7,-1.0,-1.0,0.7,-1.0,0.0,-1.0,-0.7,0.0,-1.0,0.0,-1.0,-0.7,-1.0,-1.0,-1.0,-1.0,0.0,
Brannew,-1.0,-1.0,-1.0,-1.0,-1.0,-1.0,-1.0,-1.0,-1.0,-1.0,-1.0,-1.0,-1.0,-1.0,-1.0,-1.0,-1.0,1.0,-1.0,-1.0,-1.0,-1.0,-1.0,-1.0,-1.0,-1.0,-1.0,-1.0,-1.0,-1.0,-1.0,-1.0,-1.0,-1.0,-1.0,-1.0,-1.0,1.0,-1.0,-1.0,-1.0,-1.0,-1.0,-1.0,-1.0,-1.0,-1.0,-1.0,-1.0,-1.0,-1.0,-1.0,-1.0,-1.0,-1.0,-1.0,-1.0,-1.0,-1.0,-1.0,-1.0,-1.0,-1.0,-1.0,-1.0,-1.0,-1.0,-1.0,-1.0,-1.0,-1.0,-1.0,-1.0,-1.0,-1.0,-1.0,-1.0,-1.0,-1.0,-1.0,-1.0,-1.0,-1.0,-1.0,-1.0,-1.0,-1.0,-1.0,1.0,1.0,-1.0,-1.0,-1.0,
Brannew,-0.7,-1.0,-0.7,-0.7,0.0,-1.0,-0.7,-1.0,-0.7,-0.7,-0.7,-0.7,-1.0,-1.0,-1.0,-0.7,0.0,0.7,-1.0,-1.0,-0.7,-0.7,-0.7,-1.0,-0.7,-0.7,-1.0,-0.7,0.0,-0.7,0.0,0.0,-1.0,0.0,-0.7,0.0,-1.0,1.0,-0.7,-1.0,-0.7,0.0,0.0,-1.0,-1.0,0.0,-1.0,-0.7,0.0,-0.7,0.0,0.0,-0.7,-0.7,-0.7,-0.7,-1.0,-0.7,-0.7,-1.0,-0.7,-1.0,-0.7,-1.0,0.0,-1.0,0.0,-0.7,-1.0,-0.7,-0.7,0.0,-0.7,-0.7,-0.7,-0.7,-0.7,-1.0,-1.0,-1.0,-0.7,-1.0,-1.0,0.0,-0.7,-1.0,-0.7,-0.7,1.0,0.7,0.0,-1.0,-0.7,
Brannew,-0.7,-1.0,-0.7,-0.7,-0.7,-0.7,-0.7,-1.0,-1.0,0.0,-0.7,-0.7,-0.7,-0.7,-1.0,-1.0,0.0,1.0,-0.7,-1.0,-0.7,-0.7,-0.7,-1.0,-0.7,-1.0,-1.0,-1.0,0.0,-0.7,-0.7,-0.7,0.0,-1.0,-1.0,-0.7,-1.0,0.7,-0.7,-0.7,-0.7,-1.0,-0.7,-0.7,0.0,-1.0,-1.0,-1.0,-1.0,0.0,-1.0,-1.0,0.0,-0.7,-0.7,-1.0,-0.7,0.0,-0.7,-1.0,-1.0,-1.0,0.0,-0.7,-1.0,0.0,-1.0,-0.7,0.0,-0.7,0.0,0.0,-1.0,-1.0,0.0,-1.0,0.0,-1.0,-0.7,-1.0,0.0,-0.7,-1.0,0.0,-0.7,0.0,-0.7,0.0,1.0,0.0,-0.7,-1.0,-1.0,
Braham,-1.0,-1.0,-1.0,-1.0,-1.0,-1.0,-1.0,-1.0,-1.0,-1.0,-1.0,-1.0,-1.0,-1.0,-1.0,-1.0,-1.0,1.0,-1.0,-1.0,-1.0,-1.0,-1.0,-1.0,-1.0,-1.0,-1.0,-1.0,-1.0,-1.0,-1.0,-1.0,-1.0,-1.0,-1.0,-1.0,-1.0,-1.0,-1.0,-1.0,-1.0,-1.0,-1.0,-1.0,-1.0,-1.0,-1.0,-1.0,-1.0,-1.0,-1.0,-1.0,-1.0,-1.0,-1.0,-1.0,-1.0,-1.0,-1.0,-1.0,1.0,-1.0,-1.0,-1.0,-1.0,-1.0,-1.0,1.0,-1.0,-1.0,-1.0,-1.0,-1.0,1.0,-1.0,-1.0,-1.0,-1.0,-1.0,-1.0,-1.0,-1.0,-1.0,-1.0,-1.0,-1.0,-1.0,-1.0,-1.0,-1.0,-1.0,-1.0,-1.0,
Braham,-1.0,-1.0,-0.7,-0.7,0.0,0.0,-0.7,-0.7,0.0,-1.0,-1.0,-0.7,-1.0,-0.7,-0.7,0.0,0.0,0.7,-0.7,-0.7,-1.0,0.0,-0.7,-1.0,-0.7,-0.7,-0.7,-1.0,-0.7,0.0,-1.0,-1.0,-1.0,-1.0,-1.0,0.0,-0.7,0.0,-1.0,-0.7,-0.7,-0.7,-0.7,-0.7,-1.0,-0.7,-1.0,-1.0,-0.7,-0.7,-1.0,-0.7,-1.0,0.0,-1.0,0.0,-1.0,-0.7,-1.0,0.0,1.0,-1.0,-1.0,0.0,-1.0,0.0,-1.0,1.0,0.0,-0.7,-1.0,-1.0,-0.7,0.0,-0.7,-0.7,-1.0,-0.7,-1.0,-0.7,-0.7,-0.7,-1.0,-1.0,0.0,-1.0,-1.0,0.0,-0.7,-1.0,-0.7,0.0,0.0,
Braham,-0.7,-1.0,0.0,0.0,0.0,-1.0,-1.0,-1.0,-1.0,-1.0,-1.0,0.0,0.0,0.0,-1.0,-0.7,-1.0,0.7,-1.0,-1.0,-1.0,-1.0,-1.0,-1.0,-1.0,-0.7,0.0,0.0,-0.7,-1.0,-0.7,-1.0,-0.7,0.0,-1.0,0.0,-1.0,-1.0,-0.7,0.0,-1.0,-1.0,-0.7,-0.7,-1.0,-1.0,-1.0,-0.7,-0.7,0.0,-0.7,-1.0,-1.0,-0.7,-1.0,0.0,-0.7,-0.7,-0.7,-0.7,1.0,-0.7,-0.7,-1.0,-0.7,-0.7,-1.0,0.0,-1.0,0.0,-1.0,-0.7,-0.7,1.0,0.0,-1.0,-0.7,-0.7,0.0,-0.7,-1.0,-0.7,0.0,-0.7,-1.0,-0.7,-1.0,-1.0,0.0,-0.7,-1.0,-1.0,-0.7,
Boodle,-1.0,-1.0,-1.0,-1.0,-1.0,-1.0,-1.0,-1.0,-1.0,-1.0,-1.0,-1.0,-1.0,-1.0,-1.0,-1.0,1.0,1.0,-1.0,-1.0,-1.0,-1.0,-1.0,-1.0,-1.0,-1.0,-1.0,-1.0,-1.0,-1.0,-1.0,-1.0,-1.0,-1.0,-1.0,-1.0,-1.0,-1.0,-1.0,-1.0,-1.0,-1.0,-1.0,-1.0,-1.0,-1.0,-1.0,-1.0,-1.0,-1.0,-1.0,-1.0,-1.0,-1.0,-1.0,-1.0,-1.0,-1.0,-1.0,-1.0,-1.0,-1.0,-1.0,-1.0,-1.0,-1.0,-1.0,-1.0,-1.0,-1.0,-1.0,-1.0,-1.0,-1.0,-1.0,-1.0,-1.0,-1.0,-1.0,-1.0,-1.0,-1.0,-1.0,-1.0,-1.0,-1.0,-1.0,-1.0,-1.0,-1.0,-1.0,-1.0,-1.0,
Boodle,0.0,-1.0,-1.0,-1.0,-0.7,-0.7,-1.0,-0.7,-1.0,-1.0,-1.0,-1.0,-1.0,-0.7,-1.0,-0.7,0.7,0.7,-1.0,0.0,0.0,-0.7,-0.7,-1.0,-0.7,-0.7,-1.0,-1.0,0.0,-1.0,-0.7,0.0,-1.0,-1.0,-0.7,-1.0,0.0,-0.7,-0.7,-0.7,-0.7,-1.0,-1.0,-1.0,-1.0,0.0,0.0,-1.0,0.0,-0.7,-1.0,-0.7,-1.0,-1.0,-1.0,0.0,0.0,-0.7,-1.0,-1.0,-1.0,-0.7,-1.0,-0.7,-1.0,-0.7,-0.7,-0.7,-1.0,-1.0,-1.0,-0.7,-1.0,-1.0,-0.7,0.0,-0.7,-0.7,-1.0,0.0,-1.0,-0.7,-0.7,-0.7,-1.0,0.0,0.0,-1.0,0.0,-1.0,-1.0,-0.7,0.0,
Boodle,-0.7,-1.0,-0.7,-1.0,0.0,0.0,-0.7,-1.0,-0.7,-1.0,0.0,-1.0,-1.0,-0.7,0.0,-0.7,0.0,1.0,-1.0,-0.7,-0.7,-1.0,-0.7,-0.7,-1.0,-0.7,0.0,-1.0,-0.7,-1.0,-0.7,0.0,-0.7,-1.0,-1.0,-1.0,0.0,-0.7,-0.7,-1.0,-0.7,-1.0,-0.7,-0.7,-0.7,-0.7,-0.7,-0.7,-0.7,-1.0,0.0,-1.0,-1.0,-1.0,0.0,0.0,-1.0,-0.7,-1.0,-1.0,-0.7,-1.0,-0.7,0.0,-1.0,-0.7,-0.7,-1.0,0.0,0.0,-0.7,-0.7,-1.0,-0.7,-0.7,-1.0,-0.7,-0.7,-1.0,0.0,-0.7,-1.0,-1.0,-1.0,0.0,0.0,-0.7,-0.7,0.0,-0.7,-0.7,-0.7,-1.0,
Borsalino,-1.0,-1.0,-1.0,-1.0,-1.0,-1.0,-1.0,-1.0,-1.0,-1.0,-1.0,-1.0,1.0,-1.0,-1.0,-1.0,-1.0,1.0,-1.0,-1.0,-1.0,-1.0,-1.0,-1.0,-1.0,-1.0,-1.0,-1.0,-1.0,-1.0,-1.0,-1.0,-1.0,-1.0,-1.0,-1.0,-1.0,1.0,1.0,-1.0,1.0,-1.0,-1.0,-1.0,-1.0,-1.0,-1.0,-1.0,-1.0,-1.0,-1.0,-1.0,-1.0,-1.0,-1.0,-1.0,-1.0,-1.0,-1.0,-1.0,-1.0,-1.0,-1.0,-1.0,-1.0,-1.0,-1.0,-1.0,-1.0,-1.0,-1.0,-1.0,-1.0,-1.0,-1.0,-1.0,-1.0,-1.0,-1.0,1.0,-1.0,-1.0,-1.0,-1.0,-1.0,-1.0,-1.0,-1.0,-1.0,-1.0,-1.0,-1.0,-1.0,
Borsalino,0.0,-1.0,0.0,-1.0,-1.0,-0.7,-1.0,0.0,-0.7,-1.0,0.0,-1.0,1.0,-1.0,-1.0,0.0,-1.0,0.7,0.0,-1.0,0.0,-0.7,-1.0,-0.7,0.0,0.0,-0.7,0.0,-0.7,-0.7,-1.0,-0.7,0.0,-1.0,-1.0,0.0,-0.7,1.0,0.0,-1.0,0.7,-1.0,-0.7,-0.7,-0.7,0.0,-0.7,-1.0,0.0,-1.0,-0.7,-0.7,-0.7,-0.7,-1.0,0.0,-1.0,0.0,-1.0,-0.7,0.0,-0.7,-1.0,-0.7,-0.7,0.0,-1.0,0.0,-0.7,-1.0,-0.7,-0.7,-1.0,-1.0,0.0,-1.0,-0.7,-0.7,-1.0,0.7,0.0,-1.0,-1.0,0.0,-1.0,-1.0,-0.7,0.0,-0.7,-0.7,0.0,-0.7,0.0,
Borsalino,-0.7,-0.7,-1.0,0.0,0.0,0.0,-1.0,-0.7,-1.0,-0.7,-1.0,-1.0,1.0,0.0,-1.0,0.0,-0.7,1.0,0.0,-1.0,-1.0,-1.0,0.0,-1.0,0.0,-1.0,0.0,0.0,-0.7,-1.0,-1.0,-1.0,-0.7,-1.0,-1.0,-1.0,-0.7,1.0,0.7,-0.7,0.7,-1.0,-1.0,-0.7,0.0,-1.0,-1.0,0.0,0.0,-1.0,-1.0,-1.0,-0.7,-1.0,-1.0,0.0,-1.0,-1.0,0.0,-0.7,-0.7,0.0,0.0,-1.0,-1.0,-1.0,-1.0,-0.7,-1.0,0.0,-0.7,-1.0,-0.7,-0.7,-1.0,-0.7,-0.7,0.0,-1.0,1.0,-0.7,-0.7,-1.0,0.0,-1.0,-1.0,-0.7,0.0,-1.0,-0.7,-0.7,-0.7,-1.0,
Bobby Funk,-1.0,-1.0,-1.0,-1.0,-1.0,-1.0,-1.0,-1.0,-1.0,-1.0,-1.0,-1.0,-1.0,-1.0,-1.0,-1.0,-1.0,1.0,-1.0,-1.0,-1.0,-1.0,-1.0,-1.0,-1.0,-1.0,-1.0,-1.0,-1.0,-1.0,-1.0,-1.0,-1.0,-1.0,-1.0,-1.0,-1.0,1.0,-1.0,-1.0,-1.0,-1.0,-1.0,-1.0,-1.0,-1.0,-1.0,-1.0,-1.0,-1.0,-1.0,-1.0,-1.0,-1.0,-1.0,-1.0,-1.0,-1.0,-1.0,-1.0,-1.0,-1.0,-1.0,-1.0,-1.0,-1.0,-1.0,-1.0,-1.0,-1.0,-1.0,-1.0,-1.0,-1.0,-1.0,-1.0,1.0,-1.0,-1.0,-1.0,-1.0,-1.0,-1.0,-1.0,-1.0,-1.0,-1.0,-1.0,-1.0,-1.0,-1.0,-1.0,-1.0,
Bobby Funk,-0.7,0.0,-1.0,0.0,-1.0,-1.0,-1.0,-0.7,-1.0,-1.0,-0.7,-1.0,-1.0,0.0,-0.7,-1.0,-0.7,0.7,-1.0,-0.7,-1.0,-0.7,-1.0,-1.0,-1.0,-1.0,-1.0,-0.7,-1.0,0.0,-0.7,-1.0,-0.7,-0.7,-0.7,-1.0,-1.0,0.7,0.0,-1.0,-1.0,0.0,-1.0,-1.0,-0.7,-1.0,-1.0,0.0,-0.7,-1.0,-0.7,-1.0,0.0,0.0,-1.0,-1.0,0.0,0.0,-1.0,0.0,-1.0,0.0,-0.7,-0.7,-0.7,0.0,-0.7,-1.0,-0.7,-1.0,-1.0,-1.0,-0.7,-0.7,-0.7,-1.0,0.0,-1.0,-1.0,-1.0,-0.7,-0.7,-1.0,-0.7,-1.0,-1.0,-1.0,0.0,-1.0,-1.0,0.0,-1.0,0.0,
Bobby Funk,-1.0,-0.7,-1.0,-1.0,0.0,0.0,0.0,0.0,-0.7,-1.0,-1.0,-1.0,-1.0,0.0,-1.0,-0.7,0.0,1.0,-0.7,-0.7,-1.0,0.0,-1.0,-1.0,-0.7,-1.0,-1.0,0.0,-1.0,-0.7,-0.7,-0.7,-1.0,-0.7,-1.0,-1.0,-1.0,0.7,-1.0,-0.7,-1.0,-0.7,-1.0,0.0,0.0,-0.7,-1.0,0.0,-0.7,0.0,-0.7,-0.7,-0.7,-0.7,-1.0,0.0,-1.0,-0.7,0.0,-0.7,-1.0,-1.0,-0.7,-0.7,-0.7,0.0,-0.7,-0.7,-1.0,-1.0,-0.7,-0.7,0.0,-0.7,0.0,-0.7,0.0,0.0,-0.7,-1.0,-0.7,-1.0,-0.7,-1.0,-0.7,-1.0,-1.0,-1.0,-0.7,-0.7,-0.7,-1.0,-1.0,
Boa Sandersonia,-1.0,-1.0,-1.0,-1.0,-1.0,-1.0,-1.0,-1.0,-1.0,-1.0,-1.0,-1.0,-1.0,-1.0,-1.0,-1.0,-1.0,1.0,-1.0,-1.0,-1.0,-1.0,-1.0,-1.0,-1.0,-1.0,-1.0,-1.0,-1.0,-1.0,-1.0,-1.0,-1.0,-1.0,-1.0,-1.0,-1.0,1.0,1.0,-1.0,-1.0,1.0,-1.0,-1.0,-1.0,-1.0,-1.0,-1.0,-1.0,-1.0,-1.0,-1.0,-1.0,-1.0,-1.0,-1.0,-1.0,-1.0,-1.0,-1.0,-1.0,-1.0,-1.0,-1.0,-1.0,-1.0,-1.0,-1.0,-1.0,-1.0,1.0,-1.0,-1.0,-1.0,-1.0,-1.0,-1.0,-1.0,-1.0,-1.0,-1.0,-1.0,-1.0,-1.0,-1.0,-1.0,-1.0,-1.0,-1.0,-1.0,1.0,-1.0,-1.0,
Boa Sandersonia,-0.7,0.0,-0.7,-1.0,0.0,-0.7,0.0,-0.7,-1.0,0.0,-0.7,-0.7,-0.7,0.0,-0.7,0.0,-1.0,0.0,-0.7,-1.0,0.0,-0.7,-1.0,-1.0,-1.0,-1.0,-0.7,-1.0,-0.7,0.0,-0.7,0.0,-0.7,-1.0,-1.0,-1.0,-0.7,0.7,1.0,-1.0,-1.0,0.7,-1.0,-0.7,-0.7,-0.7,-1.0,0.0,-0.7,-0.7,-0.7,-1.0,-0.7,-0.7,-0.7,-1.0,-1.0,-1.0,0.0,-0.7,-0.7,-1.0,-1.0,0.0,-0.7,-0.7,-1.0,-0.7,-1.0,-0.7,0.0,-1.0,0.0,-0.7,0.0,-0.7,-1.0,-0.7,-1.0,-1.0,-0.7,-0.7,0.0,-1.0,-0.7,-1.0,-0.7,0.0,0.0,-1.0,0.7,-1.0,-0.7,
Boa Sandersonia,0.0,-0.7,0.0,0.0,-0.7,-0.7,-1.0,-0.7,0.0,-1.0,-1.0,-1.0,-0.7,-1.0,-1.0,-0.7,-0.7,1.0,0.0,-0.7,-1.0,-0.7,-1.0,-1.0,-1.0,-0.7,-1.0,0.0,-0.7,0.0,-1.0,-0.7,0.0,-1.0,-1.0,-0.7,-0.7,0.7,0.7,-1.0,-0.7,1.0,-0.7,-0.7,0.0,-1.0,-0.7,-1.0,-0.7,0.0,0.0,-1.0,0.0,-1.0,-1.0,-1.0,-1.0,-1.0,-0.7,0.0,0.0,-0.7,-1.0,-1.0,-1.0,-0.7,-0.7,-1.0,0.0,-0.7,0.0,-0.7,-1.0,-0.7,0.0,-0.7,-1.0,-0.7,-0.7,-1.0,-1.0,-0.7,-1.0,-1.0,-0.7,-1.0,-1.0,0.0,-0.7,0.0,0.7,-1.0,-1.0,
Boa Marigold,-1.0,-1.0,-1.0,-1.0,-1.0,-1.0,-1.0,-1.0,-1.0,-1.0,-1.0,-1.0,-1.0,-1.0,-1.0,-1.0,-1.0,1.0,-1.0,-1.0,-1.0,-1.0,-1.0,-1.0,-1.0,-1.0,-1.0,-1.0,-1.0,-1.0,-1.0,-1.0,-1.0,-1.0,-1.0,-1.0,-1.0,1.0,1.0,-1.0,-1.0,1.0,-1.0,-1.0,-1.0,-1.0,-1.0,-1.0,-1.0,-1.0,-1.0,-1.0,-1.0,-1.0,-1.0,-1.0,-1.0,-1.0,-1.0,-1.0,-1.0,-1.0,-1.0,-1.0,-1.0,-1.0,-1.0,-1.0,-1.0,-1.0,1.0,-1.0,-1.0,-1.0,-1.0,-1.0,-1.0,-1.0,-1.0,-1.0,-1.0,-1.0,-1.0,-1.0,-1.0,-1.0,-1.0,-1.0,-1.0,-1.0,1.0,-1.0,-1.0,
Boa Marigold,0.0,-0.7,-0.7,-0.7,-1.0,0.0,-1.0,-0.7,-1.0,0.0,-1.0,-0.7,-1.0,0.0,-0.7,-0.7,-1.0,0.0,-1.0,-1.0,-1.0,-1.0,-1.0,-0.7,-1.0,-0.7,-1.0,-0.7,-0.7,-1.0,-0.7,-1.0,-1.0,-0.7,0.0,-1.0,0.0,0.7,0.7,-0.7,0.0,1.0,0.0,0.0,-1.0,-1.0,-0.7,0.0,-1.0,-1.0,-0.7,-0.7,-0.7,-1.0,0.0,-1.0,-0.7,0.0,-1.0,-0.7,0.0,-0.7,-0.7,0.0,-0.7,-0.7,-1.0,-1.0,-1.0,-0.7,0.0,-1.0,-1.0,-1.0,-0.7,-0.7,-0.7,-1.0,0.0,0.0,-1.0,-1.0,-1.0,-1.0,-0.7,-1.0,0.0,-0.7,-0.7,-1.0,1.0,-1.0,-1.0,
Boa Marigold,-1.0,-1.0,0.0,-1.0,-1.0,-0.7,-0.7,-1.0,-0.7,-1.0,-0.7,-0.7,-1.0,0.0,-0.7,0.0,-1.0,0.0,-0.7,-1.0,-0.7,-0.7,0.0,-1.0,-0.7,0.0,0.0,0.0,0.0,0.0,-1.0,-1.0,0.0,-0.7,-1.0,-0.7,-1.0,1.0,0.7,-1.0,0.0,0.0,-0.7,-1.0,-1.0,-0.7,-0.7,-1.0,-0.7,-0.7,-1.0,-1.0,0.0,-0.7,-1.0,-1.0,-1.0,-1.0,-0.7,-0.7,-1.0,-0.7,-0.7,-0.7,0.0,-1.0,-0.7,-1.0,-0.7,-1.0,0.7,-1.0,-1.0,-1.0,-0.7,0.0,0.0,0.0,-0.7,-0.7,-0.7,-0.7,-1.0,-1.0,-1.0,-0.7,-1.0,-0.7,0.0,-1.0,1.0,-1.0,-1.0,
Boa Hancock,-1.0,-1.0,-1.0,-1.0,-1.0,-1.0,-1.0,-1.0,-1.0,-1.0,-1.0,-1.0,-1.0,-1.0,1.0,-1.0,-1.0,1.0,-1.0,-1.0,-1.0,-1.0,-1.0,-1.0,-1.0,-1.0,-1.0,-1.0,-1.0,-1.0,-1.0,-1.0,-1.0,-1.0,-1.0,-1.0,-1.0,1.0,1.0,1.0,-1.0,-1.0,-1.0,-1.0,-1.0,-1.0,-1.0,-1.0,-1.0,-1.0,-1.0,-1.0,1.0,-1.0,-1.0,-1.0,-1.0,-1.0,-1.0,-1.0,-1.0,-1.0,-1.0,-1.0,-1.0,-1.0,-1.0,-1.0,-1.0,-1.0,1.0,-1.0,-1.0,-1.0,-1.0,-1.0,-1.0,-1.0,-1.0,-1.0,-1.0,-1.0,-1.0,-1.0,-1.0,-1.0,-1.0,-1.0,-1.0,-1.0,1.0,-1.0,-1.0,
Boa Hancock,-1.0,-0.7,-0.7,-0.7,-1.0,-1.0,-0.7,-0.7,-1.0,-1.0,-1.0,-1.0,-1.0,-1.0,0.7,-0.7,-1.0,0.7,0.0,-0.7,-1.0,-0.7,-0.7,-1.0,-1.0,-0.7,-0.7,-0.7,-0.7,-0.7,-0.7,0.0,-0.7,-1.0,-0.7,-0.7,-1.0,0.7,0.7,0.7,-1.0,-1.0,-0.7,-1.0,-0.7,-1.0,-1.0,-1.0,-0.7,-0.7,-1.0,-1.0,0.7,-0.7,0.0,-1.0,-1.0,-0.7,0.0,0.0,-1.0,-0.7,0.0,0.0,-1.0,-1.0,-0.7,-0.7,-0.7,-0.7,0.0,-1.0,-1.0,-0.7,0.0,0.0,-1.0,-1.0,-1.0,-1.0,-0.7,-1.0,-1.0,-1.0,-1.0,0.0,0.0,-0.7,-1.0,-1.0,1.0,0.0,-1.0,
Boa Hancock,-1.0,-1.0,-0.7,-0.7,0.0,-1.0,0.0,-0.7,0.0,-0.7,0.0,-1.0,-0.7,0.0,1.0,-0.7,0.0,1.0,-0.7,0.0,-0.7,-0.7,-1.0,-0.7,-1.0,-0.7,0.0,0.0,-1.0,-0.7,0.0,-0.7,-1.0,-1.0,-0.7,0.0,0.0,0.7,0.0,1.0,-1.0,-0.7,0.0,-1.0,-0.7,-0.7,-1.0,-1.0,-1.0,-1.0,-1.0,-0.7,1.0,-1.0,-1.0,0.0,0.0,-0.7,-1.0,-1.0,-1.0,-0.7,-0.7,-1.0,-1.0,-0.7,-1.0,-0.7,-1.0,-0.7,0.0,-1.0,-1.0,-1.0,-0.7,0.0,0.0,0.0,-1.0,-1.0,-1.0,-0.7,-0.7,-0.7,-1.0,-0.7,-0.7,0.0,-1.0,-0.7,0.7,0.0,0.0,
Bluejam,-1.0,-1.0,-1.0,-1.0,-1.0,-1.0,-1.0,-1.0,-1.0,-1.0,-1.0,-1.0,-1.0,1.0,1.0,-1.0,-1.0,-1.0,-1.0,-1.0,-1.0,-1.0,-1.0,-1.0,-1.0,-1.0,-1.0,-1.0,-1.0,-1.0,-1.0,-1.0,-1.0,-1.0,-1.0,-1.0,-1.0,1.0,-1.0,-1.0,-1.0,-1.0,-1.0,-1.0,-1.0,-1.0,-1.0,-1.0,-1.0,-1.0,-1.0,-1.0,-1.0,-1.0,-1.0,-1.0,-1.0,-1.0,-1.0,-1.0,-1.0,-1.0,-1.0,-1.0,-1.0,-1.0,-1.0,-1.0,-1.0,-1.0,-1.0,-1.0,-1.0,-1.0,-1.0,-1.0,-1.0,-1.0,-1.0,-1.0,1.0,-1.0,-1.0,-1.0,-1.0,-1.0,-1.0,-1.0,-1.0,-1.0,-1.0,-1.0,-1.0,
Bluejam,-1.0,-0.7,-0.7,-0.7,0.0,-1.0,-0.7,-0.7,-1.0,-0.7,-0.7,-0.7,-0.7,1.0,0.7,0.0,-0.7,0.0,-1.0,0.0,0.0,-1.0,-1.0,-0.7,-1.0,0.0,-1.0,-1.0,0.0,-1.0,0.0,-0.7,-0.7,-0.7,-0.7,-1.0,-1.0,0.0,0.0,0.0,-1.0,-0.7,0.0,-0.7,-0.7,0.0,-1.0,-0.7,-0.7,-1.0,0.0,0.0,0.0,-0.7,-1.0,-1.0,-0.7,-1.0,-1.0,0.0,-1.0,-1.0,-0.7,-0.7,-0.7,-0.7,-1.0,-1.0,-0.7,0.0,0.0,-1.0,0.0,-0.7,-0.7,-1.0,0.0,-0.7,-1.0,0.0,0.0,-0.7,-0.7,-1.0,-1.0,-1.0,-0.7,-0.7,-1.0,0.0,-0.7,0.0,-1.0,
Bluejam,0.0,0.0,0.0,0.0,0.0,0.0,0.0,-0.7,-1.0,-1.0,-1.0,0.0,0.0,0.7,0.7,-1.0,-0.7,-0.7,-0.7,-1.0,-0.7,-0.7,-1.0,-0.7,-0.7,-0.7,-1.0,-0.7,-1.0,0.0,-1.0,-1.0,-0.7,-0.7,-0.7,-1.0,0.0,0.0,-0.7,-1.0,-0.7,-1.0,-1.0,-1.0,-1.0,0.0,0.0,-1.0,-0.7,-1.0,-1.0,-0.7,-0.7,-1.0,-1.0,-1.0,-0.7,-0.7,-0.7,-1.0,0.0,0.0,-1.0,0.0,-1.0,-1.0,-1.0,-1.0,-0.7,-0.7,0.0,-0.7,-1.0,-1.0,-1.0,-1.0,-1.0,0.0,-1.0,-0.7,0.7,-1.0,-1.0,-0.7,0.0,-0.7,0.0,-1.0,-1.0,-1.0,-1.0,-1.0,0.0,
Blueno,-1.0,-1.0,-1.0,-1.0,-1.0,-1.0,-1.0,-1.0,-1.0,-1.0,-1.0,-1.0,1.0,-1.0,-1.0,-1.0,-1.0,1.0,-1.0,-1.0,-1.0,-1.0,-1.0,-1.0,-1.0,-1.0,-1.0,-1.0,-1.0,-1.0,-1.0,-1.0,-1.0,-1.0,-1.0,-1.0,-1.0,1.0,1.0,1.0,-1.0,-1.0,-1.0,-1.0,-1.0,-1.0,-1.0,-1.0,-1.0,-1.0,-1.0,-1.0,-1.0,-1.0,-1.0,-1.0,-1.0,-1.0,-1.0,-1.0,-1.0,-1.0,-1.0,-1.0,-1.0,-1.0,-1.0,-1.0,-1.0,-1.0,-1.0,-1.0,1.0,1.0,-1.0,-1.0,-1.0,-1.0,-1.0,-1.0,-1.0,-1.0,-1.0,-1.0,-1.0,-1.0,-1.0,-1.0,-1.0,-1.0,-1.0,-1.0,-1.0,
Blueno,0.0,0.0,-1.0,-0.7,-1.0,0.0,-0.7,-1.0,0.0,-1.0,-1.0,-0.7,0.7,-1.0,-0.7,-1.0,-1.0,0.7,-0.7,-1.0,0.0,-0.7,-1.0,0.0,-1.0,0.0,0.0,-0.7,-0.7,-0.7,0.0,0.0,-0.7,-0.7,-1.0,0.0,-0.7,1.0,0.7,1.0,-1.0,0.0,0.0,-0.7,-0.7,-1.0,-1.0,-1.0,-0.7,-1.0,-1.0,0.0,-0.7,-0.7,-0.7,0.0,-1.0,-1.0,0.0,0.0,-0.7,-0.7,0.0,-0.7,-0.7,-0.7,0.0,-1.0,-1.0,-0.7,-1.0,-1.0,0.0,0.0,-1.0,0.0,-0.7,-0.7,-1.0,-1.0,-1.0,-0.7,-0.7,-1.0,0.0,-1.0,-1.0,-0.7,-0.7,-1.0,-1.0,-1.0,-1.0,
Blueno,-1.0,-0.7,-0.7,0.0,-0.7,-0.7,-1.0,0.0,-1.0,0.0,0.0,-1.0,0.0,-0.7,0.0,0.0,-0.7,0.7,-0.7,-0.7,-1.0,-1.0,-1.0,-0.7,-1.0,-1.0,-1.0,-0.7,-1.0,-0.7,0.0,-1.0,0.0,-0.7,-0.7,0.0,-0.7,0.0,0.0,0.7,0.0,-1.0,-1.0,-1.0,-0.7,-1.0,-0.7,-0.7,0.0,-1.0,-0.7,-1.0,-1.0,0.0,-1.0,-1.0,0.0,-1.0,0.0,-0.7,-1.0,-0.7,-0.7,-0.7,-0.7,-1.0,0.0,-0.7,-0.7,0.0,-1.0,-0.7,0.7,0.7,-1.0,-1.0,-0.7,-0.7,-0.7,-1.0,-1.0,-0.7,-1.0,-1.0,0.0,-1.0,-1.0,-0.7,0.0,0.0,0.0,-0.7,0.0,
Blue Gilly,-1.0,-1.0,-1.0,-1.0,-1.0,-1.0,-1.0,-1.0,-1.0,-1.0,-1.0,-1.0,-1.0,-1.0,-1.0,-1.0,-1.0,1.0,-1.0,-1.0,-1.0,-1.0,-1.0,-1.0,-1.0,-1.0,-1.0,-1.0,-1.0,-1.0,-1.0,-1.0,-1.0,-1.0,-1.0,-1.0,-1.0,1.0,-1.0,-1.0,-1.0,-1.0,-1.0,-1.0,-1.0,-1.0,-1.0,-1.0,-1.0,-1.0,-1.0,-1.0,-1.0,-1.0,-1.0,-1.0,-1.0,-1.0,-1.0,-1.0,-1.0,-1.0,-1.0,-1.0,-1.0,-1.0,-1.0,-1.0,-1.0,-1.0,-1.0,-1.0,-1.0,-1.0,-1.0,-1.0,1.0,-1.0,-1.0,-1.0,-1.0,-1.0,-1.0,-1.0,-1.0,-1.0,-1.0,-1.0,-1.0,-1.0,-1.0,-1.0,-1.0,
Blue Gilly,-0.7,-1.0,-0.7,-0.7,-1.0,-0.7,-0.7,0.0,0.0,-0.7,-1.0,-0.7,-1.0,-0.7,-1.0,-0.7,-0.7,1.0,-1.0,-1.0,-0.7,-1.0,-0.7,-0.7,-0.7,-1.0,-1.0,-1.0,-1.0,-1.0,-0.7,-0.7,-0.7,-1.0,-0.7,-1.0,-1.0,0.0,0.0,0.0,-1.0,-0.7,-1.0,0.0,-0.7,-0.7,-1.0,-1.0,-0.7,-0.7,0.0,-1.0,0.0,0.0,-0.7,-0.7,-1.0,-1.0,0.0,-1.0,-1.0,-1.0,-1.0,-1.0,-0.7,0.0,-1.0,0.0,-0.7,-1.0,-1.0,-1.0,-0.7,0.0,0.0,0.0,1.0,0.0,-1.0,-0.7,-1.0,-0.7,-0.7,-0.7,-1.0,0.0,-0.7,0.0,-1.0,-1.0,-1.0,-0.7,-1.0,
Blue Gilly,-0.7,-0.7,-1.0,-0.7,-1.0,-1.0,-1.0,-1.0,-0.7,-0.7,-1.0,0.0,-0.7,0.0,-0.7,-0.7,-0.7,1.0,-1.0,-1.0,-1.0,-0.7,-0.7,-0.7,-1.0,-1.0,-1.0,-1.0,-1.0,-0.7,-0.7,-1.0,-1.0,-0.7,-1.0,-1.0,0.0,1.0,-1.0,-1.0,-0.7,-0.7,-0.7,-0.7,-1.0,0.0,-0.7,0.0,-0.7,-0.7,-1.0,-1.0,-1.0,0.0,-1.0,-1.0,-1.0,0.0,-0.7,-0.7,-1.0,-0.7,-0.7,0.0,-1.0,0.0,-0.7,-1.0,-0.7,-1.0,0.0,-1.0,-1.0,-1.0,-0.7,0.0,1.0,-1.0,-1.0,0.0,-1.0,-0.7,-1.0,-0.7,-0.7,0.0,-1.0,-1.0,-0.7,-1.0,-0.7,-0.7,0.0,
Blamenco,-1.0,-1.0,-1.0,-1.0,-1.0,-1.0,-1.0,-1.0,-1.0,-1.0,-1.0,-1.0,-1.0,1.0,-1.0,-1.0,-1.0,1.0,-1.0,-1.0,-1.0,-1.0,-1.0,-1.0,-1.0,-1.0,-1.0,-1.0,-1.0,-1.0,-1.0,-1.0,-1.0,-1.0,-1.0,-1.0,-1.0,-1.0,1.0,1.0,-1.0,-1.0,-1.0,-1.0,-1.0,-1.0,-1.0,-1.0,-1.0,-1.0,-1.0,-1.0,-1.0,-1.0,-1.0,-1.0,-1.0,-1.0,-1.0,-1.0,-1.0,-1.0,-1.0,-1.0,-1.0,-1.0,-1.0,-1.0,-1.0,-1.0,-1.0,-1.0,-1.0,-1.0,-1.0,-1.0,-1.0,-1.0,-1.0,-1.0,1.0,-1.0,-1.0,-1.0,-1.0,-1.0,-1.0,-1.0,-1.0,-1.0,-1.0,-1.0,-1.0,
Blamenco,-0.7,-1.0,-1.0,-1.0,-0.7,-0.7,-0.7,0.0,-1.0,0.0,-1.0,0.0,-1.0,0.0,-1.0,-0.7,0.0,1.0,-0.7,-0.7,-0.7,-0.7,-0.7,-0.7,-1.0,-1.0,-0.7,-0.7,-0.7,0.0,-1.0,0.0,-1.0,-0.7,-1.0,-1.0,-1.0,-1.0,0.0,0.7,-1.0,-0.7,-1.0,-1.0,-0.7,-0.7,0.0,-0.7,-1.0,0.0,0.0,-1.0,-1.0,-0.7,-0.7,-0.7,-1.0,-1.0,-0.7,-0.7,0.0,-0.7,-1.0,-1.0,-1.0,-1.0,-0.7,-0.7,0.0,-0.7,-1.0,0.0,0.0,-0.7,-0.7,-0.7,-0.7,-1.0,0.0,0.0,1.0,-0.7,-1.0,-0.7,0.0,-0.7,-1.0,-0.7,-1.0,0.0,-0.7,0.0,-1.0,
Blamenco,-1.0,0.0,0.0,-1.0,0.0,0.0,-0.7,0.0,-0.7,-1.0,-0.7,0.0,-0.7,1.0,-0.7,-1.0,-0.7,0.7,-0.7,-1.0,0.0,0.0,-1.0,-0.7,-0.7,-0.7,-1.0,0.0,0.0,-0.7,-1.0,-0.7,-1.0,-0.7,-0.7,-1.0,-1.0,-0.7,1.0,0.7,-1.0,0.0,0.0,0.0,-1.0,0.0,-1.0,0.0,-1.0,0.0,-1.0,-0.7,0.0,-0.7,-0.7,-0.7,0.0,-0.7,-0.7,-1.0,-0.7,-1.0,-1.0,-0.7,-1.0,-1.0,-0.7,0.0,-1.0,-0.7,-1.0,0.0,-1.0,-1.0,0.0,-0.7,0.0,-1.0,-1.0,-1.0,0.7,-1.0,-1.0,0.0,-1.0,-0.7,-0.7,-1.0,-0.7,-1.0,-1.0,-1.0,-0.7,
Belo Betty,-1.0,-1.0,-1.0,-1.0,-1.0,-1.0,-1.0,-1.0,-1.0,-1.0,-1.0,-1.0,-1.0,-1.0,-1.0,-1.0,-1.0,1.0,-1.0,-1.0,-1.0,-1.0,-1.0,-1.0,-1.0,-1.0,-1.0,-1.0,-1.0,-1.0,-1.0,-1.0,-1.0,-1.0,-1.0,-1.0,-1.0,1.0,1.0,1.0,-1.0,-1.0,-1.0,-1.0,-1.0,-1.0,-1.0,-1.0,-1.0,-1.0,-1.0,-1.0,-1.0,-1.0,-1.0,-1.0,-1.0,-1.0,-1.0,-1.0,-1.0,-1.0,-1.0,-1.0,-1.0,-1.0,-1.0,-1.0,-1.0,-1.0,-1.0,-1.0,-1.0,-1.0,-1.0,-1.0,-1.0,-1.0,-1.0,-1.0,-1.0,-1.0,-1.0,-1.0,-1.0,-1.0,-1.0,-1.0,-1.0,1.0,-1.0,-1.0,-1.0,
Belo Betty,0.0,-0.7,0.0,0.0,-0.7,-1.0,-1.0,-1.0,-0.7,-0.7,-0.7,-0.7,-1.0,-1.0,-0.7,-0.7,-1.0,1.0,-1.0,-0.7,-0.7,0.0,-0.7,-0.7,-1.0,0.0,-1.0,-0.7,-1.0,-0.7,-1.0,-0.7,-1.0,-1.0,-0.7,-1.0,0.0,1.0,0.7,0.0,-0.7,-1.0,0.0,-0.7,-0.7,0.0,-1.0,-0.7,-0.7,-0.7,-0.7,0.0,-1.0,-1.0,-1.0,0.0,-1.0,-0.7,-0.7,-1.0,-0.7,-1.0,0.0,0.0,-0.7,-0.7,-1.0,-1.0,-0.7,-0.7,-0.7,-1.0,-1.0,-0.7,-1.0,-1.0,-0.7,-1.0,-1.0,-0.7,-1.0,-1.0,-1.0,0.0,-1.0,0.0,-0.7,0.0,-0.7,1.0,-0.7,-0.7,-0.7,
Belo Betty,-0.7,-1.0,-1.0,0.0,0.0,-1.0,0.0,-1.0,-1.0,-0.7,-0.7,0.0,-0.7,-0.7,0.0,-0.7,-1.0,0.7,-0.7,0.0,-1.0,-1.0,-1.0,0.0,0.0,-1.0,-0.7,-0.7,-0.7,-1.0,0.0,-0.7,-0.7,-0.7,0.0,-0.7,-1.0,0.7,0.7,1.0,-0.7,-0.7,-1.0,0.0,-0.7,0.0,-1.0,0.0,-0.7,-0.7,-0.7,-0.7,0.0,0.0,-0.7,-0.7,-1.0,-1.0,-1.0,-1.0,-0.7,-1.0,0.0,-0.7,0.0,-0.7,0.0,0.0,-0.7,0.0,-1.0,-1.0,-0.7,-0.7,-1.0,-1.0,-1.0,0.0,-0.7,-1.0,0.0,-0.7,-0.7,-0.7,-0.7,-0.7,-0.7,-1.0,-0.7,1.0,-1.0,0.0,-0.7,
Bastille,-1.0,-1.0,-1.0,-1.0,-1.0,-1.0,-1.0,-1.0,-1.0,-1.0,-1.0,-1.0,1.0,-1.0,-1.0,-1.0,-1.0,1.0,-1.0,-1.0,-1.0,-1.0,-1.0,-1.0,-1.0,-1.0,-1.0,-1.0,-1.0,-1.0,-1.0,-1.0,-1.0,-1.0,-1.0,-1.0,-1.0,1.0,-1.0,-1.0,-1.0,-1.0,-1.0,-1.0,-1.0,-1.0,-1.0,-1.0,-1.0,-1.0,-1.0,-1.0,-1.0,-1.0,-1.0,-1.0,-1.0,-1.0,-1.0,-1.0,-1.0,-1.0,-1.0,-1.0,-1.0,-1.0,-1.0,-1.0,-1.0,-1.0,-1.0,-1.0,-1.0,-1.0,-1.0,-1.0,-1.0,-1.0,-1.0,-1.0,1.0,-1.0,-1.0,-1.0,-1.0,-1.0,-1.0,-1.0,-1.0,-1.0,-1.0,-1.0,-1.0,
Bastille,0.0,-0.7,-0.7,0.0,-1.0,-0.7,-0.7,-1.0,-1.0,-0.7,-1.0,-1.0,1.0,-1.0,0.0,-0.7,0.0,0.0,-1.0,0.0,-1.0,-1.0,-1.0,-0.7,-1.0,0.0,-1.0,-0.7,-1.0,-0.7,-0.7,-1.0,-0.7,-1.0,0.0,-0.7,0.0,1.0,-1.0,-1.0,0.0,-1.0,-0.7,-1.0,-0.7,-1.0,-0.7,-1.0,-0.7,-1.0,-1.0,-1.0,-0.7,0.0,-1.0,0.0,-0.7,-0.7,-0.7,-0.7,-1.0,0.0,-1.0,-1.0,0.0,-0.7,-1.0,0.0,-0.7,-1.0,-0.7,0.0,-1.0,-1.0,-1.0,-1.0,-1.0,-0.7,0.0,-1.0,0.7,-0.7,-1.0,-0.7,-0.7,-1.0,-1.0,-0.7,-1.0,-1.0,-0.7,-0.7,0.0,
Bastille,-1.0,0.0,-0.7,-0.7,0.0,-1.0,0.0,-0.7,-1.0,-0.7,-1.0,-1.0,0.7,-0.7,-1.0,-0.7,-1.0,0.7,-1.0,-0.7,-1.0,-0.7,-1.0,-1.0,-1.0,-1.0,0.0,-0.7,-0.7,-0.7,-0.7,-1.0,0.0,-1.0,0.0,0.0,-0.7,1.0,-0.7,0.0,-1.0,-0.7,-1.0,0.0,0.0,-0.7,-0.7,-1.0,-0.7,-0.7,-1.0,-0.7,-0.7,-1.0,-0.7,0.0,-1.0,-1.0,-1.0,-1.0,0.0,-0.7,-1.0,0.0,-1.0,0.0,-0.7,-0.7,-0.7,-1.0,-0.7,-0.7,-0.7,0.0,-0.7,-0.7,-1.0,0.0,0.0,-0.7,0.7,-1.0,-0.7,-1.0,0.0,-0.7,0.0,-0.7,-1.0,-0.7,-0.7,0.0,-0.7,
Basil Hawkins,-1.0,-1.0,-1.0,-1.0,-1.0,-1.0,-1.0,-1.0,-1.0,-1.0,-1.0,-1.0,-1.0,1.0,1.0,-1.0,-1.0,-1.0,-1.0,-1.0,-1.0,-1.0,-1.0,-1.0,-1.0,-1.0,-1.0,-1.0,-1.0,-1.0,-1.0,-1.0,-1.0,-1.0,-1.0,-1.0,-1.0,1.0,1.0,1.0,-1.0,-1.0,-1.0,-1.0,-1.0,-1.0,-1.0,-1.0,-1.0,-1.0,-1.0,-1.0,-1.0,1.0,-1.0,-1.0,-1.0,-1.0,-1.0,-1.0,-1.0,-1.0,-1.0,-1.0,-1.0,-1.0,-1.0,-1.0,-1.0,-1.0,-1.0,-1.0,-1.0,-1.0,-1.0,-1.0,-1.0,-1.0,-1.0,1.0,-1.0,-1.0,-1.0,-1.0,-1.0,-1.0,-1.0,-1.0,-1.0,-1.0,-1.0,-1.0,-1.0,
Basil Hawkins,-0.7,-0.7,-0.7,-0.7,-0.7,-0.7,0.0,-1.0,-1.0,-0.7,-1.0,-1.0,-0.7,0.7,1.0,-0.7,-1.0,-0.7,-1.0,-1.0,-1.0,-0.7,-0.7,-1.0,-1.0,0.0,-0.7,-1.0,-1.0,-1.0,0.0,0.0,-1.0,-1.0,-1.0,-1.0,0.0,1.0,1.0,1.0,-0.7,-1.0,-1.0,0.0,-1.0,-1.0,-0.7,-0.7,-0.7,-1.0,-1.0,-1.0,0.0,1.0,-1.0,-0.7,-1.0,0.0,-1.0,0.0,0.0,-1.0,-1.0,-0.7,-1.0,-0.7,-1.0,-0.7,-1.0,-1.0,-1.0,-1.0,-1.0,-1.0,0.0,-0.7,-1.0,-1.0,-1.0,0.7,-0.7,0.0,-0.7,-0.7,-1.0,-0.7,-0.7,0.0,-0.7,-0.7,-1.0,-0.7,-1.0,
Basil Hawkins,-1.0,-0.7,-1.0,-1.0,-0.7,-0.7,0.0,-1.0,-1.0,0.0,-0.7,-1.0,0.0,1.0,0.7,-1.0,-1.0,-0.7,-1.0,-1.0,0.0,-0.7,0.0,-0.7,-0.7,-1.0,-1.0,-1.0,-1.0,-0.7,-1.0,0.0,-1.0,-1.0,-1.0,-0.7,-0.7,0.7,0.0,1.0,-0.7,-1.0,-1.0,-0.7,-0.7,-1.0,-0.7,-1.0,-1.0,-0.7,-0.7,-0.7,-0.7,0.7,-1.0,-0.7,0.0,0.0,-0.7,-0.7,0.0,-1.0,-0.7,-1.0,-1.0,-1.0,-1.0,-1.0,0.0,0.0,-0.7,-0.7,-1.0,-1.0,-0.7,0.0,-0.7,-1.0,-1.0,0.7,-0.7,-0.7,-0.7,-1.0,-0.7,-0.7,-1.0,-0.7,-1.0,-0.7,-1.0,-1.0,-0.7,
Bartolomeo,-1.0,-1.0,-1.0,-1.0,-1.0,-1.0,-1.0,-1.0,-1.0,-1.0,-1.0,-1.0,-1.0,-1.0,1.0,-1.0,-1.0,1.0,-1.0,-1.0,-1.0,-1.0,-1.0,-1.0,-1.0,-1.0,-1.0,-1.0,-1.0,-1.0,-1.0,-1.0,-1.0,-1.0,-1.0,-1.0,-1.0,1.0,1.0,1.0,-1.0,-1.0,-1.0,-1.0,-1.0,-1.0,-1.0,-1.0,-1.0,-1.0,-1.0,-1.0,-1.0,-1.0,-1.0,-1.0,-1.0,-1.0,-1.0,-1.0,-1.0,-1.0,-1.0,-1.0,-1.0,-1.0,-1.0,-1.0,-1.0,-1.0,-1.0,-1.0,-1.0,-1.0,-1.0,-1.0,1.0,-1.0,-1.0,-1.0,-1.0,-1.0,-1.0,-1.0,-1.0,-1.0,-1.0,-1.0,-1.0,-1.0,-1.0,-1.0,-1.0,
Bartolomeo,-1.0,-1.0,-1.0,-0.7,0.0,-0.7,-0.7,-1.0,-0.7,-0.7,-0.7,0.0,-1.0,-0.7,0.7,-0.7,-0.7,0.7,0.0,0.0,-1.0,-0.7,-0.7,-0.7,-1.0,-1.0,-1.0,0.0,0.0,-1.0,0.0,0.0,-0.7,-1.0,-1.0,-1.0,-1.0,0.0,1.0,0.7,-0.7,-0.7,-1.0,-0.7,-1.0,0.0,0.0,0.0,0.0,-0.7,-1.0,-0.7,-1.0,-0.7,0.0,-0.7,0.0,0.0,-0.7,-0.7,-1.0,-1.0,0.0,-0.7,0.0,-1.0,-0.7,-1.0,-0.7,-0.7,-1.0,0.0,-1.0,0.0,-0.7,-1.0,0.7,0.0,-0.7,-1.0,-1.0,-1.0,-0.7,-1.0,-0.7,-1.0,-0.7,-0.7,0.0,-0.7,-1.0,-0.7,-1.0,
Bartolomeo,-1.0,0.0,-0.7,-1.0,0.0,-1.0,-0.7,-1.0,-0.7,-1.0,-0.7,-1.0,-0.7,-1.0,0.0,0.0,-1.0,0.0,0.0,-0.7,-1.0,0.0,0.0,-0.7,-0.7,0.0,0.0,0.0,0.0,-0.7,0.0,-1.0,-1.0,-1.0,-0.7,-0.7,-1.0,0.7,0.7,1.0,-1.0,-1.0,-0.7,0.0,-0.7,-0.7,-1.0,0.0,0.0,-0.7,0.0,-0.7,-0.7,-0.7,-1.0,0.0,-1.0,0.0,0.0,-1.0,-0.7,-0.7,-0.7,-1.0,-0.7,-0.7,-1.0,-0.7,0.0,-1.0,0.0,-0.7,-1.0,-0.7,-0.7,-1.0,1.0,-0.7,-0.7,-1.0,-0.7,-1.0,-1.0,-1.0,-0.7,0.0,0.0,0.0,-1.0,-0.7,-0.7,-0.7,-1.0,
Bartholomew Kuma,-1.0,-1.0,-1.0,-1.0,-1.0,-1.0,-1.0,-1.0,-1.0,-1.0,-1.0,-1.0,-1.0,-1.0,-1.0,-1.0,-1.0,1.0,-1.0,-1.0,-1.0,-1.0,-1.0,-1.0,-1.0,-1.0,-1.0,-1.0,-1.0,-1.0,-1.0,-1.0,-1.0,-1.0,-1.0,-1.0,-1.0,1.0,1.0,1.0,-1.0,-1.0,-1.0,-1.0,-1.0,-1.0,-1.0,-1.0,-1.0,-1.0,-1.0,-1.0,1.0,-1.0,-1.0,-1.0,-1.0,-1.0,-1.0,-1.0,-1.0,-1.0,-1.0,-1.0,-1.0,-1.0,-1.0,-1.0,-1.0,-1.0,-1.0,-1.0,-1.0,1.0,-1.0,-1.0,-1.0,-1.0,-1.0,-1.0,-1.0,-1.0,-1.0,-1.0,-1.0,-1.0,-1.0,-1.0,-1.0,-1.0,-1.0,-1.0,-1.0,
Bartholomew Kuma,0.0,-1.0,-0.7,-1.0,-1.0,-0.7,0.0,0.0,0.0,-0.7,-1.0,-1.0,-1.0,-0.7,-1.0,-0.7,-0.7,0.0,-0.7,0.0,-1.0,-1.0,-0.7,-0.7,-0.7,0.0,-0.7,-1.0,-0.7,-1.0,-0.7,0.0,-1.0,0.0,-1.0,-1.0,-0.7,0.0,1.0,1.0,-0.7,-0.7,-0.7,-1.0,-0.7,-1.0,-0.7,0.0,0.0,0.0,-1.0,-0.7,0.0,-0.7,-0.7,-0.7,-0.7,-0.7,-0.7,-0.7,0.0,-0.7,-0.7,0.0,-0.7,-0.7,0.0,-1.0,-0.7,-1.0,-0.7,-1.0,-0.7,0.0,-0.7,-0.7,-1.0,0.0,0.0,0.0,-0.7,-0.7,-1.0,0.0,-0.7,-0.7,-1.0,-0.7,-0.7,-1.0,-1.0,-0.7,0.0,
Bartholomew Kuma,-0.7,0.0,-1.0,-0.7,-0.7,-1.0,-1.0,-1.0,0.0,-1.0,0.0,0.0,-1.0,-0.7,-0.7,0.0,-0.7,0.7,-0.7,0.0,-1.0,-0.7,-1.0,-0.7,0.0,-1.0,0.0,0.0,-0.7,-0.7,-0.7,-1.0,0.0,0.0,-1.0,-1.0,-1.0,0.7,1.0,0.7,-0.7,-0.7,-0.7,0.0,-1.0,-0.7,-0.7,-1.0,-1.0,-0.7,-1.0,-1.0,0.0,-1.0,-1.0,0.0,-1.0,-1.0,-1.0,-0.7,-1.0,0.0,-1.0,-0.7,-1.0,-1.0,0.0,0.0,-1.0,-1.0,-0.7,-0.7,-0.7,0.0,-0.7,-0.7,-1.0,-0.7,-0.7,-0.7,-1.0,0.0,-0.7,-0.7,-0.7,-1.0,-0.7,-0.7,0.0,-0.7,-0.7,-0.7,-0.7,
Baby 5,-1.0,-1.0,-1.0,-1.0,-1.0,-1.0,-1.0,-1.0,-1.0,-1.0,-1.0,-1.0,-1.0,1.0,-1.0,-1.0,-1.0,1.0,-1.0,-1.0,-1.0,1.0,-1.0,-1.0,-1.0,-1.0,-1.0,-1.0,-1.0,-1.0,-1.0,-1.0,-1.0,-1.0,-1.0,-1.0,-1.0,1.0,1.0,1.0,-1.0,-1.0,-1.0,-1.0,-1.0,-1.0,-1.0,-1.0,-1.0,-1.0,-1.0,-1.0,-1.0,-1.0,-1.0,-1.0,-1.0,-1.0,-1.0,-1.0,-1.0,-1.0,-1.0,-1.0,-1.0,-1.0,-1.0,-1.0,-1.0,-1.0,-1.0,-1.0,-1.0,-1.0,-1.0,-1.0,-1.0,-1.0,-1.0,-1.0,-1.0,1.0,-1.0,-1.0,-1.0,-1.0,-1.0,-1.0,-1.0,-1.0,-1.0,-1.0,-1.0,
Baby 5,-0.7,-0.7,-0.7,-1.0,-1.0,-0.7,-1.0,-0.7,0.0,0.0,0.0,-0.7,-1.0,1.0,0.0,-1.0,-1.0,1.0,0.0,-0.7,-0.7,1.0,-1.0,0.0,-1.0,0.0,0.0,-1.0,0.0,0.0,0.0,0.0,0.0,-0.7,-0.7,-1.0,-1.0,0.7,1.0,0.7,-1.0,0.0,-1.0,-1.0,-0.7,-0.7,-0.7,-1.0,0.0,-1.0,-1.0,0.0,0.0,-0.7,-1.0,-1.0,-0.7,-0.7,-1.0,-0.7,0.0,-1.0,-0.7,-0.7,0.0,-1.0,-1.0,-1.0,0.0,0.0,-0.7,-1.0,0.0,-1.0,-1.0,-0.7,-1.0,-0.7,-0.7,0.0,-0.7,0.0,-1.0,-0.7,-0.7,-1.0,0.0,0.0,-0.7,-0.7,-0.7,-1.0,-1.0,
Baby 5,-0.7,-0.7,-0.7,-1.0,-1.0,0.0,0.0,-1.0,-1.0,-1.0,0.0,-1.0,0.0,1.0,-0.7,0.0,-1.0,1.0,-0.7,-0.7,-0.7,0.7,-0.7,-0.7,-1.0,-1.0,-0.7,-1.0,-1.0,0.0,-0.7,-0.7,-0.7,-0.7,-0.7,-1.0,0.0,1.0,0.7,0.7,0.0,-0.7,-0.7,0.0,0.0,-0.7,-1.0,-1.0,-0.7,-0.7,-0.7,-0.7,-1.0,0.0,-0.7,-0.7,-0.7,-0.7,-0.7,-1.0,0.0,-1.0,-0.7,-1.0,-0.7,0.0,-1.0,-1.0,-0.7,-1.0,-1.0,-0.7,-0.7,-0.7,-0.7,-1.0,0.0,0.0,-1.0,-1.0,-1.0,1.0,-0.7,-0.7,-1.0,-0.7,-0.7,-1.0,-1.0,-0.7,-0.7,-1.0,-1.0,
Babe,-1.0,-1.0,-1.0,-1.0,-1.0,-1.0,-1.0,-1.0,-1.0,-1.0,-1.0,-1.0,-1.0,-1.0,-1.0,-1.0,-1.0,1.0,-1.0,-1.0,-1.0,-1.0,-1.0,-1.0,-1.0,-1.0,-1.0,-1.0,-1.0,-1.0,-1.0,-1.0,-1.0,-1.0,-1.0,-1.0,-1.0,1.0,-1.0,-1.0,-1.0,-1.0,-1.0,-1.0,-1.0,-1.0,-1.0,-1.0,-1.0,-1.0,-1.0,-1.0,-1.0,-1.0,-1.0,-1.0,1.0,-1.0,-1.0,-1.0,-1.0,-1.0,-1.0,-1.0,-1.0,-1.0,-1.0,-1.0,-1.0,-1.0,-1.0,-1.0,-1.0,-1.0,-1.0,-1.0,-1.0,-1.0,-1.0,-1.0,-1.0,-1.0,-1.0,1.0,-1.0,-1.0,-1.0,-1.0,-1.0,-1.0,-1.0,-1.0,-1.0,
Babe,0.0,-1.0,-1.0,0.0,-1.0,-0.7,0.0,-0.7,0.0,-1.0,-0.7,-0.7,0.0,-0.7,-0.7,-1.0,-1.0,1.0,-0.7,0.0,0.0,-1.0,-0.7,0.0,0.0,-1.0,-0.7,-1.0,-0.7,-0.7,-0.7,-1.0,-1.0,0.0,-0.7,0.0,0.0,1.0,-0.7,-0.7,-1.0,0.0,-0.7,-1.0,-0.7,-0.7,-1.0,0.0,-0.7,0.0,-0.7,-1.0,0.0,-0.7,-0.7,-0.7,1.0,-1.0,-1.0,-1.0,-1.0,-0.7,-1.0,-0.7,-0.7,-0.7,0.0,-1.0,-1.0,-0.7,-0.7,-1.0,-1.0,-0.7,-0.7,-0.7,-0.7,-1.0,-0.7,-1.0,0.0,-0.7,-0.7,0.7,0.0,-0.7,-1.0,-0.7,-0.7,-0.7,-0.7,-0.7,0.0,
Babe,-1.0,-1.0,-1.0,-1.0,-1.0,-1.0,-1.0,-1.0,-1.0,-1.0,-1.0,-0.7,-1.0,-1.0,-1.0,0.0,-0.7,0.7,-1.0,-0.7,-0.7,-0.7,-0.7,-1.0,-0.7,0.0,-1.0,0.0,-0.7,0.0,-1.0,-1.0,-1.0,-1.0,-1.0,-1.0,-0.7,1.0,-0.7,-1.0,0.0,-1.0,-0.7,-1.0,-1.0,-1.0,0.0,-0.7,-1.0,-0.7,-1.0,0.0,-0.7,-0.7,-1.0,-0.7,1.0,-0.7,-1.0,-0.7,-1.0,0.0,0.0,-1.0,-0.7,-0.7,0.0,-0.7,-1.0,-1.0,-1.0,-0.7,-0.7,-0.7,0.0,-1.0,0.0,-1.0,0.0,-1.0,-1.0,0.0,-0.7,0.7,-1.0,-1.0,-0.7,-0.7,-0.7,-0.7,-0.7,0.0,0.0,
Avalo Pizarro,-1.0,-1.0,-1.0,-1.0,-1.0,-1.0,-1.0,-1.0,-1.0,-1.0,-1.0,-1.0,-1.0,1.0,-1.0,-1.0,-1.0,1.0,-1.0,-1.0,-1.0,-1.0,-1.0,-1.0,-1.0,-1.0,-1.0,-1.0,-1.0,-1.0,-1.0,-1.0,-1.0,-1.0,-1.0,-1.0,-1.0,1.0,1.0,1.0,-1.0,-1.0,-1.0,-1.0,-1.0,-1.0,-1.0,-1.0,-1.0,-1.0,-1.0,-1.0,-1.0,-1.0,-1.0,-1.0,-1.0,-1.0,-1.0,-1.0,-1.0,-1.0,-1.0,-1.0,-1.0,-1.0,-1.0,-1.0,-1.0,-1.0,-1.0,-1.0,-1.0,-1.0,-1.0,-1.0,-1.0,-1.0,-1.0,-1.0,1.0,-1.0,-1.0,-1.0,-1.0,-1.0,-1.0,-1.0,-1.0,-1.0,-1.0,1.0,-1.0,
Avalo Pizarro,0.0,-1.0,-1.0,-0.7,0.0,-0.7,-1.0,0.0,-0.7,-1.0,-0.7,-1.0,-0.7,1.0,-0.7,-1.0,-1.0,1.0,-0.7,-0.7,-1.0,-1.0,-1.0,-1.0,-0.7,0.0,-1.0,-1.0,0.0,-0.7,-0.7,-1.0,0.0,-0.7,0.0,-0.7,0.0,1.0,0.7,1.0,0.0,0.0,-1.0,-0.7,-1.0,-0.7,-1.0,0.0,-1.0,-0.7,-1.0,0.0,-1.0,-0.7,-0.7,0.0,-1.0,-1.0,-1.0,-1.0,-0.7,0.0,-1.0,-1.0,-0.7,-1.0,-0.7,-1.0,0.0,-0.7,0.0,-0.7,-0.7,-1.0,0.0,-0.7,-1.0,0.0,-0.7,0.0,0.7,-1.0,-0.7,-1.0,-1.0,-1.0,-0.7,-0.7,-1.0,-0.7,-1.0,0.7,-1.0,
Avalo Pizarro,-0.7,0.0,0.0,-0.7,0.0,-0.7,0.0,-1.0,-0.7,-1.0,-1.0,-1.0,-1.0,0.7,-1.0,-1.0,-1.0,0.7,-0.7,-0.7,0.0,-0.7,-1.0,-0.7,-0.7,0.0,-0.7,-1.0,-0.7,0.0,-1.0,-0.7,-0.7,-1.0,0.0,0.0,-1.0,1.0,0.0,0.0,0.0,0.0,-1.0,-1.0,-0.7,0.0,-0.7,0.0,-1.0,-0.7,-1.0,-0.7,-0.7,-1.0,0.0,-1.0,-1.0,-1.0,-1.0,-0.7,-1.0,-1.0,-0.7,-0.7,-0.7,0.0,-0.7,-1.0,0.0,-1.0,-0.7,-0.7,-1.0,-1.0,-1.0,-0.7,0.0,-1.0,-0.7,-1.0,1.0,-0.7,-1.0,-1.0,0.0,-1.0,-0.7,-0.7,-0.7,-1.0,-0.7,0.7,-1.0,
Ashura Doji,-1.0,-1.0,-1.0,-1.0,-1.0,-1.0,-1.0,-1.0,-1.0,-1.0,-1.0,-1.0,-1.0,-1.0,-1.0,-1.0,-1.0,-1.0,-1.0,-1.0,-1.0,-1.0,-1.0,-1.0,-1.0,-1.0,-1.0,-1.0,-1.0,-1.0,-1.0,-1.0,-1.0,-1.0,-1.0,-1.0,-1.0,1.0,-1.0,-1.0,-1.0,-1.0,-1.0,-1.0,-1.0,-1.0,-1.0,-1.0,-1.0,-1.0,-1.0,-1.0,-1.0,-1.0,-1.0,-1.0,-1.0,-1.0,-1.0,-1.0,-1.0,-1.0,-1.0,-1.0,-1.0,-1.0,-1.0,-1.0,-1.0,-1.0,-1.0,-1.0,-1.0,-1.0,-1.0,1.0,-1.0,-1.0,-1.0,-1.0,-1.0,-1.0,-1.0,-1.0,-1.0,-1.0,-1.0,-1.0,-1.0,-1.0,-1.0,-1.0,-1.0,
Ashura Doji,0.0,-1.0,-0.7,-0.7,-1.0,-1.0,-1.0,-1.0,-1.0,-1.0,0.0,-1.0,-0.7,-1.0,-0.7,-1.0,0.0,-0.7,-1.0,-0.7,-1.0,0.0,-0.7,-1.0,-1.0,-0.7,-1.0,-0.7,-0.7,-0.7,-0.7,0.0,0.0,-1.0,0.0,0.0,0.0,1.0,-1.0,-1.0,-0.7,-1.0,-1.0,-1.0,-1.0,-0.7,-0.7,-1.0,0.0,-1.0,0.0,-1.0,0.0,0.0,-0.7,-0.7,-0.7,0.0,-0.7,-1.0,-0.7,-1.0,-1.0,0.0,-0.7,-0.7,-1.0,-0.7,-0.7,-0.7,-1.0,0.0,-1.0,-0.7,-1.0,1.0,-0.7,-1.0,-1.0,0.0,-1.0,-0.7,-0.7,-0.7,-1.0,-1.0,-0.7,-0.7,0.0,-0.7,0.0,-0.7,0.0,
Ashura Doji,-0.7,-0.7,-1.0,-1.0,-1.0,-1.0,-1.0,-1.0,-1.0,-1.0,-0.7,-1.0,-1.0,0.0,-1.0,-1.0,0.0,-1.0,-0.7,0.0,-0.7,0.0,-0.7,-0.7,-0.7,-1.0,-1.0,0.0,0.0,-1.0,-0.7,-1.0,-1.0,-0.7,-0.7,-0.7,-0.7,1.0,0.0,-0.7,-0.7,-0.7,-1.0,-1.0,-0.7,-0.7,-1.0,-0.7,-1.0,-1.0,0.0,-1.0,-1.0,-0.7,-1.0,0.0,-0.7,0.0,-1.0,0.0,-1.0,0.0,0.0,0.0,0.0,-0.7,0.0,-1.0,-1.0,-1.0,-0.7,-1.0,0.0,-1.0,0.0,1.0,-1.0,-0.7,-1.0,-0.7,0.0,-1.0,0.0,0.0,-1.0,-0.7,-1.0,0.0,-0.7,-1.0,-0.7,-1.0,-0.7,
Arlong,-1.0,-1.0,-1.0,-1.0,-1.0,-1.0,-1.0,-1.0,-1.0,-1.0,-1.0,-1.0,-1.0,1.0,1.0,-1.0,-1.0,1.0,-1.0,-1.0,-1.0,-1.0,-1.0,-1.0,-1.0,-1.0,-1.0,-1.0,-1.0,-1.0,-1.0,-1.0,-1.0,-1.0,-1.0,-1.0,-1.0,1.0,-1.0,-1.0,-1.0,-1.0,-1.0,-1.0,-1.0,-1.0,-1.0,-1.0,-1.0,-1.0,-1.0,-1.0,-1.0,-1.0,-1.0,-1.0,-1.0,-1.0,-1.0,-1.0,-1.0,-1.0,-1.0,-1.0,1.0,1.0,-1.0,-1.0,-1.0,-1.0,-1.0,-1.0,-1.0,-1.0,-1.0,-1.0,-1.0,-1.0,-1.0,-1.0,-1.0,-1.0,-1.0,-1.0,-1.0,-1.0,1.0,-1.0,-1.0,-1.0,-1.0,1.0,1.0,
Arlong,-1.0,-1.0,-1.0,-1.0,-0.7,-0.7,-0.7,-0.7,-0.7,-0.7,-0.7,0.0,-1.0,0.0,1.0,-1.0,0.0,0.7,-1.0,-1.0,0.0,-0.7,-1.0,-1.0,-0.7,0.0,-1.0,-1.0,-0.7,-1.0,0.0,-0.7,-0.7,-1.0,-0.7,-0.7,-0.7,1.0,-1.0,-0.7,-1.0,-0.7,0.0,-0.7,-1.0,-0.7,-1.0,0.0,-1.0,0.0,-1.0,0.0,-1.0,-0.7,-0.7,-1.0,0.0,0.0,-0.7,0.0,-0.7,-1.0,0.0,-1.0,0.0,0.7,-0.7,-0.7,-0.7,-1.0,0.0,0.0,-0.7,-1.0,-0.7,-0.7,-1.0,0.0,-0.7,0.0,-0.7,-1.0,-0.7,0.0,-1.0,-1.0,1.0,-1.0,-0.7,-0.7,0.0,0.7,0.7,
Arlong,-1.0,-1.0,-1.0,-0.7,-1.0,-0.7,-0.7,0.0,-1.0,-1.0,-1.0,0.0,-0.7,0.0,1.0,-1.0,-0.7,1.0,0.0,-0.7,-0.7,-1.0,-1.0,-0.7,-0.7,0.0,-1.0,0.0,-1.0,-1.0,-1.0,-0.7,-1.0,-1.0,-1.0,0.0,-0.7,1.0,-1.0,0.0,-0.7,-0.7,0.0,-0.7,-1.0,-1.0,-1.0,-1.0,-1.0,-0.7,-0.7,-0.7,-0.7,-1.0,-1.0,0.0,-1.0,-0.7,-0.7,-1.0,-1.0,-1.0,-1.0,-1.0,0.7,0.7,-1.0,0.0,0.0,-1.0,-0.7,-1.0,-0.7,-1.0,-0.7,-0.7,-1.0,-0.7,-1.0,-1.0,-0.7,0.0,-0.7,-0.7,-0.7,0.0,0.0,0.0,0.0,-1.0,-1.0,0.7,0.0,
Amazon,-1.0,-1.0,-1.0,-1.0,-1.0,-1.0,-1.0,-1.0,-1.0,-1.0,-1.0,-1.0,-1.0,-1.0,-1.0,-1.0,-1.0,1.0,-1.0,-1.0,-1.0,-1.0,-1.0,-1.0,-1.0,-1.0,-1.0,-1.0,-1.0,-1.0,-1.0,-1.0,-1.0,-1.0,-1.0,-1.0,-1.0,-1.0,-1.0,-1.0,-1.0,-1.0,-1.0,-1.0,-1.0,-1.0,-1.0,-1.0,-1.0,-1.0,-1.0,-1.0,-1.0,-1.0,-1.0,-1.0,-1.0,-1.0,-1.0,-1.0,-1.0,-1.0,-1.0,-1.0,-1.0,-1.0,-1.0,-1.0,1.0,-1.0,-1.0,-1.0,-1.0,1.0,-1.0,-1.0,-1.0,-1.0,-1.0,-1.0,-1.0,-1.0,-1.0,-1.0,-1.0,-1.0,-1.0,-1.0,-1.0,-1.0,-1.0,-1.0,-1.0,
Amazon,-1.0,-1.0,-1.0,0.0,-0.7,-0.7,-1.0,-0.7,-1.0,-1.0,0.0,-0.7,-0.7,0.0,-0.7,-1.0,0.0,1.0,0.0,-0.7,-0.7,-1.0,-0.7,-1.0,0.0,-1.0,-0.7,-0.7,0.0,0.0,-0.7,-1.0,-1.0,-0.7,0.0,-1.0,-1.0,-1.0,-0.7,-1.0,-0.7,-0.7,0.0,-0.7,-1.0,-0.7,0.0,-0.7,-1.0,-1.0,0.0,-0.7,0.0,0.0,-0.7,0.0,-1.0,-1.0,-1.0,-1.0,-1.0,-0.7,-0.7,-0.7,-0.7,-1.0,0.0,-1.0,1.0,-1.0,-0.7,-1.0,-0.7,1.0,0.0,-0.7,0.0,-0.7,-0.7,0.0,-1.0,-0.7,-1.0,0.0,-0.7,-1.0,-1.0,0.0,-1.0,-1.0,-0.7,0.0,-1.0,
Amazon,-0.7,-1.0,-1.0,-0.7,-0.7,-0.7,-0.7,-0.7,-0.7,-1.0,-0.7,0.0,0.0,-0.7,-1.0,-1.0,0.0,1.0,-1.0,0.0,-0.7,-0.7,-0.7,-1.0,0.0,0.0,0.0,-0.7,-1.0,-0.7,-0.7,-1.0,-1.0,0.0,0.0,-1.0,0.0,-1.0,0.0,-0.7,-0.7,0.0,-0.7,0.0,-1.0,-1.0,-1.0,0.0,-0.7,0.0,-0.7,-1.0,-1.0,-0.7,0.0,-1.0,-0.7,-0.7,-1.0,-0.7,-0.7,-1.0,-0.7,-0.7,-0.7,-1.0,-1.0,-0.7,0.7,-0.7,0.0,-0.7,-1.0,0.7,-0.7,-0.7,-1.0,0.0,-0.7,-0.7,-0.7,-1.0,0.0,-1.0,-1.0,-1.0,-0.7,-1.0,-1.0,-1.0,-1.0,-1.0,-1.0,
Alvida,-1.0,-1.0,-1.0,-1.0,-1.0,-1.0,-1.0,-1.0,-1.0,-1.0,-1.0,-1.0,-1.0,-1.0,-1.0,-1.0,1.0,1.0,-1.0,-1.0,-1.0,-1.0,-1.0,-1.0,-1.0,-1.0,-1.0,-1.0,-1.0,-1.0,-1.0,-1.0,-1.0,-1.0,-1.0,-1.0,-1.0,1.0,1.0,1.0,-1.0,-1.0,-1.0,-1.0,-1.0,-1.0,-1.0,-1.0,-1.0,-1.0,-1.0,-1.0,-1.0,-1.0,-1.0,-1.0,-1.0,-1.0,-1.0,-1.0,-1.0,-1.0,-1.0,-1.0,-1.0,-1.0,-1.0,-1.0,-1.0,-1.0,-1.0,-1.0,-1.0,-1.0,-1.0,-1.0,-1.0,-1.0,-1.0,-1.0,-1.0,-1.0,-1.0,-1.0,-1.0,-1.0,-1.0,-1.0,-1.0,-1.0,-1.0,-1.0,-1.0,
Alvida,-1.0,-1.0,0.0,-0.7,0.0,-1.0,-0.7,-0.7,-1.0,-0.7,-1.0,-0.7,-1.0,-0.7,-0.7,0.0,1.0,0.7,-1.0,0.0,-0.7,0.0,-1.0,-0.7,-0.7,-0.7,0.0,-1.0,-0.7,-1.0,-0.7,0.0,-0.7,0.0,-0.7,0.0,-0.7,0.7,0.7,0.7,0.0,-0.7,-1.0,-0.7,-0.7,-1.0,-1.0,-1.0,-0.7,-0.7,-1.0,-0.7,-1.0,-1.0,-1.0,-0.7,-1.0,0.0,-0.7,-0.7,-0.7,0.0,-0.7,-1.0,-1.0,-0.7,-0.7,-0.7,0.0,-0.7,-0.7,-0.7,-1.0,-0.7,0.0,0.0,-1.0,-1.0,-1.0,-0.7,-1.0,-0.7,-0.7,0.0,-0.7,-0.7,-1.0,-0.7,-0.7,-1.0,-0.7,-1.0,-0.7,
Alvida,-1.0,0.0,-1.0,-0.7,-1.0,0.0,0.0,-1.0,-1.0,-0.7,0.0,-0.7,0.0,0.0,-0.7,-1.0,0.0,0.7,-0.7,-0.7,0.0,-1.0,-0.7,-0.7,-1.0,0.0,-0.7,-0.7,-0.7,-1.0,-0.7,0.0,-0.7,-0.7,-1.0,-1.0,-0.7,1.0,0.7,1.0,-0.7,-0.7,-1.0,-0.7,-0.7,-1.0,-1.0,0.0,-1.0,0.0,-1.0,-1.0,-1.0,0.0,0.0,-0.7,-0.7,-0.7,0.0,-1.0,-0.7,0.0,-0.7,0.0,-1.0,-1.0,-0.7,-0.7,-0.7,-1.0,-0.7,0.0,-0.7,-1.0,-0.7,-0.7,-1.0,-0.7,-0.7,-1.0,-1.0,-0.7,-1.0,-1.0,-0.7,-1.0,-1.0,-0.7,0.0,-0.7,-1.0,-0.7,-0.7,
Baskerville,-1.0,-1.0,-1.0,-1.0,-1.0,-1.0,-1.0,-1.0,-1.0,-1.0,-1.0,-1.0,-1.0,-1.0,-1.0,-1.0,-1.0,-1.0,-1.0,-1.0,-1.0,-1.0,-1.0,-1.0,-1.0,-1.0,-1.0,-1.0,-1.0,-1.0,-1.0,-1.0,-1.0,-1.0,-1.0,-1.0,-1.0,1.0,-1.0,-1.0,-1.0,-1.0,-1.0,-1.0,-1.0,-1.0,-1.0,-1.0,-1.0,-1.0,-1.0,-1.0,-1.0,-1.0,-1.0,-1.0,-1.0,-1.0,-1.0,-1.0,-1.0,-1.0,-1.0,-1.0,-1.0,-1.0,-1.0,-1.0,-1.0,-1.0,-1.0,-1.0,1.0,1.0,-1.0,-1.0,-1.0,-1.0,-1.0,-1.0,-1.0,-1.0,-1.0,-1.0,-1.0,-1.0,-1.0,-1.0,-1.0,-1.0,-1.0,-1.0,-1.0,
Baskerville,0.0,0.0,-1.0,-0.7,0.0,-0.7,0.0,-0.7,-0.7,-1.0,-1.0,-1.0,-0.7,-0.7,0.0,-1.0,-1.0,-1.0,0.0,0.0,-0.7,-1.0,-0.7,0.0,-0.7,-0.7,0.0,-0.7,-1.0,-0.7,-1.0,-0.7,0.0,-0.7,-0.7,-1.0,-1.0,1.0,-0.7,-0.7,-0.7,0.0,-0.7,-1.0,-1.0,-0.7,-1.0,-1.0,-0.7,-1.0,-1.0,-1.0,0.0,-0.7,-0.7,-0.7,0.0,-1.0,-1.0,-0.7,-0.7,-1.0,0.0,-1.0,-1.0,-0.7,0.0,-1.0,-1.0,-0.7,-1.0,-0.7,0.7,0.7,-0.7,-1.0,0.0,-0.7,-1.0,-1.0,-0.7,-1.0,-0.7,-0.7,0.0,-1.0,-0.7,-0.7,-1.0,-0.7,-0.7,-1.0,-1.0,
Baskerville,-1.0,-0.7,0.0,-0.7,-1.0,-1.0,-1.0,-0.7,0.0,-0.7,-1.0,-0.7,-0.7,-0.7,-1.0,-0.7,-0.7,-0.7,-1.0,-0.7,-0.7,-1.0,-1.0,0.0,-1.0,-0.7,-1.0,-1.0,-0.7,0.0,0.0,-1.0,-1.0,-0.7,-0.7,0.0,-0.7,0.0,-1.0,-0.7,-0.7,-1.0,-1.0,-1.0,-1.0,-0.7,-0.7,-1.0,-1.0,-0.7,-0.7,-1.0,-1.0,-0.7,-1.0,-1.0,-1.0,-1.0,-1.0,-1.0,-1.0,0.0,-1.0,-1.0,0.0,-0.7,0.0,-0.7,-0.7,-1.0,-0.7,-0.7,1.0,1.0,-0.7,-1.0,-0.7,-1.0,-0.7,0.0,-0.7,-0.7,-0.7,-1.0,-0.7,-1.0,-1.0,-0.7,-0.7,0.0,-1.0,0.0,0.0,
Aladine,-1.0,-1.0,-1.0,-1.0,-1.0,-1.0,-1.0,-1.0,-1.0,-1.0,-1.0,1.0,-1.0,1.0,-1.0,-1.0,-1.0,1.0,-1.0,-1.0,-1.0,-1.0,-1.0,-1.0,-1.0,-1.0,-1.0,-1.0,-1.0,-1.0,-1.0,-1.0,-1.0,-1.0,-1.0,-1.0,-1.0,1.0,-1.0,-1.0,-1.0,-1.0,-1.0,-1.0,-1.0,-1.0,-1.0,-1.0,-1.0,-1.0,-1.0,-1.0,-1.0,-1.0,-1.0,-1.0,-1.0,-1.0,-1.0,-1.0,-1.0,-1.0,-1.0,-1.0,-1.0,1.0,-1.0,-1.0,-1.0,-1.0,-1.0,-1.0,-1.0,-1.0,1.0,-1.0,-1.0,-1.0,-1.0,-1.0,-1.0,-1.0,-1.0,-1.0,-1.0,-1.0,-1.0,-1.0,-1.0,-1.0,-1.0,-1.0,-1.0,
Aladine,-1.0,-0.7,-0.7,-1.0,-0.7,0.0,0.0,-0.7,0.0,-1.0,-0.7,0.0,0.0,1.0,-1.0,-0.7,-1.0,1.0,-1.0,0.0,-1.0,-1.0,-0.7,-1.0,-1.0,-0.7,-1.0,-0.7,-1.0,-0.7,0.0,-0.7,0.0,-0.7,-0.7,-0.7,-1.0,0.0,0.0,0.0,-0.7,-1.0,-1.0,-0.7,-1.0,0.0,-0.7,0.0,-0.7,-0.7,-0.7,0.0,-0.7,-1.0,-1.0,-0.7,0.0,-0.7,-0.7,-1.0,-0.7,-0.7,-0.7,-0.7,-1.0,0.7,0.0,-1.0,-1.0,-0.7,-1.0,-0.7,0.0,-1.0,0.7,-0.7,-1.0,-1.0,-0.7,-1.0,-1.0,-0.7,0.0,-0.7,-0.7,-0.7,-1.0,-0.7,0.0,0.0,-1.0,0.0,0.0,
Aladine,-0.7,0.0,-0.7,0.0,-0.7,-1.0,-1.0,-1.0,-0.7,0.0,-1.0,0.7,-1.0,0.7,0.0,-0.7,-1.0,1.0,0.0,-0.7,-1.0,-1.0,-0.7,-0.7,-0.7,-0.7,-1.0,-0.7,-0.7,-0.7,-0.7,0.0,0.0,-1.0,-0.7,-1.0,0.0,0.7,-0.7,-1.0,-1.0,-1.0,0.0,-0.7,0.0,-0.7,-0.7,-1.0,-1.0,-0.7,-1.0,-0.7,-0.7,0.0,0.0,0.0,-0.7,-0.7,0.0,0.0,-1.0,-0.7,0.0,-0.7,-1.0,0.7,-1.0,-0.7,-0.7,-1.0,-1.0,0.0,-0.7,-0.7,1.0,-1.0,-1.0,-1.0,-1.0,-1.0,0.0,-0.7,-0.7,-0.7,0.0,-0.7,-1.0,-0.7,-1.0,0.0,-0.7,0.0,0.0,
Aisa,-1.0,-1.0,-1.0,-1.0,-1.0,-1.0,-1.0,-1.0,-1.0,-1.0,-1.0,-1.0,-1.0,-1.0,-1.0,-1.0,-1.0,1.0,-1.0,-1.0,-1.0,-1.0,-1.0,-1.0,-1.0,-1.0,-1.0,-1.0,-1.0,-1.0,-1.0,-1.0,-1.0,-1.0,-1.0,-1.0,-1.0,-1.0,-1.0,-1.0,-1.0,-1.0,-1.0,-1.0,-1.0,-1.0,-1.0,-1.0,-1.0,-1.0,-1.0,-1.0,-1.0,-1.0,-1.0,-1.0,-1.0,-1.0,-1.0,-1.0,-1.0,-1.0,-1.0,-1.0,-1.0,-1.0,-1.0,1.0,1.0,-1.0,-1.0,-1.0,-1.0,1.0,-1.0,-1.0,-1.0,-1.0,-1.0,-1.0,-1.0,-1.0,-1.0,-1.0,-1.0,-1.0,-1.0,-1.0,-1.0,-1.0,-1.0,-1.0,-1.0,
Aisa,-0.7,0.0,0.0,-0.7,-0.7,-1.0,-0.7,-1.0,-0.7,-0.7,-0.7,-1.0,-1.0,-0.7,-1.0,-1.0,0.0,0.7,0.0,-0.7,-0.7,-1.0,-0.7,-1.0,-0.7,-1.0,0.0,-1.0,-1.0,0.0,-1.0,-0.7,0.0,-1.0,-1.0,-1.0,-1.0,-0.7,0.0,-0.7,0.0,-1.0,0.0,-0.7,0.0,0.0,0.0,-1.0,-0.7,-1.0,-1.0,-0.7,0.0,-1.0,0.0,0.0,-1.0,-1.0,-1.0,-0.7,-1.0,-1.0,-1.0,-0.7,0.0,-0.7,-1.0,0.7,1.0,-1.0,-1.0,-1.0,-1.0,0.0,0.0,0.0,-1.0,0.0,-1.0,-0.7,-0.7,-1.0,-1.0,-1.0,-1.0,-1.0,-0.7,-1.0,-0.7,-1.0,0.0,0.0,-1.0,
Aisa,-0.7,0.0,-1.0,-0.7,0.0,-0.7,-1.0,-0.7,0.0,-1.0,-1.0,-1.0,0.0,-0.7,-0.7,-1.0,-1.0,0.7,-0.7,-1.0,0.0,-0.7,-1.0,-1.0,-1.0,-0.7,0.0,-1.0,-0.7,-1.0,-1.0,-0.7,-1.0,-1.0,-1.0,-1.0,0.0,-0.7,-0.7,-1.0,-1.0,0.0,-0.7,-0.7,-1.0,-1.0,-1.0,-0.7,-0.7,0.0,-0.7,-1.0,-0.7,-0.7,-1.0,-1.0,-0.7,-1.0,0.0,0.0,-1.0,-0.7,-1.0,-0.7,-0.7,-1.0,0.0,1.0,1.0,-1.0,0.0,-0.7,-0.7,0.0,-0.7,-0.7,0.0,-0.7,-1.0,0.0,-1.0,0.0,0.0,-1.0,-1.0,0.0,-1.0,0.0,-1.0,-1.0,-0.7,-1.0,-1.0,
Absalom,-1.0,-1.0,-1.0,-1.0,-1.0,-1.0,-1.0,-1.0,-1.0,-1.0,-1.0,-1.0,-1.0,-1.0,-1.0,-1.0,-1.0,-1.0,-1.0,-1.0,-1.0,-1.0,-1.0,-1.0,-1.0,-1.0,-1.0,-1.0,-1.0,-1.0,-1.0,-1.0,-1.0,-1.0,-1.0,-1.0,-1.0,1.0,1.0,1.0,-1.0,-1.0,-1.0,-1.0,-1.0,-1.0,-1.0,-1.0,1.0,-1.0,-1.0,-1.0,-1.0,-1.0,-1.0,-1.0,-1.0,-1.0,-1.0,-1.0,-1.0,-1.0,-1.0,-1.0,-1.0,-1.0,-1.0,-1.0,-1.0,-1.0,-1.0,-1.0,-1.0,-1.0,-1.0,-1.0,-1.0,-1.0,-1.0,-1.0,-1.0,-1.0,-1.0,-1.0,1.0,-1.0,-1.0,-1.0,-1.0,-1.0,-1.0,-1.0,-1.0,
Absalom,-0.7,-1.0,-1.0,-0.7,-0.7,-0.7,-1.0,-0.7,-1.0,-1.0,-1.0,-0.7,-1.0,-1.0,-0.7,-0.7,-0.7,-0.7,0.0,-1.0,0.0,0.0,-0.7,-1.0,0.0,-1.0,-0.7,-0.7,-1.0,-0.7,-0.7,-0.7,-1.0,-1.0,-1.0,-1.0,-0.7,1.0,1.0,0.7,-1.0,-1.0,-1.0,-0.7,-0.7,-1.0,-1.0,0.0,1.0,-0.7,0.0,-0.7,-0.7,0.0,-1.0,-1.0,-0.7,-0.7,0.0,-1.0,0.0,0.0,-1.0,-1.0,0.0,0.0,-1.0,-1.0,-0.7,-1.0,-1.0,-1.0,-1.0,-1.0,-0.7,-0.7,-0.7,-1.0,-0.7,0.0,-0.7,0.0,-0.7,0.0,0.7,-0.7,-1.0,-0.7,-1.0,-1.0,-0.7,-0.7,-0.7,
Absalom,-0.7,0.0,0.0,0.0,0.0,-0.7,-1.0,-1.0,0.0,-1.0,0.0,-1.0,-1.0,-1.0,-0.7,-0.7,0.0,0.0,-0.7,-0.7,0.0,0.0,-1.0,0.0,-1.0,0.0,-1.0,-1.0,-0.7,0.0,-1.0,-1.0,-0.7,0.0,-0.7,-0.7,-1.0,0.7,1.0,1.0,-1.0,-1.0,-1.0,0.0,0.0,-1.0,0.0,0.0,1.0,-0.7,-1.0,-0.7,-1.0,0.0,0.0,-1.0,-0.7,-1.0,-1.0,-1.0,-1.0,0.0,0.0,-0.7,-1.0,-1.0,-0.7,-1.0,0.0,-1.0,-1.0,-1.0,-0.7,-0.7,-1.0,0.0,-1.0,-1.0,-0.7,-0.7,-0.7,-0.7,0.0,-0.7,0.0,0.0,-0.7,-0.7,-0.7,0.0,0.0,-0.7,0.0,
